id,title,country,country_code,region,sub_region,trip_type,trip_type_id,duration_days,best_period_months,best_period_window,budget_tier,budget_low_eur,budget_high_eur,acc_low,acc_high,food_low,food_high,trans_low,trans_high,act_low,act_high,difficulty,fitness_level,basecamps,gateway_airport,gateway_airport_code,currency,languages,tags,lat,lon,coord_precision,verify_flag_count,word_count,source_batch,source_file
at-cycling-donauradweg-wachau,The Donauradweg — Passau to Vienna Through the Wachau,Austria,AT,Western & Central Europe,"Danube Valley, Upper and Lower Austria",Cycling Trips,1,7,May|June|September|October,July and August fill the riverside hotels and the ferries; late September gives you the Wachau grape harvest and empty cycle path.,€€,950,1400,450,650,250,350,110,180,140,220,2,Moderate,"Point-to-point, Passau to Vienna",Vienna (VIE),VIE,EUR,German,donauradweg|eurovelo-6|wachau|river-ferries|e-bike,48.2085,16.3721,city,0,2109,western-central,cartatripsv1/trips/at-cycling-donauradweg-wachau.md
be-cycling-flemish-ardennes-bergs,Kasseien and Bergs — A Week in the Flemish Ardennes,Belgium,BE,Western & Central Europe,"Vlaamse Ardennen, East Flanders",Cycling Trips,1,7,April|May|June|September,"Ride in April for Ronde van Vlaanderen atmosphere, September for dry cobbles and empty lanes; winter turns the kasseien into ice.",€€,900,1350,420,600,240,340,90,160,150,250,4,Active,Oudenaarde,Brussels (BRU),BRU,EUR,Dutch|French,cobbles|ronde-van-vlaanderen|knooppunten|climbing|road-cycling,50.8517,3.6089,city,0,2094,western-central,cartatripsv1/trips/be-cycling-flemish-ardennes-bergs.md
be-cycling-vennbahn-ardennes,The Vennbahn — Aachen to Troisvierges on a Borrowed Railway,Belgium,BE,Western & Central Europe,"Ostbelgien and the High Fens, Liège Province",Cycling Trips,1,7,May|June|July|September,The High Fens hold snow and freezing fog into April and the plateau is genuinely cold; September gives the driest surfaces and the heather.,€€,880,1280,430,600,230,330,90,150,130,200,2,Moderate,"Point-to-point, Aachen to Troisvierges",Brussels (BRU),BRU,EUR,German|French|Dutch|Luxembourgish,vennbahn|ravel|rail-trail|tri-border|e-bike,50.8505,4.3488,gateway,0,2086,western-central,cartatripsv1/trips/be-cycling-vennbahn-ardennes.md
bg-cycling-danube-eurovelo6,"Into the Easterly: EuroVelo 6 Along the Bulgarian Danube, Vidin to Cherven",Bulgaria,BG,Eastern & Southeastern Europe,"The Bulgarian Danube bank, the Danubian Plain and Rusenski Lom",Cycling Trips,1,7,May|June|September,"the second half of May, and the first three weeks of September",€,430,785,140,260,105,175,150,290,35,60,3,Moderate,Vidin|Belogradchik|Lom|Nikopol|Svishtov|Ruse,"Sofia (SOF) is the practical gateway. BDŽ runs Sofia–Vidin daily, roughly 5–5 h 30. Finish in Ruse: BDŽ Ruse–Sofia is ~6 h 30, or fly out of Bucharest Otopeni (OTP), 75 km north across the river.",SOF,Euro (EUR) — sole legal tender since 1 February 2026; mandatory dual BGN display ended 8 August 2026,Bulgarian,eurovelo-6|danube|cycling|unesco|fortresses|birdwatching|headwind,43.9916,22.8824,city,13,2375,eastern-southeastern,cartaeasterneuropetrips/trips/bulgaria-danube-eurovelo6-cycling.md
cz-cycling-south-bohemia-ponds,Carp Country — Cycling the Třeboň Ponds and the Vltava,Czechia,CZ,Western & Central Europe,"South Bohemia, Třeboňsko Biosphere Reserve",Cycling Trips,1,7,May|June|September|October,"Late October is the carp harvest, when the ponds are drained and the dams are working roads; midsummer brings mosquitoes to the bog margins.",€,700,1050,320,460,180,270,90,150,110,170,2,Moderate,Třeboň and České Budějovice,Prague (PRG),PRG,CZK,Czech|German,greenway-praha-viden|eurovelo-7|fishponds|gravel|unesco,48.9745,14.4743,city,0,2099,western-central,cartatripsv1/trips/cz-cycling-south-bohemia-ponds.md
de-cycling-bodensee-radweg,The Bodensee-Radweg Full Loop,Germany,DE,Western & Central Europe,"Bodensee, Baden-Württemberg",Cycling Trips,1,7,May|June|September|October,July and August are ridable but the path through Meersburg and Lindau becomes a slow-moving queue by 11:00.,€€,880,1310,430,650,230,320,120,190,100,150,2,Moderate,Konstanz,Zürich (ZRH),ZRH,EUR,German,bodensee-radweg|three-countries|lake-ferries|flat-riding|bett-und-bike,47.6603,9.1758,city,0,1911,western-central,cartatripsv1/trips/de-cycling-bodensee-radweg.md
dk-cycling-bornholm-round-granite-coast-smokehouse-loop,Bornholm Round: Granite Coast & Smokehouse Loop,Denmark,DK,Northern Europe & Baltics,"Bornholm, Baltic Sea",Cycling Trips,1,7,May|June|July|August|September,Mid-May to mid-September; peak light and open smokehouses late June–August; quietest late May and first half of September,€€,1050,1500,90,150,45,70,120,190,60,110,2,Moderate,Rønne|Allinge|Gudhjem|Svaneke,,,DKK (Danish krone),Danish|English,,55.1,14.9167,source,0,1409,northern-baltics,carta_northern_europe_baltics_trips.md#trip-01
ee-cycling-saaremaa-muhu-juniper-island-loop,Saaremaa & Muhu: Juniper Island Loop,Estonia,EE,Northern Europe & Baltics,West Estonian Archipelago,Cycling Trips,1,7,May|June|July|August|September,"Late May to mid-September; June for wildflower meadows and midnight-ish light, September for empty roads and warm sea",€,650,1000,55,110,30,50,90,150,40,80,1,Easy,Kuressaare|Koguva|Mustjala|Nasva,,,EUR,Estonian|Russian|English,,58.2528,22.4869,source,0,1344,northern-baltics,carta_northern_europe_baltics_trips.md#trip-03
es-cycling-girona-costa-brava,Girona & the Costa Brava,Spain,ES,Southern & Mediterranean Europe,Catalonia — Girona & the Costa Brava,Cycling Trips,1,7,March|April|May|June|September|October|November,March–early June & mid-September–early November,€€,1500,2400,630,1120,350,560,120,230,400,490,4,Demanding,,"GRO Girona–Costa Brava, 15 min to the city centre; BCN Barcelona El Prat, 1 h 20 min by AVE plus a short ride",GRO,,,road-cycling|rocacorba|els-angels|greenway|costa-brava|pro-training-roads|gravel|catalonia,41.9831,2.8249,city,0,2767,southern-mediterranean,carta-dataset/trips/cycling-spain-girona-costa-brava.md
fr-cycling-alsace-vineyard-route,The Alsace Vineyard Route by Bike,France,FR,Western & Central Europe,"Alsace, Grand Est",Cycling Trips,1,7,May|June|September|October,"Late September and early October put you in the vineyards during the vendanges, with tractor traffic on the narrow lanes.",€€,950,1400,460,690,240,330,110,180,150,220,3,Active,Colmar,EuroAirport Basel-Mulhouse-Freiburg (BSL),BSL,EUR,French|German|Alsatian,vineyard-route|eurovelo-5|wine-villages|train-assisted|e-bike-friendly,48.0808,7.3558,city,0,1996,western-central,cartatripsv1/trips/fr-cycling-alsace-vineyard-route.md
fr-cycling-loire-a-velo,La Loire à Vélo — Orléans to Saumur on EuroVelo 6,France,FR,Western & Central Europe,"Loire Valley, Centre-Val de Loire and Anjou",Cycling Trips,1,7,May|June|September|October,May and June for the gardens at Villandry and Chaumont; September for warm water in the Loire and empty châteaux after the French holidays end.,€€,1000,1500,480,700,280,400,110,180,130,220,1,Easy,"Point-to-point, Orléans to Saumur",Paris (CDG),CDG,EUR,French,loire-a-velo|eurovelo-6|chateaux|accueil-velo|family,47.9025,1.9041,city,0,2111,western-central,cartatripsv1/trips/fr-cycling-loire-a-velo.md
gr-cycling-peloponnese-arcadia,Peloponnese: Arcadia & the Argolid,Greece,GR,Southern & Mediterranean Europe,Peloponnese — Arcadia & the Argolid,Cycling Trips,1,7,March|April|May|June|September|October|November,Late March–early June & mid-September–early November,€€,1200,1900,520,900,280,440,200,340,200,220,4,Demanding,,"ATH Athens Eleftherios Venizelos, 2 h to Nafplio by road; KLX Kalamata is 2 h 15 min to Dimitsana",ATH,,,road-cycling|gravel|leonidio|arcadia|lousios-gorge|nafplio|mountain-climbs|ancient-sites,37.9838,23.7278,country,0,2778,southern-mediterranean,carta-dataset/trips/cycling-greece-peloponnese-arcadia.md
hr-cycling-istria-parenzana,Istria: The Parenzana & the Hilltowns,Croatia,HR,Southern & Mediterranean Europe,Istria,Cycling Trips,1,7,April|May|June|September|October,Late April–mid-June & September–end October,€€,1200,1850,560,950,320,520,140,260,260,320,3,Active,,"TRS Trieste–Ronchi, 75 min to Buje; PUY Pula, 60 min to Motovun; LJU and VCE both around 2 h 30 min",TRS,,,parenzana|rail-trail|gravel|hilltowns|truffles|motovun|ucka|malvazija,45.8144,15.978,country,0,2660,southern-mediterranean,carta-dataset/trips/cycling-croatia-istria-parenzana.md
hu-cycling-balaton-ring,The Balaton Ring: Seven Days Around Hungary's Inland Sea,Hungary,HU,Eastern & Southeastern Europe,Lake Balaton & the Balaton Uplands (Balaton-felvidék),Cycling Trips,1,7,May|June|September,"mid-May to mid-June, then the first three weeks of September",€€,695,1130,330,560,175,260,120,190,70,120,3,Moderate,Balatonfüred|Tihany|Badacsony|Szigliget|Keszthely|Balatonalmádi,"Budapest Ferenc Liszt (BUD), then MÁV line 26 (Kelenföld → Balatonfüred → Tapolca, 2 h 10) north shore, or line 29 (Székesfehérvár → Siófok → Nagykanizsa) south. Hévíz-Balaton (SOB) has limited seasonal traffic [VERIFY: 2026 SOB routes].",BUD,Hungarian forint (HUF),Hungarian,cycling|lake|wine|volcanic-hills|thermal-baths|gravel|family-friendly,46.7681,17.2432,city,8,2192,eastern-southeastern,cartaeasterneuropetrips/trips/hungary-balaton-ring-cycling.md
it-cycling-puglia-valle-itria,Valle d'Itria & Salento by Bike,Italy,IT,Southern & Mediterranean Europe,Puglia — Valle d'Itria & Salento,Cycling Trips,1,7,March|April|May|June|September|October|November,Late March–mid-June & mid-September–early November,€€,1250,2100,520,1050,300,460,150,290,280,300,3,Active,,"BRI Bari Karol Wojtyła, 65 min to Locorotondo; BDS Brindisi Salento is 45 min to Ostuni and 40 min to Lecce",BRI,,,trulli|masseria|valle-ditria|salento|gravel|coastal-riding|primitivo|olive-groves,41.8919,12.5113,country,0,2621,southern-mediterranean,carta-dataset/trips/cycling-italy-puglia-valle-itria.md
lu-cycling-pc-network-moselle-mullerthal,Luxembourg on the PC Network,Luxembourg,LU,Western & Central Europe,Moselle Valley and Mullerthal,Cycling Trips,1,7,May|June|September|October,Mid-September puts you on the Moselle during the grape harvest and the Riesling festivals in Grevenmacher and Wormeldange.,€€,820,1200,420,620,220,300,40,80,140,200,3,Active,Remich and Echternach,Luxembourg (LUX),LUX,EUR,Luxembourgish|French|German,pc-routes|eurovelo-5|moselle-cremant|mullerthal|free-transport,49.6098,6.1327,gateway,0,2000,western-central,cartatripsv1/trips/lu-cycling-pc-network-moselle-mullerthal.md
md-cycling-country,Gravel in the Codru: Seven Days Through Moldova's Wine Hills,Moldova,MD,Eastern & Southeastern Europe,"Codru hills — Strășeni, Nisporeni, Călărași, Orhei",Cycling Trips,1,7,May|June|September,"the first three weeks of September — harvest, hard dry clay, and 25 °C instead of 35 °C",€,480,870,190,330,110,180,110,230,70,130,3,Moderate,Strășeni|Lozova|Nisporeni|Călărași|Butuceni,"Chișinău International (KIV), 13 km from town. Bring your own bike boxed if you can — rental stock in Moldova is thin and mostly hardtail MTB rather than gravel.",KIV,Moldovan leu (MDL),Romanian|Russian,gravel|wine|monasteries|codru|self-supported|dogs|rural,47.1422,28.6077,city,6,2458,eastern-southeastern,cartaeasterneuropetrips/trips/moldova-wine-country-cycling.md
me-cycling-kotor-lovcen,Kotor Serpentine & Lovćen: 25 Hairpins Above the Boka,Montenegro,ME,Southern & Mediterranean Europe,"Bay of Kotor, Lovćen NP & the Old Royal Capital",Cycling Trips,1,7,April|May|June|September|October,Late April–mid-June & mid-September–late October,€€,1050,1650,400,700,230,380,180,320,240,300,4,Demanding,,TIV Tivat — 25 min drive / 22 km ride to Kotor; PDG Podgorica 1 h 30 min; DBV Dubrovnik 2 h with a land border that can add 90 min in summer,TIV,,,climbing|serpentines|lovcen|bay-of-kotor|gravel-option|mountain-passes|non-eu|ferry-hop,42.4412,19.2631,country,0,3335,southern-mediterranean,carta-dataset/trips/cycling-montenegro-kotor-lovcen.md
nl-cycling-green-heart-waterline,The Waterline Ride from Amsterdam to Kinderdijk,Netherlands,NL,Western & Central Europe,"Groene Hart, Utrecht and Zuid-Holland",Cycling Trips,1,7,April|May|June|September,Late April gives bulb fields and long light; the forts of the waterline mostly open from April to October only.,€€,980,1470,520,780,260,360,90,150,110,180,2,Moderate,Utrecht,Amsterdam Schiphol (AMS),AMS,EUR,Dutch|English,knooppunten|waterlinieroute|unesco-forts|polder-riding|ferry-hopping,52.0908,5.1222,city,0,1963,western-central,cartatripsv1/trips/nl-cycling-green-heart-waterline.md
nl-cycling-wadden-frisian-dikes,Frisian Dikes and the Wadden Coast,Netherlands,NL,Western & Central Europe,Friesland and Groningen,Cycling Trips,1,7,May|June|July|September,May and September carry the wader migrations across the Wadden mudflats; July has the longest evenings and the fullest ferries.,€€,850,1260,430,640,230,320,110,180,80,120,3,Active,Leeuwarden,Amsterdam Schiphol (AMS),AMS,EUR,Dutch|Frisian,waddenzeeroute|eurovelo-12|ameland-ferry|sea-dikes|elfstedenroute,53.2027,5.8097,city,0,1988,western-central,cartatripsv1/trips/nl-cycling-wadden-frisian-dikes.md
pl-cycling-green-velo-podlasie,"Green Velo Through Podlasie: Marsh, Forest and the Eastern Trail",Poland,PL,Eastern & Southeastern Europe,"Podlaskie — Puszcza Knyszyńska, Narew & Biebrza valleys, Puszcza Białowieska",Cycling Trips,1,7,May|June|September,"the second half of May, when the Biebrza marshes are at their loudest and the aquatic warblers and great snipe are displaying",€€,560,950,230,420,120,190,150,230,60,110,2,Moderate,Białystok|Supraśl|Kurowo/Łapy|Tykocin|Goniądz|Białowieża,"Warsaw Chopin (WAW) or Modlin (WMI), then PKP Intercity Warszawa Centralna → Białystok, roughly 2 h 20 on the fastest services. Białystok also has a small airport at Krywlany with negligible traffic. Return from Białowieża via Hajnówka, the nearest passenger railhead, 20 km away.",WAW,Polish złoty (PLN),Polish|Belarusian|Lithuanian,cycling|green-velo|marshland|birdwatching|bison|national-parks|jewish-heritage,53.1333,23.1643,city,8,3092,eastern-southeastern,cartaeasterneuropetrips/trips/poland-green-velo-podlasie-cycling.md
pt-cycling-alentejo-costa-vicentina,Alentejo & Costa Vicentina Gravel,Portugal,PT,Southern & Mediterranean Europe,Alentejo & Costa Vicentina,Cycling Trips,1,7,March|May|September|October|November,Mid-March–May & late September–early November,€€,1150,1850,490,880,260,420,200,330,200,220,4,Demanding,,"LIS Lisbon Humberto Delgado, 1 h 30 min to Évora; FAO Faro, 1 h 45 min to Mértola and 2 h to Vila Nova de Milfontes",LIS,,,gravel|montado|alqueva|rota-vicentina|cork-oak|dark-sky|atlantic-coast|alentejo,38.7251,-9.1498,country,0,3012,southern-mediterranean,carta-dataset/trips/cycling-portugal-alentejo-costa-vicentina.md
ro-cycling-via-transilvanica,Andesite Milestones: A Gravel Week on the Via Transilvanica,Romania,RO,Eastern & Southeastern Europe,"Terra Saxonica and Terra Siculorum — the Saxon villages of Mureș, Brașov and Sibiu counties",Cycling Trips,1,7,May|June|September,"the first three weeks of September — hay cut, tracks dry, hills green, and the clay hard enough to ride",€,610,1060,230,400,140,210,180,330,60,120,3,Moderate,Sighișoara|Viscri|Rupea|Mediaș,"Fly into Sibiu (SBZ), Târgu Mureș (TGM) or Cluj (CLJ). CFR trains reach Sighișoara from Brașov (2 h 15), Cluj (3 h 30) and Bucharest (4 h 30–5 h). Finish on a train or flight out of Sibiu.",SBZ,Romanian leu (RON) — roughly 5.0–5.3 RON to the euro during 2026,"Romanian|Hungarian|German (residually, in the Saxon villages)",gravel|via-transilvanica|saxon-villages|viscri|shepherd-dogs|bikepacking|transylvania,46.2214,24.7928,city,5,2588,eastern-southeastern,cartaeasterneuropetrips/trips/romania-via-transilvanica-cycling.md
se-cycling-kattegattleden-gothenburg-helsingborg,Kattegattleden: Gothenburg to Helsingborg,Sweden,SE,Northern Europe & Baltics,Halland & northwest Skåne coast,Cycling Trips,1,7,May|June|July|August|September,May to late September; warmest swimming July–August; best light and empty roads late August–mid September,€€,1150,1650,95,170,50,75,150,220,50,90,1,Easy,Gothenburg|Varberg|Falkenberg|Halmstad|Båstad|Helsingborg,,,SEK (Swedish krona),Swedish|English,,57.0,12.25,source,0,1385,northern-baltics,carta_northern_europe_baltics_trips.md#trip-02
si-cycling-soca-brda,Soča Valley & Goriška Brda Gravel Week,Slovenia,SI,Southern & Mediterranean Europe,"Soča Valley, Kolovrat & Goriška Brda",Cycling Trips,1,7,May|June|September|October,Mid-May–late June & early September–mid-October,€€,1350,1950,560,840,300,480,180,310,310,320,4,Demanding,,"TRS Trieste–Ronchi dei Legionari, 75 min drive to Kobarid; LJU Ljubljana 1 h 50 min; VCE Venice 2 h 15 min",TRS,,,gravel|kolovrat|soca-valley|goriska-brda|wine-cycling|border-crossing|ww1-history|orange-wine,46.0511,14.5051,country,0,2407,southern-mediterranean,carta-dataset/trips/cycling-slovenia-soca-brda.md
sk-cycling-vah-danube,Two Rivers: The Váh Cycle Trunk and the Danube Dyke from Žilina to Štúrovo,Slovakia,SK,Eastern & Southeastern Europe,Považie (the Váh valley) and the Slovak Danube,Cycling Trips,1,7,May|June|September,"the first three weeks of September — warm, dry, the Danube dyke empty of Austrian weekend traffic",€,575,950,245,420,160,230,120,210,50,90,2,Moderate,Žilina|Trenčín|Bratislava|Komárno,"Fly Bratislava (BTS) or Vienna (VIE); ZSSK train Bratislava → Žilina, 2 h 20, bikes carried. Return from Štúrovo by train to Bratislava (~2 h 15) or cross the Mária Valéria bridge for Esztergom and Budapest.",BTS,Euro (EUR),Slovak|Hungarian (Komárno and the south),cycling|eurovelo-6|danube|vah|castles|spa|river-touring,49.2231,18.7394,city,8,2360,eastern-southeastern,cartaeasterneuropetrips/trips/slovakia-vah-danube-cycling.md
at-trail-running-innsbruck-nordkette,Nordkette Skyline — A Running Week Above Innsbruck,Austria,AT,Western & Central Europe,"Karwendel & Tuxer Alps, Tyrol",Trail Running,2,7,June|July|August|September,Old snow lingers in the north-facing gullies of the Karwendel until late June; September gives the cleanest rock and the shortest lift queues.,€€,780,1120,340,480,190,270,130,200,120,170,4,Demanding,Innsbruck,Innsbruck (INN),INN,EUR,German,ridgeline|lift-assisted-vert|karwendel|alpine-huts|recovery-structured,47.2627,11.3945,city,0,1970,western-central,cartatripsv1/trips/at-trail-running-innsbruck-nordkette.md
be-trail-running-hautes-fagnes,Boardwalks and Bog — Running the Hautes Fagnes,Belgium,BE,Western & Central Europe,"Hautes Fagnes & Amblève Valley, Liège Province",Trail Running,2,7,May|June|September|October,"The plateau closes to walkers during high fire risk in dry spring spells; late September gives dry boardwalks, russet moor grass and no ticks.",€€,700,1000,300,430,180,260,140,200,80,110,3,Active,Malmedy,Brussels (BRU),BRU,EUR,French|German,moorland|boardwalks|gr-routes|volume-block|low-altitude,50.8505,4.3488,gateway,0,2174,western-central,cartatripsv1/trips/be-trail-running-hautes-fagnes.md
bg-trail-running-rila-pirin,"Musala to Vihren: A Rila and Pirin Running Week Above 2,500 m",Bulgaria,BG,Eastern & Southeastern Europe,"Rila and Pirin (Govedartsi, Borovets, Bansko)",Trail Running,2,7,July|August|September,"mid-August to the end of September — snowfields gone from the Musala couloirs, storm frequency falling, lifts still turning",€,410,870,180,300,140,210,90,160,0,200,4,Demanding,Govedartsi|Borovets|Bansko,"Sofia (SOF) is 75 km from Govedartsi and Borovets — one hour by transfer, or bus to Samokov then a local minibus. Bansko is 2 h 45 from Sofia by direct bus, or 2 h from Borovets over the Yundola road.",SOF,Euro (EUR) — sole legal tender since 1 February 2026; mandatory dual BGN display ended 8 August 2026,Bulgarian,trail-running|rila|pirin|musala|vihren|seven-lakes|high-altitude|granite,42.6975,23.3241,gateway,7,2145,eastern-southeastern,cartaeasterneuropetrips/trips/bulgaria-rila-pirin-trail-running.md
ch-trail-running-engadin-ridges,Thin Air — The Engadin Ridge Week,Switzerland,CH,Western & Central Europe,"Oberengadin, Graubünden",Trail Running,2,7,July|August|September,"Piz Languard's summit ridge holds snow into early July, and the high huts shut in early October.",€€€,1500,2200,750,1100,400,600,200,300,150,200,4,Demanding,Pontresina,Zürich (ZRH),ZRH,CHF,German|Romansh|Italian,high-altitude|altitude-training|lift-assisted|hut-support|ridge-running,47.3667,8.55,gateway,0,2158,western-central,cartatripsv1/trips/ch-trail-running-engadin-ridges.md
cz-trail-running-krkonose-ridge,The Main Ridge — Running the Krkonoše Border Path,Czechia,CZ,Western & Central Europe,"Krkonoše (Giant Mountains), Hradec Králové Region",Trail Running,2,7,June|July|August|September,"Several ridge and glacial-cirque paths are legally closed 1 November to 31 May for grouse and vegetation; June is open, empty and still cold up top.",€,520,780,230,330,130,200,90,140,70,110,3,Demanding,Špindlerův Mlýn,Prague (PRG),PRG,CZK,Czech,main-ridge|border-trail|mountain-huts|snezka|weather-exposed,50.088,14.4208,gateway,0,2470,western-central,cartatripsv1/trips/cz-trail-running-krkonose-ridge.md
de-trail-running-berchtesgaden,Watzmann Weeks — Running the Berchtesgaden Ridges,Germany,DE,Western & Central Europe,"Berchtesgadener Land, Bavaria",Trail Running,2,7,June|July|August|September,North-facing gullies below the Watzmann and Hochkalter hold old snow into late June.,€€,780,1180,380,560,220,320,90,150,90,150,4,Demanding,Schönau am Königssee,Salzburg (SZG),SZG,EUR,German,alpine-running|national-park|vertical-gain|hut-support|lift-assisted,52.5244,13.4105,country,0,2024,western-central,cartatripsv1/trips/de-trail-running-berchtesgaden.md
es-trail-running-sierra-nevada-alpujarras,Sierra Nevada & Las Alpujarras,Spain,ES,Southern & Mediterranean Europe,Andalucía — Sierra Nevada National Park & the Alpujarra Granadina,Trail Running,2,7,May|June|September|October,Late May–late June & mid-September–late October,€€,950,1520,380,620,190,300,300,440,80,160,4,Demanding,,GRX — Granada Federico García Lorca (1 h 15 to Capileira); AGP — Málaga is 2 h 15 and usually has better fares,GRX,,,trail-running|sierra-nevada|alpujarras|mulhacen|veleta|gr-7|acequias|high-altitude|andalucia|poqueira,40.4165,-3.7026,country,0,3037,southern-mediterranean,carta-dataset/trips/trail-running-spain-sierra-nevada-alpujarras.md
fo-trail-running-faroese-ridgelines-streymoy-vagar,Faroese Ridgelines: Streymoy & Vágar,Faroe Islands,FO,Northern Europe & Baltics,"Streymoy, Vágar and Eysturoy",Trail Running,2,7,May|June|July|August|September,Late May to early September. June and July give near-endless daylight; September brings the clearest air but the first autumn gales,€€€,1700,2500,120,200,55,85,250,380,80,200,4,Demanding,Tórshavn|Sørvágur|Gjógv,,,DKK / Faroese króna (pegged 1:1 to DKK),Faroese|Danish|English,,62.01,-6.77,source,0,1554,northern-baltics,carta_northern_europe_baltics_trips.md#trip-05
fr-trail-running-chamonix-balcons,The Balcons — A Chamonix Running Week Facing Mont Blanc,France,FR,Western & Central Europe,"Vallée de Chamonix-Mont-Blanc, Haute-Savoie",Trail Running,2,7,July|August|September,Lac Blanc and the Aiguillette des Posettes hold hard snow into early July; most refuges shut between mid and late September.,€€€,1250,1800,560,800,280,400,180,280,230,320,4,Demanding,Chamonix-Mont-Blanc,Geneva (GVA),GVA,EUR,French,balcon-trails|utmb-terrain|lift-assisted|high-alpine|glacier-views,48.8534,2.3488,country,0,2485,western-central,cartatripsv1/trips/fr-trail-running-chamonix-balcons.md
fr-trail-running-mercantour-vesubie,High Cols and Engraved Rock — Mercantour by Vésubie and Merveilles,France,FR,Western & Central Europe,"Parc national du Mercantour, Alpes-Maritimes",Trail Running,2,7,July|August|September,"The cols above 2,400 m hold snow into early July and the CAF refuges close between mid and late September, after which there is no staffed water above the valleys.",€€,900,1300,400,560,220,320,180,260,100,160,4,Demanding,Saint-Martin-Vésubie,Nice Côte d'Azur (NCE),NCE,EUR,French,national-park|high-cols|refuges|rock-engravings|remote,48.8534,2.3488,country,0,2537,western-central,cartatripsv1/trips/fr-trail-running-mercantour-vesubie.md
gr-trail-running-zagori-vikos,Zagori & the Vikos Gorge,Greece,GR,Southern & Mediterranean Europe,"Pindus Mountains, Epirus (Zagorochoria & Mt Tymfi)",Trail Running,2,7,May|June|September|October,Mid-May–late June & mid-September–late October,€€,930,1530,430,720,180,280,260,380,60,150,4,Demanding,,"IOA — Ioannina ""King Pyrrhus"" (45 min to Monodendri, 1 h 15 to Papingo); fallback PVK — Preveza/Aktion, 2 h 15",IOA,,,trail-running|vikos-gorge|tymfi|zagori|limestone|drakolimni|o3-waymarks|mountain-refuge|epirus|kalderimi,37.9838,23.7278,country,0,2505,southern-mediterranean,carta-dataset/trips/trail-running-greece-zagori-vikos.md
hr-trail-running-velebit-premuzic,Velebit Dry-Stone: Running the Premužić Trail,Croatia,HR,Southern & Mediterranean Europe,"Lika, Northern Velebit NP & Paklenica",Trail Running,2,7,June|July|September|October,Mid-June–early July & September–mid-October,€€,780,1250,300,520,160,260,190,330,130,180,4,Demanding,,"ZAD Zadar — 55 min to Starigrad-Paklenica, 2 h 15 min to Krasno; RJK Rijeka 1 h 45 min to Senj; ZAG Zagreb 2 h 30 min to Krasno",ZAD,,,karst|premuzic-trail|dry-stone|velebit|paklenica|bura|self-supported|mountain-huts,44.1158,15.2251,gateway,0,3612,southern-mediterranean,carta-dataset/trips/trail-running-croatia-velebit-premuzic.md
hu-trail-running-bukk-matra,Blue Blazes and Dry Karst: A Trail-Running Week in the Bükk and the Mátra,Hungary,HU,Eastern & Southeastern Europe,Északi-középhegység — the Bükk and Mátra ranges,Trail Running,2,7,April|May|September|October,"late April to mid-May, and the last two weeks of September into mid-October",€,305,550,145,265,90,140,45,80,25,65,4,Demanding,Szilvásvárad|Eger|Mátrafüred|Galyatető,"Budapest (BUD). Train Budapest-Keleti → Eger via Füzesabony, ~2 h; bus Eger → Szilvásvárad, ~45 min. Home: Gyöngyös → Vámosgyörk → Budapest, ~1 h 45.",BUD,Hungarian forint (HUF),Hungarian,trail-running|karst|orszagos-kektura|kekesteto|bukk-plateau|forest-singletrack|dry-mountain,47.9027,20.3733,city,10,2499,eastern-southeastern,cartaeasterneuropetrips/trips/hungary-bukk-matra-trail-running.md
ie-trail-running-wicklow-granite-dublin-mountains-lugnaquilla,Wicklow Granite: Dublin Mountains to Lugnaquilla,Ireland,IE,Northern Europe & Baltics,County Wicklow / Dublin Mountains,Trail Running,2,7,May|June|July|August|September|October,May to early October. May–June for long light and drier bog; September for firm ground and heather; avoid February–March when the peat is saturated,€€,900,1350,90,160,45,70,120,200,30,70,4,Demanding,Roundwood|Glendalough|Glenmalure|Enniskerry,,,EUR,English|Irish,,53.01,-6.33,source,0,1606,northern-baltics,carta_northern_europe_baltics_trips.md#trip-06
it-trail-running-dolomites-cortina,Cortina d'Ampezzo Ridgelines,Italy,IT,Southern & Mediterranean Europe,"Dolomiti Ampezzane, Belluno (Veneto)",Trail Running,2,7,June|July|September|October,Late June–mid-July & early September–early October,€€€,1600,2660,780,1400,340,520,280,480,200,260,4,Demanding,,"VCE — Venice Marco Polo (2 h 15 by Cortina Express coach, ~€26 one way, or 2 h drive); TSF — Treviso is a similar transfer",VCE,,,trail-running|dolomites|cortina|tre-cime|cai-waymarks|rifugio|lavaredo|limestone|via-ferrata|alta-via,46.1426,12.2156,city,0,2941,southern-mediterranean,carta-dataset/trips/trail-running-italy-dolomites-cortina.md
li-trail-running-fuerstensteig-drei-schwestern,The Principality Ridge — Fürstensteig and the Drei Schwestern,Liechtenstein,LI,Western & Central Europe,"Rätikon, Liechtenstein Alps",Trail Running,2,7,June|July|August|September|October,The Fürstensteig ledges stay iced or snow-patched until mid-June and again from late October.,€€€,1150,1650,560,800,330,480,130,200,130,170,4,Demanding,Vaduz (nights 1–3) and Malbun (nights 4–7),Zürich (ZRH),ZRH,CHF,German,ridge-running|exposed-terrain|micro-state|cross-border|hut-support,47.1415,9.5215,city,0,2024,western-central,cartatripsv1/trips/li-trail-running-fuerstensteig-drei-schwestern.md
lu-trail-running-mullerthal,Little Switzerland Underfoot — The Mullerthal Trail,Luxembourg,LU,Western & Central Europe,Mullerthal / Petite Suisse Luxembourgeoise,Trail Running,2,7,April|May|June|September|October,"Sandstone slabs, roots and wooden steps turn treacherous once leaf-fall and winter damp set in.",€€,820,1220,400,600,280,400,40,70,100,150,3,Active,Echternach,Luxembourg (LUX),LUX,EUR,Luxembourgish|French|German,sandstone-gorges|technical-footing|long-distance-trail|free-transit|low-altitude,49.6098,6.1327,gateway,0,2027,western-central,cartatripsv1/trips/lu-trail-running-mullerthal-trail.md
mc-trail-running-tete-de-chien-agel,Sea Level to Summit — Running Monaco's Hinterland,Monaco,MC,Western & Central Europe,Monaco and the Alpes-Maritimes hinterland,Trail Running,2,7,March|April|May|October|November,July and August bring heat above 30°C and prefectural fire closures on the limestone massifs.,€€€,1300,2100,700,1150,400,600,120,200,80,150,4,Demanding,"Monaco (or Beausoleil, 200 m across the border)",Nice Côte d'Azur (NCE),NCE,EUR,French,coastal-ridges|sea-level-to-summit|cross-border|heat-management|stair-repeats,43.7372,7.4215,city,0,2028,western-central,cartatripsv1/trips/mc-trail-running-tete-de-chien-agel.md
me-trail-running-durmitor,Durmitor Ridges,Montenegro,ME,Southern & Mediterranean Europe,"Durmitor National Park & Žabljak, northern Montenegro",Trail Running,2,7,June|July|September|October,Mid-June–mid-July & early September–early October,€,780,1320,300,560,170,260,250,380,60,120,4,Demanding,,TGD — Podgorica (2 h–2 h 30 drive to Žabljak via Nikšić or the Tara bridge); TIV — Tivat is 2 h 45,TGD,,,trail-running|durmitor|bobotov-kuk|tara-canyon|karst|via-dinarica|zabljak|prutas|katun|montenegro,42.4412,19.2631,country,0,3079,southern-mediterranean,carta-dataset/trips/trail-running-montenegro-durmitor.md
no-trail-running-romsdal-ridges-andalsnes-skyrunning-week,Romsdal Ridges: Åndalsnes Skyrunning Week,Norway,NO,Northern Europe & Baltics,"Møre og Romsdal, Western Norway",Trail Running,2,7,June|July|August|September,"Late June to late September. Snow lingers on north-facing ridge sections into early July; September gives firm ground, no mosquitoes and cold clear air",€€€,1600,2300,130,220,60,90,180,300,90,160,4,Demanding,Åndalsnes|Isfjorden|Innfjorden,,,NOK (Norwegian krone),Norwegian|English,,62.5675,7.687,source,0,1573,northern-baltics,carta_northern_europe_baltics_trips.md#trip-04
pl-trail-running-karkonosze-stolowe,Sandstone and Saucer: A Trail-Running Week in the Karkonosze and Góry Stołowe,Poland,PL,Eastern & Southeastern Europe,"The Sudetes — Karkonosze, Góry Stołowe and the Śnieżnik Massif",Trail Running,2,7,June|September|October,"the first three weeks of September — dry sandstone, stable air, empty ridge",€,495,830,230,400,140,210,90,160,35,60,4,Demanding,Karpacz|Kudowa-Zdrój|Karłów,"Wrocław (WRO), 2 h by bus/car to Karpacz; Prague (PRG) 2 h 30 to Kudowa via Náchod. Rail to Jelenia Góra, then bus 100/200 to Karpacz (~40 min).",WRO,Polish złoty (PLN),Polish,trail-running|sudetes|karkonosze|gory-stolowe|sniezka|sandstone|national-parks,51.1029,17.0301,gateway,10,2359,eastern-southeastern,cartaeasterneuropetrips/trips/poland-karkonosze-stolowe-trail-running.md
pt-trail-running-madeira,Madeira: Pico Ruivo & the Levadas,Portugal,PT,Southern & Mediterranean Europe,"Madeira — Central Massif, Laurissilva & the north coast",Trail Running,2,7,March|April|May|September|October|November,March–May & late September–November,€€,1050,1740,450,780,220,340,280,440,100,180,4,Demanding,,"FNC — Madeira Cristiano Ronaldo, Santa Cruz (20 min to Funchal, 40 min to Santana, 55 min to Porto Moniz)",FNC,,,trail-running|madeira|pico-ruivo|levada|laurissilva|miut|volcanic|pr-trails|atlantic|tunnels,38.7251,-9.1498,country,0,3177,southern-mediterranean,carta-dataset/trips/trail-running-portugal-madeira.md
ro-trail-running-piatra-craiului-bucegi,The Knife and the Plateau: Running Piatra Craiului and the Bucegi,Romania,RO,Eastern & Southeastern Europe,"Piatra Craiului & Bucegi Mountains, Southern Carpathians",Trail Running,2,7,July|August|September,"mid-July to mid-September, once the ridge snow patches have gone and before the first autumn storms",€€,560,960,250,430,130,200,120,200,60,130,4,Demanding,Zărnești|Măgura|Bran|Râșnov|Bușteni,"Bucharest Otopeni (OTP) then CFR to Brașov (2 h 30–3 h) or Bușteni (2 h); Brașov → Zărnești by local train (~50 min) or road (~28 km, 40 min). Bușteni is on the DN1/Prahova valley main line, so the week's ending point is the easiest place in Romania to leave from.",OTP,Romanian leu (RON),Romanian|Hungarian|German,trail-running|ridge-running|limestone|karst|carpathians|bears|salvamont,45.5609,25.3179,city,8,3022,eastern-southeastern,cartaeasterneuropetrips/trips/romania-piatra-craiului-bucegi-trail-running.md
si-trail-running-julian-alps-bohinj,Julian Alps: Bohinj & Pokljuka,Slovenia,SI,Southern & Mediterranean Europe,"Gorenjska — Bohinj, Pokljuka & the Triglav Lakes Valley",Trail Running,2,7,June|July|September,"Mid-June–mid-July & September (huts staffed, snow gone, lakes running)",€€,1050,1650,480,760,220,330,260,400,90,160,4,Demanding,,LJU — Ljubljana Jože Pučnik (1 h 15 drive to Bohinj; bus via Bled ~2 h); KLU Klagenfurt and TRS Trieste are both ~2 h,LJU,,,trail-running|julian-alps|bohinj|triglav-national-park|pokljuka|seven-lakes|planina|knafelc|komna|vogel,46.0511,14.5051,country,0,3240,southern-mediterranean,carta-dataset/trips/trail-running-slovenia-julian-alps-bohinj.md
sk-trail-running-mala-fatra-low-tatras,"Two Ridges, One Week: Running the Malá Fatra and the Low Tatras",Slovakia,SK,Eastern & Southeastern Europe,"Malá Fatra (Vrátna) & Nízke Tatry (Jasná, Ďumbier)",Trail Running,2,7,July|August|September,16 June to the end of September — the high routes are legally shut before that,€€,595,1000,270,460,140,210,130,220,55,110,4,Demanding,Terchová|Štefanová|Liptovský Mikuláš|Demänovská Dolina|Donovaly,"Bratislava (BTS) or Vienna (VIE) then rail to **Žilina** (2 h 30 from Bratislava); Žilina → Terchová by SAD bus, ~50 min. Krakow (KRK) is 3 h by road. Between the ranges: Terchová → Liptovský Mikuláš, ~100 km / 1 h 20 via Žilina and the D1.",BTS,Euro (EUR),Slovak,trail-running|ridge-running|chains|limestone|karst|national-parks|hzs,49.0806,19.6222,city,8,2918,eastern-southeastern,cartaeasterneuropetrips/trips/slovakia-mala-fatra-low-tatras-trail-running.md
at-city-vienna-ring-and-beyond,Vienna — The Ring and Everything Behind It,Austria,AT,Western & Central Europe,Vienna,City Trips,3,7,April|May|June|September|October,May and late September give warm terraces without the August closures; the Heuriger season peaks with Sturm in late September.,€€,980,1420,560,820,230,330,60,100,130,170,1,Easy,Vienna (Neubau or Landstrasse),Vienna (VIE),VIE,EUR,German,ringstrasse|otto-wagner|coffee-houses|gemeindebau|markets,48.2085,16.3721,city,0,2088,western-central,cartatripsv1/trips/at-city-vienna-ring-and-beyond.md
be-city-antwerp-and-ghent,"Antwerp, With a Day in Ghent",Belgium,BE,Western & Central Europe,Flanders (Antwerp & East Flanders),City Trips,3,7,April|May|June|September|October,May and September give long evenings on the Scheldt quays; Flanders in July is warm but the Zuid empties for holidays.,€€,900,1360,500,760,220,320,70,120,110,160,1,Easy,Antwerp (Zuid or Historic Centre),Brussels (BRU),BRU,EUR,Dutch|French|English,rubens|art-nouveau|docklands|fashion-district|flemish-markets,51.2205,4.4003,city,0,2468,western-central,cartatripsv1/trips/be-city-antwerp-and-ghent.md
bg-city-sofia-plovdiv,Sofia and Plovdiv: A Split Week Between Serdica and Philippopolis,Bulgaria,BG,Eastern & Southeastern Europe,Sofia Valley & the Upper Thracian Plain,City Trips,3,7,May|June|September|October,"mid-May to mid-June, and the whole of September",€,515,890,270,480,140,230,35,60,70,120,1,Easy,Sofia|Plovdiv,Sofia Airport (SOF) Terminal 2 sits on metro line **M4**; Serdika in the centre in ~20 min for a single-ride fare. Plovdiv Airport (PDV) has thin seasonal traffic — plan on Sofia both ways and take the train back on Day 7 morning.,SOF,Euro (EUR) — sole legal tender since 1 February 2026; mandatory dual BGN display ended 8 August 2026,Bulgarian,city|unesco|roman-ruins|thracian|orthodox|mountains|budget,42.6975,23.3241,city,4,2275,eastern-southeastern,cartaeasterneuropetrips/trips/bulgaria-sofia-plovdiv-city.md
cz-city-brno-modernism,"Brno — Functionalism, Cellars and Café Tables",Czechia,CZ,Western & Central Europe,South Moravia,City Trips,3,7,April|May|June|September|October,September brings the Moravian harvest and burčák into the wine bars; Villa Tugendhat closes for maintenance in parts of winter.,€,535,850,280,450,140,210,35,60,80,130,2,Easy,Brno (Veveří or the historic core),Vienna (VIE),VIE,CZK,Czech,functionalism|villa-tugendhat|moravian-wine|cafe-culture|karst,49.1952,16.608,city,0,2730,western-central,cartatripsv1/trips/cz-city-brno-modernism.md
cz-city-prague-layered,"Prague in Layers — Gothic, Baroque, Cubist, Functionalist",Czechia,CZ,Western & Central Europe,Prague,City Trips,3,7,April|May|June|September|October,"May and late September avoid both the August coach season and the short, grey January days; the Vinohrady beer gardens open around April.",€€,640,1010,350,560,160,240,40,70,90,140,2,Easy,Prague (Vinohrady or Karlín),Prague (PRG),PRG,CZK,Czech,cubist-architecture|functionalism|baroque|vinohrady|karlin,50.088,14.4208,city,0,2632,western-central,cartatripsv1/trips/cz-city-prague-layered.md
de-city-berlin-neighbourhoods,"Berlin, One Kiez at a Time",Germany,DE,Western & Central Europe,Berlin,City Trips,3,7,May|June|September|October,July and August are hot and the city half-empties; January and February are dark by 16:00.,€€,880,1300,420,620,230,340,60,90,170,250,2,Active,Kreuzberg or Mitte,Berlin Brandenburg (BER),BER,EUR,German,museumsinsel|kiez-walking|cold-war-history|street-food|bvg,52.5244,13.4105,city,0,1993,western-central,cartatripsv1/trips/de-city-berlin-neighbourhoods.md
de-city-hamburg-hafencity,Hamburg on the Water,Germany,DE,Western & Central Europe,Hamburg & the Lower Elbe,City Trips,3,7,May|June|July|August|September,The Elbe wind is cold until late April; June and September give long light without August prices.,€€,900,1350,440,660,240,350,70,100,150,240,2,Active,Neustadt or St. Pauli,Hamburg (HAM),HAM,EUR,German,speicherstadt|harbour-ferries|brick-expressionism|elbphilharmonie|hvv,53.5507,9.993,city,0,1995,western-central,cartatripsv1/trips/de-city-hamburg-hafencity-water.md
dk-city-copenhagen-by-neighbourhood-block,Copenhagen by Neighbourhood Block,Denmark,DK,Northern Europe & Baltics,Zealand / Øresund,City Trips,3,7,May|June|July|August|September|December,May to September for harbour swimming and outdoor dining; late November–December for Tivoli's Christmas season; February is cheapest and the museums are empty,€€€,1600,2600,150,260,60,120,45,70,90,180,,,,,,DKK (Danish krone),Danish|English — near-universal,,55.6761,12.5683,source,0,1540,northern-baltics,carta_northern_europe_baltics_trips.md#trip-07
ee-city-tallinn-limestone-bastions-telliskivi,"Tallinn: Limestone, Bastions & Telliskivi",Estonia,EE,Northern Europe & Baltics,"Harju County, Gulf of Finland",City Trips,3,7,May|June|July|August|September|December,"May to September for terraces and white nights; December for the Town Hall Square Christmas market; January–February is bitter, beautiful and half price",€€,800,1300,70,150,40,70,25,50,60,120,,,,,,EUR,Estonian|Russian|English,,59.437,24.7536,source,0,1461,northern-baltics,carta_northern_europe_baltics_trips.md#trip-08
es-city-seville,Seville Slow: Mudéjar Courtyards and Triana Nights,Spain,ES,Southern & Mediterranean Europe,Andalucía — Seville & the Guadalquivir,City Trips,3,7,March|May|October|November,Mid-March–early May & mid-October–end November,€€,930,1505,490,840,250,380,60,100,130,185,2,Moderate,,"SVQ — Seville Airport; EA airport bus to Plaza de Armas 35 min (€4 single), taxi flat fare ~€25–33",SVQ,,,mudejar|alcazar|flamenco|tapas|orange-trees|baroque|day-trip-cordoba|ave-train|patios,37.3828,-5.9732,city,0,2466,southern-mediterranean,carta-dataset/trips/city-spain-seville.md
fr-city-paris-arrondissement-blocks,"Paris by the Block — Seven Arrondissements, Seven Days",France,FR,Western & Central Europe,Île-de-France,City Trips,3,7,April|May|June|September|October,Late September and early October give warm terraces and reopened kitchens after the August closures; May is beautiful and busy.,€€€,1200,1880,700,1150,300,430,60,90,140,210,2,Moderate,Paris (11e or 3e),Paris Charles de Gaulle (CDG),CDG,EUR,French,arrondissements|timed-entry|street-markets|belleville|canal-saint-martin,48.8534,2.3488,city,0,2778,western-central,cartatripsv1/trips/fr-city-paris-arrondissement-blocks.md
gr-city-athens,"Athens Beyond the Rock: Neighbourhoods, Marble and the Saronic Light",Greece,GR,Southern & Mediterranean Europe,Attica — Athens & the Saronic coast,City Trips,3,7,March|April|May|September|October|November,Late March–mid May & late September–early November,€€,935,1510,490,840,250,380,55,90,140,200,2,Moderate,,"ATH — Eleftherios Venizelos; Metro Line 3 to Syntagma/Monastiraki 40 min (€9), X95 express bus to Syntagma 60–90 min (€5.50)",ATH,,,acropolis|archaeology|byzantine|mezedopoleio|rooftop|day-trip-sounion|street-art|snfcc|neoclassical,37.9838,23.7278,city,0,2622,southern-mediterranean,carta-dataset/trips/city-greece-athens.md
hu-city-budapest,"Districts and Domes: Seven Days in Budapest, Pest Side First",Hungary,HU,Eastern & Southeastern Europe,"Budapest — Pest districts V–IX, Buda I–II, XIII and Óbuda",City Trips,3,7,April|May|September|October,"late April to early June, and the second half of September",€€,785,1325,420,700,210,350,25,45,130,230,1,Easy,Budapest V. kerület|Budapest VI. kerület|Budapest VII. kerület,"Budapest Ferenc Liszt (BUD), 16 km out. Bus **100E** direct to Deák Ferenc tér, or **200E** to Kőbánya-Kispest and M3. Rail: Keleti and Nyugati stations, both on the metro.",BUD,Hungarian forint (HUF),Hungarian,city-break|thermal-baths|secession|jewish-quarter|ruin-bars|danube|architecture,47.4996,19.0511,city,13,2386,eastern-southeastern,cartaeasterneuropetrips/trips/hungary-budapest-city.md
it-city-naples,"Naples Vertical: Spaccanapoli, Sanità and the Bay",Italy,IT,Southern & Mediterranean Europe,Campania — Naples & the Gulf,City Trips,3,7,March|April|May|June|September|October|November,Late March–early June & late September–early November,€€,870,1450,440,780,230,360,50,80,150,230,3,Active,,"NAP — Naples Capodichino; Alibus to Piazza Garibaldi 15 min / Molo Beverello 25 min (€3 in advance, €4 on board), taxi flat fare ~€23–27",NAP,,,baroque|catacombs|pizza|archaeology|street-food|funicular|day-trip-pompeii|caravaggio|vertical-city,40.8522,14.2681,city,0,2471,southern-mediterranean,carta-dataset/trips/city-italy-naples.md
it-city-rome,Rome in Seven Layers: Centro Storico to EUR,Italy,IT,Southern & Mediterranean Europe,Lazio — Rome & the Tiber mouth,City Trips,3,7,March|April|May|September|October|November,Late March–mid-May & late September–mid-November,€€,1100,1850,560,980,300,460,55,90,185,320,2,Moderate,,"FCO Leonardo da Vinci–Fiumicino — Leonardo Express to Termini 32 min; CIA Ciampino for low-cost carriers, 40 min by bus",FCO,,,ancient-rome|baroque|caravaggio|timed-entry|trattoria|roman-cuisine|day-trip-ostia|rationalist-architecture,41.8919,12.5113,city,0,3878,southern-mediterranean,carta-dataset/trips/city-italy-rome.md
lu-city-ville-fortress,"Luxembourg City, Fortress and Valley",Luxembourg,LU,Western & Central Europe,Luxembourg City & the Alzette Valley,City Trips,3,7,April|May|June|September|October,The Bock casemates and the palace tours are seasonal; both are shut for much of the winter.,€€€,950,1400,500,720,280,400,40,80,130,200,2,Active,Luxembourg City (Ville Haute or Gare),Luxembourg Findel (LUX),LUX,EUR,Luxembourgish|French|German,unesco-fortress|casemates|free-transit|contemporary-architecture|minett,49.6098,6.1327,city,0,1994,western-central,cartatripsv1/trips/lu-city-luxembourg-ville-fortress.md
lv-city-riga-art-nouveau-market-halls-daugava,"Riga: Art Nouveau, Market Halls & the Daugava",Latvia,LV,Northern Europe & Baltics,Riga & the Gulf of Riga,City Trips,3,7,May|June|July|August|September|December,"May to September; June for the Jāņi midsummer festival; December for the Christmas market on Doma laukums; February is cheap, dark and atmospheric",€€,700,1150,65,140,35,65,25,45,55,110,,,,,,EUR,Latvian|Russian|English,,56.9496,24.1052,source,0,1449,northern-baltics,carta_northern_europe_baltics_trips.md#trip-09
mc-city-riviera-week,A Riviera Week from a Monaco Base,Monaco,MC,Western & Central Europe,Monaco & the Alpes-Maritimes,City Trips,3,7,April|May|June|September|October,Avoid the last week of May entirely; the Grand Prix closes half the streets and triples every room rate.,€€€,1900,2900,1000,1500,500,750,120,200,280,450,2,Active,Monaco (La Condamine or Monte-Carlo),Nice Côte d'Azur (NCE),NCE,EUR,French|Italian|Monégasque,riviera|belle-epoque|ter-trains|coastal-paths|timed-entry,43.7372,7.4215,city,0,2028,western-central,cartatripsv1/trips/mc-city-monaco-riviera-week.md
md-city-chisinau-tiraspol-comrat,"Three Capitals in One Country: Chișinău, Tiraspol and Comrat",Moldova,MD,Eastern & Southeastern Europe,"Chișinău, Transnistria (de facto), and the Gagauz autonomy",City Trips,3,7,May|June|September,"early September — warm, the wine harvest starting, and Chișinău's National Wine Day in the first weekend of October just beyond it",€,405,740,180,350,110,180,35,70,80,140,1,Easy,Chișinău,"Chișinău International (KIV), 13 km and 20–30 minutes from the centre. **No published airport taxi tariff and meters are unreliable** — order a **Bolt** or **Yandex Go** and take the fixed quote (roughly 160 MDL / ~€8). **Trolleybus 30** runs into town for **7 MDL** (~€0.35).",KIV,Moldovan leu (MDL); Transnistria uses the unrecognised Transnistrian rouble (PRB),Romanian|Russian|Gagauz,city-break|soviet-modernism|wine|transnistria|gagauzia|budget|museums,47.009,28.8594,city,7,2406,eastern-southeastern,cartaeasterneuropetrips/trips/moldova-chisinau-tiraspol-comrat-city.md
nl-city-amsterdam-canal-belt,"Amsterdam by Canal, Oost and Noord",Netherlands,NL,Western & Central Europe,Amsterdam & the IJ,City Trips,3,7,April|May|June|September|October,Tulip season runs April into early May; June and September give long light with fewer crowds than midsummer.,€€,950,1400,480,700,250,360,60,90,160,250,2,Active,Jordaan or De Pijp,Amsterdam Schiphol (AMS),AMS,EUR,Dutch|English,canal-belt|timed-entry|ij-ferries|grachtengordel|unesco,52.374,4.8897,city,0,1834,western-central,cartatripsv1/trips/nl-city-amsterdam-canal-belt.md
pl-city-krakow,"Kraków in Seven Days: Planty Ring, Kazimierz Nights, Nowa Huta Mornings",Poland,PL,Eastern & Southeastern Europe,Lesser Poland (Małopolska) — Kraków and the Wieliczka–Oświęcim corridor,City Trips,3,7,April|May|September|October,"late April to mid-June, then the second half of September",€€,680,1150,350,620,165,270,45,75,120,185,1,Easy,Kraków,"Kraków–Balice (KRK), 11 km west. The Kraków Lotnisko–Kraków Główny train runs every 30 min, ~20 min, ~€4.65 (20 PLN, 2026 Koleje Małopolskie fare, luggage free). Rail from Warsaw Centralna 2h20 on EIP/IC; from Berlin via Warsaw or the direct night train.",KRK,Polish złoty (PLN),Polish,city|unesco|jewish-heritage|gothic|socialist-realism|museums|walkable,50.0614,19.9366,city,8,2406,eastern-southeastern,cartaeasterneuropetrips/trips/poland-krakow-city.md
pt-city-lisbon,"Lisbon on Foot: Seven Hills, Seven Days",Portugal,PT,Southern & Mediterranean Europe,Lisboa & the Tagus Estuary,City Trips,3,7,March|June|September|October,Mid-March–early June & mid-September–end October,€€,1025,1675,560,980,280,420,55,85,130,190,2,Moderate,,"LIS — Humberto Delgado; Metro Red Line to Alameda 20 min, taxi to Baixa 20–25 min (€15–20)",LIS,,,azulejos|miradouros|fado|pastelaria|manueline|day-trip-sintra|walkable|riverfront,38.7251,-9.1498,city,0,2235,southern-mediterranean,carta-dataset/trips/city-portugal-lisbon.md
ro-city-bucharest,"Little Paris, Then the Bulldozers: Seven Days in Bucharest",Romania,RO,Eastern & Southeastern Europe,Bucharest (București) & the Ilfov fringe,City Trips,3,7,May|June|September|October,mid-May to mid-June and the whole of September — terrace weather without the 38 °C concrete oven,€,640,1175,350,630,175,315,25,60,90,170,1,Easy,București,"Henri Coandă (OTP), 17 km north. **Express bus 783** runs OTP → Piața Unirii via Piața Victoriei roughly every 20–30 min, ~40–60 min; buy the card at the STB kiosk in the arrivals hall before boarding. Rail links to Gara de Nord also run from the airport halt.",OTP,Romanian leu (RON),Romanian,city|architecture|neo-romanian|modernism|communism|museums|food,44.4323,26.1063,city,8,2526,eastern-southeastern,cartaeasterneuropetrips/trips/romania-bucharest-city.md
rs-city-belgrade,"Belgrade at the Confluence: Kafanas, Concrete and the Sava",Serbia,RS,Southern & Mediterranean Europe,"Belgrade, with Vojvodina & Šumadija as gateways",City Trips,3,7,April|May|June|September|October,Late April–mid June & September–mid October,€,570,1000,280,520,180,290,40,70,70,120,2,Moderate,,"BEG — Nikola Tesla Airport; A1 minibus to Slavija 30 min, bus 72 to Zeleni Venac 45 min, taxi with an official rank voucher ~2,200–2,500 RSD (€19–21)",BEG,,,kafana|brutalism|yugoslavia|danube|rakija|splav|non-eu|day-trip-novi-sad|orthodox,44.804,20.4651,city,0,2543,southern-mediterranean,carta-dataset/trips/city-serbia-belgrade.md
sk-city-bratislava-kosice,Two Ends of a Long Country: Bratislava and Košice in a Split Week,Slovakia,SK,Eastern & Southeastern Europe,"Bratislava (Staré Mesto, Petržalka, Devín) and Košice (Hlavná, Spiš)",City Trips,3,7,May|June|September,"mid-May to late June, and September — terrace weather, no August closures, Košice before the student term crush",€€,705,1230,350,630,175,280,90,150,90,170,1,Easy,Bratislava|Košice,"**Fly to Vienna (VIE), not Bratislava.** The airport bus to Bratislava takes about an hour and runs many times a day, and Vienna's route network is incomparably better than BTS's. Košice (KSC) has flights to Vienna, Prague, Warsaw, London and Bratislava.",VIE,Euro (EUR),Slovak|Hungarian (widely in the east and the south),city-break|secession|gothic|functionalism|panel-blocks|spis-castle|danube,48.1482,17.1067,city,10,2529,eastern-southeastern,cartaeasterneuropetrips/trips/slovakia-bratislava-kosice-city.md
xk-city-pristina-prizren,Pristina & Prizren: Kosovo's Two Cities in Seven Days,Kosovo,XK,Southern & Mediterranean Europe,"Kosovo — Pristina, Prizren & the Rugova highlands",City Trips,3,7,May|June|September|October,Mid-May–late June & September–mid October,€,480,850,210,400,150,240,70,120,50,90,2,Moderate,,"PRN — Pristina International ""Adem Jashari""; airport shuttle or taxi to central Pristina 20 min (€15–20 fixed); no train link",PRN,,,ottoman|orthodox-monasteries|brutalism|newborn|non-eu|day-trip-rugova|balkan|coffee-culture|hammam,42.6639,21.0961,city,0,2745,southern-mediterranean,carta-dataset/trips/city-kosovo-pristina-prizren.md
at-cozy-towns-salzkammergut,Lake Towns of the Salzkammergut,Austria,AT,Western & Central Europe,"Salzkammergut, Upper Austria & Styria",Cozy Towns Trips,4,7,May|June|September|October,July and August fill Hallstatt with coach parties; May and late September give you the same lake light with half the people.,€€,1150,1650,520,760,330,450,160,250,140,190,1,Easy,"Gmunden, Bad Ischl and Hallstatt",Salzburg (SZG),SZG,EUR,German,lake-towns|ceramics|market-days|slow-travel|salt-country,47.7994,13.044,gateway,0,2020,western-central,cartatripsv1/trips/at-cozy-towns-salzkammergut.md
ba-cozy-towns-slowly-mostar-blagaj-pocitelj-trebinje,"Herzegovina Slowly: Mostar, Blagaj, Počitelj & Trebinje",Bosnia and Herzegovina,BA,Southern & Mediterranean Europe,Herzegovina — Neretva valley & Trebišnjica,Cozy Towns Trips,4,7,April|May|June|September|October,Late April–mid June & mid September–late October,€,760,1300,320,560,160,280,190,290,90,170,2,Moderate,,"DBV — Dubrovnik, 1 h 50 to Trebinje and 3 h to Mostar including the border; SJJ Sarajevo is 2 h 30 to Mostar and better for onward rail",DBV,,,herzegovina|mostar|trebinje|stecci|ottoman-towns|bosnian-coffee|slow-travel|wine,43.8486,18.3564,country,0,2698,southern-mediterranean,carta-dataset/trips/cozy-towns-bosnia-herzegovina.md
be-cozy-towns-bruges-damme-veurne,"West Flanders Squares — Bruges, Damme and Veurne",Belgium,BE,Western & Central Europe,West Flanders,Cozy Towns Trips,4,7,April|May|June|September|October,Start on a Saturday so the Wednesday market at Veurne and the Saturday market at 't Zand both land inside the week.,€€,1100,1580,520,740,320,450,120,190,140,200,1,Easy,Bruges and Veurne,Brussels (BRU),BRU,EUR,Dutch|French,lace|market-days|canals|brick-gothic|slow-travel,51.2089,3.2242,city,0,2025,western-central,cartatripsv1/trips/be-cozy-towns-bruges-damme-veurne.md
bg-cozy-towns-revival,Carved Ceilings and Cobbled Bridges: A Slow Week in Bulgaria's Revival Towns,Bulgaria,BG,Eastern & Southeastern Europe,"Sredna Gora, the Balkan foothills and the Veliko Tarnovo highlands",Cozy Towns Trips,4,7,May|June|September,"late May to mid-June, and the whole of September — long light, warm stone, no coach parties",€,610,990,245,420,140,210,180,280,45,80,1,Easy,Koprivshtitsa|Tryavna|Arbanasi,"Sofia (SOF) is 110 km from Koprivshtitsa — 1 h 45 by car, or the slow train on the Sofia–Burgas line to Koprivshtitsa station, which sits 9 km below the town with a connecting bus. Fly home from Sofia or Varna (VAR), 3 h from Veliko Tarnovo.",SOF,Euro (EUR) — sole legal tender since 1 February 2026; mandatory dual BGN display ended 8 August 2026,Bulgarian,revival-architecture|woodcarving|museum-houses|slow-travel|guesthouses|crafts|mehana,42.6975,23.3241,gateway,7,2228,eastern-southeastern,cartaeasterneuropetrips/trips/bulgaria-revival-towns-cozy-towns.md
ch-cozy-towns-appenzell,Painted Houses — An Appenzellerland Week,Switzerland,CH,Western & Central Europe,Appenzell Innerrhoden & Ausserrhoden,Cozy Towns Trips,4,7,May|June|September|October,The Landsgemeinde votes in the open air on the last Sunday of April; the decorated cattle come down off the alps in the first half of September.,€€€,1330,1890,700,980,380,520,140,210,110,180,2,Easy,Appenzell,Zürich (ZRH),ZRH,CHF,German,painted-houses|alpine-folk-craft|cheese-dairies|narrow-gauge-rail|landsgemeinde,47.3667,8.55,gateway,0,2685,western-central,cartatripsv1/trips/ch-cozy-towns-appenzell.md
cz-cozy-towns-south-bohemia-telc,Arcaded Squares of South Bohemia,Czechia,CZ,Western & Central Europe,South Bohemia & the Vysočina,Cozy Towns Trips,4,7,May|June|September|October,State chateaux shut from November to March and open weekends only in April and October; late October brings the Třeboň pond harvests.,€€,780,1150,340,500,200,300,150,220,90,130,1,Easy,"Český Krumlov, Třeboň and Telč",Prague (PRG),PRG,CZK,Czech,unesco-squares|renaissance|carp-ponds|market-days|slow-travel,50.088,14.4208,gateway,0,2018,western-central,cartatripsv1/trips/cz-cozy-towns-south-bohemia-telc.md
de-cozy-towns-mosel-villages,Slate and Riesling — The Mosel Village Week,Germany,DE,Western & Central Europe,"Mittelmosel, Rhineland-Palatinate",Cozy Towns Trips,4,7,May|June|September|October,September and early October give harvest activity and warm slate; many small hotels close from January to mid-March.,€€,1020,1470,520,720,280,420,110,170,110,160,1,Easy,Bernkastel-Kues,Frankfurt (FRA),FRA,EUR,German,riesling|half-timbered|river-boats|vineyard-walks|wine-cellars,50.1155,8.6842,gateway,0,2631,western-central,cartatripsv1/trips/de-cozy-towns-mosel-villages.md
de-cozy-towns-romantic,"Franconian Squares — Rothenburg, Dinkelsbühl and the Ries",Germany,DE,Western & Central Europe,"Franconia & the Nördlinger Ries, Bavaria",Cozy Towns Trips,4,7,May|June|September|October,"Late September gives warm stone, thin crowds and the first Federweisser; December is beautiful but the Reiterlesmarkt fills Rothenburg.",€€,1090,1590,560,780,280,400,160,250,90,160,1,Easy,Rothenburg ob der Tauber,Nürnberg (NUE),NUE,EUR,German,medieval-walls|market-squares|half-timbered|night-watchman|franconia,49.4542,11.0775,gateway,0,2610,western-central,cartatripsv1/trips/de-cozy-towns-romantic-road.md
dk-cozy-towns-south-funen-archipelago-aeroe-faaborg-svendborg,"South Funen Archipelago: Ærø, Faaborg & Svendborg",Denmark,DK,Northern Europe & Baltics,Det Sydfynske Øhav (South Funen Archipelago),Cozy Towns Trips,4,7,May|June|July|August|September,May to September. June for long light and open island ferries; late August for warm sea and fewer Danish holidaymakers; December for the Ærøskøbing Christmas streets,€€,1050,1600,100,180,50,80,120,200,60,110,,,,,,DKK (Danish krone),Danish|English|German,,55.06,10.41,source,0,1371,northern-baltics,carta_northern_europe_baltics_trips.md#trip-11
es-cozy-towns-pueblos-blancos,"Pueblos Blancos: Grazalema, Setenil & the Road Down to Vejer",Spain,ES,Southern & Mediterranean Europe,Sierra de Grazalema & the Cádiz–Málaga white villages,Cozy Towns Trips,4,7,March|April|May|June|September|October|November,Late March–early June & mid September–early November,€€,1050,1720,490,840,240,360,190,290,130,230,2,Moderate,,"XRY — Jerez de la Frontera, 1 h 15 to Grazalema; AGP Málaga is the bigger-choice alternative at 2 h to Grazalema, 1 h 20 to Ronda",XRY,,,white-villages|andalucia|payoyo-cheese|wool-weaving|via-verde|slow-travel|sierra-de-grazalema|venta-culture,36.5267,-6.2891,city,0,2623,southern-mediterranean,carta-dataset/trips/cozy-towns-spain-pueblos-blancos.md
fr-cozy-towns-alsace-villages,Four Walled Villages of the Alsace Wine Road,France,FR,Western & Central Europe,"Haut-Rhin, Alsace",Cozy Towns Trips,4,7,May|June|September|October,Start on a Thursday so Ribeauvillé's Saturday market and Colmar's covered market both fall inside the week; September brings the harvest and October the colour.,€€,1150,1680,520,760,330,470,180,260,120,190,2,Easy,"Riquewihr, Kaysersberg and Eguisheim",Basel-Mulhouse EuroAirport (BSL/MLH),,EUR,French|Alsatian,wine-villages|grand-cru|market-days|artisan-food|slow-travel,48.8534,2.3488,country,0,2128,western-central,cartatripsv1/trips/fr-cozy-towns-alsace-wine-villages.md
fr-cozy-towns-dordogne-perigord,"The Périgord Noir, Slowly",France,FR,Western & Central Europe,"Périgord Noir, Dordogne Valley",Cozy Towns Trips,4,7,April|May|June|September|October,"Truffle and foie gras season runs November to March, outside this window; these dates instead catch the walnut harvest and the start of autumn markets without July's crowds.",€€,1050,1500,480,680,280,380,140,200,150,240,1,Easy,"Sarlat-la-Canéda, then Saint-Léon-sur-Vézère",Bergerac Dordogne Périgord (EGC),EGC,EUR,French,bastides|dordogne-river|walnut-oil|market-days|perigord-noir,48.8534,2.3488,country,0,1809,western-central,cartatripsv1/trips/fr-cozy-towns-dordogne-perigord.md
gr-cozy-towns-pelion,"Pelion Kalderimia: Mansions, Plane Trees and the Little Train",Greece,GR,Southern & Mediterranean Europe,Thessaly — Mount Pelion & the Pagasetic Gulf,Cozy Towns Trips,4,7,May|June|September|October|November,Mid-May–late June & mid-September–early November,€€,900,1450,420,700,230,380,180,290,70,120,2,Moderate,,"SKG Thessaloniki — 2 h 30 min drive to Makrinitsa; VOL Nea Anchialos (seasonal) 45 min; ATH Athens 3 h 30 min, or 3 h by train to Volos with a change at Larissa",SKG,,,archontika|kalderimi|plane-trees|steam-train|apples|tsipouro|slow-travel|mountain-villages,40.6407,22.9349,gateway,0,3563,southern-mediterranean,carta-dataset/trips/cozy-towns-greece-pelion.md
hu-cozy-towns-danube-bend-cserhat,"The Bend and the Hills: Szentendre, Esztergom and the Palóc Villages",Hungary,HU,Eastern & Southeastern Europe,"Danube Bend (Dunakanyar) & the Cserhát Hills, Nógrád County",Cozy Towns Trips,4,7,April|May|September|October,"late April to early June, and the whole of September into mid-October",€,580,970,300,500,130,215,90,150,60,105,1,Easy,Szentendre|Hollókő,"Budapest Liszt Ferenc (BUD). The **HÉV H5** suburban railway from Batthyány tér reaches Szentendre in about 40 min: a 500 HUF Budapest single plus a suburban supplementary ticket of about 450 HUF for the Békásmegyer–Szentendre section, roughly 950 HUF (~€2.40) each way. A party is better off with MÁV's HÉV *kirándulójegy*, 6,200 HUF for unlimited Békásmegyer–Szentendre travel for up to ten people in a day (2026 tariff). From Day 4, a small hire car picked up in Vác or Budapest makes the Cserhát practical.",BUD,Hungarian forint (HUF),Hungarian,cozy-towns|unesco|danube|folk-art|baroque|slow-travel|paloc,47.6694,19.0756,city,9,2371,eastern-southeastern,cartaeasterneuropetrips/trips/hungary-danube-bend-cserhat-cozy-towns.md
it-cozy-towns-umbria,"Umbrian Hill Towns: Spello, Bevagna & the Sagrantino Hills",Italy,IT,Southern & Mediterranean Europe,"Valle Umbra — Spello, Bevagna, Montefalco, Trevi",Cozy Towns Trips,4,7,April|May|June|September|October,Late April–mid June & mid September–late October,€€,1150,1800,560,910,280,400,140,230,170,260,2,Moderate,,"PEG — Perugia San Francesco d'Assisi, 27 km / 30 min to Spello; FCO Rome is the fallback, 2 h 15 by car",PEG,,,hill-towns|sagrantino|olive-oil|medieval-crafts|slow-travel|umbria|artisan-markets|infiorata,41.8919,12.5113,country,0,2321,southern-mediterranean,carta-dataset/trips/cozy-towns-italy-umbria.md
lt-cozy-towns-curonian-spit-nida-juodkrante-dune-villages,"Curonian Spit: Nida, Juodkrantė & the Dune Villages",Lithuania,LT,Northern Europe & Baltics,"Neringa / Klaipėda, Curonian Spit UNESCO World Heritage Site",Cozy Towns Trips,4,7,May|June|September,"Late May to late September. July–August is warm but busy; the first three weeks of September are the local secret — warm lagoon, empty streets, migrating birds",€€,700,1100,75,150,35,60,90,160,40,80,,,,,,EUR,Lithuanian|Russian|German (in tourism)|English,,55.3033,21.0072,source,0,1506,northern-baltics,carta_northern_europe_baltics_trips.md#trip-10
lu-cozy-towns-little-switzerland,Little Switzerland and the Northern Castles,Luxembourg,LU,Western & Central Europe,"Mullerthal & the Éislek, Luxembourg",Cozy Towns Trips,4,7,May|June|September|October,Whit Tuesday brings Echternach's hopping procession (26 May in 2026); October adds the Vianden nut market and beech colour in the gorges.,€€,1030,1480,560,780,300,430,40,70,130,200,2,Easy,Echternach,Luxembourg (LUX),LUX,EUR,Luxembourgish|French|German,mullerthal|castles|sandstone-gorges|free-transport|market-squares,49.6098,6.1327,city,0,2576,western-central,cartatripsv1/trips/lu-cozy-towns-little-switzerland.md
lv-cozy-towns-kurzeme-slow-week-kuldiga-sabile-talsi,"Kurzeme Slow Week: Kuldīga, Sabile & Talsi",Latvia,LV,Northern Europe & Baltics,"Kurzeme (Courland), western Latvia",Cozy Towns Trips,4,7,May|June|July|August|September,Mid-May to September. Late May for the lamprey and fish-jumping season at the Venta rapids; late July for the Sabile wine festival; September for mushrooms and empty guesthouses,€,600,950,50,110,25,45,130,200,30,60,,,,,,EUR,Latvian|Russian|English (variable outside hotels),,56.9677,21.9614,source,0,1516,northern-baltics,carta_northern_europe_baltics_trips.md#trip-12
md-cozy-towns-soroca-orhei,The Round Fort and the Casa Mare: Seven Slow Days in Small-Town Moldova,Moldova,MD,Eastern & Southeastern Europe,"The Middle Dniester, Soroca, and the Orhei Codru",Cozy Towns Trips,4,7,May|June|September,"the second half of May into mid-June, then all of September",€,400,695,140,260,75,130,160,250,25,55,1,Easy,Soroca|Orhei|Butuceni,"Chișinău International (KIV), 13 km southeast of the centre. Hire a car at the airport — rural buses run to school and market timetables and will not fit this route. Trolleybus 30 into town is 7 MDL; a Yandex Go or Bolt car lands around 160 MDL (€8). Iași, in Romania, is 3 h by road.",KIV,Moldovan leu (MDL); roughly 19–20 MDL to €1,Romanian|Russian,cozy-towns|dniester|fortress|crafts|guesthouses|carpet-weaving|slow-travel|roma-heritage,48.1566,28.2849,city,7,2644,eastern-southeastern,cartaeasterneuropetrips/trips/moldova-soroca-orhei-cozy-towns.md
mk-cozy-towns-ohrid-bitola,"Ohrid, Bitola & Kruševo: Lake Light and Balkan Corso",North Macedonia,MK,Southern & Mediterranean Europe,Lake Ohrid & Pelagonia,Cozy Towns Trips,4,7,May|June|September|October,Mid May–late June & September–mid October,€,650,1140,280,490,160,260,120,230,90,160,2,Moderate,,"OHD — Ohrid St Paul the Apostle, 10 km / 15 min to the old town; SKP Skopje is the bigger hub, 2 h 45 by road or a €10–€15 shared transfer",OHD,,,lake-ohrid|bitola|krusevo|ohrid-pearls|balkan-corso|slow-travel|unesco|vevcani,41.9965,21.4314,country,0,2710,southern-mediterranean,carta-dataset/trips/cozy-towns-north-macedonia-ohrid-bitola.md
nl-cozy-towns-hanseatic-ijssel,"The Hanseatic IJssel — Deventer, Zutphen, Zwolle, Hattem",Netherlands,NL,Western & Central Europe,"IJssel Valley, Overijssel & Gelderland",Cozy Towns Trips,4,7,April|May|June|September,The Deventer Boekenmarkt falls on the first Sunday of August; December brings the Dickens Festijn and much colder river wind.,€€,980,1420,520,720,280,400,80,130,100,170,1,Easy,Deventer,Amsterdam (AMS),AMS,EUR,Dutch,hanseatic|market-days|bookshops|ijssel|town-squares,52.255,6.1639,city,0,2580,western-central,cartatripsv1/trips/nl-cozy-towns-hanseatic-ijssel.md
pl-cozy-towns-lubelskie,"Loess, Arcades and Onion Bread: A Slow Week in Lubelskie's Small Towns",Poland,PL,Eastern & Southeastern Europe,"Lubelskie, the Vistula bend and the Zamość–Roztocze borderland",Cozy Towns Trips,4,7,May|June|September,"the second half of May into mid-June — lilac and rapeseed, ravines dry enough to walk, everything open, nothing full",€,550,905,245,420,110,175,150,230,45,80,1,Easy,Kazimierz Dolny|Zamość|Lublin,"Warsaw Chopin (WAW) or Modlin (WMI), then 160 km / 2 h 15 by car to Kazimierz Dolny. Car-free: PKP Intercity Warszawa–Lublin in about 2 h 15, or Warszawa–Puławy Miasto in 1 h 45, then bus or taxi the last 14 km to Kazimierz. Lublin Airport (LUZ) at Świdnik has a thin route list — check before you build the week around it.",WAW,Polish złoty (PLN),Polish,cozy-towns|renaissance|unesco|ravines|crafts|bakeries|slow-travel,50.7231,23.252,city,8,2669,eastern-southeastern,cartaeasterneuropetrips/trips/poland-lubelskie-cozy-towns.md
pt-cozy-towns-alentejo-villages,"Alentejo's Walled Villages: Monsaraz, Estremoz & the Serra de São Mamede",Portugal,PT,Southern & Mediterranean Europe,"Alentejo — Alqueva, Alto Alentejo & the marble towns",Cozy Towns Trips,4,7,March|April|May|June|September|October|November,March–mid June & mid September–early November,€€,1130,1900,560,980,260,400,190,290,120,230,2,Moderate,,"LIS — Lisbon Humberto Delgado, 1 h 50 to Monsaraz; Badajoz (BJZ) in Spain is 1 h from Marvão if the schedule suits",BJZ,,,alentejo|walled-villages|pottery|arraiolos-rugs|dark-sky|marble|slow-travel|saturday-market,38.7251,-9.1498,country,0,2593,southern-mediterranean,carta-dataset/trips/cozy-towns-portugal-alentejo-villages.md
ro-cozy-towns-saxon-transylvania,Blue Gates and Fortified Churches: A Slow Week Through Saxon Transylvania,Romania,RO,Eastern & Southeastern Europe,Târnava Mare & the Hârtibaciu Plateau — Saxon Transylvania (Siebenbürgen),Cozy Towns Trips,4,7,May|June|September|October,"the second half of May into June (hay meadows in flower), and late September",€,615,1020,280,480,110,190,180,260,45,90,1,Easy,Sighișoara|Viscri|Richiș|Sibiu,"Fly to Sibiu (SBZ) or Târgu Mureș (TGM); Cluj (CLJ) is the bigger hub, 2h30 by car. Rail: Bucharest–Sighișoara ~5h on the CFR IR line, Brașov–Sighișoara ~2h30. Hire the car in Sibiu and drop it there on Day 7.",SBZ,Romanian leu (RON),Romanian|Hungarian|German (Transylvanian Saxon),cozy-towns|unesco|fortified-churches|crafts|rural|slow-travel|saxon,46.2214,24.7928,city,8,2194,eastern-southeastern,cartaeasterneuropetrips/trips/romania-saxon-transylvania-cozy-towns.md
sk-cozy-towns-spis-stiavnica,"Silver, Wood and Limewood: A Slow Week in Banská Štiavnica and the Spiš Towns",Slovakia,SK,Eastern & Southeastern Europe,"Štiavnické vrchy, Spiš and Šariš",Cozy Towns Trips,4,7,May|June|September,"the second half of September — warm days, tajchy still swimmable in the first week, no coach parties in Levoča",€,530,880,245,420,140,210,90,160,55,90,1,Easy,Banská Štiavnica|Levoča|Bardejov,"Fly Bratislava (BTS) or Vienna (VIE, 70 km); return from Košice (KSC). Rail alternative: Bratislava–Hronská Dúbrava–Banská Štiavnica, then IC to Poprad and Spišská Nová Ves.",BTS,Euro (EUR),Slovak,unesco|medieval-towns|mining|folk-architecture|crafts|slow-travel|spis,49.2918,21.2727,city,10,2126,eastern-southeastern,cartaeasterneuropetrips/trips/slovakia-spis-stiavnica-cozy-towns.md
sm-cozy-towns-montefeltro,"San Marino & the Montefeltro: Towers, Truffles and Block-Printed Linen",San Marino,SM,Southern & Mediterranean Europe,San Marino & the Emilia-Romagna / Marche border,Cozy Towns Trips,4,7,April|May|June|September|October|November,Late April–June & September–early November (October for the truffle fair),€€,1090,1780,520,880,270,400,160,260,140,240,2,Moderate,,"RMI — Rimini Federico Fellini, 30 min to San Marino; BLQ Bologna is the bigger hub, 1 h 40 by car or 1 h by train to Rimini plus a 50 min bus",RMI,,,san-marino|montefeltro|truffle|block-printing|hill-towns|slow-travel|malatesta|romagna,43.9367,12.4464,city,0,2804,southern-mediterranean,carta-dataset/trips/cozy-towns-san-marino-montefeltro.md
al-road-trip-alps-to-riviera,Albanian Alps to the Riviera,Albania,AL,Southern & Mediterranean Europe,"Shkodër, Theth, Vlorë & the Albanian Riviera",Road Trips & Scenic Drives,5,7,May|June|September|October,Late May–late June & mid-September–early October,€€,780,1250,280,460,130,210,290,440,80,140,2,Moderate,,"TIA — Tirana International ""Nënë Tereza""; 95 km / 1 h 40 to Shkodër on SH1",TIA,,,road-trip|albanian-alps|llogara-pass|lake-koman|riviera|mountain-driving|balkans|ferry|non-eu|butrint,42.0683,19.5126,city,0,3028,southern-mediterranean,carta-dataset/trips/road-trip-albania-alps-to-riviera.md
at-road-trip-grossglockner-tyrol,"Grossglockner, Timmelsjoch and the Tyrolean Toll Roads",Austria,AT,Western & Central Europe,"Hohe Tauern, Zillertal, Ötztal and the Silvretta",Road Trips & Scenic Drives,5,7,July|August|September,"The high toll roads open between late May and mid-June and shut with the first serious snowfall, usually late October.",€€€,1180,1720,560,800,240,340,280,400,100,180,2,Easy,"Mayrhofen, Heiligenblut and Sölden",Innsbruck (INN),INN,EUR,German,alpine-passes|toll-roads|hairpins|glacier-views|mountain-driving,47.2627,11.3945,gateway,0,2064,western-central,cartatripsv1/trips/at-road-trip-grossglockner-tyrol.md
bg-road-trip-rhodope-rila,Orpheus Country: A Rhodope and Rila Driving Loop from Plovdiv to Sofia,Bulgaria,BG,Eastern & Southeastern Europe,Western Rhodopes & the Rila Massif,Road Trips & Scenic Drives,5,7,May|June|September|October,"late May to late June for green meadows and full waterfalls, then mid-September to mid-October for colour and empty roads",€,650,1080,230,420,110,180,250,370,60,110,3,Moderate,Plovdiv|Devin|Shiroka Laka|Smolyan|Velingrad|Rila Monastery,"Fly into Sofia (SOF), 1 h 45 by A1 to Plovdiv, or Plovdiv (PDV) direct. Rail Sofia–Plovdiv 2 h. Drop the car in Sofia.",SOF,Euro (EUR) — sole legal tender since 1 February 2026; mandatory dual BGN display ended 8 August 2026,Bulgarian,road-trip|mountain-passes|caves|monasteries|unesco|folk-music|rhodopes|rila,42.1539,24.75,city,6,2181,eastern-southeastern,cartaeasterneuropetrips/trips/bulgaria-rhodope-rila-road-trip.md
ch-road-trip-bernina-gotthard-ticino,Passes and Valleys — Bernina to the Gotthard,Switzerland,CH,Western & Central Europe,Graubünden & Ticino,Road Trips & Scenic Drives,5,7,June|July|August|September,The San Bernardino and Gotthard Tremola pass roads are normally open only from late May or June to October; confirm current status before booking.,€€€,1600,2200,750,1000,350,480,300,420,200,300,2,Moderate,"St. Moritz/Pontresina, then Locarno/Ascona",Zürich (ZRH),ZRH,CHF,German|Italian|Romansh,alpine-passes|gotthard-tremola|ticino-valleys|motorway-vignette|scenic-drive,46.1709,8.7995,city,0,1856,western-central,cartatripsv1/trips/ch-road-trip-bernina-gotthard-ticino.md
ch-road-trip-passes-furka,"The Pass Quadrilateral — Furka, Grimsel, Susten, Nufenen",Switzerland,CH,Western & Central Europe,"Bernese Oberland, Uri and Goms (Upper Valais)",Road Trips & Scenic Drives,5,7,July|August|September,"The Nufenen is usually the last of the four to open, often not until mid-June.",€€€,1480,2340,700,1150,330,480,340,520,110,190,3,Moderate,"Meiringen, Andermatt and Oberwald",Zürich (ZRH),ZRH,CHF,German|Swiss German,alpine-passes|hairpins|glaciers|hydro-engineering|high-altitude,47.3667,8.55,gateway,0,2105,western-central,cartatripsv1/trips/ch-road-trip-alpine-passes-furka.md
cz-road-trip-bohemia-castles-spas,"Bohemia by Car — Spa Colonnades, Ore Mountains and Sandstone",Czechia,CZ,Western & Central Europe,"West Bohemia, Krušné hory and the Elbe sandstone",Road Trips & Scenic Drives,5,7,May|June|September|October,The Krušné hory ridge road is snow-cleared but slow from November to March; the sandstone gorge boats run April to October only.,€€,780,1180,380,560,180,280,150,230,70,110,2,Easy,"Karlovy Vary, Mezní Louka and Kutná Hora",Prague (PRG),PRG,CZK,Czech|German,spa-towns|castles|sandstone|e-vignette|ore-mountains,50.2327,12.8712,city,0,2077,western-central,cartatripsv1/trips/cz-road-trip-bohemia-castles-spas.md
de-road-trip-black-forest-b500,"The B500 — Schwarzwaldhochstrasse, Panoramastrasse and Baden Wine",Germany,DE,Western & Central Europe,"Schwarzwald and the Baden wine terraces, Baden-Württemberg",Road Trips & Scenic Drives,5,7,May|June|September|October,The B500 ridge is open all year but drifts and freezing fog close sections in midwinter; late September brings the wine harvest and the clearest air.,€€,980,1450,480,700,230,340,190,280,80,130,1,Easy,"Baden-Baden, Triberg and Freiburg im Breisgau",Karlsruhe/Baden-Baden (FKB) or Basel–Mulhouse–Freiburg (BSL/MLH/EAP),FKB,EUR,German,ridge-road|panorama-route|baden-wine|low-emission-zone|hairpins,48.7606,8.2398,city,0,2104,western-central,cartatripsv1/trips/de-road-trip-black-forest-b500.md
es-road-trip-andalucia-ronda-alpujarras,"Andalucía: Ronda, the Alpujarras & Cabo de Gata",Spain,ES,Southern & Mediterranean Europe,"Andalucía — Serranía de Ronda, Sierra Nevada's southern slope and Almería",Road Trips & Scenic Drives,5,7,April|May|June|September|October|November,April–early June & mid-September–early November,€€,1050,1600,440,700,240,380,280,420,90,150,2,Moderate,,"AGP — Málaga Costa del Sol; 100 km / 1 h 40 to Ronda via the A-357 and A-367, or 1 h 25 on the A-397",AGP,,,road-trip|andalucia|ronda|alpujarras|cabo-de-gata|mountain-pass|low-emission-zone|white-villages|tabernas-desert|spain,36.8381,-2.4597,city,0,3300,southern-mediterranean,carta-dataset/trips/road-trip-spain-andalucia-ronda-alpujarras.md
fo-road-trip-subsea-loop,"Faroe Islands Subsea Loop: Eighteen Islands, Six Tunnels",Faroe Islands,FO,Northern Europe & Baltics,"Streymoy, Eysturoy, Norðoyar, Sandoy, Vágar",Road Trips & Scenic Drives,5,7,May|June|July|August|September,"May to September for open roads, ferries and puffins; late September for autumn light; winter driving is feasible but daylight is short and mountain roads close in gales",€€€,1800,2600,120,200,55,90,400,600,100,200,,,Tórshavn|Klaksvík|Gjógv|Sørvágur,,,DKK / Faroese króna,Faroese|Danish|English,,62.0,-6.79,source,0,1470,northern-baltics,carta_northern_europe_baltics_trips.md#trip-14
fr-road-trip-route-des-grandes-alpes,Route des Grandes Alpes — Lake Geneva to the Mediterranean,France,FR,Western & Central Europe,"Haute-Savoie, Savoie, Hautes-Alpes, Alpes-Maritimes",Road Trips & Scenic Drives,5,7,June|July|August|September,Iseran and Galibier normally open between late May and mid-June and close with the first heavy snow in late October; the full route is only continuous in that window.,€€€,1250,1850,600,880,280,400,280,420,90,150,3,Easy,"Thonon-les-Bains to Menton, one night per stage","Genève (GVA), out from Nice (NCE)",GVA,EUR,French,alpine-passes|one-way-route|hairpins|col-de-liseran|mediterranean-finish,46.3705,6.4798,city,0,2105,western-central,cartatripsv1/trips/fr-road-trip-route-des-grandes-alpes.md
gr-road-trip-peloponnese-loop,"Peloponnese Loop: Nafplio, the Mani & Olympia",Greece,GR,Southern & Mediterranean Europe,"Peloponnese — Argolid, Arcadia, Laconia, Messenia and Elis",Road Trips & Scenic Drives,5,7,April|May|June|September|October,Late April–early June & mid-September–late October,€€,980,1500,400,640,210,340,260,400,110,160,2,Moderate,,"ATH — Athens Eleftherios Venizelos; 120 km / 1 h 30 to Nafplio via the A6, A8 and A7",ATH,,,road-trip|peloponnese|mani-peninsula|monemvasia|mountain-road|tolls|greece|ancient-sites|coastal-drive|kosmas,37.9838,23.7278,country,0,3024,southern-mediterranean,carta-dataset/trips/road-trip-greece-peloponnese-loop.md
hu-road-trip-western-arc,The Western Arc: Seven Days from the Danube Bend to the Őrség,Hungary,HU,Eastern & Southeastern Europe,"Transdanubia — Danube Bend, Bakony, Balaton Uplands, Őrség, Fertő",Road Trips & Scenic Drives,5,7,May|June|September,"the second half of May and the first three weeks of September — Balaton traffic gone, Őrség green, Badacsony cellars open",€€,880,1430,350,600,190,300,250,380,90,150,1,Easy,Esztergom|Bakonybél|Badacsonytomaj|Szalafő|Sopron,"Budapest Ferenc Liszt (BUD). Collect the car at the airport, not downtown — you avoid the city entirely on day 1 via the M0 and M2.",BUD,Hungarian forint (HUF),Hungarian,road-trip|danube-bend|balaton-uplands|volcanic-hills|unesco|thermal-baths|wine,47.7928,18.7415,city,6,2367,eastern-southeastern,cartaeasterneuropetrips/trips/hungary-western-arc-road-trip.md
ie-road-trip-wild-atlantic-way-dingle-iveragh-burren,"Wild Atlantic Way: Dingle, Iveragh & the Burren",Ireland,IE,Northern Europe & Baltics,"County Kerry & County Clare, Wild Atlantic Way",Road Trips & Scenic Drives,5,7,May|June|September,"May–June and September for long light, open attractions and manageable traffic; July–August is peak and the coach volume on Slea Head and the Ring of Kerry is significant",€€,1600,2400,120,220,55,90,350,500,90,200,,,Dingle|Portmagee|Killarney|Doolin|Ballyvaughan,,,EUR,English|Irish — the Dingle peninsula west of Dingle town is a Gaeltacht where Irish is the daily language,,52.14,-10.27,source,0,1575,northern-baltics,carta_northern_europe_baltics_trips.md#trip-15
it-road-trip-sicily-circuit,"Sicily Grand Circuit: Palermo, Etna & the Val di Noto",Italy,IT,Southern & Mediterranean Europe,"Sicily — Palermo, Etna, the Ionian coast and the Val di Noto",Road Trips & Scenic Drives,5,7,April|May|June|September|October,Late April–early June & mid-September–October,€€,1050,1650,420,700,260,400,260,400,110,190,2,Moderate,,PMO — Palermo Falcone Borsellino; 35 km / 40 min to central Palermo on the A29. Return from CTA Catania is 30 min from Taormina,PMO,,,road-trip|sicily|mount-etna|ztl|val-di-noto|baroque|coastal-drive|autostrada|italy|volcano,38.1166,13.3636,city,0,3100,southern-mediterranean,carta-dataset/trips/road-trip-italy-sicily-circuit.md
li-road-trip-rhine-triangle,"The Rhine Alpine Triangle — Vaduz, the Silvretta and Graubünden",Liechtenstein,LI,Western & Central Europe,"Alpine Rhine valley, Vorarlberg and Graubünden",Road Trips & Scenic Drives,5,7,June|July|August|September,"The Silvretta Hochalpenstrasse and Furkajoch open in June and close in late October; everything below 1,700 m works from May.",€€€,1450,2100,700,1000,330,480,320,460,100,160,2,Easy,Vaduz,Zürich (ZRH),ZRH,CHF,German,three-country-loops|alpine-passes|rhine-gorge|vignette-rules|small-country-base,47.1415,9.5215,city,0,2250,western-central,cartatripsv1/trips/li-road-trip-rhine-alpine-triangle.md
lu-road-trip-ardennes-moselle-loop,The Grand Duchy Loop — Éislek Ridges to Moselle Terraces,Luxembourg,LU,Western & Central Europe,"Éislek (Oesling), Sûre Valley, Moselle & Minett",Road Trips & Scenic Drives,5,7,May|June|September|October,Late September puts the Moselle harvest and the Éislek beech colour in the same week.,€€,1060,1640,480,760,230,330,260,400,90,150,2,Easy,"Vianden, Echternach and Luxembourg City",Luxembourg (LUX),LUX,EUR,Luxembourgish|French|German,ardennes|moselle-wine|industrial-heritage|castle-roads|toll-free,49.6098,6.1327,city,0,2015,western-central,cartatripsv1/trips/lu-road-trip-ardennes-moselle-loop.md
mc-road-trip-three-corniches-turini,Three Corniches and the Road to Turini,Monaco,MC,Western & Central Europe,"Monaco, Alpes-Maritimes, Roya & Mercantour",Road Trips & Scenic Drives,5,7,May|June|September|October,"Avoid the Grand Prix build, which closes central Monaco streets from early April to late June.",€€€,1550,2660,780,1400,320,520,330,520,120,220,3,Moderate,Monaco,Nice Côte d'Azur (NCE),NCE,EUR,French|Italian|Monégasque,corniches|hairpins|rally-roads|mercantour|coastal-drive,43.7372,7.4215,city,0,2037,western-central,cartatripsv1/trips/mc-road-trip-three-corniches-turini.md
md-road-trip-grand-loop,"The Grand Loop: Cliff Monasteries, the Prut and the Deep South by Car",Moldova,MD,Eastern & Southeastern Europe,"Dniester cliffs, the northern Prut, Ștefan Vodă and Gagauzia",Road Trips & Scenic Drives,5,7,May|June|September,"the second half of September — harvest in the vineyards, dry clay tracks, and the Prut floodplain still green",€,700,1130,200,360,120,190,290,420,90,160,2,Moderate,Butuceni|Saharna|Soroca|Purcari|Slobozia Mare,"Chișinău International (KIV). Collect the car at the airport; Moldovan-plated rentals need no road vignette. Iași (IAS) in Romania is a viable alternative entry, 2 h 30 from Chișinău, but a cross-border hire costs more.",KIV,Moldovan leu (MDL),Romanian|Russian|Gagauz,road-trip|monasteries|dniester|wine|birding|rural|unpaved-roads,48.1566,28.2849,city,6,2738,eastern-southeastern,cartaeasterneuropetrips/trips/moldova-grand-loop-road-trip.md
me-road-trip-tara,Kotor to Sarajevo via the Tara Canyon,Montenegro,ME,Southern & Mediterranean Europe,"Boka Kotorska, Durmitor, the Piva canyon and Sutjeska",Road Trips & Scenic Drives,5,7,June|July|September,"Mid-June–early July & September (Sedlo Pass open, Durmitor snow-free)",€€,880,1350,320,520,170,280,300,440,90,140,2,Moderate,,"TIV — Tivat; 22 km / 35 min to Kotor. Return from SJJ Sarajevo, 12 km from the centre",TIV,,,road-trip|montenegro|bosnia|durmitor|tara-canyon|serpentine|cross-border|sedlo-pass|piva|balkans,42.4412,19.2631,country,0,3318,southern-mediterranean,carta-dataset/trips/road-trip-montenegro-bosnia-tara.md
nl-road-trip-delta-afsluitdijk,Driving the Defences — Delta Works to the Afsluitdijk,Netherlands,NL,Western & Central Europe,"Zeeland Delta, IJsselmeer, Frisian & Groningen Wadden coast",Road Trips & Scenic Drives,5,7,April|May|June|September|October,Late September brings the annual closing test of the Maeslantkering and the first proper Wadden light.,€€,1200,1870,560,880,250,360,300,470,90,160,1,Easy,"Zierikzee, Enkhuizen and Harlingen",Amsterdam Schiphol (AMS),AMS,EUR,Dutch|Frisian|English,delta-works|storm-surge-barriers|afsluitdijk|wadden-coast|engineering,52.7033,5.2917,city,0,2070,western-central,cartatripsv1/trips/nl-road-trip-delta-afsluitdijk.md
no-road-trip-lofoten-e10-fishing-villages-arctic-light,Lofoten E10: Fishing Villages & Arctic Light,Norway,NO,Northern Europe & Baltics,"Lofoten & Vesterålen, Nordland",Road Trips & Scenic Drives,5,7,February|March|June|July|August|September,"Midnight sun roughly 26 May–17 July; late August–September for autumn colour, aurora and half the traffic; February–March for aurora with drivable roads",€€€,2000,3000,140,260,65,100,450,700,120,250,,,Reine|Ballstad|Henningsvær|Svolvær,,,NOK (Norwegian krone),Norwegian|English,,68.15,13.6,source,0,1551,northern-baltics,carta_northern_europe_baltics_trips.md#trip-13
pl-road-trip-eagles-nests,The Eagles' Nests: Limestone Castles from Kraków to the Silesian Coalfield,Poland,PL,Eastern & Southeastern Europe,Kraków–Częstochowa Upland (Jura Krakowsko-Częstochowska) and Upper Silesia,Road Trips & Scenic Drives,5,7,May|June|September,"mid-May to mid-June — long light on white limestone, castles open, Jasna Góra between the big pilgrimages",€€,815,1260,350,560,160,250,230,330,75,120,1,Easy,Kraków|Ojców|Podzamcze|Częstochowa|Katowice,"Kraków–Balice (KRK); SKA1 train to Kraków Główny, 20 PLN, ~20 min. Katowice (KTW) is the alternative, 1 h 20 from Kraków. Rental desks at both airports.",KRK,Polish złoty (PLN),Polish,road-trip|castles|jura|unesco|silesia|limestone|pilgrimage,50.0614,19.9366,city,11,2521,eastern-southeastern,cartaeasterneuropetrips/trips/poland-eagles-nests-road-trip.md
pt-road-trip-n2-serra-estrela,"The N2 Middle: Torre, Schist Villages and the Road South",Portugal,PT,Southern & Mediterranean Europe,"Beira Interior, Serra da Estrela & the Alentejo Guadiana",Road Trips & Scenic Drives,5,7,May|June|September|October,Mid-May–late June & mid-September–late October,€€,950,1500,380,620,200,330,260,420,80,140,2,Moderate,,"OPO Porto — 1 h 30 min to Viseu; LIS Lisbon 2 h 20 min to Viseu; exit from FAO Faro, 1 h 30 min from Mértola",OPO,,,estrada-nacional-2|serra-da-estrela|schist-villages|granite-villages|mountain-pass|electronic-tolls|alentejo|n2-passport,41.1485,-8.611,gateway,0,4220,southern-mediterranean,carta-dataset/trips/road-trip-portugal-n2-serra-estrela.md
ro-road-trip-transfagarasan-transalpina,Two Roads Over the Carpathians: The Transfăgărășan and Transalpina Loop from Sibiu,Romania,RO,Eastern & Southeastern Europe,"Făgăraș & Parâng Mountains, Southern Carpathians",Road Trips & Scenic Drives,5,7,June|July|August|September,"late June to mid-September, when both DN7C and DN67C are certain to be open end to end",€€,755,1230,300,520,140,220,270,400,45,90,3,Moderate,Sibiu|Cârțișoara|Curtea de Argeș|Novaci|Alba Iulia,"Sibiu International (SBZ), 5 km out; Cluj (CLJ) 3 h; Bucharest Otopeni (OTP) 4 h. CFR rail from Brașov 2 h 40.",SBZ,Romanian leu (RON),Romanian|Hungarian|German,road-trip|mountain-passes|transfagarasan|transalpina|castles|carpathians|driving,45.8,24.15,city,6,2209,eastern-southeastern,cartaeasterneuropetrips/trips/romania-transfagarasan-transalpina-road-trip.md
si-road-trip-julian-alps-passes,"Julian Alps Passes: Vršič, Predel & Mangart",Slovenia,SI,Southern & Mediterranean Europe,"Gorenjska & Primorska — Upper Sava, Trenta and the Soča Valley",Road Trips & Scenic Drives,5,7,June|July|September|October,Mid-June–early July & September–early October (all three passes reliably open),€€€,1150,1750,480,760,230,350,330,480,110,180,2,Moderate,,LJU — Ljubljana Jože Pučnik; 62 km / 50 min to Kranjska Gora via A2 and Route 201,LJU,,,road-trip|julian-alps|vrsic-pass|mangart|soca-valley|mountain-passes|triglav-national-park|hairpins|vignette|alpine-driving,46.0511,14.5051,country,0,3106,southern-mediterranean,carta-dataset/trips/road-trip-slovenia-julian-alps-passes.md
sk-road-trip-orava-spis,"Nosferatu to the Silver Town: An Orava, Tatra and Spiš Castle Loop",Slovakia,SK,Eastern & Southeastern Europe,"Orava, the Tatras, Spiš and the Slovak Karst",Road Trips & Scenic Drives,5,7,June|September|October,"the second half of September — clear air over the Orava, castles still open, no Tatra traffic",€€,810,1300,280,490,160,240,290,430,80,140,1,Easy,Oravský Podzámok|Ždiar|Levoča|Banská Štiavnica,Fly Poprad-Tatry (TAT) or Košice (KSC) and rent there; return the car in Bratislava (one-way fee applies). Alternatively start and end in Bratislava and add 340 km to reach Orava.,TAT,Euro (EUR),Slovak,road-trip|castles|unesco|orava|tatras|caves|mountain-passes,48.1482,17.1067,country,11,2323,eastern-southeastern,cartaeasterneuropetrips/trips/slovakia-orava-spis-road-trip.md
ad-hiking-coma-pedrosa-madriu,"Andorra High Route: Comapedrosa, Juclà and the Madriu Valley",Andorra,AD,Southern & Mediterranean Europe,Vall del Madriu-Perafita-Claror & Parc Natural Comunal de les Valls del Comapedrosa,Hiking & Alpine Trekking,6,7,June|July|August|September|October,"Late June–early October, with the staffed refuge window roughly 1 June–12 October",€€,780,1250,300,470,190,300,160,280,130,200,4,Demanding,,"TLS Toulouse-Blagnac, 3 h to La Massana by bus or car; BCN Barcelona 3 h 15 min; LEU Andorra-La Seu d'Urgell 40 min",TLS,,,comapedrosa|madriu-perafita-claror|coronallacs|grp|unesco|refugi|andorra|pyrenees,42.5078,1.5211,country,0,3465,southern-mediterranean,carta-dataset/trips/hiking-andorra-coma-pedrosa-madriu.md
at-hiking-berliner-hoehenweg,The Berliner Höhenweg — Zillertal Alps Hut Chain,Austria,AT,Western & Central Europe,"Zillertal Alps, Tyrol",Hiking & Alpine Trekking,6,7,July|August|September,The Mörchenscharte and Lapenscharte hold old snow into early July; go after mid-July for the cleanest rock on the cabled sections.,€€,800,1150,420,570,180,250,110,170,90,160,4,Demanding,Mayrhofen,Innsbruck (INN),INN,EUR,German,hut-to-hut|alpine|via-ferrata-cable|zillertal|glacier-views,47.2627,11.3945,gateway,0,1911,western-central,cartatripsv1/trips/at-hiking-berliner-hoehenweg.md
at-hiking-stubai-hoehenweg,The Stubai Höhenweg Hut Circuit,Austria,AT,Western & Central Europe,"Stubai Alps, Tyrol",Hiking & Alpine Trekking,6,7,July|August|September,The Peiljoch and Niederl saddles hold hard snow into early July; late September brings the first hut closures.,€€,850,1200,450,600,190,260,100,150,90,130,4,Demanding,Neustift im Stubaital,Innsbruck (INN),INN,EUR,German,hut-to-hut|alpine|glacier-views|alpenverein|fixed-ropes,47.2627,11.3945,gateway,0,2104,western-central,cartatripsv1/trips/at-hiking-stubai-hoehenweg.md
ba-hiking-sutjeska-via-dinarica,"Sutjeska and Zelengora: Maglić, Perućica and the Via Dinarica White Trail",Bosnia and Herzegovina,BA,Southern & Mediterranean Europe,"Sutjeska National Park, Zelengora & the upper Drina — Republika Srpska",Hiking & Alpine Trekking,6,7,June|September|October,"Mid-June–early October, with late June for the Zelengora wildflowers and September for stable rock on Maglić",€,550,900,180,320,120,220,180,290,70,120,4,Demanding,,"SJJ Sarajevo, 2 h 45 min to Tjentište via Foča; TGD Podgorica 2 h 30 min; TIV Tivat 3 h",SJJ,,,sutjeska|maglic|perucica|zelengora|via-dinarica|trnovacko-jezero|katun|bosnia,43.8486,18.3564,gateway,0,3644,southern-mediterranean,carta-dataset/trips/hiking-bosnia-sutjeska-via-dinarica.md
be-hiking-ardennes-gr57-ourthe,The GR57 Ourthe Valley Walking Week,Belgium,BE,Western & Central Europe,"Ardennes, Province of Luxembourg",Hiking & Alpine Trekking,6,7,May|June|September,Summer school holidays (July–August) bring the kayak and campsite crowds to the river villages; late spring and September keep the valley quiet.,€,620,880,300,420,170,240,70,100,80,120,2,Moderate,La Roche-en-Ardenne,Brussels (BRU),BRU,EUR,French,gr-trail|river-valley|ardennes|waymarked|forest,50.8505,4.3488,gateway,0,1939,western-central,cartatripsv1/trips/be-hiking-ardennes-gr57-ourthe.md
bg-hiking-pirin-hut-to-hut,Marble and Granite: A Pirin Hut-to-Hut Week from Bansko,Bulgaria,BG,Eastern & Southeastern Europe,Pirin National Park (Северен и Централен Пирин),Hiking & Alpine Trekking,6,7,July|August|September,"the second half of September — snow gone from Koncheto, huts half-empty, storm frequency dropping",€,255,600,70,120,140,210,45,90,0,180,4,Demanding,Bansko|Dobrinishte|Razlog,"Sofia (SOF) airport, then a direct bus to Bansko from Sofia Central Bus Station (2 h 45–3 h 15) or the narrow-gauge Septemvri–Dobrinishte railway, the slowest and best-looking train in the Balkans. Plovdiv (PDV) is a 3 h 30 alternative.",SOF,Euro (EUR) — sole legal tender since 1 February 2026; mandatory dual BGN display ended 8 August 2026,Bulgarian,hut-to-hut|alpine-trekking|pirin|vihren|koncheto|unesco|bts-huts|high-altitude,42.6975,23.3241,gateway,8,2400,eastern-southeastern,cartaeasterneuropetrips/trips/bulgaria-pirin-hut-to-hut-hiking.md
ch-hiking-berner-oberland-huts,Berner Oberland Hut Chain — Kandersteg to Grindelwald,Switzerland,CH,Western & Central Europe,"Bernese Alps, Berner Oberland",Hiking & Alpine Trekking,6,7,July|August|September,The Hohtürli approach and Sefinenfurgge can hold hard snow into July; the cable-secured Chindbetti step near Hohtürli is safest dry.,€€€,900,1240,500,680,180,230,130,190,90,140,4,Demanding,Kandersteg,Zürich (ZRH),ZRH,CHF,German,via-alpina|hut-to-hut|sac-hut|glacier-views|hohtuerli,47.3667,8.55,gateway,0,1610,western-central,cartatripsv1/trips/ch-hiking-berner-oberland-huts.md
ch-hiking-walkers-haute-route-valais,Walker's Haute Route Finale — Val d'Hérens to Zermatt,Switzerland,CH,Western & Central Europe,"Valais Alps, Val d'Hérens to Mattertal",Hiking & Alpine Trekking,6,7,July|August|September,"The Forcletta and Augstbordpass cols hold snow into early July in a heavy winter; the Europaweg's suspension bridge is closed in high wind, so build a spare day near the end.",€€€,930,1290,520,700,180,240,140,210,90,140,5,Expert,Arolla,Geneva (GVA),GVA,CHF,French|German,hut-to-hut|haute-route|sac-huts|high-pass|europaweg,46.2022,6.1457,gateway,0,1708,western-central,cartatripsv1/trips/ch-hiking-walkers-haute-route-valais.md
cz-hiking-bohemian-switzerland,Bohemian Switzerland — A Sandstone Walking Week,Czechia,CZ,Western & Central Europe,"České Švýcarsko, Ústí nad Labem Region",Hiking & Alpine Trekking,6,7,May|June|September,"July–August bring crowds and timed-entry queues at Pravčická brána; the gorge boats stop running in poor water levels, usually checked daily in high summer.",€,600,850,280,400,160,220,70,100,90,130,2,Moderate,Hřensko,Prague (PRG),PRG,EUR,Czech,sandstone|national-park|ket-marking|gorges|cross-border,50.088,14.4208,gateway,0,1983,western-central,cartatripsv1/trips/cz-hiking-bohemian-switzerland.md
de-hiking-allgaeu-heilbronner-weg,The Heilbronner Weg Hut Chain — Allgäu High Route,Germany,DE,Western & Central Europe,"Allgäu Alps, Bavaria",Hiking & Alpine Trekking,6,7,July|August|September,Snow can sit in the Bockkarscharte and on the shaded ledges of the Heilbronner Weg into early July; the traverse is safest from mid-July.,€€,770,1110,440,620,150,210,110,170,70,110,4,Demanding,Oberstdorf,Memmingen (FMM),FMM,EUR,German,hut-to-hut|via-ferrata|dav-huts|allgaeu|exposed-ridge,47.9837,10.1853,gateway,0,1723,western-central,cartatripsv1/trips/de-hiking-allgaeu-heilbronner-weg.md
es-hiking-ordesa-pyrenees-gr11,"Ordesa y Monte Perdido: Góriz, the Fajas and the GR-11",Spain,ES,Southern & Mediterranean Europe,"Aragonese Pyrenees — Ordesa y Monte Perdido National Park, Sobrarbe",Hiking & Alpine Trekking,6,7,July|September,"Mid-July–late September, with early September the best combination of clear rock and thin crowds",€€,900,1400,330,520,200,320,220,380,150,180,4,Demanding,,"ZAZ Zaragoza, 3 h 15 min to Torla; TLS Toulouse 3 h 30 min via the Bielsa tunnel; BCN Barcelona 4 h 15 min",ZAZ,,,ordesa|monte-perdido|goriz|gr11|anisclo|pineta|faja-de-las-flores|pyrenees,41.6561,-0.8773,gateway,0,3483,southern-mediterranean,carta-dataset/trips/hiking-spain-ordesa-pyrenees-gr11.md
fi-hiking-hetta-pallas-wilderness-traverse,Hetta–Pallas Wilderness Traverse,Finland,FI,Northern Europe & Baltics,"Pallas–Yllästunturi National Park, Finnish Lapland",Hiking & Alpine Trekking,6,7,June|July|August|September,"Mid-June to early October. Late June–July for midnight sun and mosquitoes; **early to mid-September for ruska**, the Lapland autumn colour, which is the single best week of the year here",€,600,950,12,20,20,35,150,250,20,60,3,Active,Hetta (Enontekiö)|Pallastunturi|Muonio,,,EUR,Finnish|Northern Sámi|English,,68.386,23.63,source,0,1545,northern-baltics,carta_northern_europe_baltics_trips.md#trip-18
fr-hiking-gr54-ecrins,The GR54 — Refuges of the Écrins Amphitheatre,France,FR,Western & Central Europe,"Massif des Écrins, Oisans, Hautes-Alpes / Isère",Hiking & Alpine Trekking,6,7,July|August|September,"The Col d'Arsine holds snow into early July; this itinerary covers the Vénéon and Villar-d'Arêne sections of the full GR54 Tour de l'Oisans, which takes 9–11 days end to end.",€€,780,1100,400,550,180,250,90,140,110,160,4,Demanding,Bourg-d'Oisans,Grenoble (GNB) or Lyon (LYS),GNB,EUR,French,gr-trail|refuges|ecrins|la-meije|high-cols,45.1787,5.7148,gateway,0,1990,western-central,cartatripsv1/trips/fr-hiking-gr54-ecrins.md
gr-hiking-mount-olympus-refuges,"Mount Olympus Refuges: Petrostrouga, the Muses Plateau and Mytikas",Greece,GR,Southern & Mediterranean Europe,"Central Macedonia & Thessaly — Olympus National Park, Pieria",Hiking & Alpine Trekking,6,7,June|September|October,"Mid-June–early October, with mid-September the best mix of stable rock and empty refuges",€,650,1050,220,380,190,300,140,250,100,120,4,Demanding,,"SKG Thessaloniki Makedonia, 1 h 10 min to Litochoro; ATH Athens 4 h 30 min by car or 4 h by train to Litochoro station",SKG,,,olympus|mytikas|kaki-skala|refuges|enipeas-gorge|muses-plateau|e4|greece,37.9838,23.7278,country,0,3448,southern-mediterranean,carta-dataset/trips/hiking-greece-mount-olympus-refuges.md
it-hiking-alta-via-1-dolomites,Alta Via 1 in Seven Days: Braies to the Civetta Wall,Italy,IT,Southern & Mediterranean Europe,"Dolomiti Bellunesi & Ampezzane — Fanes-Sennes-Braies, Lagazuoi, Civetta",Hiking & Alpine Trekking,6,7,June|July|August|September,"Late June–mid-September, with 10 July–10 September the fully staffed window",€€,1150,1700,520,720,150,260,200,360,280,360,4,Demanding,,"VCE Venice Marco Polo, 2 h 40 min to Lago di Braies via Dobbiaco; INN Innsbruck 2 h; TSF Treviso 2 h 45 min",VCE,,,alta-via-1|dolomites|rifugio|hut-to-hut|lagazuoi|civetta|via-ferrata|cai,41.8919,12.5113,country,0,3297,southern-mediterranean,carta-dataset/trips/hiking-italy-alta-via-1-dolomites.md
li-hiking-panorama,"Liechtenstein Panorama — Malbun, Fürstensteig and the Rätikon Rim",Liechtenstein,LI,Western & Central Europe,"Rätikon Alps, Liechtenstein and Vorarlberg",Hiking & Alpine Trekking,6,7,June|July|August|September,"The Naafkopf ridge and Pfälzerhütte approach can hold snow into June; the Fürstensteig is best walked dry, after a settled spell.",€€,770,1120,420,580,200,280,90,150,60,110,3,Active,Malbun,Zürich (ZRH),ZRH,CHF,German,via-ferrata|cross-border|small-country|ridge-walk|dav-hut,47.1415,9.5215,country,0,1681,western-central,cartatripsv1/trips/li-hiking-liechtenstein-panorama.md
lu-hiking-escapardenne-eislek,The Escapardenne Eisleck Trail — Kautenbach to La Roche,Luxembourg,LU,Western & Central Europe,"Éislek plateau, northern Luxembourg and Belgian Ardennes",Hiking & Alpine Trekking,6,7,May|June|September|October,The Éislek's schist plateau holds water after rain; late spring and early autumn give firmer paths and cooler walking than midsummer.,€€,650,930,380,520,180,240,40,80,50,90,2,Active,Kautenbach,Luxembourg (LUX),LUX,EUR,Luxembourgish|French|German,long-distance-trail|cross-border|free-transit|forest-plateau|gr-network,49.6098,6.1327,gateway,0,1690,western-central,cartatripsv1/trips/lu-hiking-escapardenne-eislek.md
no-hiking-jotunheimen-hut-to-hut-besseggen-fannaraken,Jotunheimen Hut-to-Hut: Besseggen to Fannaråken,Norway,NO,Northern Europe & Baltics,"Jotunheimen National Park, Innlandet & Vestland",Hiking & Alpine Trekking,6,7,July|August|September,"The staffed hut season runs roughly late June to mid-September, and that is the window. Early July still has snow on the high traverses; late August and the first week of September give the most stable conditions",€€€,1300,1900,45,80,55,85,180,280,120,180,4,Demanding,Gjendesheim|Spiterstulen|Turtagrø,,,NOK (Norwegian krone),Norwegian|English,,61.49,8.31,source,0,1628,northern-baltics,carta_northern_europe_baltics_trips.md#trip-16
pl-hiking-tatras-hut-to-hut,Orla Perć and the Five Lakes: A Polish Tatra Hut Week from Zakopane,Poland,PL,Eastern & Southeastern Europe,"Tatry Wysokie & Tatry Zachodnie, Tatrzański Park Narodowy",Hiking & Alpine Trekking,6,7,July|August|September,"the first three weeks of September — Orla Perć dry and empty, hut floors free, Morskie Oko without the queue",€,375,660,150,290,160,240,45,85,20,45,4,Demanding,Zakopane|Kuźnice|Palenica Białczańska|Siwa Polana,"Kraków Balice (KRK), then 2 h by FlixBus/Szwagropol to Zakopane, or the PKP IC ""Tatry"" train 3 h 30.",KRK,Polish złoty (PLN),Polish,hut-to-hut|alpine-trekking|orla-perc|via-ferrata|tatras|rysy|tpn,49.299,19.9489,city,2,2480,eastern-southeastern,cartaeasterneuropetrips/trips/poland-tatras-hut-to-hut-hiking.md
ro-hiking-fagaras-ridge,"The Red Stripe: Seven Days on the Făgăraș Ridge, Suru to Sâmbăta",Romania,RO,Eastern & Southeastern Europe,"Munții Făgăraș, Southern Carpathians (Sibiu, Argeș and Brașov counties)",Hiking & Alpine Trekking,6,7,July|August|September,"the last week of August and the first three weeks of September — snow gone from the couloirs, storms less frequent, springs still running",€,380,740,120,280,130,200,90,170,40,90,5,Expert,Sibiu|Turnu Roșu|Bâlea Lac|Sâmbăta de Sus|Victoria,"Sibiu (SBZ) or Bucharest (OTP, 4 h by train to Sibiu/Brașov). Local train or taxi Sibiu → Turnu Roșu, 30 km. Exit by taxi from Mănăstirea Brâncoveanu to Făgăraș or Victoria, then rail to Brașov.",SBZ,Romanian leu (RON),Romanian,alpine-trekking|carpathians|fagaras|moldoveanu|negoiu|bears|ridge-traverse,45.8,24.15,city,6,2684,eastern-southeastern,cartaeasterneuropetrips/trips/romania-fagaras-ridge-hiking.md
se-hiking-kungsleden-north-abisko-nikkaluokta,Kungsleden North: Abisko to Nikkaluokta,Sweden,SE,Northern Europe & Baltics,"Lapland, Norrbotten — Abisko and Kebnekaise massif",Hiking & Alpine Trekking,6,7,July|August|September,"Late June to mid-September, matching the STF staffed-hut season and the boat services. July has mosquitoes and midnight sun; the first half of September has autumn colour, no insects and the first frosts",€€,1100,1600,45,70,35,60,200,320,150,250,4,Demanding,Abisko|Nikkaluokta|Kiruna,,,SEK (Swedish krona),Swedish|English|Sámi languages,,68.35,18.78,source,0,1559,northern-baltics,carta_northern_europe_baltics_trips.md#trip-17
si-hiking-triglav-hut-to-hut,"Triglav Hut-to-Hut: Vrata, Kredarica and the Seven Lakes",Slovenia,SI,Southern & Mediterranean Europe,"Julian Alps & Triglav National Park — Vrata, Kredarica, Triglavska jezera, Bohinj",Hiking & Alpine Trekking,6,7,June|July|September,"Mid-July–mid-September, with the huts fully staffed roughly 20 June–30 September",€€,850,1300,330,520,220,330,130,250,170,200,5,Expert,,"LJU Ljubljana Jože Pučnik, 55 min to Mojstrana; KLU Klagenfurt 1 h 40 min; TRS Trieste 2 h",LJU,,,triglav|julian-alps|via-ferrata|pzs|kredarica|seven-lakes|hut-to-hut|bohinj,46.0511,14.5051,country,0,3382,southern-mediterranean,carta-dataset/trips/hiking-slovenia-triglav-hut-to-hut.md
sk-hiking-high-tatras-hut-to-hut,Chains and Chata Beds: A High Tatras Hut-to-Hut Week from Starý Smokovec,Slovakia,SK,Eastern & Southeastern Europe,"Vysoké Tatry (High Tatras), TANAP",Hiking & Alpine Trekking,6,7,July|August|September,"the first three weeks of September — high routes still open, huts quieter, stable anticyclonic weather",€€,500,1040,230,380,210,300,60,110,0,250,4,Demanding,Starý Smokovec|Tatranská Lomnica|Tatranská Polianka|Štrbské Pleso,"Poprad-Tatry (TAT) airport, 15 min to Poprad station; Košice (KSC) 1 h 40. Then the **TEŽ** electric railway to Starý Smokovec (35 min).",TAT,Euro (EUR),Slovak,hut-to-hut|alpine-trekking|chains|tatras|rysy|tanap|high-altitude,48.1482,17.1067,country,7,2094,eastern-southeastern,cartaeasterneuropetrips/trips/slovakia-high-tatras-hut-to-hut-hiking.md
xk-hiking-peaks-of-the-balkans,"Peaks of the Balkans: Rugova, Doberdol and the Three-Border Passes",Kosovo,XK,Southern & Mediterranean Europe,"Prokletije / Accursed Mountains — Rugova, Valbona, Theth & Plav",Hiking & Alpine Trekking,6,7,June|July|September,"Mid-June–late September, with the sweet spot 10 July–10 September",€€,900,1500,300,450,90,160,260,480,250,410,4,Demanding,,"PRN Pristina Adem Jashari, 1 h 40 min drive to Peja/Peć; TIA Tirana 3 h 30 min to Valbona via the Koman ferry or the Kukës motorway",PRN,,,peaks-of-the-balkans|prokletije|hut-to-hut|border-permits|rugova|theth-valbona|katun|kosovo,42.6727,21.1669,country,0,3320,southern-mediterranean,carta-dataset/trips/hiking-kosovo-peaks-of-the-balkans.md
at-culinary-wachau-gruner-veltliner,Grüner Veltliner and the Wachau Terraces,Austria,AT,Western & Central Europe,"Wachau, Lower Austria",Culinary & Wine Tours,7,7,May|June|September|October,September and early October bring the Marillenernte's tail end and the first Sturm; May is blossom season on the terraces.,€€,1250,1750,500,700,350,470,150,220,250,360,1,Easy,Krems an der Donau and Dürnstein,Vienna (VIE),VIE,EUR,German,wine|dac-appellation|heuriger|apricot|unesco-landscape,48.2085,16.3721,gateway,0,1994,western-central,cartatripsv1/trips/at-culinary-wachau-gruner-veltliner.md
be-culinary-lambic-trappist,"Lambic, Geuze and the Trappist Table",Belgium,BE,Western & Central Europe,"Pajottenland, Zenne Valley and Brussels",Culinary & Wine Tours,7,7,April|May|September|October,"Even-numbered years bring the biennial Toer de Geuze open-cellar weekend, usually the first weekend of May — build the trip around it if the calendar allows.",€€,1100,1550,480,660,300,410,130,190,190,290,1,Easy,Brussels and Beersel,Brussels (BRU),BRU,EUR,Dutch|French,beer|spontaneous-fermentation|trappist|geuze|brussels,50.8505,4.3488,city,0,1852,western-central,cartatripsv1/trips/be-culinary-lambic-trappist.md
bg-culinary-thracian-valley-melnik,Mavrud and the Broad-Leaved Vine: Thrace to Melnik in Harvest Week,Bulgaria,BG,Eastern & Southeastern Europe,Thracian Lowlands PGI and the Struma Valley PGI,Culinary & Wine Tours,7,7,September|October,"mid-September to mid-October — *grozdober*, the harvest, when the crush pads are running and the estates are at their most open",€,940,1580,315,560,175,280,330,520,120,220,1,Easy,Plovdiv|Melnik|Sandanski,"Plovdiv (PDV) has limited flights; Sofia (SOF) is the practical arrival, 145 km and 1 h 45 from Plovdiv on the Trakia motorway, or 2 h by fast train. Melnik is 180 km south of Sofia on the E79 Struma motorway, 2 h 15.",PDV,Euro (EUR) — sole legal tender since 1 February 2026; mandatory dual BGN display ended 8 August 2026,Bulgarian,wine|mavrud|melnik|thracian-lowlands|struma-valley|harvest|plovdiv|rakia,42.1539,24.75,city,8,2307,eastern-southeastern,cartaeasterneuropetrips/trips/bulgaria-thracian-valley-melnik-wine.md
ch-culinary-valais-fendant-raclette,"Fendant, Raclette and the Valais Vineyard Trail",Switzerland,CH,Western & Central Europe,"Valais, between Sion and Sierre",Culinary & Wine Tours,7,7,May|June|September|October,September and October bring the vendanges and full raclette season; May and June give clear bisses paths and the same growers pouring the previous vintage.,€€€,1500,2050,650,850,380,500,180,260,290,440,1,Easy,Sion and Sierre,Geneva (GVA),GVA,CHF,French|German,fendant|raclette-aop|viande-sechee|chemin-du-vignoble|bisses,46.2274,7.3556,city,0,1803,western-central,cartatripsv1/trips/ch-culinary-valais-fendant-raclette.md
cz-culinary-moravia-and-beer,Moravian Cellars and Bohemian Lager,Czechia,CZ,Western & Central Europe,"South Moravia, Plzeň Region and Prague",Culinary & Wine Tours,7,7,May|June|September|October,September through mid-October is harvest (vinobraní) season in Moravia; cellars are busiest and most alive but book further ahead.,€€,980,1400,380,540,280,380,150,230,170,250,1,Easy,Mikulov and Prague,Prague (PRG),PRG,CZK,Czech,wine|beer|sklepy|voc-appellation|pilsner,50.088,14.4208,city,0,1936,western-central,cartatripsv1/trips/cz-culinary-moravia-wine-and-beer.md
de-culinary-baden-black-forest,Baden Wine and the Black Forest Table,Germany,DE,Western & Central Europe,"Kaiserstuhl and Ortenau, Baden-Württemberg",Culinary & Wine Tours,7,7,April|May|September|October,Early April brings almond blossom to the Kaiserstuhl; late September and October bring harvest and the first Straußwirtschaften of the year.,€€,1100,1500,500,650,280,370,130,200,190,280,1,Easy,Freiburg im Breisgau,EuroAirport Basel-Mulhouse-Freiburg (EAP),EAP,EUR,German,spatburgunder|kaiserstuhl|winzergenossenschaft|black-forest-kitchen|freiburg-market,47.9959,7.8522,city,0,1655,western-central,cartatripsv1/trips/de-culinary-baden-black-forest.md
de-culinary-mosel-riesling,Riesling on the Mosel Slate,Germany,DE,Western & Central Europe,"Mittelmosel, Rhineland-Palatinate",Culinary & Wine Tours,7,7,May|June|September|October,Late September and October bring the Weinfeste and full cellars; May and June give quiet tasting rooms and the same growers pouring last year's vintage.,€€,1050,1450,480,620,270,360,140,220,160,250,1,Easy,Bernkastel-Kues and Traben-Trarbach,Frankfurt-Hahn (HHN),HHN,EUR,German,riesling|steep-slate|vdp-grosse-lage|pradikat|walk-in-and-email,52.5244,13.4105,country,0,1886,western-central,cartatripsv1/trips/de-culinary-mosel-riesling.md
es-culinary-jerez-sherry-cadiz,"The Sherry Triangle: Solera, Tabanco & the Bajo de Guía",Spain,ES,Southern & Mediterranean Europe,"Marco de Jerez — Jerez de la Frontera, El Puerto de Santa María, Sanlúcar de Barrameda & Cádiz",Culinary & Wine Tours,7,7,February|March|April|May|June|September|October|November,Late February–early June & late September–early November,€€,1450,2300,560,910,420,680,190,330,280,380,1,Easy,,"XRY Jerez, 15 min taxi to Jerez centre; SVQ Seville 1 h 15 min by car, 1 h 10 m by train",XRY,,,sherry|solera|manzanilla|tabanco|palo-cortado|cadiz|almacenista|venencia,36.6865,-6.1361,city,0,2574,southern-mediterranean,carta-dataset/trips/culinary-spain-jerez-sherry-cadiz.md
fr-culinary-burgundy-cote-dor,"The Côte d'Or, Climat by Climat",France,FR,Western & Central Europe,"Côte de Nuits and Côte de Beaune, Burgundy",Culinary & Wine Tours,7,7,May|June|September|October,Late September to mid-October overlaps harvest (vendange); domaines are busiest and some close tasting rooms for a week at a time.,€€€,1550,2150,650,880,400,540,150,220,350,510,1,Easy,Beaune,Lyon-Saint-Exupéry (LYS),LYS,EUR,French,wine|climats|grand-cru|unesco|market-day,47.0241,4.8389,city,0,1992,western-central,cartatripsv1/trips/fr-culinary-burgundy-cote-dor.md
fr-culinary-champagne-reims-epernay,"Champagne, Chalk to Cork",France,FR,Western & Central Europe,"Reims, Épernay, Côte des Blancs and Côte des Bar",Culinary & Wine Tours,7,7,May|June|September|October,"Late September into October is harvest (vendange) — the region is at its most alive, but book grande marque cellar tours further ahead.",€€€,1500,2100,620,850,380,520,160,230,340,500,1,Easy,Reims and Épernay,Paris Charles de Gaulle (CDG),CDG,EUR,French,champagne|crayeres|grower-champagne|unesco|market-day,49.2653,4.0285,city,0,1992,western-central,cartatripsv1/trips/fr-culinary-champagne-reims-epernay.md
gr-culinary-crete,"Crete End to End: Horta, Graviera & the Raki Fires",Greece,GR,Southern & Mediterranean Europe,"Chania, Rethymno, Heraklion & Lasithi",Culinary & Wine Tours,7,7,April|May|June|September|October|November,Late April–early June & late September–early November,€€,1250,2000,490,840,330,540,240,380,190,290,2,Moderate,,"CHQ Chania, 20 min to Chania old town; HER Heraklion, 25 min to Archanes; 2 h 30 min CHQ–HER by road",CHQ,,,cretan-diet|graviera|dakos|raki|tsikoudia|vidiano|liatiko|horta|sitia-olive-oil,35.5112,24.0292,city,0,2637,southern-mediterranean,carta-dataset/trips/culinary-greece-crete.md
hr-culinary-istria-truffles,"Istria in Truffle Season: Motovun Forest, Malvazija & the World's Best Oil",Croatia,HR,Southern & Mediterranean Europe,"Central Istria, the Mirna valley & the west coast",Culinary & Wine Tours,7,7,April|May|June|September|November,"Mid-September–late November for white truffle; late April–June for a quieter, cheaper version",€€,1400,2300,560,980,430,720,220,350,280,400,2,Moderate,,"PUY Pula, 50 min to Motovun; TRS Trieste 1 h 30 min; ZAG Zagreb 3 h; VCE Venice 2 h 45 min",PUY,,,truffles|motovun|malvazija-istarska|teran|olive-oil|flos-olei|boskarin|buzet,44.8683,13.8481,gateway,0,2676,southern-mediterranean,carta-dataset/trips/culinary-croatia-istria-truffles.md
hu-culinary-tokaj-eger,Bull's Blood and Noble Rot: Seven Days Between Eger and Tokaj,Hungary,HU,Eastern & Southeastern Europe,"Eger and the Bükk foothills, then Tokaj-Hegyalja on the Bodrog",Culinary & Wine Tours,7,7,September|October|November,"the last week of September through the third week of October — Eger's reds are in, Tokaj's aszú pickers are out",€€,1000,1650,380,640,200,320,230,360,190,330,1,Easy,Eger|Mád|Tarcal,"Budapest Liszt Ferenc (BUD) then hire car; Eger is 130 km northeast, about 1 h 50 on the M3. Rail: Budapest Keleti–Eger, roughly 2 h with a change at Füzesabony. Leaving from Tokaj, Debrecen (DEB) is ~100 km and often cheaper than driving back to Budapest.",BUD,Hungarian forint (HUF),Hungarian,wine|aszu|botrytis|volcanic-soils|thermal-baths|harvest|unesco,47.9027,20.3733,city,8,2205,eastern-southeastern,cartaeasterneuropetrips/trips/hungary-tokaj-eger-wine.md
ie-culinary-west-cork-larder-ballymaloe-skibbereen,West Cork Larder: Ballymaloe to Skibbereen,Ireland,IE,Northern Europe & Baltics,"County Cork — East Cork, Kinsale and West Cork",Culinary & Wine Tours,7,7,May|June|July|August|September|October,"May to October. June for the first of the season's produce and long evenings; September–October for shellfish, apples and the West Cork food festivals",€€€,1900,2900,130,240,80,160,300,420,150,350,,,Shanagarry|Kinsale|Clonakilty|Skibbereen|Baltimore,,,EUR,English|Irish,,51.55,-9.26,source,0,1482,northern-baltics,carta_northern_europe_baltics_trips.md#trip-20
it-culinary-tuscany-chianti-montalcino,"Sangiovese Spine: Chianti Classico, Montalcino & the Pecorino Hills",Italy,IT,Southern & Mediterranean Europe,"Chianti Classico, Montalcino, Val d'Orcia & Cortona",Culinary & Wine Tours,7,7,May|June|September|October,Mid-May–late June & mid-September–late October,€€€,2100,3400,840,1470,560,900,330,520,370,510,2,Moderate,,"FLR Florence Peretola, 55 min drive to Greve in Chianti; PSA Pisa 1 h 40 min; BLQ Bologna 1 h 55 min",FLR,,,chianti-classico|brunello|gran-selezione|sangiovese|pecorino|dario-cecchini|uga|val-dorcia,41.8919,12.5113,country,0,2468,southern-mediterranean,carta-dataset/trips/culinary-italy-tuscany-chianti-montalcino.md
lt-culinary-vilnius-aukstaitija-farmhouse-ale-mead,Vilnius & Aukštaitija: Farmhouse Ale and Mead Road,Lithuania,LT,Northern Europe & Baltics,"Vilnius, Aukštaitija (northeast Lithuania), Biržai, Dzūkija",Culinary & Wine Tours,7,7,May|June|July|August|September|October,"May to October. September–October for mushroom season, honey harvest and the beer festivals; June for cold soup season and Rasos midsummer",€€,850,1350,70,140,40,75,180,260,60,130,,,Vilnius|Biržai|Anykščiai|Merkinė,,,EUR,Lithuanian|Russian|Polish|English,,54.6872,25.2797,source,0,1518,northern-baltics,carta_northern_europe_baltics_trips.md#trip-21
lu-culinary-moselle-cremant,Crémant and the Luxembourg Moselle,Luxembourg,LU,Western & Central Europe,Moselle Luxembourgeoise,Culinary & Wine Tours,7,7,May|June|September,"Whit Monday brings Grevenmacher's wine market and June the vines in full leaf; September is harvest, when the smallest domaines are hardest to reach.",€€,950,1300,430,560,250,330,70,110,200,300,1,Easy,Remich and Grevenmacher,Luxembourg (LUX),LUX,EUR,Luxembourgish|French|German,cremant|marque-nationale|vinsmoselle|route-du-vin|free-public-transport,49.6098,6.1327,gateway,0,1676,western-central,cartatripsv1/trips/lu-culinary-moselle-cremant.md
md-culinary-codru-stefan-voda,Underground Streets and Feteasca Neagră: A Week Through Codru and Ștefan Vodă,Moldova,MD,Eastern & Southeastern Europe,"Chișinău, the Codru hills, Ștefan Vodă and the southern Valul lui Traian",Culinary & Wine Tours,7,7,September|October,"the last ten days of September through the first weekend of October (harvest, then Ziua Națională a Vinului)",€,880,1450,260,480,140,230,330,480,150,260,1,Easy,Chișinău|Purcari|Butuceni,"Chișinău International (KIV), 13 km southeast of the centre; trolleybus 30 and bus 165 run into town, a taxi is €8–€12 (150–230 MDL) — there is no published airport tariff and meters are not reliably used, so hail through Yandex Go or Bolt and take the quoted fixed fare, which lands around 160 MDL for the 25-minute run; pre-booked private transfers start near €49 per car, which is money thrown away. Overland: Iași (Romania) is 3 h by road, Odesa 4 h. There is a slow overnight train from Bucharest to Chișinău.",KIV,Moldovan leu (MDL),Romanian|Russian,wine|underground-cellars|harvest|indigenous-grapes|monastery|driver-required,47.009,28.8594,city,9,2333,eastern-southeastern,cartaeasterneuropetrips/trips/moldova-codru-stefan-voda-wine.md
mk-culinary-tikves,Vranec & Stanušina: The Tikveš Basin and the Vardar Road,North Macedonia,MK,Southern & Mediterranean Europe,"Tikveš & Povardarie — Kavadarci, Negotino, Demir Kapija, Štip & Skopje",Culinary & Wine Tours,7,7,April|May|June|September|October,Late April–mid-June & September–late October,€,850,1450,360,620,230,390,145,245,115,180,2,Moderate,,"SKP Skopje, 1 h 20 min drive to Negotino, 1 h 35 min to Kavadarci; OHD Ohrid 2 h 30 min",SKP,,,vranec|stanusina|tikves|ajvar|rakija|pastrmajlija|povardarie|non-eu,41.4334,22.0122,city,0,2749,southern-mediterranean,carta-dataset/trips/culinary-north-macedonia-tikves.md
nl-culinary-north-holland-cheese-genever,"Cheese, Genever and the North Holland Table",Netherlands,NL,Western & Central Europe,North Holland and the Schiedam distilleries,Culinary & Wine Tours,7,7,May|June|September,"The Alkmaar and Edam demonstration markets run April to September, and Hollandse Nieuwe herring reaches the stalls from late May or early June.",€€,1200,1650,560,740,300,400,140,210,200,300,1,Easy,Amsterdam and Alkmaar,Amsterdam Schiphol (AMS),AMS,EUR,Dutch,cheese-market|jenever|herring-season|north-sea-seafood|amsterdam-brown-cafe,52.374,4.8897,city,0,1732,western-central,cartatripsv1/trips/nl-culinary-north-holland-cheese-genever.md
pl-culinary-malopolska,Solaris and Smoked Plums: A Małopolska Eating and Drinking Week from Kraków,Poland,PL,Eastern & Southeastern Europe,"Małopolska, Podhale & the Carpathian Foothills",Culinary & Wine Tours,7,7,September|October,"the second half of September into the first ten days of October — *winobranie* harvest, plum-smoking in Szydłów, apples in Łącko and *oscypek* still coming off the Podhale pastures",€€,1020,1670,350,600,260,420,290,430,120,220,1,Easy,Kraków|Zakopane|Krosno,"Kraków–Balice (KRK). The **SKA1** train runs airport → Kraków Główny in 20 minutes, **20 PLN** (~€4.70) one-way, luggage free.",KRK,Polish złoty (PLN),Polish,wine|cold-hardy-hybrids|pdo|pgi|oscypek|milk-bars|salt-mines|harvest,50.0614,19.9366,city,9,2413,eastern-southeastern,cartaeasterneuropetrips/trips/poland-malopolska-culinary-wine.md
pt-culinary-douro-valley,"Douro Field Blends: Quintas, Tawnies & the Pocinho Line",Portugal,PT,Southern & Mediterranean Europe,"Alto Douro Vinhateiro — Baixo Corgo, Cima Corgo & Douro Superior",Culinary & Wine Tours,7,7,April|May|June|September|October,Late April–mid-June & mid-September–end October,€€,1500,2500,700,1190,390,620,230,380,280,400,2,Moderate,,"OPO Porto Francisco Sá Carneiro, 1 h 45 min drive to Peso da Régua, 2 h 10 min to Pinhão",OPO,,,port|douro-doc|tawny|field-blend|touriga-nacional|quinta|rabelo|moscatel-favaios,38.7251,-9.1498,country,0,2668,southern-mediterranean,carta-dataset/trips/culinary-portugal-douro-valley.md
ro-culinary-dealu-mare-dragasani,Fetească and Fire Water: A Week Through Dealu Mare and Drăgășani,Romania,RO,Eastern & Southeastern Europe,"Dealu Mare (Prahova & Buzău), the Buzău Land Geopark, and Drăgășani on the Olt",Culinary & Wine Tours,7,7,September|October,"mid-September to mid-October — the *culesul viilor* harvest, warm days, cellars open and working",€€,925,1500,350,560,175,280,260,400,140,260,1,Easy,Urlați|Ceptura|Pietroasele|Drăgășani,Bucharest Otopeni (OTP). Dealu Mare is 70–90 min north-east by road; Drăgășani 3 h west. Trains reach Ploiești and Drăgășani but not the cellars — this is a road trip with a hired driver.,OTP,Romanian leu (RON) — roughly 5.0–5.3 RON to the euro during 2026,Romanian,wine|native-grapes|feteasca-neagra|geopark|mud-volcanoes|harvest|carpathian-foothills,44.65,24.2667,city,7,2456,eastern-southeastern,cartaeasterneuropetrips/trips/romania-dealu-mare-dragasani-wine.md
se-culinary-skane-country-osterlen-kullabygden,Skåne Wine Country: Österlen & Kullabygden,Sweden,SE,Northern Europe & Baltics,"Skåne — Österlen, Kullahalvön and the Malmö–Lund axis",Culinary & Wine Tours,7,7,May|June|July|August|September|October,"Late May to early October. **Harvest is late September to mid-October** and is the most interesting time to visit a Swedish vineyard; June–August for apple blossom, long light and open coastal kitchens",€€€,1700,2600,130,230,80,150,200,300,120,250,,,Simrishamn|Kivik|Mölle|Malmö,,,SEK (Swedish krona),Swedish|English,,55.6,14.2,source,0,1429,northern-baltics,carta_northern_europe_baltics_trips.md#trip-19
si-culinary-vipava-karst,"Burja Country: Vipava's Zelen, Karst Teran & the Osmica Trail",Slovenia,SI,Southern & Mediterranean Europe,"Vipava Valley, the Karst & eastern Goriška Brda",Culinary & Wine Tours,7,7,April|May|June|September|October|November,Late April–mid-June & September–early November,€€,1200,1900,490,840,330,520,180,300,200,290,2,Moderate,,"TRS Trieste–Ronchi, 45 min to Štanjel and 55 min to Vipava; LJU Ljubljana 1 h 15 min; VCE Venice 1 h 50 min",TRS,,,teran|zelen|pinela|rebula|osmica|prsut|kras-pdo|orange-wine,46.0511,14.5051,country,0,2661,southern-mediterranean,carta-dataset/trips/culinary-slovenia-vipava-karst.md
sk-culinary-small-carpathian,Veltlínske and Furmint: The Small Carpathian Wine Route and Slovakia's Secret Tokaj,Slovakia,SK,Eastern & Southeastern Europe,Malokarpatská vinohradnícka oblasť and the Slovak Tokaj,Culinary & Wine Tours,7,7,May|September|October,"mid-September to mid-October — harvest, burčiak on every square, and the November open-cellar weekend within reach",€€,685,1170,280,490,175,260,110,200,120,220,1,Easy,Pezinok|Modra|Malá Tŕňa,"Bratislava (BTS) or Vienna (VIE, 60 km, direct bus). Return from Košice (KSC). ZSSK regional trains Bratislava hl. st. → Pezinok in ~25 min, twice hourly.",BTS,Euro (EUR),Slovak,wine|tokaj|gruner-veltliner|burciak|open-cellars|majolica|food,48.2899,17.2666,city,10,2128,eastern-southeastern,cartaeasterneuropetrips/trips/slovakia-small-carpathian-wine.md
ad-winter-sports-grandvalira,Grandvalira & Pal-Arinsal: Andorra's Six-Sector Week,Andorra,AD,Southern & Mediterranean Europe,"Grandvalira, Pal-Arinsal & Ordino-Arcalís, Andorran Pyrenees",Winter Sports & Skiing,8,7,January|March,"Mid-January–mid-March, with the second half of January the sweet spot for snow depth against crowds",€€,1250,2100,450,1000,230,400,150,260,420,440,3,Active,,"TLS Toulouse–Blagnac, 3 h–3 h 30 by road to Soldeu; BCN Barcelona El Prat, 3 h–3 h 45; LEU Andorra–La Seu d'Urgell, 45 min but almost no scheduled traffic",TLS,,,andorra|grandvalira|soldeu|pas-de-la-casa|funicamp|caldea|duty-free|non-eu|pyrenees,42.5078,1.5211,country,0,3551,southern-mediterranean,carta-dataset/trips/winter-sports-andorra-grandvalira.md
at-winter-sports-arlberg-st-anton,"Ski Arlberg — St. Anton, the Flexenbahn and the Valluga",Austria,AT,Western & Central Europe,"Arlberg, Tyrol and Vorarlberg",Winter Sports & Skiing,8,7,January|February|March|December,January and February hold the most reliable snow; March gives longer days but softer afternoon off-piste.,€€€,1650,2350,750,1050,280,380,150,220,470,700,4,Active,St. Anton am Arlberg,Innsbruck (INN),INN,EUR,German,off-piste|ski-touring|interconnect|avalanche-safety|guided-skiing,47.2627,11.3945,gateway,0,2051,western-central,cartatripsv1/trips/at-winter-arlberg-st-anton.md
at-winter-sports-kitzbuehel-kitzski,"KitzSki — the Streif, the Tree Runs and Pass Thurn",Austria,AT,Western & Central Europe,"Kitzbühel Alps, Tyrol",Winter Sports & Skiing,8,7,January|February|March|December,Kitzbühel's low base altitude makes January and February the safer bet for reliable snow at valley level.,€€€,1550,2250,700,1000,260,360,140,200,450,690,3,Active,Kitzbühel,Innsbruck (INN),INN,EUR,German,snowmaking|tree-skiing|race-piste|low-altitude|guided-freeride,47.2627,11.3945,gateway,0,1982,western-central,cartatripsv1/trips/at-winter-kitzbuehel-kitzski.md
ba-winter-sports-jahorina-bjelasnica,Jahorina & Bjelašnica: Sarajevo's Olympic Mountains in Winter,Bosnia and Herzegovina,BA,Southern & Mediterranean Europe,"Jahorina, Bjelašnica & Igman — the 1984 Olympic mountains above Sarajevo",Winter Sports & Skiing,8,7,January|February|March,"Late January–early March, with the first three weeks of February the most reliable window for depth on both mountains",€,780,1450,280,600,140,260,120,260,240,330,3,Active,,"SJJ Sarajevo International, 30 km / 45–60 min to Jahorina, 27 km / 40–50 min to Bjelašnica's Babin Do",SJJ,,,bosnia|jahorina|bjelasnica|sarajevo|1984-olympics|night-skiing|lukomir|non-eu|budget-skiing|snowshoe,43.8486,18.3564,country,0,4082,southern-mediterranean,carta-dataset/trips/winter-sports-bosnia-jahorina-bjelasnica.md
be-winter-sports-hautes-fagnes-nordic,Hautes Fagnes Cross-Country — and the Honest Plan B,Belgium,BE,Western & Central Europe,"Hautes Fagnes plateau, Liège Province",Winter Sports & Skiing,8,7,January|February,Snow cover reliable enough for cross-country grooming is not guaranteed most winters: build this trip expecting a good chance of little or no skiable snow.,€€,780,1150,350,520,190,260,90,140,150,230,2,Moderate,Malmedy,Liège (LGG),LGG,EUR,French|German,cross-country-skiing|plan-b-built-in|fog-plateau|thermal-spa|nature-reserve,50.6337,5.5675,gateway,0,2055,western-central,cartatripsv1/trips/be-winter-hautes-fagnes-nordic.md
bg-winter-sports-bansko-pirin,"Bansko: Seven Days Under Todorka, Gondola Queue Included",Bulgaria,BG,Eastern & Southeastern Europe,"The Pirin, Blagoevgrad province — Bansko, Bunderishka Polyana and Dobrinishte",Winter Sports & Skiing,8,7,January|February|March,"mid-January to mid-March — cold, settled snow on the north-facing upper mountain",€,935,1450,280,520,145,230,110,180,400,520,3,Moderate,Bansko|Dobrinishte,"Sofia (SOF), 160 km north; road transfer 2 h 30–3 h via the E79 and Simitli. Bansko Express, the established airport shuttle, has published its **26 December 2026 – 22 March 2027** shared winter fares at **£25–£39 per person each way (roughly €29–€45)** depending on party size — cheapest at four or more, plus a £1 per person booking fee — and runs the shared service only for flights landing or leaving Sofia between 10:00 and 23:55. The public Sofia–Bansko coach is about **€17** and takes 2 h 45–3 h. Plovdiv (PDV) is 190 km east. The narrow-gauge Septemvri–Dobrinishte railway reaches Bansko slowly and beautifully, but not usefully with ski bags.",SOF,Euro (EUR) — sole legal tender since 1 February 2026; mandatory dual BGN display ended 8 August 2026,Bulgarian,skiing|ski-touring|freeride|national-park|gondola|mehana|budget-alps-alternative,42.6975,23.3241,gateway,7,2348,eastern-southeastern,cartaeasterneuropetrips/trips/bulgaria-bansko-pirin-skiing.md
ch-winter-sports-engelberg-titlis-freeride,"Engelberg-Titlis: The Laub, Steinberg and Galtiberg Descents",Switzerland,CH,Western & Central Europe,"Engelberg Valley, Obwalden",Winter Sports & Skiing,8,7,January|February|March,"The Titlis glacier holds snow all season; the Laub and Galtiberg exits lower down need a settled, well-bonded snowpack, best from late January.",€€€,1380,1950,560,780,260,360,110,170,450,640,5,Expert,Engelberg,Zürich (ZRH),ZRH,CHF,German,freeride|off-piste|glacier-skiing|big-mountain|guided-skiing,47.3667,8.55,gateway,0,1872,western-central,cartatripsv1/trips/ch-winter-engelberg-titlis-freeride.md
ch-winter-sports-verbier-4-vallees,"Verbier and the 4 Vallées: Mont-Fort, Tortin and the Stairway to Heaven",Switzerland,CH,Western & Central Europe,"Val de Bagnes, Valais",Winter Sports & Skiing,8,7,January|February|March,"The Mont-Fort glacier holds snow all season; the Tortin face and lower Verbier slopes need a genuine cold spell to ski well, best from mid-January.",€€€,1550,2180,640,900,280,380,130,190,500,710,5,Expert,Verbier,Geneva (GVA),GVA,CHF,French,freeride|off-piste|glacier-skiing|big-mountain|guided-skiing,46.2022,6.1457,gateway,0,1920,western-central,cartatripsv1/trips/ch-winter-verbier-4-vallees.md
cz-winter-sports-krkonose-spindleruv-mlyn,"Krkonoše — Špindlerův Mlýn, Pec and the Ridge Tour",Czechia,CZ,Western & Central Europe,"Krkonoše (Giant Mountains), northern Bohemia",Winter Sports & Skiing,8,7,January|February|March,"The ridge above 1,300 m holds a reliable base longest; valley snow at Špindlerův Mlýn is now heavily snowmaking-dependent by comparison.",€€,820,1200,380,540,170,240,90,140,180,280,3,Active,Špindlerův Mlýn,Prague (PRG),PRG,CZK,Czech,ski-touring|national-park-closures|ridge-tour|avalanche-safety|cross-border-poland,50.088,14.4208,gateway,0,2065,western-central,cartatripsv1/trips/cz-winter-krkonose-spindleruv-mlyn.md
de-winter-sports-garmisch-zugspitze,Garmisch-Partenkirchen: The Classic Area and the Zugspitze Glacier,Germany,DE,Western & Central Europe,"Wetterstein Range, Bavaria",Winter Sports & Skiing,8,7,January|February|March,The Classic area sits low (750-2050 m) and is snow-dependent; the Zugspitze glacier above 2000 m holds snow reliably from December into April.,€€,980,1380,420,580,220,300,90,140,250,360,3,Moderate,Garmisch-Partenkirchen,Munich (MUC),MUC,EUR,German,glacier-skiing|low-altitude-snow|alpine-classic|ski-touring|family-friendly,47.4921,11.0958,city,0,1861,western-central,cartatripsv1/trips/de-winter-garmisch-zugspitze.md
es-winter-sports-baqueira-beret,Baqueira Beret: Val d'Aran on the Atlantic Side,Spain,ES,Southern & Mediterranean Europe,"Val d'Aran, Catalan Pyrenees, Lleida",Winter Sports & Skiing,8,7,January|February|March,Mid-January–mid-March; the second half of February combines the deepest base with lengthening days,€€€,1600,2700,650,1300,320,520,200,350,430,530,3,Active,,"TLS Toulouse–Blagnac, 2 h 30–3 h to Vielha via Bossòst; ILD Lleida–Alguaire 2 h 30; BCN Barcelona El Prat 4 h–4 h 30",TLS,,,baqueira|val-daran|pyrenees|freeride|bonaigua|aranese|thermal-baths|catalonia|off-piste,41.6167,0.6222,city,0,3784,southern-mediterranean,carta-dataset/trips/winter-sports-spain-baqueira-beret.md
fi-winter-sports-levi-yllas-lapland-twin-resort-ski,Levi & Ylläs: Lapland Twin-Resort Ski Week,Finland,FI,Northern Europe & Baltics,"Kittilä & Kolari, Finnish Lapland",Winter Sports & Skiing,8,7,January|February|March|April|May|November|December,"Late November to early May. **February–April is the sweet spot** — returning daylight, deep cold-dry snow and long cross-country conditions. December is dark (the sun barely clears the horizon at this latitude); late April gives spring skiing with 18 hours of light",€€,1500,2400,120,260,55,95,250,420,55,70,,,Levi (Sirkka)|Äkäslompolo|Ylläsjärvi,,,EUR,Finnish|Northern Sámi|English|Swedish,,67.805,24.8,source,0,1613,northern-baltics,carta_northern_europe_baltics_trips.md#trip-22
fr-winter-sports-chamonix-freeride,"Chamonix Freeride: Grands Montets, Vallée Blanche and the Off-Piste Circuit",France,FR,Western & Central Europe,"Chamonix-Mont-Blanc, Haute-Savoie",Winter Sports & Skiing,8,7,January|February|March,February and March give the most stable glacier crossings; January can be colder but the Vallée Blanche moraine exit is icier.,€€€,1450,2050,560,780,260,360,160,240,470,670,5,Expert,Chamonix-Mont-Blanc,Geneva (GVA),GVA,EUR,French,freeride|off-piste|glacier-skiing|guided-skiing|big-mountain,48.8534,2.3488,country,0,2004,western-central,cartatripsv1/trips/fr-winter-chamonix-freeride.md
fr-winter-sports-three-valleys-meribel,Les 3 Vallées from Méribel — Courchevel to Val Thorens,France,FR,Western & Central Europe,"Tarentaise, Savoie, French Alps",Winter Sports & Skiing,8,7,January|February|March|December,February and March give the most reliable snow across all altitudes; late-season March offers longer light for the Val Thorens and Orelle sectors.,€€€,1700,2450,800,1120,280,380,150,220,470,730,3,Active,Méribel,Chambéry (CMF),CMF,EUR,French,lift-interconnect|pass-tiers|off-piste|avalanche-safety|high-altitude,45.5663,5.9208,gateway,0,2079,western-central,cartatripsv1/trips/fr-winter-three-valleys-meribel.md
gr-winter-sports-parnassos-arachova,Parnassos & Arachova: Skiing Above the Oracle,Greece,GR,Southern & Mediterranean Europe,"Mount Parnassos, Arachova & Delphi, Central Greece",Winter Sports & Skiing,8,7,January|February,"Late January–late February, the only weeks in which Parnassos can be relied on to have both sectors open",€€,900,1650,400,800,220,400,200,350,120,180,3,Active,,"ATH Athens Eleftherios Venizelos, 200 km / 2 h 30–3 h to Arachova; the ski centre is a further 27 km / 35–45 min above the town",ATH,,,greece|parnassos|arachova|delphi|kelaria|fterolakka|snow-chains|tsipouro|formaela|mediterranean-skiing,37.9838,23.7278,country,0,4584,southern-mediterranean,carta-dataset/trips/winter-sports-greece-parnassos-arachova.md
it-winter-sports-dolomiti-superski,Sellaronda Week: Alta Badia & Val Gardena on One Pass,Italy,IT,Southern & Mediterranean Europe,"Alta Badia & Val Gardena, Dolomites, South Tyrol",Winter Sports & Skiing,8,7,January|February|March,Mid-January–mid-March; late February and early March give the longest lift days with the Sellaronda still comfortably completable,€€€,1900,3200,900,1750,350,600,200,350,450,550,3,Active,,"VCE Venice Marco Polo, 2 h 45–3 h 15 to Corvara; VRN Verona 3 h–3 h 30; INN Innsbruck 2 h–2 h 30 over the Brenner",VCE,,,dolomites|sellaronda|alta-badia|val-gardena|dolomiti-superski|ladin|rifugio|saslong|gran-risa,41.8919,12.5113,country,0,3880,southern-mediterranean,carta-dataset/trips/winter-sports-italy-dolomiti-superski.md
li-winter-sports-malbun-family,Malbun and Steg: A Small Alpine Basin Done Properly,Liechtenstein,LI,Western & Central Europe,"Malbun Valley, Rätikon",Winter Sports & Skiing,8,7,January|February|March,"Malbun's basin holds snow well into March, but its total lift-served terrain is small; the plan below leans on day trips for variety.",€€,980,1360,440,600,220,300,140,200,180,260,2,Moderate,Malbun,Zürich (ZRH),ZRH,CHF,German,small-resort|ski-touring|cross-country|sledging|family-friendly,47.1415,9.5215,country,0,1886,western-central,cartatripsv1/trips/li-winter-malbun-family.md
no-winter-sports-hemsedal-hallingdal-and-nordic,Hemsedal & Hallingdal: Alpine and Nordic,Norway,NO,Northern Europe & Baltics,"Hallingdal, Viken — Hemsedal and Geilo",Winter Sports & Skiing,8,7,January|February|March|April|December,"Late November to early May. **February to mid-April** is the core: reliable base, returning light and the best ski-touring conditions. December and January are dark and very cold; late April brings spring corn snow",€€€,2000,2900,160,300,70,110,250,400,60,75,,,Hemsedal|Gol|Geilo,,,NOK (Norwegian krone),Norwegian|English,,60.86,8.55,source,0,1439,northern-baltics,carta_northern_europe_baltics_trips.md#trip-23
pl-winter-sports-zakopane-bialka,Kasprowy and the Snow Cannons: A Podhale Ski Week from Zakopane to Białka,Poland,PL,Eastern & Southeastern Europe,"Podhale — Zakopane, the Polish Tatras and the Białka valley",Winter Sports & Skiing,8,7,January|February|March,"the second half of January and the first half of March — cold nights for the snow guns, and the school holidays either side of you",€€,845,1400,330,590,175,270,110,190,230,350,3,Moderate,Zakopane|Białka Tatrzańska|Bukowina Tatrzańska,"Kraków–Balice (KRK), then the Zakopianka — 2 h by transfer or bus on a good day, 3 h 30+ on a winter Saturday. Trains Kraków–Zakopane run around 3 h.",KRK,Polish złoty (PLN),Polish,skiing|tatras|zakopane|bialka|thermal-baths|ski-touring|oscypek,49.299,19.9489,city,7,2376,eastern-southeastern,cartaeasterneuropetrips/trips/poland-zakopane-bialka-skiing.md
ro-winter-sports-poiana-brasov-sinaia,Postăvarul and the Bucegi: A Ski Week on the Prahova Valley,Romania,RO,Eastern & Southeastern Europe,"Postăvarul massif and the Prahova Valley, Brașov & Prahova counties",Winter Sports & Skiing,8,7,January|February|March,"mid-January to late February — coldest air, best snowmaking window, full lift operation",€,740,1270,280,490,140,210,90,170,230,400,3,Moderate,Poiana Brașov|Brașov|Sinaia|Predeal,"Bucharest Otopeni (OTP). Train Bucharest Nord → Brașov, then bus 20 to Poiana Brașov. Sinaia is on the same line, 1 h 40 from Bucharest. Driving means the DN1 — see the warning below.",OTP,Romanian leu (RON) — roughly 5.0–5.3 RON to the euro during 2026,Romanian,skiing|poiana-brasov|sinaia|bucegi|ski-touring|snowmaking|carpathians,45.6486,25.6061,city,10,2560,eastern-southeastern,cartaeasterneuropetrips/trips/romania-poiana-brasov-sinaia-skiing.md
rs-winter-sports-kopaonik,"Kopaonik: Pančićev Vrh, the Karaman Ridge and a Week on Serbia's Roof",Serbia,RS,Southern & Mediterranean Europe,"Kopaonik National Park & Raška, southern Serbia",Winter Sports & Skiing,8,7,January|February|March,Late January–early March; the second half of February combines the deepest base with the famous Kopaonik sun,€€,950,1700,380,750,160,300,160,330,250,320,3,Active,,"BEG Belgrade Nikola Tesla, 285 km / 4 h 30–6 h by road; INI Niš Constantine the Great, 200 km / 3 h 30–4 h 30 and usually the smarter arrival",BEG,,,serbia|kopaonik|pancicev-vrh|brzece-gondola|night-skiing|national-park|non-eu|josanicka-banja|studenica|budget-skiing,44.804,20.4651,country,0,4450,southern-mediterranean,carta-dataset/trips/winter-sports-serbia-kopaonik.md
se-winter-sports-are-lift-linked-capital,Åre: Sweden's Lift-Linked Winter Capital,Sweden,SE,Northern Europe & Baltics,"Jämtland, central Sweden",Winter Sports & Skiing,8,7,January|February|March|April|May|December,"Early December to early May. **March and April** are the best weeks — long light, deep base, spring sun and the resort's biggest events; February is coldest and reliably snowy; December is dark but festive",€€€,1800,2700,140,280,60,100,200,350,55,70,,,Åre By|Duved|Tegefjäll|Åre Björnen,,,SEK (Swedish krona),Swedish|English,,63.399,13.081,source,0,1425,northern-baltics,carta_northern_europe_baltics_trips.md#trip-24
si-winter-sports-kranjska-gora-vogel,"Kranjska Gora, Vogel & Krvavec: A Julian Alps Ski Week",Slovenia,SI,Southern & Mediterranean Europe,"Julian Alps & Gorenjska — Kranjska Gora, Planica, Bohinj and the Kamnik-Savinja fringe",Winter Sports & Skiing,8,7,January|February|March,"Mid-January–early March, with February the only month all four ski areas reliably run their full lift fleets",€€,1150,1950,420,800,220,400,190,330,320,420,3,Active,,"LJU Ljubljana Jože Pučnik, 60 km / 50 min to Kranjska Gora, 8 km to the Krvavec cable car, 65 km / 1 h to Bohinj; VCE Venice Marco Polo 3 h and KLU Klagenfurt 1 h 30 as alternates",LJU,,,slovenia|julian-alps|kranjska-gora|vogel|bohinj|krvavec|planica|pokljuka|e-vinjeta|multi-resort,46.0511,14.5051,country,0,4611,southern-mediterranean,carta-dataset/trips/winter-sports-slovenia-kranjska-gora-vogel.md
sk-winter-sports-jasna-tatras,Chopok Both Sides: A Jasná Week with the High Tatras Attached,Slovakia,SK,Eastern & Southeastern Europe,Nízke Tatry (Demänovská dolina and Chopok Juh) with the High Tatras at Tatranská Lomnica and Štrbské Pleso,Winter Sports & Skiing,8,7,January|February|March,"late January to mid-March — the coldest, deepest, most reliable stretch on both aspects of Chopok",€€,1255,1960,420,700,175,280,230,360,430,620,4,Demanding,Demänovská Dolina|Liptovský Mikuláš|Tatranská Lomnica,"Poprad-Tatry (TAT) is 70 km east of Jasná, about an hour on the D1; Bratislava (BTS) is 300 km, 3 h; Kraków (KRK) is 200 km north over the border. Rail: the InterCity to Liptovský Mikuláš, then bus or taxi 12 km up Demänovská dolina.",TAT,Euro (EUR),Slovak,skiing|freeride|ski-touring|gopass|thermal-baths|high-tatras|avalanche-terrain,49.0806,19.6222,city,8,2346,eastern-southeastern,cartaeasterneuropetrips/trips/slovakia-jasna-tatras-skiing.md
al-nature-escape-prespa-shebenik,"Pelicans, Beech and Bujtina: Eastern Albania Off the Grid",Albania,AL,Southern & Mediterranean Europe,"Korçë, Prespa & Librazhd (Shebenik-Jabllanicë)",Nature Escapes & Cabin Stays,9,7,May|June|September|October,Mid-May–late June & September–mid-October,€,700,1100,200,330,120,200,280,420,80,150,3,Active,,"TIA Tirana, 2 h 30 to Korçë via Elbasan and 1 h 40 to Librazhd; OHD Ohrid (North Macedonia), 50 min to Pogradec via the Qafë Thanë border",TIA,,,prespa|shebenik-jabllanice|balkan-lynx|dalmatian-pelican|homestay|primeval-beech|off-grid|cabin-stay|caj-mali,40.6186,20.7808,city,0,4074,southern-mediterranean,carta-dataset/trips/nature-escape-albania-prespa-shebenik.md
at-nature-escape-gesaeuse-almhuette,A Self-Catering Week in the Gesäuse Gorge,Austria,AT,Western & Central Europe,"Gesäuse National Park, Ennstal Alps, Styria",Nature Escapes & Cabin Stays,9,7,June|July|August|September,The Alm access track is unploughed and closed by snow from roughly late October to April; June evenings are still cold enough for the wood stove.,€€,680,950,280,380,180,260,120,180,100,130,3,Active,Johnsbach,Graz (GRZ),GRZ,EUR,German,self-catering|alm-hut|dark-sky|gorge|wood-stove|wildlife,47.0673,15.442,gateway,0,2094,western-central,cartatripsv1/trips/at-nature-gesaeuse-almhuette.md
ba-nature-escape-una-national-park,"The Una's Green Water: Cabins, Travertine and Krajina Forest",Bosnia and Herzegovina,BA,Southern & Mediterranean Europe,Una National Park & Bosanska Krajina,Nature Escapes & Cabin Stays,9,7,May|June|July|September|October,Late May–early July & September–mid-October,€,750,1200,280,480,160,260,220,330,90,150,2,Moderate,,"ZAG Zagreb, 2 h 30 to Bihać via the Maljevac crossing; ZAD Zadar 2 h 45; SJJ Sarajevo 4 h 30",ZAG,,,una-river|travertine|cabin-stay|rafting|brown-bear|old-growth-forest|non-eu|foraging,43.8486,18.3564,country,0,3660,southern-mediterranean,carta-dataset/trips/nature-escape-bosnia-una-national-park.md
be-nature-escape-hoge-kempen-cabin,Heathland Week — Cabin Days in the Hoge Kempen,Belgium,BE,Western & Central Europe,"Hoge Kempen National Park, Belgian Limburg",Nature Escapes & Cabin Stays,9,7,May|June|August|September,Late May–June brings breeding nightjars and orchids on the heath; August turns the Mechelse Heide purple with flowering heather.,€€,750,1050,380,520,180,260,90,140,100,130,2,Moderate,Maasmechelen,Brussels (BRU),BRU,EUR,Dutch|French,heathland|forest-cabin|national-park|wildlife-hides|easy-access,50.9654,5.6945,city,0,1921,western-central,cartatripsv1/trips/be-nature-hoge-kempen-cabin.md
bg-nature-escape-central-balkan-cabin,"Reserve Country: Central Balkan Huts, Karst Caves and the Rhodope Vulture Gorges",Bulgaria,BG,Eastern & Southeastern Europe,"Central Balkan National Park (Stara Planina), the Lovech karst, and the Eastern Rhodopes",Nature Escapes & Cabin Stays,9,7,May|June|September,"late May to mid-June (waterfalls at full flow, vultures on eggs, meadows in flower)",€,450,810,120,260,110,170,180,300,40,80,3,Moderate,Kalofer|Cherni Osam|Apriltsi|Lovech|Madzharovo,"Sofia (SOF) or Plovdiv (PDV). Kalofer is 2 h from Sofia on the A1/I-6 via Karlovo. Finish near the Greek border: Madzharovo is 3 h 30 from Sofia, 2 h 15 from Plovdiv. Hire the car at the airport.",SOF,Euro (EUR) — sole legal tender since 1 February 2026; mandatory dual BGN display ended 8 August 2026,Bulgarian,national-park|huts|waterfalls|vultures|rewilding|bears|foraging|off-grid,43.1323,24.7176,city,9,2401,eastern-southeastern,cartaeasterneuropetrips/trips/bulgaria-central-balkan-cabin-nature.md
ch-nature-escape-swiss-national-park-engadin,Stay on the Path: A Week in the Swiss National Park,Switzerland,CH,Western & Central Europe,"Engadin, Graubünden",Nature Escapes & Cabin Stays,9,7,June|July|August|September,Chamanna Cluozza opens roughly mid-June to mid-October only; the Val Trupchun red deer rut in September draws the heaviest foot traffic of the year.,€€€,980,1350,480,640,220,300,140,190,140,220,3,Active,Zernez,Zurich (ZRH),ZRH,CHF,Romansh|German,strict-protection|hut-stay|ibex-and-vulture|red-deer-rut|no-picking,47.3667,8.55,gateway,0,2055,western-central,cartatripsv1/trips/ch-nature-swiss-national-park-engadin.md
cz-nature-escape-jeseniky-cabin,Praděd Country — A Chata Week in the Jeseníky,Czechia,CZ,Western & Central Europe,"Jeseníky (Hrubý Jeseník), Moravian-Silesian and Olomouc Regions",Nature Escapes & Cabin Stays,9,7,June|July|August|September,The Ovčárna access road can be affected by early or late-season snow outside June–September; the Velká kotlina flora reserve is at its richest in July.,€,580,840,230,330,140,200,100,150,110,160,3,Active,Karlova Studánka,Ostrava (OSR),OSR,CZK,Czech,glacial-cirque|peat-bog|chata-culture|chamois|waymarked-ridge,49.8347,18.282,gateway,0,1908,western-central,cartatripsv1/trips/cz-nature-jeseniky-cabin.md
cz-nature-escape-sumava-wilderness,Bog and Wildwood — A Week in the Šumava Core,Czechia,CZ,Western & Central Europe,"Šumava National Park, South Bohemia",Nature Escapes & Cabin Stays,9,7,May|June|September|October,"Capercaillie leks close parts of the core zone in April–May at dawn; October brings the best chance of hearing red deer roar in the Modrava basin, and biting insects drop off by then.",€,560,820,220,320,140,200,100,160,100,140,3,Active,Modrava,Prague (PRG),PRG,CZK,Czech,peat-bog|primeval-forest|lynx-country|boardwalk|strict-access-zone,50.088,14.4208,gateway,0,2016,western-central,cartatripsv1/trips/cz-nature-sumava-wilderness.md
de-nature-escape-bayerischer-wald,Let It Be Wild: A Week in the Bayerischer Wald,Germany,DE,Western & Central Europe,"Bavarian Forest, Lower Bavaria",Nature Escapes & Cabin Stays,9,7,May|June|September|October,Deep snow closes the high trails December to April; July and August bring the biggest crowds and the worst midge hatches in the lowland bogs.,€€,780,1080,380,520,190,260,110,160,100,140,3,Active,Waldhäuser,Munich (MUC),MUC,EUR,German,national-park|bark-beetle-wilderness|hut-stay|wildlife-enclosure|dark-sky,48.1374,11.5755,gateway,0,2032,western-central,cartatripsv1/trips/de-nature-bayerischer-wald.md
es-nature-escape-extremadura-monfrague,"Dehesa, Vultures and Dark Sky: An Extremadura Slow Week",Spain,ES,Southern & Mediterranean Europe,"Monfragüe, Las Hurdes, Sierra de Gata & the Jerte",Nature Escapes & Cabin Stays,9,7,March|May|September|October|November,Mid-March–mid-May & late September–early November,€€,1050,1650,450,700,250,400,260,400,90,150,2,Moderate,,"MAD Madrid-Barajas, 2 h 30 to Torrejón el Rubio; SVQ Seville 2 h 45; LIS Lisbon 3 h 15",MAD,,,birdwatching|dehesa|dark-sky|vultures|cabin-stay|schist-villages|cherry-blossom|foraging,40.4165,-3.7026,country,0,3708,southern-mediterranean,carta-dataset/trips/nature-escape-spain-extremadura-monfrague.md
fi-nature-escape-saimaa-lakeland-linnansaari-kolovesi-cabin-week,Saimaa Lakeland: Linnansaari & Kolovesi Cabin Week,Finland,FI,Northern Europe & Baltics,"Lake Saimaa, South Savo — Linnansaari and Kolovesi National Parks",Nature Escapes & Cabin Stays,9,7,February|March|June|July|August|September,"Mid-June to early September for paddling and swimming; **late August–September for mushrooms, berries and mist mornings**; February–March for ice, snowshoeing and a frozen lake outside the sauna door",€€,750,1200,110,220,30,50,150,260,80,200,,,Oravi|Rantasalmi|Savonlinna|Puumala,,,EUR,Finnish|English,,62.1,28.6,source,0,1610,northern-baltics,carta_northern_europe_baltics_trips.md#trip-25
fo-nature-escape-suduroy-mykines-faroese-isolation-week,Suðuroy & Mykines: Faroese Isolation Week,Faroe Islands,FO,Northern Europe & Baltics,Suðuroy (southernmost island) and Mykines (westernmost island),Nature Escapes & Cabin Stays,9,7,May|June|July|August,**Mid-May to late August** — the Mykines ferry and the puffin colony operate only in this window. September gives the clearest air and the emptiest villages but Mykines access closes,€€€,1600,2300,100,180,45,75,350,500,80,180,,,Tvøroyri|Vágur|Fámjin|Mykines,,,DKK / Faroese króna,Faroese|Danish|English,,61.55,-6.85,source,0,1543,northern-baltics,carta_northern_europe_baltics_trips.md#trip-26
fr-nature-escape-vosges-cabane,Hautes-Chaumes — A Marcairie Week on the Vosges Crest,France,FR,Western & Central Europe,"Parc naturel régional des Ballons des Vosges, Haut-Rhin",Nature Escapes & Cabin Stays,9,7,June|July|August|September,"Marcairies and fermes-auberges on the hautes-chaumes generally open only from late May to October, when cattle are up on summer pasture.",€€,700,980,300,400,180,260,110,170,110,150,2,Active,Munster,Bâle-Mulhouse-Freiburg (EAP/BSL/MLH),,EUR,French,marcairie|ferme-auberge|hautes-chaumes|route-des-cretes|munster-cheese,48.8534,2.3488,country,0,2033,western-central,cartatripsv1/trips/fr-nature-vosges-cabane.md
hr-nature-escape-velebit-lika,Velebit Stone and Lika Forest: A Karst Cabin Week,Croatia,HR,Southern & Mediterranean Europe,"Lika, Northern Velebit & Paklenica",Nature Escapes & Cabin Stays,9,7,June|July|September|October,Mid-June–mid-July & early September–mid-October,€€,1050,1600,420,680,230,350,260,400,140,170,3,Active,,"ZAD Zadar, 55 min to Starigrad-Paklenica and 2 h 05 to Krasno; RJK Rijeka 2 h 10 to Krasno; ZAG Zagreb 2 h 40",ZAD,,,velebit|lika|cabin-stay|bear-refuge|old-growth-forest|karst|bura|mushroom-foraging|off-grid,44.1158,15.2251,gateway,0,3546,southern-mediterranean,carta-dataset/trips/nature-escape-croatia-velebit-lika.md
hu-nature-escape-hortobagy-orseg-cabin,"Puszta, Karst and Szer: A Week in Hungary's Three Quietest National Parks",Hungary,HU,Eastern & Southeastern Europe,"Őrség, Hortobágy (Great Plain), Aggtelek Karst",Nature Escapes & Cabin Stays,9,7,May|September|October,mid-October to early November for the crane migration — the single best wildlife spectacle in Hungary,€,680,1080,230,400,130,200,230,330,90,150,1,Easy,Szalafő|Hortobágy|Tiszacsege|Jósvafő|Aggtelek,"Budapest Ferenc Liszt (BUD). A car is effectively required — the Őrség hamlets and the Aggtelek villages have one or two buses a day, and the puszta has none.",BUD,Hungarian forint (HUF),Hungarian,national-parks|cranes|puszta|caves|dark-sky|cabins|unesco|foraging,47.4984,19.0404,country,6,2532,eastern-southeastern,cartaeasterneuropetrips/trips/hungary-hortobagy-orseg-cabin-nature.md
it-nature-escape-sardinia-supramonte,"Limestone, Juniper and Pinnetta Smoke: A Supramonte Week",Italy,IT,Southern & Mediterranean Europe,"Sardinia — Barbagia, Supramonte & Ogliastra",Nature Escapes & Cabin Stays,9,7,April|May|June|September|October,Late April–early June & mid-September–late October,€€,1150,1750,480,760,230,360,330,480,110,180,4,Demanding,,"OLB Olbia, 1 h 45 to Oliena and 2 h 15 to Urzulei; CAG Cagliari 2 h 30 to Baunei; AHO Alghero is the natural exit, 50 min from Bosa",OLB,,,supramonte|gorropu|cala-goloritze|tiscali|agriturismo|griffon-vulture|mouflon|foraging|fire-restrictions,40.9234,9.498,gateway,0,4438,southern-mediterranean,carta-dataset/trips/nature-escape-italy-sardinia-supramonte.md
lu-nature-escape-upper-sure-oesling,Lakeshore and Forest: A Week in the Upper Sûre,Luxembourg,LU,Western & Central Europe,"Éislek (Luxembourg Ardennes), Upper Sûre",Nature Escapes & Cabin Stays,9,7,May|June|September|October,"July–August bring the busiest lake weekends; the Nature Park's dark-sky programme runs its main season September to March, on the longer, clearer nights.",€€,760,1050,380,520,180,250,60,90,140,190,2,Moderate,Esch-sur-Sûre,Luxembourg (LUX),LUX,EUR,Luxembourgish|French|German,lake-cabin|dark-sky|oesling-forest|free-transit|slow-week,49.6098,6.1327,gateway,0,2069,western-central,cartatripsv1/trips/lu-nature-upper-sure-oesling.md
lv-nature-escape-gauja-slitere-latvian-forest-cabin-week,Gauja & Slītere: Latvian Forest Cabin Week,Latvia,LV,Northern Europe & Baltics,Gauja National Park (Vidzeme) and Slītere National Park / Livonian Coast (northern Kurzeme),Nature Escapes & Cabin Stays,9,7,April|May|June|July|August|September|October,"**Late April–May for the bird migration at Cape Kolka**, June for long light and river paddling, **September–October for mushrooms and the best foliage in the Baltics**",€,550,900,45,110,25,45,150,230,40,90,,,Sigulda|Cēsis|Līgatne|Mazirbe|Kolka,,,EUR,Latvian|Russian|Livonian (revitalising)|English,,57.32,24.85,source,0,1540,northern-baltics,carta_northern_europe_baltics_trips.md#trip-27
md-nature-escape-orheiul-vechi-padurea-domneasca,"Limestone, Floodplain and Well Water: Seven Quiet Days in Rural Moldova",Moldova,MD,Eastern & Southeastern Europe,"The Răut Canyon, the Dniester Cliffs & the Prut Floodplain",Nature Escapes & Cabin Stays,9,7,May|June|September|October,"mid-May to late June, then mid-September to mid-October",€,390,710,140,280,70,120,150,250,30,60,2,Moderate,Butuceni|Trebujeni|Saharna|Lozova|Slobozia Mare,"Chișinău International (KIV), 13 km from the centre; overland by bus or rail from Iași or Odesa. Hire a car at KIV — rural buses run on farm timetables and will not fit this route.",KIV,Moldovan leu (MDL); roughly 19–20 MDL to €1,Romanian|Russian,cabin|canyon|monasteries|birding|floodplain|foraging|wine-cellar|slow-travel,47.009,28.8594,country,8,2392,eastern-southeastern,cartaeasterneuropetrips/trips/moldova-orheiul-vechi-padurea-domneasca-nature.md
mk-nature-escape-mavrovo-galicica,Katun Smoke and Lynx Country: A Šar–Mavrovo–Galičica Cabin Week,North Macedonia,MK,Southern & Mediterranean Europe,"Mavrovo, Šar Planina & Galičica",Nature Escapes & Cabin Stays,9,7,June|July|September|October,Late June–mid-July & early September–early October,€€,850,1350,260,440,150,250,280,420,90,160,4,Demanding,,"SKP Skopje, 1 h 50 to Mavrovi Anovi and 1 h 10 to Popova Šapka; OHD Ohrid, 25 min to the Galičica gate and 2 h 15 to Mavrovo",SKP,,,mavrovo|galicica|sar-planina|katun|balkan-lynx|korab|off-grid|mushroom-foraging|cabin-stay,41.9965,21.4314,gateway,0,4263,southern-mediterranean,carta-dataset/trips/nature-escape-north-macedonia-mavrovo-galicica.md
nl-nature-escape-drenthe-dwingelderveld,Wet Heath and Dark Sky: A Week in Drenthe,Netherlands,NL,Western & Central Europe,"Dwingelderveld, Drenthe",Nature Escapes & Cabin Stays,9,7,May|June|September|October,"Ground-nesting birds close several heath paths mid-March to mid-August; late September onward gives the longest, darkest nights for stargazing.",€,650,920,330,460,150,210,70,100,100,150,1,Easy,Ruinen,Amsterdam Schiphol (AMS),AMS,EUR,Dutch,wet-heathland|dark-sky|hunebedden|radio-telescope|cabin-stay,52.374,4.8897,country,0,1997,western-central,cartatripsv1/trips/nl-nature-drenthe-dwingelderveld.md
nl-nature-escape-veluwe-hoge-veluwe,White Bicycles: A Week on the Veluwe,Netherlands,NL,Western & Central Europe,"Veluwe, Gelderland",Nature Escapes & Cabin Stays,9,7,May|June|September|October,September and October bring the red deer rut and the best light in the sculpture garden; midsummer weekends see the longest queues at the park gates.,€€,800,1120,420,580,180,250,80,110,120,180,1,Easy,Otterlo,Amsterdam Schiphol (AMS),AMS,EUR,Dutch,national-park|white-bicycles|wildlife-hides|museum|forest-cabin,52.374,4.8897,country,0,2093,western-central,cartatripsv1/trips/nl-nature-veluwe-hoge-veluwe.md
pl-nature-escape-bieszczady-cabin,Połoniny and Dark Skies: Seven Off-Grid Days in the Bieszczady,Poland,PL,Eastern & Southeastern Europe,"The Bieszczady & the San Valley, Podkarpackie",Nature Escapes & Cabin Stays,9,7,May|June|September|October,"late May to late June, then mid-September to mid-October",€,435,820,180,380,90,150,130,220,35,70,3,Moderate,Wetlina|Ustrzyki Górne|Cisna|Lutowiska,Fly Rzeszów–Jasionka (RZE); 150 km / 2 h 45 min via DK84 and DW894. Kraków (KRK) is 300 km / 4 h 30 min. Rail reaches only Zagórz or Ustrzyki Dolne; the last 40–60 km needs a car.,RZE,Polish złoty (PLN); roughly 4.3 PLN to €1,Polish,cabin|dark-sky|wilderness|bison|wooden-churches|foraging|off-grid|carpathians,52.2298,21.0118,country,5,2258,eastern-southeastern,cartaeasterneuropetrips/trips/poland-bieszczady-cabin-nature.md
pt-nature-escape-peneda-geres,"Granite, Granaries and Wolf Country: Peneda-Gerês Slow Week",Portugal,PT,Southern & Mediterranean Europe,Minho & Peneda-Gerês National Park,Nature Escapes & Cabin Stays,9,7,May|June|September|October,Mid-May–late June & mid-September–late October,€€,950,1500,420,680,220,350,240,360,70,110,3,Active,,"OPO Porto Francisco Sá Carneiro, 1 h 20 to Vilar da Veiga (Gerês), 1 h 35 to Soajo, 2 h 05 to Pitões das Júnias",OPO,,,peneda-geres|espigueiros|iberian-wolf|garrano|cabin-stay|waterfalls|fire-season|foraging,38.7251,-9.1498,country,0,3854,southern-mediterranean,carta-dataset/trips/nature-escape-portugal-peneda-geres.md
ro-nature-escape-apuseni-maramures-cabin,Karst and Wooden Spires: Apuseni and Maramureș from a Cabin,Romania,RO,Eastern & Southeastern Europe,"Apuseni Nature Park (Bihor/Alba) and Maramureș (Iza, Vaser and the Rodna foothills)",Nature Escapes & Cabin Stays,9,7,June|July|September,"the second half of September — hay in, berries and mushrooms up, forest roads dry, bears still active but crowds gone",€,650,1120,230,420,130,200,200,330,90,170,3,Moderate,Gârda de Sus|Pietroasa|Breb|Vișeu de Sus,"Cluj-Napoca (CLJ) is the airport for both halves — Apuseni is 2 h west, Maramureș 3 h north. Baia Mare (BAY) is closer to Maramureș but has far thinner flights.",CLJ,Romanian leu (RON) — roughly 5.0–5.3 RON to the euro during 2026,Romanian,cabins|karst|caves|wooden-churches|bears|off-grid|mocanita|foraging,47.7079,24.4295,city,7,2666,eastern-southeastern,cartaeasterneuropetrips/trips/romania-apuseni-maramures-cabin-nature.md
sk-nature-escape-slovensky-raj-cabin,Ladders in the Waterfall: A Cabin Week in Slovenský raj and on Muránska planina,Slovakia,SK,Eastern & Southeastern Europe,Slovenský raj National Park and Muránska planina,Nature Escapes & Cabin Stays,9,7,June|July|September,"the first half of September — gorges open, water low, the summer crowds gone from the Suchá Belá ladders",€,565,975,245,455,140,210,120,200,60,110,3,Moderate,Hrabušice|Podlesok|Muráň,"Poprad-Tatry (TAT), 35 km to Hrabušice; Košice (KSC) 95 km. Rail to Spišská Nová Ves, then a regional bus to Hrabušice-Podlesok — but a car is close to essential for the Muráň half.",TAT,Euro (EUR),Slovak,gorges|ladders|karst|ice-cave|brown-bear|cabin|off-grid|mushrooms,48.1482,17.1067,country,8,2237,eastern-southeastern,cartaeasterneuropetrips/trips/slovakia-slovensky-raj-cabin-nature.md
al-water-sports-riviera-karaburun,"Clear Water, Thin Rescue: Kayak and Freedive the Albanian Riviera",Albania,AL,Southern & Mediterranean Europe,Albanian Riviera & Karaburun-Sazan Marine National Park,Water Sports & Coastal Trips,10,7,June|August|September,"Early June and the whole of September — warm sea, settled maestral afternoons, operators fully staffed, and none of the August traffic",€€,1050,1750,350,700,195,350,245,450,300,500,3,Active,,"TIA Tirana Nënë Tereza — 2 h 30 to Vlorë, 4 h 15 to Himarë, 5 h to Sarandë. CFU Corfu plus the Corfu–Sarandë ferry (30–70 min) is often faster for the southern half of the trip.",TIA,,,sea-kayaking|freediving|albanian-riviera|karaburun|marine-park|snorkelling|ionian|gjipe|non-eu-roaming|diving,41.3274,19.8187,country,0,4900,southern-mediterranean,carta-dataset/trips/water-sports-albania-riviera-karaburun.md
at-water-sports-salzkammergut-lakes,Sailing and Windsurfing the Salzkammergut Lakes,Austria,AT,Western & Central Europe,"Salzkammergut, Upper Austria",Water Sports & Coastal Trips,10,7,June|July|August|September,"The Rosenwind thermal is most reliable from late June to early September; June water is still cold, September brings the steadiest afternoons and thinner crowds.",€€,980,1420,480,700,250,340,110,170,140,210,2,Active,Attersee am Attersee,Salzburg (SZG),SZG,EUR,German,sailing|windsurfing|thermal-wind|freshwater-lakes|salzkammergut,47.7994,13.044,gateway,0,2004,western-central,cartatripsv1/trips/at-water-salzkammergut-lakes.md
be-water-sports-de-panne-kite-landyacht,Kitesurfing and Land Yachting at De Panne,Belgium,BE,Western & Central Europe,"West Flanders, Belgian Coast",Water Sports & Coastal Trips,10,7,May|June|September,"May, June and September carry the steadiest south-westerlies with fewer bathing-zone restrictions than the peak July–August holiday weeks.",€€,880,1280,420,610,220,300,90,140,150,230,3,Active,De Panne,Brussels (BRU),BRU,EUR,Dutch|French,kitesurfing|land-yachting|blokarten|north-sea|westhoek-dunes,50.8505,4.3488,gateway,0,1907,western-central,cartatripsv1/trips/be-water-de-panne-kite-landyacht.md
be-water-sports-ostend-knokke-sail,"Sailing the Belgian Coast, Ostend to Nieuwpoort",Belgium,BE,Western & Central Europe,"West and East Flanders, Belgian Coast",Water Sports & Coastal Trips,10,7,May|June|July|August,May and June bring the steadiest moderate south-westerlies; July and August add reliable afternoon sea breeze but busier shipping traffic and marina berths.,€€,1020,1480,500,730,250,340,100,150,170,260,3,Active,Ostend,Brussels (BRU),BRU,EUR,Dutch|French,dinghy-sailing|yacht-sailing|north-sea-tides|nieuwpoort-marina|kusttram,51.2155,2.927,city,0,1910,western-central,cartatripsv1/trips/be-water-ostend-knokke-sail.md
bg-water-sports-black-sea-coast,"Wind, Cliff and Reedbed: The Bulgarian Black Sea from Durankulak to Rezovo",Bulgaria,BG,Eastern & Southeastern Europe,The Bulgarian Black Sea Coast — Dobrudzha to Strandzha,Water Sports & Coastal Trips,10,7,June|September,"the first three weeks of June, then the whole of September",€,745,1400,245,490,140,230,180,280,180,400,3,Moderate,Krapets|Varna|Sozopol|Sinemorets,"Fly into Varna, out of Burgas; 130 km apart, both served by low-cost carriers. Hire a car — the E87 / Route 9 coast road is the spine and the northern kite beaches have no useful bus.",,Euro (EUR) — sole legal tender since 1 February 2026; mandatory dual BGN display ended 8 August 2026,Bulgarian,kitesurfing|windsurfing|sup|freediving|wreck-diving|unesco|cliffs|rip-currents,43.2191,27.9102,city,6,2365,eastern-southeastern,cartaeasterneuropetrips/trips/bulgaria-black-sea-coast-water-sports.md
de-water-sports-ruegen-baltic-wind,Rügen and Fehmarn: A Baltic Wind Week,Germany,DE,Western & Central Europe,"Rügen and Fehmarn, Baltic Coast",Water Sports & Coastal Trips,10,7,June|July|August|September,June and September bring the most reliable westerlies; July and August add the warmest water but more midday lulls between the thermal and the gradient wind.,€€,980,1400,480,650,230,320,140,220,130,210,3,Active,"Glowe, Rügen",Hamburg Airport (HAM),HAM,EUR,German,windsurf|kitesurf|sea-kayak|baltic-sea|chalk-cliffs|bodden,52.5244,13.4105,country,0,1903,western-central,cartatripsv1/trips/de-water-ruegen-baltic-wind.md
dk-water-sports-cold-hawaii-klitmoller-vorupor-thy,"Cold Hawaii: Klitmøller, Vorupør & Thy",Denmark,DK,Northern Europe & Baltics,"Thy, northwest Jutland, North Sea coast",Water Sports & Coastal Trips,10,7,March|April|May|June|July|August|September|October|November,"**September to early November and March to May** — the wind statistics are best either side of summer and the water is still workable. June–August is warmest and least windy, which suits beginners and SUP; midwinter is for the committed only",€€,1000,1600,90,170,45,75,180,280,35,60,,,Klitmøller|Nørre Vorupør|Thisted|Hanstholm,,,DKK (Danish krone),Danish|English|German,,57.04,8.48,source,0,1551,northern-baltics,carta_northern_europe_baltics_trips.md#trip-28
ee-water-sports-west-estonian-coast-parnu-ristna-sorve,"West Estonian Coast: Pärnu, Ristna & Sõrve",Estonia,EE,Northern Europe & Baltics,"Pärnu Bay, Hiiumaa and Saaremaa, West Estonian Archipelago",Water Sports & Coastal Trips,10,7,June|July|August|September|October,**June to September for warm water and thermals; late September to November for the autumn storm swell** that makes Ristna Estonia's real surf season. Winter brings ice-surfing photos and very few participants,€€,800,1250,60,130,30,55,150,250,30,55,,,Pärnu|Kõrgessaare/Kalana (Hiiumaa)|Kuressaare/Nasva (Saaremaa),,,EUR,Estonian|Russian|English,,58.92,22.19,source,0,1889,northern-baltics,carta_northern_europe_baltics_trips.md#trip-30
es-water-sports-tarifa-costa-luz,"Two Winds, One Town: Kiting Tarifa and the Costa de la Luz",Spain,ES,Southern & Mediterranean Europe,"Cádiz — Tarifa, the Strait of Gibraltar & the Costa de la Luz",Water Sports & Coastal Trips,10,7,April|May|June|September|October,"Late April–June and mid-September–October — reliable wind, warm-enough water, and beach zoning not yet at its most restrictive",€€,1350,2250,420,880,250,420,200,360,430,620,3,Active,,GIB Gibraltar 45 min by road; JEZ Jerez 1 h 20; AGP Málaga 1 h 45–2 h 15; SVQ Seville 2 h 15. GIB is closest but has the thinnest schedule — most people fly AGP and drive the A-7/N-340.,GIB,,,kitesurfing|tarifa|levante|poniente|costa-de-la-luz|atlantic-tides|whale-watching|surfing|iko|vdws,36.5267,-6.2891,city,0,4368,southern-mediterranean,carta-dataset/trips/water-sports-spain-tarifa-costa-luz.md
fr-water-sports-landes-hossegor-surf,"A Surf Week in Hossegor, Seignosse and Capbreton",France,FR,Western & Central Europe,"Landes, Nouvelle-Aquitaine",Water Sports & Coastal Trips,10,7,June|September|October,"September and October bring the biggest, most consistent groundswell with warm water and thinner crowds than the August peak; June offers smaller, friendlier surf for building confidence.",€€,1000,1450,480,700,250,340,110,160,160,250,3,Active,Hossegor,Biarritz (BIA),BIA,EUR,French,beach-break-surf|gouf-de-capbreton|landes-pine-forest|surf-school|atlantic-swell,43.4806,-1.5568,gateway,0,2031,western-central,cartatripsv1/trips/fr-water-landes-hossegor-surf.md
fr-water-sports-quiberon-morbihan,Quiberon and the Golfe du Morbihan by Board and Kayak,France,FR,Western & Central Europe,"Morbihan, Brittany",Water Sports & Coastal Trips,10,7,June|July|August|September,July and August bring the most reliable thermal afternoon breeze on the Côte Sauvage; June and September keep the Golfe's currents just as strong with far fewer boats.,€€,960,1400,470,680,240,330,100,150,150,240,3,Active,Quiberon,Nantes Atlantique (NTE),NTE,EUR,French,surf|sea-kayak|golfe-du-morbihan|tidal-currents|belle-ile,48.8534,2.3488,country,0,2032,western-central,cartatripsv1/trips/fr-water-quiberon-morbihan.md
gr-water-sports-cyclades-paros-naxos,Meltemi Weeks: Paros & Naxos on Board and Kite,Greece,GR,Southern & Mediterranean Europe,"Cyclades — Paros, Antiparos & Naxos",Water Sports & Coastal Trips,10,7,May|June|September,Mid-June–mid-September for wind; late May and late September for wind plus swimmable calm,€€,1450,2250,560,980,280,420,190,330,420,520,3,Active,,"JTR is wrong for this trip — use PAS Paros National (seasonal Athens and limited European) 20 min to Golden Beach, JNX Naxos Island National 10 min to Naxos Town, or ATH Athens + Blue Star ferry to Paros 3 h 45 min / Naxos 4 h 30 min",JTR,,,kitesurfing|windsurfing|meltemi|cyclades|paros|naxos|freediving|snorkelling|iko|vdws,37.9838,23.7278,country,0,4191,southern-mediterranean,carta-dataset/trips/water-sports-greece-cyclades-paros-naxos.md
hr-water-sports-dalmatia-sailing-kayak,Maestral Country: Sailing and Sea-Kayaking Central Dalmatia,Croatia,HR,Southern & Mediterranean Europe,"Central Dalmatia — Split, Brač, Hvar & the Pakleni Islands, Vis, Šolta",Water Sports & Coastal Trips,10,7,May|June|August|September|October,"Late May–late June and early September–early October — reliable maestral, warm sea, no August berth war",€€€,1700,2900,700,1250,350,550,280,450,370,650,3,Active,,"SPU Split, 25 min to ACI Marina Split and 30 min to ACI Marina Trogir; ferry Split–Supetar (Brač) 50 min",SPU,,,sailing|sea-kayaking|bareboat-charter|maestral|dalmatia|hvar|vis|blue-cave|snorkelling,43.5089,16.4392,city,0,4539,southern-mediterranean,carta-dataset/trips/water-sports-croatia-dalmatia-sailing-kayak.md
hu-water-sports-balaton-tisza,"No Coast, Two Seas: Sailing Balaton and Paddling the Tisza Flooded Forest",Hungary,HU,Eastern & Southeastern Europe,"Lake Balaton, Lake Tisza, the Szigetköz Danube branches and Lake Velence",Water Sports & Coastal Trips,10,7,June|July|August|September,"the first three weeks of June and the first two weeks of September — water still 21–24 °C, wind reliable, shores empty",€€,925,1620,350,620,175,290,140,230,260,480,2,Moderate,Balatonfüred|Balatonkenese|Zamárdi|Tiszafüred|Poroszló,"Budapest Ferenc Liszt (BUD). MÁV line 29 from Déli/Kelenföld to Balatonfüred, ~2 h; line 30 to Siófok on the south shore. Lake Tisza is 2 h by car from Budapest on the M3; rail to Tiszafüred via Füzesabony.",BUD,Hungarian forint (HUF),Hungarian,sailing|windsurfing|wingfoil|kayaking|sup|lake-balaton|lake-tisza|non-tidal,47.4984,19.0404,country,9,2377,eastern-southeastern,cartaeasterneuropetrips/trips/hungary-balaton-tisza-water-sports.md
it-water-sports-sardinia-porto-pollo,"The Bonifacio Funnel: Porto Pollo, La Maddalena and Gallura on the Wind",Italy,IT,Southern & Mediterranean Europe,"Northern Sardinia — Gallura, Porto Pollo & the La Maddalena Archipelago",Water Sports & Coastal Trips,10,7,May|June|August|September,"Mid-May–June and September — the maestrale is at its most reliable, the water is swimmable, and the archipelago is not yet rationed by August boat traffic",€€,1500,2450,480,980,300,460,280,440,440,570,3,Active,,"OLB Olbia Costa Smeralda — 45 min to Palau and Porto Pollo, 1 h to Santa Teresa Gallura, 25 min to Porto San Paolo for Tavolara. AHO Alghero is 2 h 15.",OLB,,,windsurfing|kitesurfing|wingfoil|porto-pollo|maestrale|la-maddalena|freediving|tavolara|sardinia|marine-park,41.8919,12.5113,country,0,4721,southern-mediterranean,carta-dataset/trips/water-sports-italy-sardinia-porto-pollo.md
lt-water-sports-curonian-lagoon-svencele-nida-kite-week,Curonian Lagoon: Svencelė & Nida Kite Week,Lithuania,LT,Northern Europe & Baltics,"Curonian Lagoon and the Baltic coast, Klaipėda region",Water Sports & Coastal Trips,10,7,May|June|July|August|September|October,**May to early October.** May–June and September have the strongest and most consistent wind; July–August is warmest with reliable afternoon thermals and the busiest water,€€,900,1400,60,140,30,55,120,200,50,80,,,Svencelė|Kintai|Nida|Klaipėda,,,EUR,Lithuanian|Russian|English,,55.46,21.19,source,0,1490,northern-baltics,carta_northern_europe_baltics_trips.md#trip-29
mc-water-sports-freedive-kayak,Monaco Water Week: Freediving and Sea Kayak to Menton,Monaco,MC,Western & Central Europe,"Monaco and the Alpes-Maritimes coast, Cap d'Ail to Menton",Water Sports & Coastal Trips,10,7,June|July|August|September,Water is warmest and most freedive-friendly from July to September; June has clearer visibility and fewer tourist boats over the Posidonia meadows.,€€€,1600,2200,900,1200,350,480,100,160,250,360,2,Moderate,Monaco (Larvotto / Monte-Carlo),Nice Côte d'Azur (NCE),NCE,EUR,French|Monégasque|Italian,freediving|sea-kayak|snorkelling|posidonia|mediterranean|larvotto,43.7398,7.4273,city,0,1829,western-central,cartatripsv1/trips/mc-water-monaco-freedive-kayak.md
mc-water-sports-sailing-riviera,Monaco Sailing Week: Port Hercule to the Riviera,Monaco,MC,Western & Central Europe,Monaco and the French-Italian Riviera coast,Water Sports & Coastal Trips,10,7,May|June|September|October,"May, June, September and October carry the most reliable thermal sea breeze without August's crowding; July and August are sailable but Port Hercule and Villefranche get very busy.",€€€,1900,2600,900,1200,350,480,100,160,550,760,2,Moderate,Monaco (Port Hercule),Nice Côte d'Azur (NCE),NCE,EUR,French|Monégasque|Italian,sailing|yacht-club-de-monaco|port-hercule|riviera-coast|regatta|mistral,43.7372,7.4215,city,0,1800,western-central,cartatripsv1/trips/mc-water-monaco-sailing-riviera.md
me-water-sports-boka-ada-bojana,"Fjord and Sandbar: Kayaking Boka Kotorska, Kiting Ada Bojana",Montenegro,ME,Southern & Mediterranean Europe,"Boka Kotorska (Bay of Kotor), the Ulcinj coast & Lake Skadar",Water Sports & Coastal Trips,10,7,June|September,"Early June and September — the maestral is settled, the bay is warm and glassy in the mornings, the Ada Bojana kite schools are fully staffed, and Kotor is not yet a cruise-ship queue",€€,1150,1900,420,780,250,400,230,380,280,450,3,Active,,"TIV Tivat — 25 min to Kotor, 1 h 45 to Ulcinj. TGD Podgorica is 1 h 30 to Kotor and 1 h 20 to Ulcinj, and closer to Lake Skadar. DBV Dubrovnik is 2 h to Kotor but crosses an EU external border.",TIV,,,sea-kayaking|kitesurfing|boka-kotorska|ada-bojana|maestral|bura|lake-skadar|blue-cave|non-eu-roaming|ulcinj,42.4412,19.2631,country,0,4890,southern-mediterranean,carta-dataset/trips/water-sports-montenegro-boka-ada-bojana.md
nl-water-sports-frisian-lakes-ijsselmeer,Skûtsjes and Open Boats on the Frisian Lakes,Netherlands,NL,Western & Central Europe,Friesland lake district and the IJsselmeer,Water Sports & Coastal Trips,10,7,May|June|July|August|September,"July and August coincide with the SKS skûtsjesilen racing calendar between the lake towns; May, June and September give quieter water and steadier south-westerlies.",€€,820,1200,380,540,220,300,100,170,120,190,2,Moderate,"Sneek, Friesland",Amsterdam Schiphol (AMS),AMS,EUR,Dutch|Frisian,skutsjesilen|ijsselmeer|frisian-lakes|open-boat-charter|sneek|elfstedentocht,53.033,5.6589,city,0,1943,western-central,cartatripsv1/trips/nl-water-frisian-lakes-ijsselmeer.md
nl-water-sports-zeeland-brouwersdam-kite,The Brouwersdam Kite and Wing Foil Week,Netherlands,NL,Western & Central Europe,"Zeeland Delta, Schouwen-Duiveland and Goeree-Overflakkee",Water Sports & Coastal Trips,10,7,May|June|July|August|September,"May, June and September carry the most consistent south-westerlies without the July-August crowding; late autumn adds storm-force wind for experienced sailors only.",€€,860,1250,400,580,220,300,110,170,130,200,3,Active,"Ouddorp, Goeree-Overflakkee",Rotterdam The Hague Airport (RTM),RTM,EUR,Dutch,kitesurf|wing-foil|brouwersdam|grevelingenmeer|oosterschelde|tidal-currents,52.374,4.8897,country,0,1906,western-central,cartatripsv1/trips/nl-water-zeeland-brouwersdam-kite.md
pl-water-sports-masuria-hel,Flat Water and Side-Shore: Masurian Sailing and a Kite Week on the Hel Peninsula,Poland,PL,Eastern & Southeastern Europe,Great Masurian Lakes and the Hel Peninsula / Zatoka Pucka,Water Sports & Coastal Trips,10,7,June|July|September,"the second half of June — long days, warm bay water, and wind before the August lull",€€,935,1510,300,520,175,260,180,280,280,450,2,Moderate,Giżycko|Mikołajki|Węgorzewo|Chałupy|Jastarnia,"Warsaw (WAW/WMI) → Giżycko by train via Olsztyn/Korsze, 4–5 h. Gdańsk (GDN) is the exit airport: SKM/PKM to Gdynia, then the Hel line train down the peninsula, ~1 h 45.",GDN,Polish złoty (PLN),Polish,sailing|kitesurfing|windsurfing|kayaking|masuria|hel|baltic|lakes,54.0381,21.7644,city,7,2469,eastern-southeastern,cartaeasterneuropetrips/trips/poland-masuria-hel-water-sports.md
pt-water-sports-ericeira-peniche,"Reserve and Peninsula: Surfing Ericeira, Peniche and the Nazaré Canyon",Portugal,PT,Southern & Mediterranean Europe,"Estremadura — Ericeira World Surfing Reserve, Peniche & Nazaré",Water Sports & Coastal Trips,10,7,May|June|September|October,"Mid-September–end October — the best swell-to-weather ratio of the year, warm water, and the nortada already easing; May–June is the calm, beginner-friendly alternative",€€,1150,1950,380,780,230,380,190,330,350,520,3,Active,,"LIS Lisbon Humberto Delgado — 45 min to Ericeira, 1 h 20 to Peniche, 1 h 45 to Nazaré. OPO Porto is 2 h 15 to Nazaré if you run the trip in reverse.",LIS,,,surfing|ericeira|peniche|nazare|world-surfing-reserve|nortada|atlantic-tides|berlengas|surf-camp|wetsuits,39.3558,-9.3811,city,0,4614,southern-mediterranean,carta-dataset/trips/water-sports-portugal-ericeira-peniche.md
ro-water-sports-danube-delta-coast,Reedbeds and Rip Currents: The Danube Delta and the Romanian Coast by Paddle,Romania,RO,Eastern & Southeastern Europe,The Danube Delta & the Dobrogea Coast,Water Sports & Coastal Trips,10,7,May|June|September,"mid-May to mid-June for birds and tolerable mosquitoes, then all of September",€€,810,1450,310,560,150,240,190,330,160,320,3,Moderate,Tulcea|Crișan|Sulina|Sfântu Gheorghe|Vama Veche,Bucharest Otopeni (OTP) to Tulcea is 260 km / 4 h by road or coach; Constanța (CND) has seasonal flights [VERIFY: current CND seasonal routes]. Go carless for the delta half and pick up a hire car in Tulcea or Constanța for the coast.,OTP,Romanian leu (RON); roughly 4.95–5.05 RON to €1,Romanian|Russian (Lipovan communities),kayaking|delta|birding|pelicans|kitesurfing|biosphere-reserve|lipovan|wild-beach,45.1787,28.805,city,10,2404,eastern-southeastern,cartaeasterneuropetrips/trips/romania-danube-delta-coast-water-sports.md
