country,nuts3,region_name,layer,published,quota,deficit,candidate_id,candidate_name,rejected_by,rejected_detail
IS,IS002,Landsbyggð,lake,,15,11,wd:Q114736535,Landmannalaugar hut,photo_gate,imgs_3
IS,IS002,Landsbyggð,lake,,15,11,wd:Q886946,Blue Lagoon,floor_pool,score_5.3_below_5.4
IS,IS002,Landsbyggð,lake,,15,11,wd:Q335940,Þórisvatn,photo_gate,imgs_5
IS,IS002,Landsbyggð,lake,,15,11,wd:Q1429607,Hvítárvatn,floor_pool,score_5.1_below_5.4
IS,IS002,Landsbyggð,lake,,15,11,wd:Q335432,Þingvallavatn,floor_pool,score_4.9_below_5.4
IS,IS002,Landsbyggð,lake,,15,11,wd:Q283536,Langisjór,photo_gate,imgs_5
IS,IS002,Landsbyggð,lake,,15,11,wd:Q1344692,Lagarfljót,floor_pool,score_4.9_below_5.4
IS,IS002,Landsbyggð,lake,,15,11,wd:Q2536202,Víti Askja,floor_pool,score_4.9_below_5.4
IS,IS002,Landsbyggð,lake,,15,11,wd:Q943482,Grænalón,photo_gate,imgs_2
IS,IS002,Landsbyggð,lake,,15,11,wd:Q1121686,Kvíslavatn,photo_gate,imgs_1
IS,IS002,Landsbyggð,lake,,15,11,wd:Q1416444,Skorradalsvatn,floor_pool,score_4.7_below_5.4
IE,IE041,Border,lake,,10,10,wd:Q1366974,Lough Allen,photo_gate,imgs_2
IE,IE041,Border,lake,,10,10,wd:Q1871373,Lough Derg,floor_pool,score_5.3_below_5.4
IE,IE041,Border,lake,,10,10,wd:Q4244931,Lough Talt,photo_gate,imgs_2
IE,IE041,Border,lake,,10,10,wd:Q23014379,Kindrum Lough,photo_gate,imgs_2
IE,IE041,Border,lake,,10,10,wd:Q24196710,Durnesh Lough,photo_gate,imgs_1
IE,IE041,Border,lake,,10,10,wd:Q3356599,Lough Ramor,floor_pool,score_4.7_below_5.4
IE,IE041,Border,lake,,10,10,wd:Q3260241,Lough Eske,floor_pool,score_4.6_below_5.4
IE,IE041,Border,lake,,10,10,wd:Q24196623,Lough Barra,photo_gate,imgs_3
IE,IE041,Border,lake,,10,10,wd:Q3380869,Lough Sillan,floor_pool,score_4.6_below_5.4
IE,IE041,Border,lake,,10,10,wd:Q24196364,Lough Scur,photo_gate,imgs_1
IE,IE042,West,lake,,9,8,wd:Q848917,Lough Corrib,photo_gate,imgs_2
IE,IE042,West,lake,,9,8,wd:Q6664987,Loch Na Fooey,photo_gate,imgs_1
IE,IE042,West,lake,,9,8,wd:Q2746303,Lough Key,floor_pool,score_5.3_below_5.4
IE,IE042,West,lake,,9,8,wd:Q1768048,Lough Mask,floor_pool,score_5.2_below_5.4
IE,IE042,West,lake,,9,8,wd:Q24196547,Lough Rea,floor_pool,score_5.1_below_5.4
IE,IE042,West,lake,,9,8,wd:Q949985,Lough Conn,floor_pool,score_4.8_below_5.4
IE,IE042,West,lake,,9,8,wd:Q1871364,Lough Carra,photo_gate,imgs_2
IE,IE042,West,lake,,9,8,wd:Q1045261,Carrowmore Lake,photo_gate,imgs_0
MK,MK006,Pološki,lake,,8,8,wd:Q12273457,Bogovinje Lake,photo_gate,imgs_3
MK,MK006,Pološki,lake,,8,8,wd:Q1785612,Mavrovo Lake,photo_gate,imgs_2
MK,MK006,Pološki,lake,,8,8,wd:Q12905767,Karanikola Lake,photo_gate,imgs_5
MK,MK006,Pološki,lake,,8,8,wd:Q110738739,Бозовачко Eзеро,photo_gate,imgs_1
MK,MK006,Pološki,lake,,8,8,wd:Q20934164,Големо Езеро,photo_gate,imgs_3
MK,MK006,Pološki,lake,,8,8,wd:Q20934163,Мало Езеро,photo_gate,imgs_3
MK,MK006,Pološki,lake,,8,8,wd:Q85987495,Малокорапско Езеро,photo_gate,imgs_5
MK,MK006,Pološki,lake,,8,8,wd:Q20565710,Upper Dobrošte Lake,photo_gate,imgs_1
EE,EE001,Põhja-Eesti,lake,,7,7,wd:Q621853,Lake Harku,photo_gate,imgs_3
EE,EE001,Põhja-Eesti,lake,,7,7,wd:Q3743604,Lake Klooga,photo_gate,imgs_3
EE,EE001,Põhja-Eesti,lake,,7,7,wd:Q1808999,Lake Maardu,photo_gate,imgs_2
EE,EE001,Põhja-Eesti,lake,,7,7,wd:Q3449214,Ahvenajärv,photo_gate,imgs_4
EE,EE001,Põhja-Eesti,lake,,7,7,wd:Q18626600,Lake Urbukse,photo_gate,imgs_4
EE,EE001,Põhja-Eesti,lake,,7,7,wd:Q12372937,Lake Purgatsi,floor_pool,score_5.2_below_5.4
EE,EE001,Põhja-Eesti,lake,,7,7,wd:Q12371021,Nikerjärv,floor_pool,score_5.2_below_5.4
MK,MK005,Pelagoniski,lake,,7,7,wd:Q204392,Lake Prespa,photo_gate,imgs_3
MK,MK005,Pelagoniski,lake,,7,7,wd:Q12880819,Great Prespa,photo_gate,imgs_3
MK,MK005,Pelagoniski,lake,,7,7,wd:Q204392,Lake Prespa,photo_gate,imgs_3
MK,MK005,Pelagoniski,lake,,7,7,wd:Q204392,Lake Prespa,photo_gate,imgs_3
MK,MK005,Pelagoniski,lake,,7,7,wd:Q12880819,Great Prespa,photo_gate,imgs_4
MK,MK005,Pelagoniski,lake,,7,7,wd:Q1772988,Lake Streževo,floor_pool,score_5.3_below_5.4
MK,MK005,Pelagoniski,lake,,7,7,wd:Q64547779,Dimitrovo Lake,photo_gate,imgs_5
AL,AL011,Dibër,lake,,6,6,wd:Q22005345,Liqeni i Lopeve,photo_gate,imgs_3
AL,AL011,Dibër,lake,,6,6,wd:Q22007899,Liqeni i Hotit,photo_gate,imgs_1
AL,AL011,Dibër,lake,,6,6,wd:Q22005350,Liqeni i Luleve,photo_gate,imgs_0
AL,AL011,Dibër,lake,,6,6,wd:Q7358625,Sope Lake,photo_gate,imgs_1
AL,AL011,Dibër,lake,,6,6,wd:Q120499178,Liqen i Rrasave,photo_gate,imgs_5
AL,AL011,Dibër,lake,,6,6,wd:Q22007568,Lake Ulza,floor_pool,score_4.8_below_5.4
AL,AL021,Elbasan,lake,,6,6,wd:Q120801093,Dragostunja Lakes,photo_gate,imgs_1
AL,AL021,Elbasan,lake,,6,6,wd:Q22005029,Liqeni i Dushkut,photo_gate,imgs_1
AL,AL021,Elbasan,lake,,6,6,wd:Q22002512,Liqeni i Rajces,photo_gate,imgs_1
AL,AL021,Elbasan,lake,,6,6,wd:Q99519088,Lake Banja,photo_gate,imgs_5
AL,AL021,Elbasan,lake,,6,6,wd:Q22007831,Liqeni i Zavalines,photo_gate,imgs_0
AL,AL021,Elbasan,lake,,6,6,wd:Q22012223,Liqeni i Belshit,photo_gate,imgs_5
LV,LV00C,Vidzeme,lake,,7,6,wd:Q11046848,Lake Väike-Palkna,photo_gate,imgs_1
LV,LV00C,Vidzeme,lake,,7,6,wd:Q1017107,Lake Burtnieks,photo_gate,imgs_2
LV,LV00C,Vidzeme,lake,,7,6,wd:Q6112816,Alauksts,photo_gate,imgs_5
LV,LV00C,Vidzeme,lake,,7,6,wd:Q49304108,Limbažu Lielezers,photo_gate,imgs_2
LV,LV00C,Vidzeme,lake,,7,6,wd:Q12340290,Ungurs,floor_pool,score_5.0_below_5.4
LV,LV00C,Vidzeme,lake,,7,6,wd:Q15218994,Inesis,floor_pool,score_5.0_below_5.4
IS,IS001,Höfuðborgarsvæði,lake,,6,6,wd:Q1332555,Elliðavatn,floor_pool,score_4.7_below_5.4
IS,IS001,Höfuðborgarsvæði,lake,,6,6,wd:Q16424168,Rauðavatn,photo_gate,imgs_5
IS,IS001,Höfuðborgarsvæði,lake,,6,6,wd:Q27468402,Vífilsstaðavatn,photo_gate,imgs_4
IS,IS001,Höfuðborgarsvæði,lake,,6,6,wd:Q97258621,Hvaleyrarvatn,photo_gate,imgs_5
IS,IS001,Höfuðborgarsvæði,lake,,6,6,wd:Q38110900,Ástjörn,photo_gate,imgs_5
IS,IS001,Höfuðborgarsvæði,lake,,6,6,wd:Q16420392,Bakkatjörn,photo_gate,imgs_5
RO,RO321,Bucureşti,lake,,6,6,wd:Q2747597,Lake Herăstrău,floor_pool,score_5.0_below_5.4
RO,RO321,Bucureşti,lake,,6,6,wd:Q24066105,Lake Văcărești,floor_pool,score_5.0_below_5.4
RO,RO321,Bucureşti,lake,,6,6,wd:Q3214882,Lake Floreasca,floor_pool,score_5.0_below_5.4
RO,RO321,Bucureşti,lake,,6,6,wd:Q3214894,Lake Fundeni,photo_gate,imgs_5
RO,RO321,Bucureşti,lake,,6,6,wd:Q13224702,Lake Plumbuita,floor_pool,score_4.9_below_5.4
RO,RO321,Bucureşti,lake,,6,6,wd:Q12731889,Lake Tei,floor_pool,score_4.9_below_5.4
SK,SK041,Prešovský kraj,lake,,13,6,osm:w22774945,Veľké Hincovo pleso,photo_gate,imgs_3
SK,SK041,Prešovský kraj,lake,,13,6,osm:w558904335,Hincove oká,score_gate,score_3.8_below_5.4
SK,SK041,Prešovský kraj,lake,,13,6,osm:w22774946,Hincove oká,score_gate,score_3.8_below_5.4
SK,SK041,Prešovský kraj,lake,,13,6,osm:w47575012,Nižné Temnosmrečinské pleso,photo_gate,imgs_1
SK,SK041,Prešovský kraj,lake,,13,6,osm:w366333668,Malé Tomanovské pleso,photo_gate,imgs_0
SK,SK041,Prešovský kraj,lake,,13,6,osm:w1102869294,Nižné Tomanovské pleso,photo_gate,imgs_0
GB,TLD13,Cumberland,lake,,6,6,wd:Q934551,Derwentwater,photo_gate,imgs_2
GB,TLD13,Cumberland,lake,,6,6,wd:Q5287202,Dock Tarn,photo_gate,imgs_0
GB,TLD13,Cumberland,lake,,6,6,wd:Q5267648,Devoke Water,floor_pool,score_5.0_below_5.4
GB,TLD13,Cumberland,lake,,6,6,wd:Q1018122,Buttermere,floor_pool,score_4.8_below_5.4
GB,TLD13,Cumberland,lake,,6,6,wd:Q514635,Wast Water,photo_gate,imgs_4
GB,TLD13,Cumberland,lake,,6,6,wd:Q883285,Bleaberry Tarn,floor_pool,score_4.7_below_5.4
GB,TLM02,"Perth and Kinross, and Stirling",lake,,6,6,wd:Q2266807,Loch Leven,floor_pool,score_4.8_below_5.4
GB,TLM02,"Perth and Kinross, and Stirling",lake,,6,6,wd:Q1549069,Loch Earn,floor_pool,score_4.3_below_5.4
GB,TLM02,"Perth and Kinross, and Stirling",lake,,6,6,wd:Q943839,Loch Rannoch,floor_pool,score_4.2_below_5.4
GB,TLM02,"Perth and Kinross, and Stirling",lake,,6,6,wd:Q1867269,Loch Katrine,floor_pool,score_4.1_below_5.4
GB,TLM02,"Perth and Kinross, and Stirling",lake,,6,6,wd:Q1801121,Lake of Menteith,floor_pool,score_4.1_below_5.4
GB,TLM02,"Perth and Kinross, and Stirling",lake,,6,6,wd:Q952329,Loch Chon,floor_pool,score_4.1_below_5.4
FO,FO-FRO,Faroe Islands,lake,,7,6,osm:w762997214,Svimjihøllin í Leirvík,photo_gate,imgs_0
FO,FO-FRO,Faroe Islands,lake,,7,6,wd:Q476699,Fjallavatn,photo_gate,imgs_1
FO,FO-FRO,Faroe Islands,lake,,7,6,osm:w66990272,Gøtusandur,photo_gate,imgs_0
FO,FO-FRO,Faroe Islands,lake,,7,6,osm:w1179830546,Krabbisurðin,photo_gate,imgs_0
FO,FO-FRO,Faroe Islands,lake,,7,6,osm:w62313203,Sandagerð,photo_gate,imgs_0
FO,FO-FRO,Faroe Islands,lake,,7,6,osm:w44703028,Klaksvikar Svimjihøll,photo_gate,imgs_0
AL,AL035,Vlorë,lake,,7,5,wd:Q22008293,Pasha Liman,photo_gate,imgs_0
AL,AL035,Vlorë,lake,,7,5,wd:Q22008294,Liqeni i Pasha-limanit,photo_gate,imgs_0
AL,AL035,Vlorë,lake,,7,5,wd:Q22012212,Bashamat,photo_gate,imgs_0
AL,AL035,Vlorë,lake,,7,5,wd:Q22008285,Pylli i Pallorengut,photo_gate,imgs_4
AL,AL035,Vlorë,lake,,7,5,wd:Q22002839,Liqeni i Rrezes,photo_gate,imgs_2
DK,DK022,Vest- og Sydsjælland,lake,,5,5,wd:Q39060232,Sorø Lake,photo_gate,imgs_2
DK,DK022,Vest- og Sydsjælland,lake,,5,5,wd:Q23738301,Søndersø,photo_gate,imgs_3
DK,DK022,Vest- og Sydsjælland,lake,,5,5,wd:Q23738370,Stege Nor,photo_gate,imgs_2
DK,DK022,Vest- og Sydsjælland,lake,,5,5,wd:Q23747292,Gyrstinge Sø,photo_gate,imgs_2
DK,DK022,Vest- og Sydsjælland,lake,,5,5,wd:Q30597120,Maglesø,photo_gate,imgs_2
EE,EE004,Lääne-Eesti,lake,,6,5,wd:Q6373614,Karujärv,photo_gate,imgs_2
EE,EE004,Lääne-Eesti,lake,,6,5,wd:Q595341,Kaali crater,photo_gate,imgs_3
EE,EE004,Lääne-Eesti,lake,,6,5,wd:Q12368869,Linnulaht,photo_gate,imgs_1
EE,EE004,Lääne-Eesti,lake,,6,5,wd:Q12364485,Inahamne,floor_pool,score_5.2_below_5.4
EE,EE004,Lääne-Eesti,lake,,6,5,wd:Q3367282,Mullutu-Suurlaht,photo_gate,imgs_0
FI,FI1DB,Pohjois-Savo,lake,,5,5,wd:Q890532,Kallavesi,photo_gate,imgs_3
FI,FI1DB,Pohjois-Savo,lake,,5,5,wd:Q1782052,Suvasvesi,photo_gate,imgs_3
FI,FI1DB,Pohjois-Savo,lake,,5,5,wd:Q7230318,Porovesi,photo_gate,imgs_5
FI,FI1DB,Pohjois-Savo,lake,,5,5,wd:Q15209581,Kaavinjärvi,photo_gate,imgs_2
FI,FI1DB,Pohjois-Savo,lake,,5,5,wd:Q7362310,Unnukka,photo_gate,imgs_3
MK,MK003,Jugozapaden,lake,,7,5,osm:w1527941371,Beach Kaneo,photo_gate,imgs_3
MK,MK003,Jugozapaden,lake,,7,5,osm:w219684157,"Воено Одморалиште ""Генерал Васко Карангелевски""",photo_gate,imgs_0
MK,MK003,Jugozapaden,lake,,7,5,osm:w219772765,Пристаниште „Свети Наум“,photo_gate,imgs_0
MK,MK003,Jugozapaden,lake,,7,5,wd:Q1181386,Debar Lake,floor_pool,score_5.3_below_5.4
MK,MK003,Jugozapaden,lake,,7,5,osm:w194640377,Gradishte,photo_gate,imgs_0
MK,MK001,Vardarski,lake,,5,5,wd:Q12908695,Lake Mladost,photo_gate,imgs_5
MK,MK001,Vardarski,lake,,5,5,wd:Q50427672,Moklište Lake,photo_gate,imgs_5
MK,MK001,Vardarski,lake,,5,5,wd:Q3086506,Tikveš Lake,floor_pool,score_4.7_below_5.4
MK,MK001,Vardarski,lake,,5,5,wd:Q20935661,Моклишко Езеро,photo_gate,imgs_1
MK,MK001,Vardarski,lake,,5,5,wd:Q12908121,Лисиче,photo_gate,imgs_3
IE,IE051,Mid-West ,lake,,5,5,wd:Q918349,Lough Derg,photo_gate,imgs_3
IE,IE051,Mid-West ,lake,,5,5,wd:Q61676998,Ballyallia Lake,photo_gate,imgs_0
IE,IE051,Mid-West ,lake,,5,5,wd:Q604502,Lough Gur,floor_pool,score_4.8_below_5.4
IE,IE051,Mid-West ,lake,,5,5,wd:Q24196568,Lough Bunny,floor_pool,score_4.4_below_5.4
IE,IE051,Mid-West ,lake,,5,5,wd:Q24196580,Lough Cullaun,photo_gate,imgs_0
HU,HU323,Szabolcs-Szatmár-Bereg,lake,,5,5,wd:Q26229207,Morotva,photo_gate,imgs_5
HU,HU323,Szabolcs-Szatmár-Bereg,lake,,5,5,wd:Q26228642,Solymos-tó,photo_gate,imgs_5
HU,HU323,Szabolcs-Szatmár-Bereg,lake,,5,5,wd:Q1321615,Tiszavasvári Fehér-szik Természetvédelmi Terület,photo_gate,imgs_1
HU,HU323,Szabolcs-Szatmár-Bereg,lake,,5,5,wd:Q26228665,Sós-tó,floor_pool,score_4.9_below_5.4
HU,HU323,Szabolcs-Szatmár-Bereg,lake,,5,5,wd:Q113126556,Hodos holtág,photo_gate,imgs_2
HU,HU331,Bács-Kiskun,lake,,5,5,wd:Q986825,Lake Déllő,photo_gate,imgs_0
HU,HU331,Bács-Kiskun,lake,,5,5,wd:Q2665499,Lake Vadkert,photo_gate,imgs_1
HU,HU331,Bács-Kiskun,lake,,5,5,wd:Q1051426,Lake Szelid,photo_gate,imgs_2
HU,HU331,Bács-Kiskun,lake,,5,5,wd:Q60715833,Upper Kiskunság Alkaline Lakes,photo_gate,imgs_2
HU,HU331,Bács-Kiskun,lake,,5,5,wd:Q1109106,Király-tó,photo_gate,imgs_0
NO,NO085,Buskerud,lake,,5,5,wd:Q1144478,Eikeren,photo_gate,imgs_3
NO,NO085,Buskerud,lake,,5,5,wd:Q4590459,Vavatn,photo_gate,imgs_1
NO,NO085,Buskerud,lake,,5,5,wd:Q1772375,Stolsvatnet,floor_pool,score_4.9_below_5.4
NO,NO085,Buskerud,lake,,5,5,wd:Q6485968,Langesjøen,photo_gate,imgs_1
NO,NO085,Buskerud,lake,,5,5,wd:Q1332983,Strandavatnet,floor_pool,score_4.3_below_5.4
NO,NO071,Nordland/Nordlánnda,lake,,5,5,wd:Q1771514,Balvatnet,photo_gate,imgs_2
NO,NO071,Nordland/Nordlánnda,lake,,5,5,wd:Q4591249,Raudvatnet,floor_pool,score_5.1_below_5.4
NO,NO071,Nordland/Nordlánnda,lake,,5,5,wd:Q307594,Överuman,floor_pool,score_4.8_below_5.4
NO,NO071,Nordland/Nordlánnda,lake,,5,5,wd:Q1352298,Røssvatnet,floor_pool,score_4.7_below_5.4
NO,NO071,Nordland/Nordlánnda,lake,,5,5,wd:Q5096953,Storglomvatnet,floor_pool,score_4.4_below_5.4
RS,RS127,Sremska oblast,lake,,5,5,wd:Q3444519,Zasavica,floor_pool,score_4.9_below_5.4
RS,RS127,Sremska oblast,lake,,5,5,wd:Q31182634,Бешеновачко језеро,photo_gate,imgs_4
RS,RS127,Sremska oblast,lake,,5,5,wd:Q31182625,Бурје,photo_gate,imgs_3
RS,RS127,Sremska oblast,lake,,5,5,wd:Q15990616,Borkovac,photo_gate,imgs_1
RS,RS127,Sremska oblast,lake,,5,5,wd:Q11651587,Шатриначко језеро,photo_gate,imgs_2
RO,RO225,Tulcea,lake,,5,5,wd:Q18541222,Babadag,photo_gate,imgs_0
RO,RO225,Tulcea,lake,,5,5,wd:Q2349738,Lake Razelm,photo_gate,imgs_1
RO,RO225,Tulcea,lake,,5,5,wd:Q14947829,Grindul și Lacul Răducu,photo_gate,imgs_1
RO,RO225,Tulcea,lake,,5,5,wd:Q35721723,Lacul Furtuna,floor_pool,score_4.6_below_5.4
RO,RO225,Tulcea,lake,,5,5,wd:Q35721679,Lake Babadag,floor_pool,score_4.4_below_5.4
SK,SK031,Žilinský kraj,lake,,5,5,osm:r1454833,Orava reservoir,floor_pool,score_4.7_below_5.4
SK,SK031,Žilinský kraj,lake,,5,5,osm:w197459657,Nižné Jamnícke pleso,photo_gate,imgs_1
SK,SK031,Žilinský kraj,lake,,5,5,osm:w181561902,Ťatliakovo jazero,photo_gate,imgs_1
SK,SK031,Žilinský kraj,lake,,5,5,osm:w197459658,Vyšné Jamnícke pleso,photo_gate,imgs_1
SK,SK031,Žilinský kraj,lake,,5,5,osm:w643171487,Zelené pliesko,photo_gate,imgs_1
SI,SI032,Podravska,lake,,5,5,osm:w734422177,Kamp Terme Ptuj,photo_gate,imgs_3
SI,SI032,Podravska,lake,,5,5,osm:w171236272,Termalni park Terme Ptuj,photo_gate,imgs_2
SI,SI032,Podravska,lake,,5,5,osm:w1347427913,Termalni park Terme Ptuj,photo_gate,imgs_2
SI,SI032,Podravska,lake,,5,5,osm:r2303560,Gramoznica Duplek,photo_gate,imgs_3
SI,SI032,Podravska,lake,,5,5,osm:w170808453,Gramoznica Pleterje,photo_gate,imgs_0
SI,SI038,Primorsko-notranjska,lake,,6,5,osm:w1313100274,Glamping Lake Bloke,photo_gate,imgs_2
SI,SI038,Primorsko-notranjska,lake,,6,5,osm:r9623586,Cerkniško Jezero,photo_gate,imgs_1
SI,SI038,Primorsko-notranjska,lake,,6,5,wd:Q12796983,Mola,photo_gate,imgs_4
SI,SI038,Primorsko-notranjska,lake,,6,5,wd:Q19932508,Lake Klivnik,floor_pool,score_4.7_below_5.4
SI,SI038,Primorsko-notranjska,lake,,6,5,wd:Q90776977,Jeredovce,photo_gate,imgs_3
GB,TLD14,Westmorland and Furness,lake,,6,5,wd:Q990827,Brothers Water,floor_pool,score_4.8_below_5.4
GB,TLD14,Westmorland and Furness,lake,,6,5,wd:Q1591929,Hayeswater,photo_gate,imgs_2
GB,TLD14,Westmorland and Furness,lake,,6,5,wd:Q7305159,Red Tarn,photo_gate,imgs_5
GB,TLD14,Westmorland and Furness,lake,,6,5,wd:Q390370,Windermere,floor_pool,score_4.4_below_5.4
GB,TLD14,Westmorland and Furness,lake,,6,5,wd:Q3695405,Tarn Hows,floor_pool,score_4.4_below_5.4
GB,TLL32,Gwynedd,lake,,5,5,wd:Q3399871,Llyn Padarn,photo_gate,imgs_2
GB,TLL32,Gwynedd,lake,,5,5,wd:Q3405761,Llyn Idwal,photo_gate,imgs_1
GB,TLL32,Gwynedd,lake,,5,5,wd:Q1335466,Llyn Tegid,floor_pool,score_5.2_below_5.4
GB,TLL32,Gwynedd,lake,,5,5,wd:Q3086201,Llyn Llydaw,floor_pool,score_5.1_below_5.4
GB,TLL32,Gwynedd,lake,,5,5,wd:Q3401781,Llyn Peris,floor_pool,score_5.1_below_5.4
GB,TLM20,Highlands and Islands,lake,,8,5,wd:Q1535690,Loch an Eilein,photo_gate,imgs_2
GB,TLM20,Highlands and Islands,lake,,8,5,wd:Q1967626,Loch Morlich,floor_pool,score_5.3_below_5.4
GB,TLM20,Highlands and Islands,lake,,8,5,wd:Q49650,Loch Ness,floor_pool,score_5.1_below_5.4
GB,TLM20,Highlands and Islands,lake,,8,5,wd:Q1867229,Loch Arkaig,floor_pool,score_5.1_below_5.4
GB,TLM20,Highlands and Islands,lake,,8,5,wd:Q1310646,Loch Maree,floor_pool,score_4.9_below_5.4
AL,AL012,Durrës,lake,,4,4,wd:Q22012247,Keneta e Bishtarakes,photo_gate,imgs_0
AL,AL012,Durrës,lake,,4,4,wd:Q22012374,Keneta e Durresit,photo_gate,imgs_0
AL,AL012,Durrës,lake,,4,4,wd:Q22012249,Laguna e Bishtarakes,photo_gate,imgs_0
AL,AL012,Durrës,lake,,4,4,wd:Q22009545,Pylli i Gramzes,photo_gate,imgs_0
AL,AL032,Fier,lake,,5,4,wd:Q22009607,Godulla e Karavastase,photo_gate,imgs_0
AL,AL032,Fier,lake,,5,4,wd:Q22009609,Liqeni i Karavastase,photo_gate,imgs_0
AL,AL032,Fier,lake,,5,4,wd:Q22007539,Ujembledhesi i Thanes,photo_gate,imgs_0
AL,AL032,Fier,lake,,5,4,wd:Q22009608,Keneta e Karavastase,photo_gate,imgs_0
AL,AL034,Korcë,lake,,4,4,wd:Q22005382,Keneta e Maliqit,photo_gate,imgs_0
AL,AL034,Korcë,lake,,4,4,wd:Q132177937,Lake Neuron,photo_gate,imgs_2
AL,AL034,Korcë,lake,,4,4,wd:Q16328245,Lake Maliq,photo_gate,imgs_0
AL,AL034,Korcë,lake,,4,4,wd:Q132726163,Moglicë Reservoir,photo_gate,imgs_1
AL,AL022,Tiranë,lake,,4,4,wd:Q22009774,Ujembledhesi i Manskurise,photo_gate,imgs_3
AL,AL022,Tiranë,lake,,4,4,wd:Q895359,Bovilla reservoir,floor_pool,score_4.8_below_5.4
AL,AL022,Tiranë,lake,,4,4,wd:Q9258041,Lake Farka,floor_pool,score_4.6_below_5.4
AL,AL022,Tiranë,lake,,4,4,wd:Q22011884,Tirana Artificial Lake,floor_pool,score_4.5_below_5.4
BE,BE225,Arr. Maaseik,lake,,4,4,wd:Q2702921,Heerenlaak,photo_gate,imgs_3
BE,BE225,Arr. Maaseik,lake,,4,4,wd:Q13438810,Bergerven,floor_pool,score_4.9_below_5.4
BE,BE225,Arr. Maaseik,lake,,4,4,wd:Q2906583,Ruiterskuilen,photo_gate,imgs_2
BE,BE225,Arr. Maaseik,lake,,4,4,wd:Q98642638,Broekven,photo_gate,imgs_1
BG,BG415,Kyustendil,lake,,5,4,wd:Q1661327,Seven Rila Lakes,photo_gate,imgs_1
BG,BG415,Kyustendil,lake,,5,4,wd:Q12292353,Ribni Ezera,photo_gate,imgs_1
BG,BG415,Kyustendil,lake,,5,4,wd:Q12278969,The Lower Lake,photo_gate,imgs_1
BG,BG415,Kyustendil,lake,,5,4,wd:Q12294095,Smradlivo Lake,photo_gate,imgs_1
CY,CY000,Kýpros,lake,,8,4,wd:Q61740181,Λίμνη Ορόκλινης,photo_gate,imgs_2
CY,CY000,Kýpros,lake,,8,4,wd:Q12880040,Λίμνη Παραλιμνίου,photo_gate,imgs_2
CY,CY000,Kýpros,lake,,8,4,wd:Q22985616,Prodromas,photo_gate,imgs_5
CY,CY000,Kýpros,lake,,8,4,wd:Q82523478,Kalopanagiotis Reservoir,photo_gate,imgs_0
CZ,CZ042,Ústecký kraj,lake,,7,4,wd:Q1558921,Kamencové jezero,photo_gate,imgs_2
CZ,CZ042,Ústecký kraj,lake,,7,4,wd:Q12036095,Lake Matylda,photo_gate,imgs_2
CZ,CZ042,Ústecký kraj,lake,,7,4,wd:Q104815185,Jezero Marie,photo_gate,imgs_2
CZ,CZ042,Ústecký kraj,lake,,7,4,wd:Q8230561,Barbora Lake,photo_gate,imgs_2
GR,EL632,Achaia,lake,,4,4,wd:Q109301707,Asteri Lake,photo_gate,imgs_2
GR,EL632,Achaia,lake,,4,4,wd:Q15057232,Tsivlou lake,photo_gate,imgs_5
GR,EL632,Achaia,lake,,4,4,wd:Q18692276,Lake Velimáchí,photo_gate,imgs_3
GR,EL632,Achaia,lake,,4,4,wd:Q12880047,Prókopos,photo_gate,imgs_5
GR,EL541,"Arta, Preveza",lake,,4,4,wd:Q12880039,Lake Ziros,photo_gate,imgs_1
GR,EL541,"Arta, Preveza",lake,,4,4,wd:Q2106785,Pournari lake,photo_gate,imgs_1
GR,EL541,"Arta, Preveza",lake,,4,4,wd:Q15057373,Louros reservoir,photo_gate,imgs_5
GR,EL541,"Arta, Preveza",lake,,4,4,wd:Q25094300,Pogonitsa,photo_gate,imgs_5
DK,DK050,Nordjylland,lake,,5,4,wd:Q23734931,Vandet Sø,photo_gate,imgs_2
DK,DK050,Nordjylland,lake,,5,4,wd:Q23736564,Store Økssø,photo_gate,imgs_1
DK,DK050,Nordjylland,lake,,5,4,wd:Q12343703,Vandplasken,photo_gate,imgs_1
DK,DK050,Nordjylland,lake,,5,4,wd:Q12314024,Glenstrup Sø,photo_gate,imgs_3
EE,EE009,Kesk-Eesti,lake,,4,4,wd:Q7371153,Väinjärv,photo_gate,imgs_2
EE,EE009,Kesk-Eesti,lake,,4,4,wd:Q12374844,Lake Seli,photo_gate,imgs_1
EE,EE009,Kesk-Eesti,lake,,4,4,wd:Q6477421,Lake Porkuni,floor_pool,score_4.8_below_5.4
EE,EE009,Kesk-Eesti,lake,,4,4,wd:Q3742729,Lake Käsmu,photo_gate,imgs_1
FI,FI1D7,Lappi,lake,,5,4,wd:Q203137,Lake Inari,photo_gate,imgs_2
FI,FI1D7,Lappi,lake,,5,4,wd:Q205829,Kilpisjärvi,floor_pool,score_5.1_below_5.4
FI,FI1D7,Lappi,lake,,5,4,wd:Q2542996,Yli-Kitka,photo_gate,imgs_2
FI,FI1D7,Lappi,lake,,5,4,wd:Q6182224,Jerisjärvi,floor_pool,score_4.9_below_5.4
HU,HU231,Baranya,lake,,4,4,wd:Q535617,Lake Orfű,photo_gate,imgs_1
HU,HU231,Baranya,lake,,4,4,wd:Q12639655,Lake Pécs,photo_gate,imgs_1
HU,HU231,Baranya,lake,,4,4,wd:Q721786,Lake Dombay,photo_gate,imgs_3
HU,HU231,Baranya,lake,,4,4,wd:Q26231347,Riha-tó,photo_gate,imgs_0
HU,HU232,Somogy,lake,,4,4,wd:Q26231849,Öreg-tó,photo_gate,imgs_0
HU,HU232,Somogy,lake,,4,4,wd:Q51332506,Kotró,photo_gate,imgs_1
HU,HU232,Somogy,lake,,4,4,wd:Q904268,Lake Deseda,floor_pool,score_5.1_below_5.4
HU,HU232,Somogy,lake,,4,4,wd:Q12627551,Lake Baláta,floor_pool,score_4.9_below_5.4
HR,HR062,Varaždinska županija,lake,,4,4,wd:Q4103545,Lake Varaždin,photo_gate,imgs_1
HR,HR062,Varaždinska županija,lake,,4,4,wd:Q124364510,Motičnjak,photo_gate,imgs_1
HR,HR062,Varaždinska županija,lake,,4,4,wd:Q26224786,Lake Ormož,photo_gate,imgs_5
HR,HR062,Varaždinska županija,lake,,4,4,wd:Q820542,Lake Dubrava,photo_gate,imgs_2
HR,HR063,Koprivničko-križevačka županija,lake,,5,4,wd:Q8082839,Šoderica,floor_pool,score_5.0_below_5.4
HR,HR063,Koprivničko-križevačka županija,lake,,5,4,wd:Q136760356,Jablanje,photo_gate,imgs_5
HR,HR063,Koprivničko-križevačka županija,lake,,5,4,wd:Q131323269,Ribnjak,floor_pool,score_4.8_below_5.4
HR,HR063,Koprivničko-križevačka županija,lake,,5,4,wd:Q115308479,Gabajeva Greda,photo_gate,imgs_2
HR,HR024,Brodsko-posavska županija,lake,,4,4,wd:Q7178471,Petnja,photo_gate,imgs_2
HR,HR024,Brodsko-posavska županija,lake,,4,4,wd:Q112121007,Bačica,photo_gate,imgs_0
HR,HR024,Brodsko-posavska županija,lake,,4,4,wd:Q26223213,Sinokosno,photo_gate,imgs_0
HR,HR024,Brodsko-posavska županija,lake,,4,4,wd:Q25302087,Jezero Petnja,photo_gate,imgs_0
HU,HU211,Fejér,lake,,4,4,wd:Q847072,Lake Velence,photo_gate,imgs_2
HU,HU211,Fejér,lake,,4,4,wd:Q20438788,Rétszilas Lakes Natural Reserve,photo_gate,imgs_5
HU,HU211,Fejér,lake,,4,4,wd:Q1315401,Sós-tó,floor_pool,score_4.8_below_5.4
HU,HU211,Fejér,lake,,4,4,wd:Q15631447,Zichy-tó,floor_pool,score_4.7_below_5.4
LV,LV009,Zemgale,lake,,4,4,wd:Q16350356,Radžu ūdenskrātuve,photo_gate,imgs_2
LV,LV009,Zemgale,lake,,4,4,wd:Q5765299,Saukas ezers,photo_gate,imgs_5
LV,LV009,Zemgale,lake,,4,4,wd:Q14917185,Lielauces ezers,photo_gate,imgs_5
LV,LV009,Zemgale,lake,,4,4,wd:Q15220080,Zebrus ezers,floor_pool,score_4.9_below_5.4
MK,MK004,Jugoistočen,lake,,6,4,osm:w1241710473,Градска Плажа,photo_gate,imgs_0
MK,MK004,Jugoistočen,lake,,6,4,wd:Q25553764,Мантово,photo_gate,imgs_5
MK,MK004,Jugoistočen,lake,,6,4,wd:Q11058229,Водоча,photo_gate,imgs_5
MK,MK004,Jugoistočen,lake,,6,4,wd:Q12906324,Selemli Lake,photo_gate,imgs_5
ME,ME000,Crna Gora,lake,,7,4,wd:Q44844707,Lake Grahovo,photo_gate,imgs_1
ME,ME000,Crna Gora,lake,,7,4,osm:w172412583,Čanj Beach,photo_gate,imgs_2
ME,ME000,Crna Gora,lake,,7,4,osm:w233639213,Pool 3+ star,photo_gate,imgs_0
ME,ME000,Crna Gora,lake,,7,4,osm:w156809752,Velika Plaža - Plazhi i Madh,photo_gate,imgs_2
LV,LV005,Latgale,lake,,10,4,wd:Q20405433,Šuņezers,photo_gate,imgs_3
LV,LV005,Latgale,lake,,10,4,wd:Q15219684,Kovšu Lake,photo_gate,imgs_2
LV,LV005,Latgale,lake,,10,4,wd:Q1630539,Rušons,floor_pool,score_5.2_below_5.4
LV,LV005,Latgale,lake,,10,4,wd:Q3801480,Ežezers,floor_pool,score_5.2_below_5.4
HU,HU311,Borsod-Abaúj-Zemplén,lake,,4,4,wd:Q137596492,Kistokaji bányató,photo_gate,imgs_1
HU,HU311,Borsod-Abaúj-Zemplén,lake,,4,4,wd:Q1175526,Megyer-hegyi Tarn,floor_pool,score_4.7_below_5.4
HU,HU311,Borsod-Abaúj-Zemplén,lake,,4,4,wd:Q137596239,Tarcali bányató,photo_gate,imgs_5
HU,HU311,Borsod-Abaúj-Zemplén,lake,,4,4,wd:Q111239048,Rudabányai bányató,photo_gate,imgs_2
IE,IE053,South-West ,lake,,6,4,wd:Q25238257,Lough Gill,photo_gate,imgs_1
IE,IE053,South-West ,lake,,6,4,wd:Q16894327,Lough Mahon,photo_gate,imgs_4
IE,IE053,South-West ,lake,,6,4,wd:Q6686106,Lough Currane,floor_pool,score_4.4_below_5.4
IE,IE053,South-West ,lake,,6,4,wd:Q22084164,Muckross Lake,floor_pool,score_4.3_below_5.4
IE,IE062,Mid-East,lake,,4,4,wd:Q3074707,Lough Tay,floor_pool,score_4.9_below_5.4
IE,IE062,Mid-East,lake,,4,4,wd:Q33227010,Art's Lough,photo_gate,imgs_5
IE,IE062,Mid-East,lake,,4,4,wd:Q27588512,Glendalough Upper Lake,floor_pool,score_4.6_below_5.4
IE,IE062,Mid-East,lake,,4,4,wd:Q287141,Lough Dan,floor_pool,score_4.6_below_5.4
HU,HU333,Csongrád-Csanád,lake,,5,4,wd:Q26231414,Sáros-szék,photo_gate,imgs_0
HU,HU333,Csongrád-Csanád,lake,,5,4,wd:Q942033,Lake Fehér,photo_gate,imgs_1
HU,HU333,Csongrád-Csanád,lake,,5,4,wd:Q1473625,Őszeszéki-tó,photo_gate,imgs_4
HU,HU333,Csongrád-Csanád,lake,,5,4,wd:Q855460,Büdös-szék,photo_gate,imgs_0
NO,NO092,Agder,lake,,4,4,wd:Q1772746,Åraksfjorden,photo_gate,imgs_5
NO,NO092,Agder,lake,,4,4,wd:Q2455280,Byglandsfjorden,photo_gate,imgs_5
NO,NO092,Agder,lake,,4,4,wd:Q6514173,Syndle,photo_gate,imgs_5
NO,NO092,Agder,lake,,4,4,wd:Q657862,Lundevatnet,photo_gate,imgs_4
NO,NO094,Telemark,lake,,5,4,wd:Q1519849,Heddalsvatnet,photo_gate,imgs_5
NO,NO094,Telemark,lake,,5,4,wd:Q732070,Kviteseidvatnet,photo_gate,imgs_5
NO,NO094,Telemark,lake,,5,4,wd:Q654083,Fyresvatnet,photo_gate,imgs_5
NO,NO094,Telemark,lake,,5,4,wd:Q806255,Bandak,floor_pool,score_5.3_below_5.4
NO,NO081,Oslo,lake,,4,4,wd:Q2297840,Sognsvann,photo_gate,imgs_1
NO,NO081,Oslo,lake,,4,4,wd:Q1775997,Østensjøvannet,floor_pool,score_5.1_below_5.4
NO,NO081,Oslo,lake,,4,4,wd:Q1247626,Maridalsvannet,floor_pool,score_4.9_below_5.4
NO,NO081,Oslo,lake,,4,4,wd:Q4919974,Bjørnsjøen,floor_pool,score_4.0_below_5.4
NO,NO083,Østfold,lake,,4,4,wd:Q3356657,Vansjø,photo_gate,imgs_5
NO,NO083,Østfold,lake,,4,4,wd:Q6515479,Vestvannet,photo_gate,imgs_1
NO,NO083,Østfold,lake,,4,4,wd:Q11219855,Tunevannet,photo_gate,imgs_1
NO,NO083,Østfold,lake,,4,4,wd:Q3359300,Ara,photo_gate,imgs_2
NO,NO084,Akershus,lake,,4,4,wd:Q6514268,Setten,photo_gate,imgs_2
NO,NO084,Akershus,lake,,4,4,wd:Q11999909,Semsvannet,photo_gate,imgs_2
NO,NO084,Akershus,lake,,4,4,wd:Q4580205,Engervannet,photo_gate,imgs_1
NO,NO084,Akershus,lake,,4,4,wd:Q6513793,Lyseren,photo_gate,imgs_2
NO,NO0A2,Vestland,lake,,5,4,wd:Q200003,Hornindalsvatnet,photo_gate,imgs_5
NO,NO0A2,Vestland,lake,,5,4,wd:Q107724110,Bondhusvatnet,floor_pool,score_4.2_below_5.4
NO,NO0A2,Vestland,lake,,5,4,wd:Q16896925,Oldevatnet,score_gate,score_3.5_below_5.4
NO,NO060,Trøndelag/Trööndelage,lake,,4,4,wd:Q6977209,Storvatnet,photo_gate,imgs_1
NO,NO060,Trøndelag/Trööndelage,lake,,4,4,wd:Q1234569,Tunnsjøen,photo_gate,imgs_2
NO,NO060,Trøndelag/Trööndelage,lake,,4,4,wd:Q6275920,Jonsvatnet,score_gate,score_3.8_below_5.4
NO,NO060,Trøndelag/Trööndelage,lake,,4,4,wd:Q817806,Benna,score_gate,score_3.8_below_5.4
MK,MK007,Severoistočen,lake,,4,4,wd:Q3215447,Глажња (езеро),photo_gate,imgs_0
MK,MK007,Severoistočen,lake,,4,4,wd:Q114964741,Кнежевско Езеро,photo_gate,imgs_5
MK,MK007,Severoistočen,lake,,4,4,wd:Q20933105,Глажњанско Езеро,photo_gate,imgs_0
MK,MK007,Severoistočen,lake,,4,4,wd:Q3134325,Липковско Езеро,photo_gate,imgs_0
RO,RO322,Ilfov,lake,,4,4,wd:Q3107107,Lake Snagov,floor_pool,score_5.2_below_5.4
RO,RO322,Ilfov,lake,,4,4,wd:Q3214854,Lake Dâmbovița,photo_gate,imgs_2
RO,RO322,Ilfov,lake,,4,4,wd:Q12731843,Lake Buftea,floor_pool,score_4.5_below_5.4
RO,RO322,Ilfov,lake,,4,4,wd:Q12731880,Lacul Pantelimon,floor_pool,score_4.5_below_5.4
RS,RS110,City of Belgrade,lake,,5,4,wd:Q7348622,Veliki Galijaš,photo_gate,imgs_5
RS,RS110,City of Belgrade,lake,,5,4,wd:Q12748082,Ада Сафари,photo_gate,imgs_5
RS,RS110,City of Belgrade,lake,,5,4,wd:Q12758519,Savsko Lake,photo_gate,imgs_5
RS,RS110,City of Belgrade,lake,,5,4,wd:Q29976844,Veliko Blato,floor_pool,score_4.9_below_5.4
RO,RO126,Sibiu,lake,,5,4,wd:Q29939935,Lake Auster,photo_gate,imgs_5
RO,RO126,Sibiu,lake,,5,4,wd:Q4829457,Avrig Lake,photo_gate,imgs_5
RO,RO126,Sibiu,lake,,5,4,wd:Q106239695,Podrăgel Lake,photo_gate,imgs_2
RO,RO126,Sibiu,lake,,5,4,wd:Q30626044,Lake Horea,photo_gate,imgs_5
RS,RS226,Pirotska oblast,lake,,4,4,wd:Q166971,Zavoj Lake,floor_pool,score_4.7_below_5.4
RS,RS226,Pirotska oblast,lake,,4,4,wd:Q62084104,Smilovska lakes,floor_pool,score_4.3_below_5.4
RS,RS226,Pirotska oblast,lake,,4,4,wd:Q65199997,Ветренско језеро,photo_gate,imgs_2
RS,RS226,Pirotska oblast,lake,,4,4,wd:Q12750880,Дивљанско језеро,photo_gate,imgs_4
SI,SI031,Pomurska,lake,,4,4,osm:w58897989,Kamenšnica Babinci,photo_gate,imgs_0
SI,SI031,Pomurska,lake,,4,4,osm:w172396337,Soboška Kamenščica,photo_gate,imgs_0
SI,SI031,Pomurska,lake,,4,4,osm:w340168786,Kopališče Banovci,photo_gate,imgs_0
SI,SI031,Pomurska,lake,,4,4,osm:w335619606,Banovci,photo_gate,imgs_0
SI,SI034,Savinjska,lake,,4,4,osm:w322858966,Sonce,photo_gate,imgs_0
SI,SI034,Savinjska,lake,,4,4,osm:w320052379,Rogaška Riviera,photo_gate,imgs_1
SI,SI034,Savinjska,lake,,4,4,osm:w505477794,Bazen Zbelovo,photo_gate,imgs_0
SI,SI034,Savinjska,lake,,4,4,osm:w502026843,Camp Velenje,photo_gate,imgs_0
XK,XK004,Prizren,lake,,4,4,osm:w454549649,Konjushka's Lake,photo_gate,imgs_1
XK,XK004,Prizren,lake,,4,4,wd:Q20565703,Горно Врачанско Езеро,photo_gate,imgs_5
XK,XK004,Prizren,lake,,4,4,wd:Q3406676,Šutmansko Lake,photo_gate,imgs_4
XK,XK004,Prizren,lake,,4,4,osm:w899274112,Pishina Freskimi,photo_gate,imgs_0
XK,XK005,Ferizaj,lake,,4,4,wd:Q12751073,Lower Blateštica lake,photo_gate,imgs_0
XK,XK005,Ferizaj,lake,,4,4,wd:Q3299614,Big Jažinačko Lake,photo_gate,imgs_4
XK,XK005,Ferizaj,lake,,4,4,wd:Q6593727,Štrbačko Lake,photo_gate,imgs_4
XK,XK005,Ferizaj,lake,,4,4,wd:Q5296206,Donji Vir Lake,photo_gate,imgs_4
AD,AD-AD-02,Canillo,lake,,4,4,wd:Q11979432,Estanys de Juclar,photo_gate,imgs_2
AD,AD-AD-02,Canillo,lake,,4,4,wd:Q21329944,Estany dels Meners de la Coma,photo_gate,imgs_4
AD,AD-AD-02,Canillo,lake,,4,4,wd:Q21330594,Estany de Baix,floor_pool,score_4.8_below_5.4
AD,AD-AD-02,Canillo,lake,,4,4,wd:Q21329237,Estany de les Canals Roges,photo_gate,imgs_3
AL,AL013,Kukës,lake,,5,3,wd:Q6475581,Lake Dash,photo_gate,imgs_5
AL,AL013,Kukës,lake,,5,3,wd:Q117126835,Letaj Water Reservoir,photo_gate,imgs_5
AL,AL013,Kukës,lake,,5,3,wd:Q140373290,Qarr Water Reservoir,photo_gate,imgs_5
AL,AL031,Berat,lake,,3,3,wd:Q22007658,Ujembledhesi i Sadovices,photo_gate,imgs_3
AL,AL031,Berat,lake,,3,3,wd:Q22009787,Ujembledhesi i Mbreshtanit,photo_gate,imgs_0
AL,AL031,Berat,lake,,3,3,wd:Q22008157,Ujembledhesi i Belesoves,photo_gate,imgs_0
AL,AL014,Lezhë,lake,,3,3,wd:Q22009634,Liqeni i Kenalles,photo_gate,imgs_5
AL,AL014,Lezhë,lake,,3,3,wd:Q22011725,Keneta e Kenalles,photo_gate,imgs_5
AL,AL014,Lezhë,lake,,3,3,wd:Q13041389,Patoku Lagoon,photo_gate,imgs_2
AT,AT112,Nordburgenland,lake,,3,3,wd:Q6396,Neusiedl Lake,photo_gate,imgs_1
AT,AT112,Nordburgenland,lake,,3,3,wd:Q1166740,Darscho,photo_gate,imgs_3
AT,AT112,Nordburgenland,lake,,3,3,wd:Q6396,Neusiedl Lake,photo_gate,imgs_1
AT,AT334,Tiroler Oberland,lake,,3,3,wd:Q449184,Gepatschspeicher,photo_gate,imgs_5
AT,AT334,Tiroler Oberland,lake,,3,3,wd:Q872003,Rifflsee,floor_pool,score_5.2_below_5.4
AT,AT334,Tiroler Oberland,lake,,3,3,wd:Q6710857,Längentalspeicher,photo_gate,imgs_5
BE,BE211,Arr. Antwerpen,lake,,3,3,wd:Q2363216,wells of ekeren,photo_gate,imgs_2
BE,BE211,Arr. Antwerpen,lake,,3,3,wd:Q2340432,Putse Moer,floor_pool,score_5.0_below_5.4
BE,BE211,Arr. Antwerpen,lake,,3,3,wd:Q21763346,Stappensven,photo_gate,imgs_3
BE,BE236,Arr. Sint-Niklaas,lake,,3,3,wd:Q1818342,Grote Geule,photo_gate,imgs_5
BE,BE236,Arr. Sint-Niklaas,lake,,3,3,wd:Q21769143,Groot Gat,photo_gate,imgs_2
BE,BE236,Arr. Sint-Niklaas,lake,,3,3,wd:Q21767614,Grote Weel,photo_gate,imgs_0
BE,BE336,Bezirk Verviers — Deutschsprachige Gemeinschaft,lake,,3,3,wd:Q470432,Lake Bütgenbach,photo_gate,imgs_2
BE,BE336,Bezirk Verviers — Deutschsprachige Gemeinschaft,lake,,3,3,wd:Q20107824,Casinoweiher,photo_gate,imgs_3
BE,BE336,Bezirk Verviers — Deutschsprachige Gemeinschaft,lake,,3,3,wd:Q165395,Dam of the Vesdre,photo_gate,imgs_2
BG,BG331,Varna,lake,,3,3,wd:Q1070423,Lake Varna,photo_gate,imgs_1
BG,BG331,Varna,lake,,3,3,wd:Q7329986,Tsonevo Reservoir,photo_gate,imgs_5
BG,BG331,Varna,lake,,3,3,wd:Q3131652,Lake Beloslav,photo_gate,imgs_2
BG,BG332,Dobrich,lake,,4,3,wd:Q12272915,Balchishka Tuzla,photo_gate,imgs_2
BG,BG332,Dobrich,lake,,4,3,wd:Q12279229,Durankulak lake,photo_gate,imgs_2
BG,BG332,Dobrich,lake,,4,3,wd:Q1133271,Lake Shabla,photo_gate,imgs_2
BG,BG424,Smolyan,lake,,3,3,wd:Q12281484,Teshel,photo_gate,imgs_2
BG,BG424,Smolyan,lake,,3,3,wd:Q12294094,Smolyan Lakes,photo_gate,imgs_5
BG,BG424,Smolyan,lake,,3,3,wd:Q104806720,Tsankov Kamak Reservoir,photo_gate,imgs_5
BG,BG425,Kardzhali,lake,,3,3,wd:Q6369169,Kardzhali Reservoir,photo_gate,imgs_3
BG,BG425,Kardzhali,lake,,3,3,wd:Q21778153,Studen Kladenets reservoir,photo_gate,imgs_1
BG,BG425,Kardzhali,lake,,3,3,wd:Q12273810,Borovitsa Reservoir,photo_gate,imgs_1
BG,BG412,Sofia,lake,,4,3,wd:Q12282528,Канарско езеро,photo_gate,imgs_1
BG,BG412,Sofia,lake,,4,3,wd:Q7353771,Topolnitsa Reservoir,photo_gate,imgs_0
BG,BG412,Sofia,lake,,4,3,wd:Q20497268,Ravnichalsko lake,floor_pool,score_5.1_below_5.4
BG,BG413,Blagoevgrad,lake,,5,3,wd:Q7348099,Sinanishko Lake,photo_gate,imgs_3
BG,BG413,Blagoevgrad,lake,,5,3,wd:Q20498447,Dautovo Lake,photo_gate,imgs_2
BG,BG413,Blagoevgrad,lake,,5,3,wd:Q12291315,Prevalski Lakes,photo_gate,imgs_1
BG,BG421,Plovdiv,lake,,3,3,wd:Q12273973,Bryagovo Reservoir,photo_gate,imgs_3
BG,BG421,Plovdiv,lake,,3,3,wd:Q11726676,Pyasachnik Reservoir,photo_gate,imgs_3
BG,BG421,Plovdiv,lake,,3,3,wd:Q12279004,Dondukovo reservoir,photo_gate,imgs_3
CH,CH055,St. Gallen,lake,,3,3,wd:Q664761,Voralpsee,floor_pool,score_5.2_below_5.4
CH,CH055,St. Gallen,lake,,3,3,wd:Q1800177,Schwendisee,photo_gate,imgs_3
CH,CH055,St. Gallen,lake,,3,3,wd:Q14444,Walensee,floor_pool,score_4.6_below_5.4
CH,CH054,Appenzell Innerrhoden,lake,,3,3,wd:Q870267,Seealpsee,floor_pool,score_5.0_below_5.4
CH,CH054,Appenzell Innerrhoden,lake,,3,3,wd:Q870273,Fälensee,floor_pool,score_5.0_below_5.4
CH,CH054,Appenzell Innerrhoden,lake,,3,3,wd:Q668561,Sämtisersee,floor_pool,score_4.7_below_5.4
CZ,CZ031,Jihočeský kraj,lake,,4,3,wd:Q1509558,Plešné jezero,photo_gate,imgs_3
CZ,CZ031,Jihočeský kraj,lake,,4,3,wd:Q1183075,Dehtář,floor_pool,score_5.1_below_5.4
CZ,CZ031,Jihočeský kraj,lake,,4,3,wd:Q8556873,Římov Reservoir,floor_pool,score_4.9_below_5.4
CH,CH063,Schwyz,lake,,3,3,wd:Q675610,Wägitalersee,floor_pool,score_4.8_below_5.4
CH,CH063,Schwyz,lake,,3,3,wd:Q688846,Sihlsee,floor_pool,score_4.7_below_5.4
CH,CH063,Schwyz,lake,,3,3,wd:Q14518,Lake Lauerz,floor_pool,score_4.7_below_5.4
CZ,CZ071,Olomoucký kraj,lake,,4,3,wd:Q11706445,Bázlerova pískovna,photo_gate,imgs_1
CZ,CZ071,Olomoucký kraj,lake,,4,3,wd:Q11923581,Plumlov Reservoir,photo_gate,imgs_2
CZ,CZ071,Olomoucký kraj,lake,,4,3,wd:Q1076006,Chomoutovské jezero,floor_pool,score_5.3_below_5.4
CZ,CZ072,Zlínský kraj,lake,,4,3,wd:Q1553929,Luhačovická přehrada,photo_gate,imgs_3
CZ,CZ072,Zlínský kraj,lake,,4,3,wd:Q11922921,Bystřička Reservoir,photo_gate,imgs_2
CZ,CZ072,Zlínský kraj,lake,,4,3,wd:Q12056068,Stanovnice,photo_gate,imgs_3
GR,EL653,"Lakonia, Messinia",lake,,3,3,wd:Q24910881,Gialova Lagoon,photo_gate,imgs_1
GR,EL653,"Lakonia, Messinia",lake,,3,3,wd:Q122854193,Gerakas Bay,floor_pool,score_4.8_below_5.4
GR,EL653,"Lakonia, Messinia",lake,,3,3,wd:Q112034093,Lake Dopoli,photo_gate,imgs_1
GR,EL623,"Ithaki, Kefallinia",lake,,3,3,wd:Q1573013,Melissani Cave,floor_pool,score_5.1_below_5.4
GR,EL623,"Ithaki, Kefallinia",lake,,3,3,wd:Q12872051,Avithos,photo_gate,imgs_5
GR,EL633,Ileia,lake,,3,3,wd:Q4208570,Kaiafas Lake,photo_gate,imgs_1
GR,EL633,Ileia,lake,,3,3,wd:Q6434401,Kotychi,photo_gate,imgs_3
GR,EL633,Ileia,lake,,3,3,wd:Q15057381,Pinios Lake,photo_gate,imgs_3
GR,EL543,Ioannina,lake,,4,3,wd:Q776956,Lake Pamvotida,photo_gate,imgs_3
GR,EL543,Ioannina,lake,,4,3,wd:Q2615364,Drakolimni,photo_gate,imgs_3
GR,EL543,Ioannina,lake,,4,3,wd:Q12880038,Lake Aoos,photo_gate,imgs_3
GR,EL422,"Andros, Thira, Kea - Kythnos, Milos, Mykonos, Naxos, Paros,  Syros, Tinos",lake,,3,3,wd:Q114289304,"Alykes, Naxos",photo_gate,imgs_3
GR,EL422,"Andros, Thira, Kea - Kythnos, Milos, Mykonos, Naxos, Paros,  Syros, Tinos",lake,,3,3,wd:Q56810094,Dam Vaketas in Tinos,photo_gate,imgs_1
GR,EL422,"Andros, Thira, Kea - Kythnos, Milos, Mykonos, Naxos, Paros,  Syros, Tinos",lake,,3,3,wd:Q25166746,Αχιβαδολίμνη,photo_gate,imgs_5
DK,DK012,Københavns omegn,lake,,4,3,wd:Q116193033,Fuglesangssøen,photo_gate,imgs_1
DK,DK012,Københavns omegn,lake,,4,3,wd:Q41476757,Kildesø,photo_gate,imgs_2
DK,DK012,Københavns omegn,lake,,4,3,wd:Q125575877,Raadvad Dam,photo_gate,imgs_4
EE,EE008,Lõuna-Eesti,lake,,13,3,wd:Q6477161,Lake Nüpli,photo_gate,imgs_0
EE,EE008,Lõuna-Eesti,lake,,13,3,wd:Q1066964,Lämmijärv,photo_gate,imgs_1
EE,EE008,Lõuna-Eesti,lake,,13,3,wd:Q7133100,Pappjärv,photo_gate,imgs_3
GR,EL513,Rodopi,lake,,3,3,wd:Q25122897,Xirolimni Lake,photo_gate,imgs_0
GR,EL513,Rodopi,lake,,3,3,wd:Q12878198,Lake Ismarida,photo_gate,imgs_1
GR,EL513,Rodopi,lake,,3,3,wd:Q65233607,Gratini lake,photo_gate,imgs_0
GR,EL523,Kilkis,lake,,3,3,wd:Q8427831,Lake Pikrolimni,photo_gate,imgs_3
GR,EL523,Kilkis,lake,,3,3,wd:Q15057378,Mine Lake,photo_gate,imgs_5
GR,EL523,Kilkis,lake,,3,3,wd:Q53996668,Skra lake,photo_gate,imgs_1
EE,EE00A,Kirde-Eesti,lake,,3,3,wd:Q2458214,Narva Reservoir,photo_gate,imgs_4
EE,EE00A,Kirde-Eesti,lake,,3,3,wd:Q6478195,Lake Uljaste,floor_pool,score_4.6_below_5.4
EE,EE00A,Kirde-Eesti,lake,,3,3,wd:Q7034460,Lake Niinsaare,photo_gate,imgs_5
GR,EL526,Serres,lake,,3,3,wd:Q42154963,Cercinitis Lake,photo_gate,imgs_0
GR,EL526,Serres,lake,,3,3,wd:Q12296076,Limni Achinou,photo_gate,imgs_0
GR,EL526,Serres,lake,,3,3,wd:Q1739269,Lake Kerkini,photo_gate,imgs_5
FI,FI1D8,Kainuu,lake,,4,3,wd:Q1818331,Lentua,photo_gate,imgs_1
FI,FI1D8,Kainuu,lake,,4,3,wd:Q7362705,Sapsojärvet,photo_gate,imgs_5
FI,FI1D8,Kainuu,lake,,4,3,wd:Q6482080,Lammasjärvi,photo_gate,imgs_5
FI,FI1B1,Helsinki-Uusimaa,lake,,4,3,wd:Q826447,Lake Bodom,photo_gate,imgs_2
FI,FI1B1,Helsinki-Uusimaa,lake,,4,3,wd:Q18326154,Lake Sääksi,photo_gate,imgs_1
FI,FI1B1,Helsinki-Uusimaa,lake,,4,3,wd:Q673714,Hiidenvesi,photo_gate,imgs_3
FI,FI196,Satakunta,lake,,3,3,wd:Q1896377,Sääksjärvi,photo_gate,imgs_2
FI,FI196,Satakunta,lake,,3,3,wd:Q6296595,Joutsijärvi,photo_gate,imgs_5
FI,FI196,Satakunta,lake,,3,3,wd:Q1635550,Pyhäjärvi,floor_pool,score_4.7_below_5.4
FI,FI1C6,Päijät-Häme,lake,,3,3,wd:Q1784076,Vesijärvi,photo_gate,imgs_3
FI,FI1C6,Päijät-Häme,lake,,3,3,wd:Q533040,Ruotsalainen,photo_gate,imgs_1
FI,FI1C6,Päijät-Häme,lake,,3,3,wd:Q474661,Jääsjärvi,photo_gate,imgs_5
HR,HR032,Ličko-senjska županija,lake,,5,3,wd:Q3541891,Ciginovac,photo_gate,imgs_3
HR,HR032,Ličko-senjska županija,lake,,5,3,wd:Q7210399,Galovac,photo_gate,imgs_5
HR,HR032,Ličko-senjska županija,lake,,5,3,wd:Q7158726,Milino jezero,photo_gate,imgs_5
HR,HR035,Splitsko-dalmatinska županija,lake,,4,3,wd:Q1668261,Peruća Lake,floor_pool,score_5.0_below_5.4
HR,HR035,Splitsko-dalmatinska županija,lake,,4,3,wd:Q2143020,Red Lake,floor_pool,score_4.9_below_5.4
HR,HR035,Splitsko-dalmatinska županija,lake,,4,3,wd:Q26222955,Prančevići,photo_gate,imgs_0
HR,HR036,Istarska županija,lake,,3,3,wd:Q16115608,Jezero Butoniga,floor_pool,score_5.2_below_5.4
HR,HR036,Istarska županija,lake,,3,3,wd:Q114851279,Bakranjuša,photo_gate,imgs_0
HR,HR037,Dubrovačko-neretvanska županija,lake,,6,3,wd:Q1623907,Salt mine in Ston,photo_gate,imgs_3
HR,HR037,Dubrovačko-neretvanska županija,lake,,6,3,wd:Q865428,Birina,photo_gate,imgs_1
HR,HR037,Dubrovačko-neretvanska županija,lake,,6,3,wd:Q124350883,Palinića jezero,photo_gate,imgs_1
HR,HR065,Zagrebačka županija,lake,,3,3,wd:Q16115512,Čiče,photo_gate,imgs_4
HR,HR065,Zagrebačka županija,lake,,3,3,wd:Q8082912,Šumbar Lake,photo_gate,imgs_0
HR,HR065,Zagrebačka županija,lake,,3,3,wd:Q25299010,Crna Mlaka,photo_gate,imgs_0
HR,HR025,Osječko-baranjska županija,lake,,3,3,wd:Q6476572,Lake Lapovac,photo_gate,imgs_0
HR,HR025,Osječko-baranjska županija,lake,,3,3,wd:Q25295427,Kopačevsko jezero,photo_gate,imgs_1
HR,HR025,Osječko-baranjska županija,lake,,3,3,wd:Q26224042,Jezero Borovik,floor_pool,score_4.6_below_5.4
HR,HR027,Karlovačka županija,lake,,3,3,wd:Q16116893,Jezero Sabljaki,photo_gate,imgs_1
HR,HR027,Karlovačka županija,lake,,3,3,wd:Q12628497,Bukovnik,photo_gate,imgs_0
HR,HR027,Karlovačka županija,lake,,3,3,wd:Q25301047,Jezero Begovac,photo_gate,imgs_0
MK,MK002,Istočen,lake,,4,3,osm:w37910535,City Pool,photo_gate,imgs_0
MK,MK002,Istočen,lake,,4,3,osm:w365527240,City Swimming Pool,photo_gate,imgs_0
MK,MK002,Istočen,lake,,4,3,wd:Q20932221,Калиманско Езеро,photo_gate,imgs_5
LT,LT026,Šiaulių apskritis,lake,,4,3,wd:Q1134459,Rėkyvos,photo_gate,imgs_2
LT,LT026,Šiaulių apskritis,lake,,4,3,wd:Q16457574,Kurtuva,photo_gate,imgs_5
LT,LT026,Šiaulių apskritis,lake,,4,3,wd:Q20503795,Sablauskių Reservoir,photo_gate,imgs_1
IT,ITH42,Udine,lake,,3,3,wd:Q1051808,Lago di Cavazzo,photo_gate,imgs_2
IT,ITH42,Udine,lake,,3,3,wd:Q3826046,lago di Sauris,floor_pool,score_5.3_below_5.4
IT,ITH42,Udine,lake,,3,3,wd:Q3825861,Lago del Predil,floor_pool,score_4.6_below_5.4
IT,ITF46,Foggia,lake,,3,3,wd:Q1129358,Lake Lesina,photo_gate,imgs_2
IT,ITF46,Foggia,lake,,3,3,wd:Q949581,Lago Salso,photo_gate,imgs_3
IT,ITF46,Foggia,lake,,3,3,wd:Q511180,Lago di Varano,photo_gate,imgs_5
HU,HU313,Nógrád,lake,,3,3,wd:Q26233203,Csikós Lake,photo_gate,imgs_2
HU,HU313,Nógrád,lake,,3,3,wd:Q130606252,Belsőszusz tó,photo_gate,imgs_5
HU,HU313,Nógrád,lake,,3,3,wd:Q26231988,Kondás-tó,photo_gate,imgs_0
NO,NO072,Troms/Romsa/Tromssa,lake,,3,3,wd:Q732672,Rostojávri,photo_gate,imgs_1
NO,NO072,Troms/Romsa/Tromssa,lake,,3,3,wd:Q426405,Altevatnet,photo_gate,imgs_2
NO,NO072,Troms/Romsa/Tromssa,lake,,3,3,wd:Q3911250,Prestvannet,floor_pool,score_4.6_below_5.4
NO,NO020,Innlandet,lake,,8,3,wd:Q1018512,Bygdin,photo_gate,imgs_1
NO,NO020,Innlandet,lake,,8,3,wd:Q1772708,Einavatnet,photo_gate,imgs_5
NO,NO020,Innlandet,lake,,8,3,wd:Q6514724,Vangsmjøse,floor_pool,score_4.9_below_5.4
NL,NL127,Noord-Friesland,lake,,3,3,wd:Q820364,Burgumer Mar,photo_gate,imgs_2
NL,NL127,Noord-Friesland,lake,,3,3,wd:Q2184168,Groote Wielen,photo_gate,imgs_0
NL,NL127,Noord-Friesland,lake,,3,3,osm:w1279047076,It Wiid,photo_gate,imgs_1
NL,NL128,Zuidwest-Friesland,lake,,4,3,wd:Q1593475,Hegemer Mar,photo_gate,imgs_1
NL,NL128,Zuidwest-Friesland,lake,,4,3,wd:Q1884151,Fluessen,photo_gate,imgs_4
NL,NL128,Zuidwest-Friesland,lake,,4,3,wd:Q2263575,Langwarder Wielen,photo_gate,imgs_3
RO,RO311,Argeş,lake,,3,3,wd:Q18541230,Călțun Lake,floor_pool,score_4.5_below_5.4
RO,RO311,Argeş,lake,,3,3,wd:Q511976,Lake Vidraru,floor_pool,score_4.4_below_5.4
RO,RO311,Argeş,lake,,3,3,wd:Q113291245,Lacul Turcești,photo_gate,imgs_2
RS,RS211,Zlatiborska oblast,lake,,5,3,wd:Q932846,Perućac lake,floor_pool,score_5.2_below_5.4
RS,RS211,Zlatiborska oblast,lake,,5,3,wd:Q207138,Zlatar Lake,photo_gate,imgs_5
RS,RS211,Zlatiborska oblast,lake,,5,3,wd:Q1888646,Uvac,photo_gate,imgs_5
RS,RS212,Kolubarska oblast,lake,,3,3,wd:Q20435113,Petnica Lake,floor_pool,score_4.1_below_5.4
RS,RS212,Kolubarska oblast,lake,,3,3,wd:Q25464923,Каменичко језеро,photo_gate,imgs_1
RS,RS212,Kolubarska oblast,lake,,3,3,wd:Q23198806,Rovni Lake,score_gate,score_3.9_below_5.4
RS,RS213,Mačvanska oblast,lake,,3,3,wd:Q231499,Zvornik Lake,floor_pool,score_4.7_below_5.4
RS,RS213,Mačvanska oblast,lake,,3,3,wd:Q8075597,Zvorničko Lake,photo_gate,imgs_2
RS,RS213,Mačvanska oblast,lake,,3,3,wd:Q231499,Zvornik Lake,floor_pool,score_4.5_below_5.4
RO,RO112,Bistriţa-Năsăud,lake,,3,3,wd:Q65040386,Stiol Lake,photo_gate,imgs_2
RO,RO112,Bistriţa-Năsăud,lake,,3,3,wd:Q18541225,Colibița Lake,floor_pool,score_4.2_below_5.4
RO,RO112,Bistriţa-Năsăud,lake,,3,3,wd:Q18538892,Lacul Cetățele,photo_gate,imgs_0
RO,RO411,Dolj,lake,,3,3,wd:Q18539162,Complexul lacustru Preajba-Făcăi,photo_gate,imgs_0
RO,RO411,Dolj,lake,,3,3,wd:Q18547410,Rezervația Balta Neagră,photo_gate,imgs_1
RO,RO411,Dolj,lake,,3,3,wd:Q18537675,Balta Cilieni - Băilești,photo_gate,imgs_0
RS,RS214,Moravička oblast,lake,,3,3,wd:Q25458795,Međuvršje Lake,floor_pool,score_4.9_below_5.4
RS,RS214,Moravička oblast,lake,,3,3,wd:Q16087664,Ovčar-Kablar Lake,floor_pool,score_4.4_below_5.4
RS,RS214,Moravička oblast,lake,,3,3,wd:Q6984568,Nebeska Suza,photo_gate,imgs_0
RO,RO113,Cluj,lake,,3,3,wd:Q13534398,Lake Tarnița,floor_pool,score_4.0_below_5.4
RO,RO113,Cluj,lake,,3,3,wd:Q874738,Lacul Știucilor,photo_gate,imgs_1
RO,RO113,Cluj,lake,,3,3,wd:Q24699117,Laguna albastră,photo_gate,imgs_5
RS,RS218,Šumadijska oblast,lake,,3,3,wd:Q1551157,Gruža Lake,floor_pool,score_4.7_below_5.4
RS,RS218,Šumadijska oblast,lake,,3,3,wd:Q31183913,Bela Reka Lake,photo_gate,imgs_5
RS,RS218,Šumadijska oblast,lake,,3,3,wd:Q13566191,Lake Bubanj,photo_gate,imgs_5
RS,RS221,Borska oblast,lake,,3,3,wd:Q12749214,Bor Lake,floor_pool,score_5.2_below_5.4
RS,RS221,Borska oblast,lake,,3,3,wd:Q110045209,Balta alu Šontu,photo_gate,imgs_3
RS,RS221,Borska oblast,lake,,3,3,wd:Q102128024,Златно језеро,photo_gate,imgs_3
RO,RO415,Vâlcea,lake,,3,3,wd:Q10998051,Lacul Călcescu,floor_pool,score_5.0_below_5.4
RO,RO415,Vâlcea,lake,,3,3,wd:Q599713,Vidra Lake,floor_pool,score_4.2_below_5.4
RO,RO415,Vâlcea,lake,,3,3,wd:Q6684848,Lotru-Ciunget Hydroelectric Power Station,photo_gate,imgs_0
RO,RO214,Neamţ,lake,,3,3,wd:Q854060,Lake Izvorul Muntelui,floor_pool,score_4.1_below_5.4
RO,RO214,Neamţ,lake,,3,3,wd:Q18541241,Lacul Pângărați,photo_gate,imgs_1
RO,RO214,Neamţ,lake,,3,3,wd:Q12731892,Lacul Vaduri,photo_gate,imgs_1
RO,RO422,Caraş-Severin,lake,,3,3,wd:Q12737039,Ochiul Beiului,floor_pool,score_4.8_below_5.4
RO,RO422,Caraş-Severin,lake,,3,3,wd:Q18541231,Lacul Dracului,photo_gate,imgs_5
RO,RO422,Caraş-Severin,lake,,3,3,wd:Q7349794,Ruieni Hydroelectric Power Station,photo_gate,imgs_0
RO,RO124,Harghita,lake,,3,3,wd:Q924912,Lake Sfânta Ana,floor_pool,score_5.2_below_5.4
RO,RO124,Harghita,lake,,3,3,wd:Q1029508,Red Lake,floor_pool,score_4.0_below_5.4
RO,RO124,Harghita,lake,,3,3,wd:Q18541242,Lacul Rat,photo_gate,imgs_0
RO,RO222,Buzău,lake,,3,3,wd:Q18537674,Balta Amară,photo_gate,imgs_0
RO,RO222,Buzău,lake,,3,3,wd:Q6469069,Lacul Vulturilor,photo_gate,imgs_1
RO,RO222,Buzău,lake,,3,3,wd:Q6272651,Lake Siriu,score_gate,score_3.8_below_5.4
RS,RS126,Srednjobanatska oblast,lake,,3,3,wd:Q2940431,Carska Bara,photo_gate,imgs_3
RS,RS126,Srednjobanatska oblast,lake,,3,3,wd:Q7361170,Rusanda,floor_pool,score_4.6_below_5.4
RS,RS126,Srednjobanatska oblast,lake,,3,3,wd:Q279300,Belo jezero,photo_gate,imgs_5
PT,PT150,Algarve,lake,,3,3,wd:Q10360443,Ria de Alvor,photo_gate,imgs_4
PT,PT150,Algarve,lake,,3,3,osm:r17744685,Ria Formosa,photo_gate,imgs_3
PT,PT150,Algarve,lake,,3,3,wd:Q1969741,Ria Formosa,photo_gate,imgs_3
PL,PL426,Koszaliński,lake,,3,3,wd:Q9189908,Chlewo,photo_gate,imgs_2
PL,PL426,Koszaliński,lake,,3,3,wd:Q1688785,Jezioro Kopań,photo_gate,imgs_1
PL,PL426,Koszaliński,lake,,3,3,osm:w690864369,Ustronie Morskie „Nadbrzeżna”,photo_gate,imgs_1
SE,SE122,Södermanlands län,lake,,4,3,wd:Q3360880,Duveholmssjön,photo_gate,imgs_2
SE,SE122,Södermanlands län,lake,,4,3,wd:Q1019336,Båven,floor_pool,score_5.2_below_5.4
SE,SE122,Södermanlands län,lake,,4,3,wd:Q3361714,Yngaren,photo_gate,imgs_2
SK,SK032,Banskobystrický kraj,lake,,5,3,wd:Q13407127,Dolnohodrušský tajch,photo_gate,imgs_2
SK,SK032,Banskobystrický kraj,lake,,5,3,wd:Q12766677,Halčiansky tajch,photo_gate,imgs_1
SK,SK032,Banskobystrický kraj,lake,,5,3,wd:Q12777216,Tajch Červená studňa,photo_gate,imgs_2
RS,RS223,Zaječarska oblast,lake,,3,3,wd:Q25464638,Врмџанско језеро,photo_gate,imgs_5
RS,RS223,Zaječarska oblast,lake,,3,3,wd:Q121484312,Glogovica Lake,photo_gate,imgs_1
RS,RS223,Zaječarska oblast,lake,,3,3,wd:Q16085919,Sovinac Lake,photo_gate,imgs_1
RS,RS225,Nišavska oblast,lake,,3,3,wd:Q895342,Bovansko Jezero,floor_pool,score_4.8_below_5.4
RS,RS225,Nišavska oblast,lake,,3,3,wd:Q12756401,Облачинско језеро,photo_gate,imgs_2
RS,RS225,Nišavska oblast,lake,,3,3,wd:Q16087169,Крајковачко језеро,photo_gate,imgs_2
SE,SE332,Norrbottens län,lake,,5,3,wd:Q3299693,Siiddašjávri,photo_gate,imgs_0
SE,SE332,Norrbottens län,lake,,5,3,osm:r8194165,Kuohkimajärvi,photo_gate,imgs_1
SE,SE332,Norrbottens län,lake,,5,3,osm:w5873408,Ikkesjávrre,photo_gate,imgs_1
RS,RS228,Pčinjska oblast,lake,,3,3,wd:Q2140169,Vlasina Lake,floor_pool,score_5.1_below_5.4
RS,RS228,Pčinjska oblast,lake,,3,3,wd:Q15994134,Jovac Lake,photo_gate,imgs_4
RS,RS228,Pčinjska oblast,lake,,3,3,wd:Q12748252,Aleksandrovačko Jezero,photo_gate,imgs_0
SI,SI041,Osrednjeslovenska,lake,,3,3,osm:w331675502,Podpeško Jezero,photo_gate,imgs_1
SI,SI041,Osrednjeslovenska,lake,,3,3,osm:w8119549,Kopališče Tivoli,photo_gate,imgs_1
SI,SI041,Osrednjeslovenska,lake,,3,3,osm:w1369579547,Parkirna hiša Ilirija,photo_gate,imgs_0
SI,SI042,Gorenjska,lake,,5,3,osm:w977592047,Velika Zaka,photo_gate,imgs_2
SI,SI042,Gorenjska,lake,,5,3,osm:w1418291844,Bathing area Ukanc,photo_gate,imgs_1
SI,SI042,Gorenjska,lake,,5,3,osm:w1127977415,Castle Boat Rental,photo_gate,imgs_2
SI,SI043,Goriška,lake,,4,3,osm:w715907893,Labrca Outdoor Center,photo_gate,imgs_0
SI,SI043,Goriška,lake,,4,3,osm:w389536038,Avtokamp Ajdovščina,photo_gate,imgs_2
SI,SI043,Goriška,lake,,4,3,osm:w172149585,Mestno kopališče,photo_gate,imgs_0
SI,SI044,Obalno-kraška,lake,,3,3,wd:Q1366155,Sečovlje Saltworks,photo_gate,imgs_2
SI,SI044,Obalno-kraška,lake,,3,3,osm:w149474482,Marina Portorož,photo_gate,imgs_3
SI,SI044,Obalno-kraška,lake,,3,3,osm:w69489488,Camp Lucija,photo_gate,imgs_1
XK,XK003,Pejë,lake,,3,3,osm:w212861485,Lake Drelaj,photo_gate,imgs_1
XK,XK003,Pejë,lake,,3,3,osm:w212861486,Lake Leqinat,photo_gate,imgs_1
XK,XK003,Pejë,lake,,3,3,wd:Q6650632,Little Lake Lićenat,photo_gate,imgs_2
XK,XK006,Gjilan,lake,,3,3,wd:Q7242993,Prilepnica Lake,photo_gate,imgs_0
XK,XK006,Gjilan,lake,,3,3,osm:w646328068,Evropa 2002,photo_gate,imgs_0
XK,XK006,Gjilan,lake,,3,3,osm:w460417257,Pishina ''Palma,photo_gate,imgs_0
GB,TLM13,City of Edinburgh,lake,,3,3,wd:Q1263637,Duddingston Loch,floor_pool,score_4.1_below_5.4
GB,TLM13,City of Edinburgh,lake,,3,3,wd:Q4327251,Nor Loch,floor_pool,score_4.0_below_5.4
GB,TLM13,City of Edinburgh,lake,,3,3,wd:Q7352059,Threipmuir Reservoir,score_gate,score_3.9_below_5.4
GB,TLM50,Aberdeen City and Aberdeenshire,lake,,3,3,wd:Q6664930,Loch Kinord,floor_pool,score_5.2_below_5.4
GB,TLM50,Aberdeen City and Aberdeenshire,lake,,3,3,wd:Q18736999,Loch Davan,photo_gate,imgs_3
GB,TLM50,Aberdeen City and Aberdeenshire,lake,,3,3,wd:Q6664986,Loch Muick,floor_pool,score_4.2_below_5.4
AD,AD-AD-04,La Massana,lake,,3,3,wd:Q2781227,Estanys Forcats,photo_gate,imgs_2
AD,AD-AD-04,La Massana,lake,,3,3,wd:Q2477261,Estany de les Truites,photo_gate,imgs_3
AD,AD-AD-04,La Massana,lake,,3,3,wd:Q1934789,Estany Negre,floor_pool,score_4.9_below_5.4
AT,AT126,Wiener Umland/Nordteil,lake,,2,2,wd:Q351321,Wienerwaldsee,floor_pool,score_4.9_below_5.4
AT,AT341,Bludenz-Bregenzer Wald,lake,,3,2,wd:Q877073,Körbersee,photo_gate,imgs_1
AT,AT341,Bludenz-Bregenzer Wald,lake,,3,2,wd:Q877346,Silvretta Reservoir,floor_pool,score_5.1_below_5.4
AT,AT341,Bludenz-Bregenzer Wald,lake,,3,2,wd:Q701705,Formarinsee,floor_pool,score_5.0_below_5.4
BE,BE100,Arr. de Bruxelles-Capitale/Arr. Brussel-Hoofdstad,lake,,2,2,wd:Q1073360,Ixelles Ponds,floor_pool,score_4.9_below_5.4
BE,BE100,Arr. de Bruxelles-Capitale/Arr. Brussel-Hoofdstad,lake,,2,2,wd:Q56854583,lake in Bois de la Cambre,floor_pool,score_4.4_below_5.4
BE,BE212,Arr. Mechelen,lake,,3,2,wd:Q2632521,De Nekker,photo_gate,imgs_0
BE,BE212,Arr. Mechelen,lake,,3,2,wd:Q2475871,Eglegemvijver,photo_gate,imgs_5
AT,AT313,Mühlviertel,lake,,2,2,wd:Q631713,Ausee,photo_gate,imgs_2
BE,BE253,Arr. Ieper,lake,,2,2,wd:Q1867247,Dikkebusvijver,photo_gate,imgs_3
BE,BE253,Arr. Ieper,lake,,2,2,wd:Q1978259,Zillebekevijver,floor_pool,score_4.9_below_5.4
BE,BE254,Arr. Kortrijk,lake,,2,2,wd:Q2268951,"De Gavers, West Flanders",photo_gate,imgs_4
BE,BE258,Arr. Veurne,lake,,2,2,wd:Q3370008,Ganzepoot,floor_pool,score_4.8_below_5.4
BE,BE223,Arr. Tongeren,lake,,2,2,wd:Q67604479,Ven onder de Berg,photo_gate,imgs_0
BE,BE223,Arr. Tongeren,lake,,2,2,osm:w113390286,Maesbempder Greend,photo_gate,imgs_2
BE,BE223,Arr. Tongeren,lake,,2,2,osm:w80547867,Wissenplas,photo_gate,imgs_0
BE,BE234,Arr. Gent,lake,,3,2,wd:Q539055,Kraenepoel,floor_pool,score_4.9_below_5.4
BE,BE234,Arr. Gent,lake,,3,2,wd:Q2572524,Leeuwenhof,floor_pool,score_4.8_below_5.4
BE,BE234,Arr. Gent,lake,,3,2,wd:Q2347208,Damvallei,floor_pool,score_4.8_below_5.4
BE,BE241,Arr. Halle-Vilvoorde,lake,,2,2,wd:Q21767849,Hofstademeer,photo_gate,imgs_0
BE,BE242,Arr. Leuven,lake,,2,2,wd:Q21771393,Vijvers van Bellefroid,photo_gate,imgs_4
BE,BE242,Arr. Leuven,lake,,2,2,wd:Q23993492,Meer van Keerbergen,photo_gate,imgs_0
BE,BE251,Arr. Brugge,lake,,3,2,wd:Q47001258,Meer van Heist,photo_gate,imgs_2
BE,BE251,Arr. Brugge,lake,,3,2,wd:Q56234934,Zegemeer,photo_gate,imgs_3
BE,BE251,Arr. Brugge,lake,,3,2,wd:Q125983694,Cloedtse Put,photo_gate,imgs_5
BE,BE252,Arr. Diksmuide,lake,,2,2,wd:Q21770339,Blankaart,photo_gate,imgs_2
BE,BE341,Arr. Arlon,lake,,2,2,wd:Q16508539,Lac de Messancy,floor_pool,score_4.7_below_5.4
BE,BE353,Arr. Philippeville,lake,,2,2,wd:Q2885430,Lake Ry de Rome,photo_gate,imgs_2
BG,BG311,Vidin,lake,,2,2,wd:Q6477472,Lake Rabisha,photo_gate,imgs_5
BG,BG311,Vidin,lake,,2,2,wd:Q19705965,Kula Lake,photo_gate,imgs_0
BG,BG312,Montana,lake,,2,2,wd:Q6395879,Ogosta Reservoir,floor_pool,score_4.8_below_5.4
BE,BE343,Arr. Marche-en-Famenne,lake,,2,2,wd:Q2094247,Lake Nisramont,floor_pool,score_5.3_below_5.4
BE,BE345,Arr. Virton,lake,,2,2,wd:Q1933210,Lac de la Vierre,photo_gate,imgs_0
BE,BE345,Arr. Virton,lake,,2,2,wd:Q21768765,Étang des Épioux,photo_gate,imgs_0
BE,BE351,Arr. Dinant,lake,,2,2,wd:Q21770367,Étang de Boiron,photo_gate,imgs_2
BE,BE352,Arr. Namur,lake,,2,2,wd:Q660847,Meer van Bambois,photo_gate,imgs_3
BE,BE32D,Arr. Thuin,lake,,3,2,wd:Q21771830,Lac de la Plate Taille,photo_gate,imgs_3
BE,BE32D,Arr. Thuin,lake,,3,2,wd:Q3215575,Lake Virelles,floor_pool,score_5.2_below_5.4
BE,BE335,Arr. Verviers — communes francophones,lake,,3,2,wd:Q17373262,Lake Gileppe,floor_pool,score_5.1_below_5.4
BE,BE335,Arr. Verviers — communes francophones,lake,,3,2,wd:Q1129678,Lake Warfaaz,floor_pool,score_4.8_below_5.4
BE,BE335,Arr. Verviers — communes francophones,lake,,3,2,osm:w75720862,Camping du Vieux Moulin,photo_gate,imgs_0
BG,BG325,Silistra,lake,,2,2,wd:Q12294882,Srebarna lake,floor_pool,score_4.3_below_5.4
BG,BG315,Lovech,lake,,2,2,wd:Q12294182,Sopot,photo_gate,imgs_5
BG,BG322,Gabrovo,lake,,2,2,wd:Q19707872,Христо Смирненски,photo_gate,imgs_0
BG,BG324,Razgrad,lake,,2,2,wd:Q12273102,Beli Lom,photo_gate,imgs_0
BG,BG342,Sliven,lake,,2,2,wd:Q12280199,Zhrebchevo Reservoir,photo_gate,imgs_2
BG,BG343,Yambol,lake,,2,2,wd:Q12285754,Malko Sharkovo Reservoir,photo_gate,imgs_0
BG,BG344,Stara Zagora,lake,,3,2,wd:Q20498160,Ovcharitsa Reservoir,photo_gate,imgs_2
BG,BG344,Stara Zagora,lake,,3,2,wd:Q20497991,Rozov Kladenets,photo_gate,imgs_1
BG,BG344,Stara Zagora,lake,,3,2,wd:Q12280267,Zagorka,photo_gate,imgs_0
BG,BG411,Sofia (stolitsa),lake,,4,2,wd:Q655144,Lake Ariana,photo_gate,imgs_4
BG,BG411,Sofia (stolitsa),lake,,4,2,wd:Q20498888,Дружбенско езеро,photo_gate,imgs_5
BG,BG411,Sofia (stolitsa),lake,,4,2,wd:Q45028642,Boyana Lake,photo_gate,imgs_5
BG,BG334,Targovishte,lake,,2,2,wd:Q12299810,Yastrebino reservoir,photo_gate,imgs_2
BG,BG341,Burgas,lake,,5,2,wd:Q779560,Arkutino,photo_gate,imgs_2
BG,BG341,Burgas,lake,,5,2,wd:Q1346157,Alepu,photo_gate,imgs_2
BG,BG341,Burgas,lake,,5,2,wd:Q1503623,Lake Pomorie,photo_gate,imgs_3
BG,BG414,Pernik,lake,,2,2,wd:Q12291777,Pchelina Reservoir,photo_gate,imgs_4
BG,BG414,Pernik,lake,,2,2,wd:Q12295731,Studena Reservoir,floor_pool,score_4.5_below_5.4
CH,CH023,Solothurn,lake,,2,2,wd:Q689876,lake Burgäschi (prehistoric lakeside settlement),photo_gate,imgs_5
CH,CH011,Vaud,lake,,3,2,wd:Q2741317,Lac des Chavonnes,floor_pool,score_4.8_below_5.4
CH,CH011,Vaud,lake,,3,2,wd:Q680900,Lac de l'Hongrin,floor_pool,score_4.6_below_5.4
CH,CH057,Thurgau,lake,,2,2,wd:Q2309428,Nussbaumersee,floor_pool,score_4.8_below_5.4
CH,CH051,Glarus,lake,,3,2,wd:Q663078,Oberblegisee,photo_gate,imgs_4
CH,CH051,Glarus,lake,,3,2,wd:Q671751,Obersee,floor_pool,score_4.8_below_5.4
CH,CH062,Uri,lake,,3,2,wd:Q2386062,Arnisee,floor_pool,score_5.0_below_5.4
CH,CH062,Uri,lake,,3,2,wd:Q5822088,Oberalpsee,floor_pool,score_5.0_below_5.4
CH,CH062,Uri,lake,,3,2,wd:Q43176,Göscheneralpsee,photo_gate,imgs_4
CH,CH064,Obwalden,lake,,3,2,wd:Q14505,Lake Sarnen,floor_pool,score_5.2_below_5.4
CH,CH064,Obwalden,lake,,3,2,wd:Q675997,Melchsee,floor_pool,score_5.1_below_5.4
CH,CH064,Obwalden,lake,,3,2,wd:Q14527,Lungerersee,photo_gate,imgs_5
DE,DEB12,Ahrweiler,lake,,2,2,wd:Q549267,Laacher See,photo_gate,imgs_3
DE,DEB24,Vulkaneifel,lake,,2,2,wd:Q1317765,Pulvermaar,photo_gate,imgs_3
DE,DE946,Ammerland,lake,,2,2,wd:Q59578,Zwischenahner Meer,photo_gate,imgs_3
DE,DE916,Goslar,lake,,2,2,wd:Q519907,Upper Harz Water Regale,photo_gate,imgs_2
DE,DEA1B,Kleve,lake,,2,2,wd:Q2480125,Wylermeer,photo_gate,imgs_5
DE,DEA1B,Kleve,lake,,2,2,osm:w296990813,Netterdenschen Kanal,photo_gate,imgs_3
DE,DE922,Diepholz,lake,,2,2,wd:Q688459,Dümmer,photo_gate,imgs_4
DE,DE804,"Schwerin, Kreisfreie Stadt",lake,,2,2,wd:Q1398428,Fauler See,photo_gate,imgs_5
DE,DE405,Barnim,lake,,3,2,wd:Q832060,Parsteiner See,photo_gate,imgs_2
DE,DE405,Barnim,lake,,3,2,wd:Q315446,Werbellinsee,photo_gate,imgs_2
DE,DE405,Barnim,lake,,3,2,wd:Q738483,Wandlitzer See,photo_gate,imgs_4
DE,DE25C,Weißenburg-Gunzenhausen,lake,,2,2,wd:Q49406,Großer Brombachsee,photo_gate,imgs_3
DE,DE21E,Landsberg am Lech,lake,,2,2,wd:Q265336,Ammersee,photo_gate,imgs_3
DE,DE21K,"Rosenheim, Landkreis",lake,,2,2,wd:Q1297140,Egelsee,photo_gate,imgs_2
DE,DE21K,"Rosenheim, Landkreis",lake,,2,2,wd:Q315443,Simssee,photo_gate,imgs_3
GR,EL642,Evvoia,lake,,3,2,wd:Q15057273,Lake Dystos,photo_gate,imgs_0
GR,EL642,Evvoia,lake,,3,2,wd:Q25536172,Mikro and Megalo Livari lagoons,photo_gate,imgs_0
ES,ES413,León,lake,,2,2,wd:Q8775382,Riaño Reservoir,photo_gate,imgs_2
ES,ES413,León,lake,,2,2,wd:Q5830421,Campañana Reservoir,photo_gate,imgs_1
GR,EL644,Fthiotida,lake,,2,2,wd:Q24882405,Vromolimni,photo_gate,imgs_0
GR,EL644,Fthiotida,lake,,2,2,wd:Q16328259,Lake Xynias,photo_gate,imgs_0
ES,ES300,Madrid,lake,,3,2,wd:Q5830564,San Juan Reservoir,photo_gate,imgs_1
ES,ES300,Madrid,lake,,3,2,wd:Q5969066,Laguna Grande de Peñalara,photo_gate,imgs_2
ES,ES300,Madrid,lake,,3,2,wd:Q1329216,La Jarosa Reservoir,floor_pool,score_4.7_below_5.4
GR,EL645,Fokida,lake,,2,2,wd:Q12880041,Lake Mornos,photo_gate,imgs_5
ES,ES415,Salamanca,lake,,2,2,osm:w297336615,Playa del Rostro,photo_gate,imgs_1
ES,ES415,Salamanca,lake,,2,2,osm:w158798607,Playa fluvial de Vilvestre,photo_gate,imgs_0
ES,ES415,Salamanca,lake,,2,2,osm:w520883284,Parque de Merendas - Playa Fluvial,photo_gate,imgs_0
GR,EL652,Korinthia,lake,,3,2,wd:Q14752068,Λίμνη Βουλιαγμένη,photo_gate,imgs_5
GR,EL652,Korinthia,lake,,3,2,wd:Q3565135,Lake Doxa,floor_pool,score_5.3_below_5.4
ES,ES417,Soria,lake,,2,2,wd:Q5969113,Black Lake of Urbión,floor_pool,score_4.6_below_5.4
GR,EL621,Zakynthos,lake,,2,2,wd:Q6393862,"Keri Lake, Zakynthos",photo_gate,imgs_3
GR,EL622,Kerkyra,lake,,3,2,wd:Q14213239,Korission Lagoon,photo_gate,imgs_3
GR,EL622,Kerkyra,lake,,3,2,wd:Q24915572,Lake Antiniotissa,photo_gate,imgs_1
ES,ES419,Zamora,lake,,3,2,wd:Q43563904,Bemposta Reservoir,floor_pool,score_5.3_below_5.4
ES,ES419,Zamora,lake,,3,2,wd:Q43563251,Picote Reservoir,floor_pool,score_4.8_below_5.4
ES,ES419,Zamora,lake,,3,2,osm:w53085064,Embalse de Castro,photo_gate,imgs_0
GR,EL527,Chalkidiki,lake,,2,2,wd:Q117352522,"Mavrobara, Polychrono",photo_gate,imgs_1
GR,EL531,"Grevena, Kozani",lake,,2,2,wd:Q12880045,Lake Polyfytos,photo_gate,imgs_5
GR,EL532,Kastoria,lake,,3,2,wd:Q105071378,Moutsalia,photo_gate,imgs_2
GR,EL532,Kastoria,lake,,3,2,wd:Q24910377,Lake Gkistova,photo_gate,imgs_5
GR,EL411,"Lesvos, Limnos",lake,,2,2,wd:Q5105247,Chortarolimni,photo_gate,imgs_1
GR,EL411,"Lesvos, Limnos",lake,,2,2,wd:Q12873432,Aliki,photo_gate,imgs_0
GR,EL542,Thesprotia,lake,,2,2,wd:Q56512353,Lake Kalodiki,photo_gate,imgs_3
GR,EL431,Irakleio,lake,,2,2,wd:Q122416681,Lake Zaros,floor_pool,score_4.8_below_5.4
GR,EL431,Irakleio,lake,,2,2,wd:Q72187481,Aposelemis lake,photo_gate,imgs_3
DK,DK014,Bornholm,lake,,2,2,wd:Q5645779,Hammersø,photo_gate,imgs_3
DK,DK014,Bornholm,lake,,2,2,wd:Q56240145,Pyritsøen,photo_gate,imgs_3
DK,DK021,Østsjælland,lake,,2,2,wd:Q23736551,Store Kattinge Sø,photo_gate,imgs_1
GR,EL432,Lasithi,lake,,3,2,wd:Q25162411,Bramiana reservoir,photo_gate,imgs_1
GR,EL432,Lasithi,lake,,3,2,wd:Q25163907,Αλμυρά Λίμνη,photo_gate,imgs_5
GR,EL432,Lasithi,lake,,3,2,wd:Q135234238,Alatsolimni,photo_gate,imgs_4
DE,DEF07,Nordfriesland,lake,,2,2,wd:Q27554878,Rudbøl Lake,photo_gate,imgs_3
GR,EL433,Rethymni,lake,,2,2,wd:Q18629933,Potamoi lake,photo_gate,imgs_5
GR,EL434,Chania,lake,,3,2,wd:Q25164156,Agia lake,photo_gate,imgs_3
GR,EL511,Evros,lake,,2,2,wd:Q65241523,Λίμνη Νυμφών,photo_gate,imgs_0
GR,EL514,Drama,lake,,2,2,wd:Q12880043,Platanovrysi lake,photo_gate,imgs_0
GR,EL514,Drama,lake,,2,2,wd:Q15057367,Thisavros lake,photo_gate,imgs_1
GR,EL521,Imathia,lake,,2,2,wd:Q15057364,Lake Asomaton,photo_gate,imgs_2
DK,DK032,Sydjylland,lake,,4,2,wd:Q255227,Slivsø,photo_gate,imgs_2
DK,DK032,Sydjylland,lake,,4,2,wd:Q3502047,Fårup Sø,photo_gate,imgs_4
DK,DK032,Sydjylland,lake,,4,2,wd:Q111665413,Jels Midtsø,floor_pool,score_5.2_below_5.4
GR,EL522,Thessaloniki,lake,,3,2,wd:Q117663686,Angelochori Lagoon,photo_gate,imgs_3
GR,EL522,Thessaloniki,lake,,3,2,wd:Q117608239,Salt-pan of Epanomi,photo_gate,imgs_3
GR,EL522,Thessaloniki,lake,,3,2,wd:Q1472501,Lake Koroneia,photo_gate,imgs_3
GR,EL524,Pella,lake,,3,2,wd:Q12279886,Giannitsa Lake,photo_gate,imgs_0
GR,EL524,Pella,lake,,3,2,wd:Q12880034,Lake Agra,photo_gate,imgs_5
GR,EL525,Pieria,lake,,2,2,wd:Q125999262,Kitros Salt Ponds,photo_gate,imgs_0
GR,EL525,Pieria,lake,,2,2,wd:Q38128452,Lake Kati,photo_gate,imgs_2
GR,EL306,Dytiki Attiki,lake,,2,2,wd:Q1785564,Koumoundourou lake,photo_gate,imgs_1
FR,FR101,Paris,lake,,3,2,wd:Q2659603,lac des Minimes,floor_pool,score_4.5_below_5.4
FR,FR101,Paris,lake,,3,2,wd:Q2574917,lac de Gravelle,floor_pool,score_4.4_below_5.4
FR,FR101,Paris,lake,,3,2,wd:Q2659121,lac Daumesnil,floor_pool,score_4.4_below_5.4
FI,FI1D9,Pohjois-Pohjanmaa,lake,,3,2,wd:Q18120518,Lämsänjärvi,floor_pool,score_5.2_below_5.4
FI,FI1D9,Pohjois-Pohjanmaa,lake,,3,2,wd:Q1657988,Iijärvi,photo_gate,imgs_2
FI,FI1D9,Pohjois-Pohjanmaa,lake,,3,2,wd:Q1346949,Muojärvi,photo_gate,imgs_5
FR,FR107,Val-de-Marne,lake,,2,2,wd:Q3215430,Lac de Créteil,photo_gate,imgs_3
ES,ES532,Mallorca,lake,,2,2,wd:Q2052009,S'Albufera de Mallorca Natural Park,photo_gate,imgs_2
ES,ES532,Mallorca,lake,,2,2,wd:Q18006559,Es Salobrar,photo_gate,imgs_1
FI,FI1C7,Kymenlaakso,lake,,2,2,wd:Q2535480,Vuohijärvi,photo_gate,imgs_5
FI,FI1C7,Kymenlaakso,lake,,2,2,wd:Q2119554,Pyhäjärvi,photo_gate,imgs_5
FI,FI1D5,Keski-Pohjanmaa,lake,,2,2,wd:Q1762943,Lestijärvi,floor_pool,score_4.5_below_5.4
FI,FI1C1,Varsinais-Suomi,lake,,2,2,wd:Q18327238,Mynäjärvi,photo_gate,imgs_5
FI,FI1C2,Kanta-Häme,lake,,3,2,wd:Q7362108,Iso-Roine,photo_gate,imgs_3
FI,FI1C2,Kanta-Häme,lake,,3,2,wd:Q6445237,Kuohijärvi,floor_pool,score_4.5_below_5.4
FI,FI1C2,Kanta-Häme,lake,,3,2,wd:Q6678652,Loppijärvi,floor_pool,score_4.2_below_5.4
ES,ES432,Cáceres,lake,,3,2,wd:Q3379578,Valdecañas reservoir,floor_pool,score_5.3_below_5.4
ES,ES432,Cáceres,lake,,3,2,wd:Q3075812,Arrocampo Reservoir,floor_pool,score_5.0_below_5.4
ES,ES617,Málaga,lake,,2,2,wd:Q5507199,Fuente de Piedra Lagoon,photo_gate,imgs_2
ES,ES512,Girona,lake,,3,2,wd:Q1369765,Lake of Banyoles,photo_gate,imgs_3
ES,ES512,Girona,lake,,3,2,wd:Q50583274,Lake of La Poma,photo_gate,imgs_3
ES,ES512,Girona,lake,,3,2,wd:Q7131953,Susqueda Reservoir,floor_pool,score_5.1_below_5.4
ES,ES620,Murcia,lake,,2,2,wd:Q16627897,Saladar de Lo Poyo,photo_gate,imgs_1
ES,ES521,Alicante/Alacant,lake,,3,2,wd:Q5658339,Salinas de Santa Pola Natural Park,photo_gate,imgs_3
ES,ES521,Alicante/Alacant,lake,,3,2,wd:Q201592,Tibi Reservoir,photo_gate,imgs_3
ES,ES523,Valencia/València,lake,,2,2,wd:Q84165268,Albufera of Valencia,floor_pool,score_4.4_below_5.4
FI,FI199,Etelä-Pohjanmaa,lake,,3,2,wd:Q6445275,Kuortaneenjärvi,photo_gate,imgs_5
FI,FI199,Etelä-Pohjanmaa,lake,,3,2,wd:Q593020,Lake Evijärvi,floor_pool,score_4.3_below_5.4
FR,FRY10,Guadeloupe,lake,,2,2,wd:Q3214879,Lac Flammarion,photo_gate,imgs_2
HR,HR028,Sisačko-moslavačka županija,lake,,2,2,wd:Q212927,Una,floor_pool,score_4.9_below_5.4
HR,HR028,Sisačko-moslavačka županija,lake,,2,2,wd:Q26223166,Mala Toka,photo_gate,imgs_0
HU,HU221,Győr-Moson-Sopron,lake,,2,2,wd:Q1219384,Nyirkai-Hany,photo_gate,imgs_5
HU,HU221,Győr-Moson-Sopron,lake,,2,2,wd:Q26231615,Nádas-tó,photo_gate,imgs_0
HU,HU222,Vas,lake,,2,2,wd:Q26233522,Hársas-tó,photo_gate,imgs_1
HU,HU222,Vas,lake,,2,2,wd:Q66310118,Vadása-tó,photo_gate,imgs_2
HU,HU222,Vas,lake,,2,2,osm:w236433422,Hársas-tó,photo_gate,imgs_0
HR,HR034,Šibensko-kninska županija,lake,,4,2,wd:Q25301398,Vela Solina,photo_gate,imgs_0
HR,HR034,Šibensko-kninska županija,lake,,4,2,wd:Q2474730,Cetina,floor_pool,score_4.9_below_5.4
HR,HR034,Šibensko-kninska županija,lake,,4,2,wd:Q25301372,Brljansko Jezero,photo_gate,imgs_0
HU,HU223,Zala,lake,,3,2,wd:Q1031271,Gébárti Lake,photo_gate,imgs_0
HU,HU223,Zala,lake,,3,2,wd:Q141108427,Lake Borostyán,photo_gate,imgs_1
HU,HU223,Zala,lake,,3,2,wd:Q134296122,Lake Zalacsány,floor_pool,score_4.4_below_5.4
FR,FRK14,Puy-de-Dôme,lake,,3,2,wd:Q3214795,Chambon lake,photo_gate,imgs_2
FR,FRK14,Puy-de-Dôme,lake,,3,2,wd:Q3111685,Gour de Tazenat,photo_gate,imgs_3
FR,FRK14,Puy-de-Dôme,lake,,3,2,wd:Q1666367,Lac Pavin,photo_gate,imgs_3
HR,HR064,Krapinsko-zagorska županija,lake,,2,2,wd:Q12627739,Bedekovčanska jezera,photo_gate,imgs_1
HU,HU110,Budapest,lake,,3,2,wd:Q1031860,Lake Gőtés,photo_gate,imgs_1
HU,HU110,Budapest,lake,,3,2,wd:Q84511078,Városliget Lake,floor_pool,score_5.2_below_5.4
HU,HU110,Budapest,lake,,3,2,wd:Q106108479,Szilas lake,photo_gate,imgs_5
HU,HU120,Pest,lake,,5,2,wd:Q56690772,Pannónia Lake,photo_gate,imgs_2
HU,HU120,Pest,lake,,5,2,wd:Q26231614,Nádas-tó,photo_gate,imgs_5
HU,HU120,Pest,lake,,5,2,wd:Q26258965,Házirét reservoir,photo_gate,imgs_2
HU,HU212,Komárom-Esztergom,lake,,3,2,wd:Q26233158,Lake Cseke,photo_gate,imgs_0
HU,HU212,Komárom-Esztergom,lake,,3,2,wd:Q831616,Lake Öreg,floor_pool,score_4.9_below_5.4
HU,HU212,Komárom-Esztergom,lake,,3,2,wd:Q26230952,Környei-tó,floor_pool,score_4.6_below_5.4
FR,FRJ27,Tarn,lake,,2,2,wd:Q3215717,Lac du Laouzas,photo_gate,imgs_3
FR,FRG01,Loire-Atlantique,lake,,2,2,wd:Q3215452,Lac de Grand-Lieu,photo_gate,imgs_2
FR,FRF23,Marne,lake,,2,2,wd:Q1799643,Lake Der-Chantecoq,photo_gate,imgs_3
FR,FRF24,Haute-Marne,lake,,2,2,wd:Q3215639,Lac de Villegusien,photo_gate,imgs_3
FR,FRF32,Meuse ,lake,,2,2,wd:Q1413346,Lac de Madine,photo_gate,imgs_3
LV,LV00A,Rīga,lake,,6,2,wd:Q1576080,Ķīšezers,photo_gate,imgs_4
LV,LV00A,Rīga,lake,,6,2,wd:Q15218746,Bābelītis,photo_gate,imgs_3
LV,LV00A,Rīga,lake,,6,2,wd:Q15220001,Velnezers,photo_gate,imgs_3
LV,LV00B,Kurzeme,lake,,6,2,wd:Q1579595,Liepāja Lake,photo_gate,imgs_3
LV,LV00B,Kurzeme,lake,,6,2,wd:Q2340235,Lake Pape,floor_pool,score_5.3_below_5.4
LV,LV00B,Kurzeme,lake,,6,2,wd:Q5248686,Kaņieris,floor_pool,score_5.2_below_5.4
IT,ITG2F,Cagliari,lake,,2,2,wd:Q3968028,Stagno di Cagliari,photo_gate,imgs_3
IT,ITG2G,Oristano,lake,,2,2,wd:Q878556,Lake Omodeo,floor_pool,score_4.8_below_5.4
LI,LI000,Liechtenstein,lake,,3,2,wd:Q156543,Gampriner Seele,photo_gate,imgs_3
LI,LI000,Liechtenstein,lake,,3,2,wd:Q15056466,Gänglesee,photo_gate,imgs_1
LI,LI000,Liechtenstein,lake,,3,2,wd:Q63646543,Spörry-Weiher,photo_gate,imgs_1
LT,LT011,Vilniaus apskritis,lake,,9,2,wd:Q12675182,Totoriškės,photo_gate,imgs_4
LT,LT011,Vilniaus apskritis,lake,,9,2,wd:Q25500630,Akis,photo_gate,imgs_1
LT,LT011,Vilniaus apskritis,lake,,9,2,wd:Q16444138,Antavilio Lake,photo_gate,imgs_5
LT,LT022,Kauno apskritis,lake,,3,2,wd:Q4253638,Lampėdis,photo_gate,imgs_2
LT,LT022,Kauno apskritis,lake,,3,2,wd:Q14919038,Labūnava Reservoir,floor_pool,score_4.6_below_5.4
LT,LT023,Klaipėdos apskritis,lake,,2,2,wd:Q6438828,Krokų Lanka,floor_pool,score_5.1_below_5.4
LT,LT023,Klaipėdos apskritis,lake,,2,2,wd:Q12027740,Kalotės Lake,photo_gate,imgs_2
IT,ITG12,Palermo,lake,,2,2,wd:Q1800431,Lago di Piana degli Albanesi,floor_pool,score_5.2_below_5.4
LT,LT025,Panevėžio apskritis,lake,,3,2,wd:Q1093648,Sartai,photo_gate,imgs_1
LT,LT025,Panevėžio apskritis,lake,,3,2,wd:Q12678792,Zalvė,photo_gate,imgs_1
IT,ITI12,Lucca,lake,,2,2,wd:Q1236114,Lago di Massaciuccoli,floor_pool,score_5.0_below_5.4
LT,LT027,Tauragės apskritis,lake,,2,2,wd:Q14919240,Paršežeris,photo_gate,imgs_1
LT,LT028,Telšių apskritis,lake,,4,2,wd:Q13191670,Beržoras Lake,photo_gate,imgs_0
LT,LT028,Telšių apskritis,lake,,4,2,wd:Q14918903,Germantas,photo_gate,imgs_1
LT,LT028,Telšių apskritis,lake,,4,2,wd:Q12667901,Pakastuvos Lake,photo_gate,imgs_0
IT,ITI16,Livorno,lake,,2,2,wd:Q3825568,laghetto delle Conche,photo_gate,imgs_1
IT,ITG16,Enna,lake,,2,2,wd:Q1800432,Pergusa Lake,photo_gate,imgs_3
LT,LT029,Utenos apskritis,lake,,9,2,wd:Q12658263,Juodieji Lakajai,photo_gate,imgs_2
LT,LT029,Utenos apskritis,lake,,9,2,wd:Q16449878,Dringykštis,photo_gate,imgs_1
LT,LT029,Utenos apskritis,lake,,9,2,wd:Q12674590,Taramas,photo_gate,imgs_1
LU,LU000,Luxembourg,lake,,3,2,wd:Q60082124,Lakes of Weiswampach,photo_gate,imgs_3
LU,LU000,Luxembourg,lake,,3,2,wd:Q1883344,lac d'Echternach,photo_gate,imgs_3
IT,ITC46,Bergamo,lake,,2,2,wd:Q917288,Lake Endine,photo_gate,imgs_3
IT,ITF62,Crotone,lake,,2,2,wd:Q2885882,Lago Ampollino,floor_pool,score_4.9_below_5.4
IE,IE052,South-East ,lake,,2,2,wd:Q6469864,Lady's Island Lake,photo_gate,imgs_1
IE,IE052,South-East ,lake,,2,2,wd:Q26715337,Tacumshin Lake,photo_gate,imgs_1
HU,HU321,Hajdú-Bihar,lake,,2,2,wd:Q26228673,Sós Víz,photo_gate,imgs_0
HU,HU321,Hajdú-Bihar,lake,,2,2,wd:Q26229524,Hortobágyi víztároló,photo_gate,imgs_0
HU,HU322,Jász-Nagykun-Szolnok,lake,,2,2,wd:Q112301181,Tiszaroffi árapasztó tározó,photo_gate,imgs_2
IE,IE061,Dublin,lake,,2,2,wd:Q883906,Blessington Street Basin,floor_pool,score_4.3_below_5.4
HU,HU332,Békés,lake,,2,2,wd:Q26230209,Biharugra Fishponds,photo_gate,imgs_0
HU,HU332,Békés,lake,,2,2,wd:Q60154662,Lake Fehér at Kardoskút,photo_gate,imgs_0
HU,HU332,Békés,lake,,2,2,wd:Q25466068,Bányató,photo_gate,imgs_0
IT,ITC18,Alessandria,lake,,2,2,wd:Q779394,Lago della Busalletta,photo_gate,imgs_0
PL,PL225,Bielski,lake,,2,2,osm:w136353696,"Pływalnia ""Start""",photo_gate,imgs_2
PL,PL225,Bielski,lake,,2,2,osm:w1354011600,plaża miejska,photo_gate,imgs_0
PL,PL225,Bielski,lake,,2,2,osm:w160967436,Pływalnia AQUA,photo_gate,imgs_0
PL,PL22A,Katowicki,lake,,2,2,osm:w22745636,Hubertus 3,photo_gate,imgs_5
PL,PL22A,Katowicki,lake,,2,2,osm:w177033222,Hubertus 4,photo_gate,imgs_3
PL,PL22A,Katowicki,lake,,2,2,osm:w832957893,Hubertus Wake&Fun,photo_gate,imgs_3
PL,PL415,Miasto Poznań,lake,,3,2,wd:Q2311941,Lake Malta,photo_gate,imgs_3
PL,PL415,Miasto Poznań,lake,,3,2,wd:Q6979920,Lake Rusałka,photo_gate,imgs_3
PL,PL415,Miasto Poznań,lake,,3,2,osm:w362155252,Plaża Dzika,photo_gate,imgs_0
NO,NO093,Vestfold,lake,,2,2,wd:Q1773385,Goksjø,photo_gate,imgs_1
NO,NO093,Vestfold,lake,,2,2,wd:Q11223614,Borrrevannet,photo_gate,imgs_1
NO,NO093,Vestfold,lake,,2,2,osm:r3348851,Numedalslågen,photo_gate,imgs_0
NO,NO0A1,Rogaland,lake,,2,2,wd:Q1773395,Aksdalsvatnet,photo_gate,imgs_1
NO,NO0A1,Rogaland,lake,,2,2,wd:Q5338772,Edlandsvatnet,photo_gate,imgs_0
NO,NO0A1,Rogaland,lake,,2,2,wd:Q1777231,Frøylandsvatnet,photo_gate,imgs_2
PL,PL214,Krakowski,lake,,2,2,osm:w1030188989,Kuter Port Nieznanowice,photo_gate,imgs_0
PL,PL214,Krakowski,lake,,2,2,osm:w1521333674,Ośrodek Wypoczynkowy Kłaj Dolina Raby,photo_gate,imgs_1
PL,PL214,Krakowski,lake,,2,2,osm:w177180817,Bobrowe Rozlewisko,photo_gate,imgs_0
NO,NO0A3,Møre og Romsdal,lake,,2,2,wd:Q1303816,Eikesdalsvatnet,floor_pool,score_5.2_below_5.4
NO,NO0A3,Møre og Romsdal,lake,,2,2,wd:Q5285398,Djupvatnet,floor_pool,score_5.1_below_5.4
NO,NO0A3,Møre og Romsdal,lake,,2,2,osm:r5893400,Osvatnet,photo_gate,imgs_0
NO,NO073,Finnmark/Finnmárku/Finmarkku,lake,,2,2,wd:Q3358642,Ellenvatnet,photo_gate,imgs_0
NO,NO073,Finnmark/Finnmárku/Finmarkku,lake,,2,2,wd:Q3845329,Iešjávri,photo_gate,imgs_1
NO,NO073,Finnmark/Finnmárku/Finmarkku,lake,,2,2,wd:Q2671507,Svanevatn,photo_gate,imgs_0
NL,NL416,Noordoost-Noord-Brabant,lake,,3,2,wd:Q2934319,IJzeren Man,photo_gate,imgs_3
NL,NL416,Noordoost-Noord-Brabant,lake,,3,2,wd:Q2024867,Oosterplas,photo_gate,imgs_5
NL,NL416,Noordoost-Noord-Brabant,lake,,3,2,wd:Q2126790,Zuiderplas,photo_gate,imgs_2
NL,NL421,Noord-Limburg,lake,,2,2,wd:Q95636879,Reindersmeer,photo_gate,imgs_1
NL,NL421,Noord-Limburg,lake,,2,2,wd:Q2360916,Mookerplas,photo_gate,imgs_2
NL,NL421,Noord-Limburg,lake,,2,2,osm:r1258768,Visvijver,photo_gate,imgs_0
NL,NL423,Zuid-Limburg,lake,,2,2,wd:Q2345097,Pietersplas,photo_gate,imgs_2
NL,NL423,Zuid-Limburg,lake,,2,2,osm:w75720873,Camping De Oosterdriessen,photo_gate,imgs_0
NL,NL423,Zuid-Limburg,lake,,2,2,osm:w50946161,Watersportclub Treech'42,photo_gate,imgs_0
MK,MK008,Skopski,lake,,3,2,osm:w38084155,Базен Аеродром,photo_gate,imgs_0
MK,MK008,Skopski,lake,,3,2,osm:w28212338,Базен Карпош,photo_gate,imgs_0
MK,MK008,Skopski,lake,,3,2,osm:w183419879,Olympic pool,photo_gate,imgs_0
NL,NL114,Oost-Groningen,lake,,2,2,wd:Q136445175,Beertsterplas,photo_gate,imgs_2
NL,NL114,Oost-Groningen,lake,,2,2,osm:w350877977,Camping 't Plathuis,photo_gate,imgs_0
NL,NL114,Oost-Groningen,lake,,2,2,osm:r13285740,Beetser koeln,photo_gate,imgs_0
NL,NL126,Zuidoost-Friesland,lake,,4,2,wd:Q2348263,De Leijen,photo_gate,imgs_3
NL,NL126,Zuidoost-Friesland,lake,,4,2,wd:Q2682231,Canadameer,photo_gate,imgs_2
NL,NL126,Zuidoost-Friesland,lake,,4,2,osm:w1119977245,Jachthaven Alddjip,photo_gate,imgs_3
NL,NL133,Zuidwest-Drenthe,lake,,2,2,wd:Q2020030,Blauwe Meer,photo_gate,imgs_2
NL,NL133,Zuidwest-Drenthe,lake,,2,2,osm:w88016683,Schoonhoven (recreatiegebied) - Zwemplas,photo_gate,imgs_1
NL,NL133,Zuidwest-Drenthe,lake,,2,2,osm:r1319711,De Westerse Koele,photo_gate,imgs_0
NL,NL211,Noord-Overijssel,lake,,4,2,wd:Q2706854,Beulakerwijde,photo_gate,imgs_2
NL,NL211,Noord-Overijssel,lake,,4,2,wd:Q2571412,Wijthmenerplas,photo_gate,imgs_2
NL,NL211,Noord-Overijssel,lake,,4,2,osm:r3713387,Bovenwijde,photo_gate,imgs_2
NL,NL226,Arnhem/Nijmegen,lake,,2,2,wd:Q26722546,Bisonbaai,photo_gate,imgs_1
NL,NL226,Arnhem/Nijmegen,lake,,2,2,osm:w59106470,Lathumse Plas,photo_gate,imgs_2
NL,NL226,Arnhem/Nijmegen,lake,,2,2,osm:r911971,Valeplas,photo_gate,imgs_0
NL,NL323,IJmond,lake,,2,2,wd:Q2773823,Alkmaardermeer,photo_gate,imgs_2
NL,NL323,IJmond,lake,,2,2,osm:w614452361,Westbroekplas,photo_gate,imgs_0
NL,NL323,IJmond,lake,,2,2,wd:Q2667071,IJ,photo_gate,imgs_0
NL,NL328,Alkmaar en omgeving,lake,,2,2,wd:Q27959422,Geestmerambacht,photo_gate,imgs_2
NL,NL328,Alkmaar en omgeving,lake,,2,2,osm:w988702178,Zomerdel Geestmerambacht,photo_gate,imgs_1
NL,NL328,Alkmaar en omgeving,lake,,2,2,osm:w71601977,Zwembaai 5,photo_gate,imgs_0
NL,NL341,Zeeuwsch-Vlaanderen,lake,,2,2,osm:w1230326269,De Vogel,photo_gate,imgs_0
NL,NL341,Zeeuwsch-Vlaanderen,lake,,2,2,osm:w943452747,De Vogel,photo_gate,imgs_0
NL,NL341,Zeeuwsch-Vlaanderen,lake,,2,2,osm:w263501094,Naaktstrand,photo_gate,imgs_0
NL,NL414,Zuidoost-Noord-Brabant,lake,,3,2,wd:Q2933818,Zwartven,photo_gate,imgs_4
NL,NL414,Zuidoost-Noord-Brabant,lake,,3,2,wd:Q2774846,Berkendonk,photo_gate,imgs_5
NL,NL414,Zuidoost-Noord-Brabant,lake,,3,2,wd:Q2112355,IJzeren Man,photo_gate,imgs_2
PT,PT300,Região Autónoma da Madeira,lake,,2,2,osm:w134135402,Praia de Machico,photo_gate,imgs_3
PT,PT300,Região Autónoma da Madeira,lake,,2,2,osm:w162445881,Praia Formosa,photo_gate,imgs_3
PT,PT300,Região Autónoma da Madeira,lake,,2,2,osm:w138470949,Praia Nova,photo_gate,imgs_1
RO,RO312,Călăraşi,lake,,2,2,wd:Q12731886,Lake Sărulești,photo_gate,imgs_1
RO,RO312,Călăraşi,lake,,2,2,wd:Q18539789,Dorobanț Lake,photo_gate,imgs_5
RO,RO111,Bihor,lake,,2,2,wd:Q12731852,Lacul Cicoș,photo_gate,imgs_0
RO,RO111,Bihor,lake,,2,2,wd:Q7311762,Remeți Hydroelectric Power Station,photo_gate,imgs_1
RO,RO313,Dâmboviţa,lake,,2,2,wd:Q18549561,Scropoasa Reservoir,floor_pool,score_4.7_below_5.4
RO,RO313,Dâmboviţa,lake,,2,2,wd:Q12731842,Bolboci Reservoir,floor_pool,score_4.1_below_5.4
RO,RO412,Gorj,lake,,2,2,wd:Q12714019,Lake Ceauru,photo_gate,imgs_0
RO,RO412,Gorj,lake,,2,2,wd:Q98086394,Lacul Valea lui Iovan,photo_gate,imgs_1
RO,RO315,Ialomiţa,lake,,2,2,wd:Q12731832,Lake Amara,floor_pool,score_4.8_below_5.4
RO,RO413,Mehedinţi,lake,,2,2,wd:Q1313598,Lake Đerdap,photo_gate,imgs_5
RO,RO413,Mehedinţi,lake,,2,2,wd:Q1313598,Lake Đerdap,photo_gate,imgs_5
RS,RS216,Rasinska oblast,lake,,2,2,wd:Q12747964,Ћелије (језеро),photo_gate,imgs_1
RS,RS216,Rasinska oblast,lake,,2,2,wd:Q35712761,Jezero Ćelije,photo_gate,imgs_1
RS,RS217,Raška oblast,lake,,2,2,wd:Q12758768,Semeteško jezero,photo_gate,imgs_1
PT,PT196,Beiras e Serra da Estrela,lake,,3,2,osm:w301178688,Praia Fluvial de Valhelhas,photo_gate,imgs_2
PT,PT196,Beiras e Serra da Estrela,lake,,3,2,osm:w954079010,Valhelhas Camping,photo_gate,imgs_2
PT,PT196,Beiras e Serra da Estrela,lake,,3,2,osm:r9648303,Albufeira de Alfaiates,photo_gate,imgs_0
RO,RO116,Sălaj,lake,,2,2,wd:Q6478343,Lake Vârșolț,photo_gate,imgs_0
RO,RO213,Iaşi,lake,,2,2,wd:Q12731833,Aroneanu Lake,floor_pool,score_4.4_below_5.4
RO,RO213,Iaşi,lake,,2,2,wd:Q12731855,Ciurbești Lake,floor_pool,score_4.2_below_5.4
RO,RO421,Arad,lake,,2,2,wd:Q6475988,Lake Ghioroc,floor_pool,score_4.3_below_5.4
RO,RO421,Arad,lake,,2,2,wd:Q12721459,Balta Șoimoș,photo_gate,imgs_4
PT,PT1C1,Alentejo Litoral,lake,,3,2,osm:w232239487,Praia da Vieirinha - Vale de Figueiros,photo_gate,imgs_3
PT,PT1C1,Alentejo Litoral,lake,,3,2,wd:Q35724477,Lagoa de Melides,photo_gate,imgs_3
RO,RO122,Braşov,lake,,2,2,wd:Q12731902,Țigănești Lake,photo_gate,imgs_2
RO,RO122,Braşov,lake,,2,2,wd:Q111079690,Urlea Lake,photo_gate,imgs_1
PT,PT1C2,Baixo Alentejo,lake,,2,2,osm:r3886594,Albufeira da Tapada Grande,photo_gate,imgs_0
PT,PT1C2,Baixo Alentejo,lake,,2,2,osm:w366137395,Estacionamento da Praia fluvial da Tapada Grande,photo_gate,imgs_0
PT,PT1C2,Baixo Alentejo,lake,,2,2,osm:w297540513,Praia Fluvial da Tapada Grande,photo_gate,imgs_1
RO,RO123,Covasna,lake,,2,2,wd:Q1253091,Lacul Reci,photo_gate,imgs_5
RO,RO423,Hunedoara,lake,,3,2,wd:Q873977,Cinciș Lake,photo_gate,imgs_2
RO,RO423,Hunedoara,lake,,3,2,wd:Q7349800,Râul Mare Hydroelectric Power Station,photo_gate,imgs_0
RO,RO423,Hunedoara,lake,,3,2,wd:Q302019,Lacul Zănoaga Mare,photo_gate,imgs_1
RO,RO221,Brăila,lake,,2,2,wd:Q31909307,Balta Albă,photo_gate,imgs_0
PT,PT1C3,Alto Alentejo,lake,,2,2,osm:w217597949,Parque de Campismo da Albufeira do Maranhão,photo_gate,imgs_1
PT,PT1C3,Alto Alentejo,lake,,2,2,osm:r2431470,Albufeira de Belver,photo_gate,imgs_0
PT,PT1C3,Alto Alentejo,lake,,2,2,osm:w35910868,Piscinas Municipais,photo_gate,imgs_0
PT,PT1C4,Alentejo Central,lake,,3,2,wd:Q34919282,Alvito Reservoir,photo_gate,imgs_2
PT,PT1C4,Alentejo Central,lake,,3,2,osm:w1379142015,Praia Fluvial de Alqueva,photo_gate,imgs_0
PT,PT1C4,Alentejo Central,lake,,3,2,osm:w1072712263,Praia Fluvial de Azenhas d'El Rei,photo_gate,imgs_0
RO,RO125,Mureş,lake,,2,2,wd:Q855254,Bözödi Lake,floor_pool,score_4.0_below_5.4
RO,RO125,Mureş,lake,,2,2,wd:Q1175336,Lake Ursu,photo_gate,imgs_5
RO,RO223,Constanţa,lake,,4,2,wd:Q35721844,Lacul Tabacarie,photo_gate,imgs_5
RO,RO223,Constanţa,lake,,4,2,wd:Q12731840,Lake Bugeac,photo_gate,imgs_0
RO,RO223,Constanţa,lake,,4,2,wd:Q641189,Lake Sinoe,photo_gate,imgs_0
RS,RS122,Južnobanatska oblast,lake,,2,2,wd:Q2812890,Bela Crkva lakes,floor_pool,score_4.8_below_5.4
RO,RO224,Galaţi,lake,,2,2,wd:Q12731850,Brateș Lake,photo_gate,imgs_5
RO,RO224,Galaţi,lake,,2,2,wd:Q23827026,Lacul Cătușa,photo_gate,imgs_2
PT,PT1D3,Lezíria do Tejo,lake,,3,2,osm:w399127972,Praia Fluvial de Coruche,photo_gate,imgs_2
PT,PT1D3,Lezíria do Tejo,lake,,3,2,osm:r17055409,Lago do Parque,photo_gate,imgs_1
PT,PT1D3,Lezíria do Tejo,lake,,3,2,osm:w158084844,Complexo de Piscinas Municipais,photo_gate,imgs_0
RS,RS125,Severnobačka oblast,lake,,3,2,wd:Q7127675,Palić Lake,photo_gate,imgs_4
RS,RS125,Severnobačka oblast,lake,,3,2,wd:Q2744326,Ludaš Lake,floor_pool,score_5.3_below_5.4
RS,RS125,Severnobačka oblast,lake,,3,2,wd:Q31181922,Zobnatičko jezero,photo_gate,imgs_5
PL,PL518,Wrocławski,lake,,2,2,osm:w116629105,Staw Pierwszy Jelczański,photo_gate,imgs_0
PL,PL518,Wrocławski,lake,,2,2,osm:w30173945,Kąpielisko Wały,photo_gate,imgs_0
PL,PL518,Wrocławski,lake,,2,2,wd:Q9164344,Zalew Bajkał,photo_gate,imgs_2
PL,PL912,Warszawski wschodni,lake,,2,2,osm:w196340716,Pływalnia OSiR,photo_gate,imgs_0
PL,PL912,Warszawski wschodni,lake,,2,2,osm:r6604507,Czarne,photo_gate,imgs_1
PL,PL912,Warszawski wschodni,lake,,2,2,osm:w867533490,Kąpielisko Kąck,photo_gate,imgs_0
PL,PL418,Poznański,lake,,2,2,wd:Q11726264,Jezioro Dymaczewskie,photo_gate,imgs_1
PL,PL418,Poznański,lake,,2,2,wd:Q11726922,Witobelskie Lake,photo_gate,imgs_3
PL,PL418,Poznański,lake,,2,2,osm:w84974876,Jezioro Niepruszewskie,photo_gate,imgs_1
PL,PL923,Płocki,lake,,2,2,wd:Q35714678,Lucieńskie Lake,photo_gate,imgs_2
PL,PL923,Płocki,lake,,2,2,osm:r6814066,Górskie,photo_gate,imgs_2
PL,PL923,Płocki,lake,,2,2,wd:Q110832355,Jezioro Szczutowskie,photo_gate,imgs_0
PL,PL713,Piotrkowski,lake,,2,2,osm:w10610254,Zalew na Drzewiczce,photo_gate,imgs_3
PL,PL713,Piotrkowski,lake,,2,2,osm:r319145,Jezioro Bugaj,photo_gate,imgs_1
PL,PL713,Piotrkowski,lake,,2,2,osm:r2984883,Wawrzkowizna,photo_gate,imgs_0
PL,PL424,Miasto Szczecin,lake,,2,2,wd:Q1158664,Dąbie Lake,photo_gate,imgs_3
PL,PL424,Miasto Szczecin,lake,,2,2,osm:r13402992,Staw Wędkarski,photo_gate,imgs_1
PL,PL424,Miasto Szczecin,lake,,2,2,osm:w179878500,Arkonka,photo_gate,imgs_2
PT,PT111,Alto Minho,lake,,2,2,osm:w210588488,Parque de Campismo do Cabedelo (Inatel),photo_gate,imgs_0
PT,PT111,Alto Minho,lake,,2,2,osm:w1474807103,Praia do Cabedelo,photo_gate,imgs_0
PT,PT111,Alto Minho,lake,,2,2,osm:w217169855,Piscina do Atlântico,photo_gate,imgs_0
PL,PL428,Szczeciński,lake,,3,2,wd:Q1571857,Resko Przymorskie,photo_gate,imgs_3
PL,PL428,Szczeciński,lake,,3,2,wd:Q49312078,Strzeszowskie,photo_gate,imgs_1
PL,PL428,Szczeciński,lake,,3,2,wd:Q11726864,Turkusowe Lake,floor_pool,score_5.2_below_5.4
PL,PL622,Olsztyński,lake,,4,2,wd:Q6478194,Lake Ukiel,photo_gate,imgs_2
PL,PL622,Olsztyński,lake,,4,2,wd:Q1136017,Tałty,photo_gate,imgs_3
PL,PL622,Olsztyński,lake,,4,2,wd:Q6980780,Wet Lake,photo_gate,imgs_3
PL,PL633,Trójmiejski,lake,,2,2,osm:w974509874,Park 45,photo_gate,imgs_1
PL,PL633,Trójmiejski,lake,,2,2,wd:Q16563147,Jezioro Zajęcze,photo_gate,imgs_5
PL,PL633,Trójmiejski,lake,,2,2,wd:Q11721160,Jezioro Jasień,photo_gate,imgs_3
PT,PT11A,Área Metropolitana do Porto,lake,,2,2,osm:w691310725,Praia da Granja,photo_gate,imgs_3
PT,PT11A,Área Metropolitana do Porto,lake,,2,2,osm:w691310728,Praia Granja,photo_gate,imgs_3
PT,PT11A,Área Metropolitana do Porto,lake,,2,2,osm:w344746898,Praia de Labruge,photo_gate,imgs_3
PT,PT11B,Alto Tâmega e Barroso,lake,,2,2,osm:r15555725,Albufeira de Salamonde,photo_gate,imgs_1
PT,PT11B,Alto Tâmega e Barroso,lake,,2,2,osm:w165663368,Parque de Campismo do Rabaçal,photo_gate,imgs_0
PT,PT11B,Alto Tâmega e Barroso,lake,,2,2,osm:w971702489,Praia Fluvial do Rabaçal,photo_gate,imgs_0
PT,PT11C,Tâmega e Sousa,lake,,2,2,wd:Q140371477,Carrapatelo Reservoir,photo_gate,imgs_5
PT,PT11C,Tâmega e Sousa,lake,,2,2,wd:Q140371502,Crestuma-Lever Reservoir,photo_gate,imgs_5
PT,PT11C,Tâmega e Sousa,lake,,2,2,osm:r5011894,Albufeira do Torrão,photo_gate,imgs_0
PL,PL814,Lubelski,lake,,2,2,wd:Q6475844,Lake Firlej,photo_gate,imgs_2
PL,PL814,Lubelski,lake,,2,2,wd:Q1523683,Kunów Lake,photo_gate,imgs_0
PL,PL814,Lubelski,lake,,2,2,wd:Q9210680,Dratów Lake,floor_pool,score_4.4_below_5.4
SK,SK042,Košický kraj,lake,,4,2,wd:Q189395,Zemplínska šírava,photo_gate,imgs_3
SK,SK042,Košický kraj,lake,,4,2,wd:Q1096740,Palcmanská Maša Reservoir,floor_pool,score_5.3_below_5.4
SK,SK042,Košický kraj,lake,,4,2,wd:Q3564561,Izra,photo_gate,imgs_4
SE,SE312,Dalarnas län,lake,,3,2,osm:r7086302,Grövelsjön,photo_gate,imgs_1
SE,SE312,Dalarnas län,lake,,3,2,osm:r32748,Flötningssjön,photo_gate,imgs_0
SE,SE312,Dalarnas län,lake,,3,2,osm:r16949204,Skinningstjärnen,photo_gate,imgs_0
SE,SE322,Jämtlands län,lake,,4,2,wd:Q2130944,Kvarnbergsvattnet,photo_gate,imgs_1
SE,SE322,Jämtlands län,lake,,4,2,osm:r10923896,Vuelie-Sipmehke - Austre Sipmeken,photo_gate,imgs_0
SE,SE322,Jämtlands län,lake,,4,2,osm:w26194543,Torrön,photo_gate,imgs_1
SE,SE121,Uppsala län,lake,,2,2,wd:Q184492,Mälaren,photo_gate,imgs_3
SE,SE331,Västerbottens län,lake,,3,2,wd:Q4589591,Litlumvatnet,photo_gate,imgs_0
SE,SE331,Västerbottens län,lake,,3,2,osm:r11898564,Arevattnet,photo_gate,imgs_0
SE,SE331,Västerbottens län,lake,,3,2,osm:r8803899,Krutvattnet - Bijjie Kruvhtegenjaevrie - Austerkrutvatnet,photo_gate,imgs_0
RS,RS222,Braničevska oblast,lake,,2,2,wd:Q1938900,Silver Lake,photo_gate,imgs_2
RS,RS222,Braničevska oblast,lake,,2,2,wd:Q61133326,Језеро Заова,photo_gate,imgs_0
RS,RS222,Braničevska oblast,lake,,2,2,wd:Q114289276,Bujdina Bara,photo_gate,imgs_0
SE,SE224,Skåne län,lake,,3,2,wd:Q1478637,Vombsjön,floor_pool,score_4.5_below_5.4
SE,SE224,Skåne län,lake,,3,2,wd:Q10534731,Lake Immeln,photo_gate,imgs_3
RS,RS224,Jablanička oblast,lake,,2,2,wd:Q12747651,Језеро Барје,photo_gate,imgs_1
RS,RS224,Jablanička oblast,lake,,2,2,wd:Q16011732,Брестовачко језеро,photo_gate,imgs_1
RS,RS227,Podunavska oblast,lake,,2,2,wd:Q31182491,Кусадачко језеро,photo_gate,imgs_5
SE,SE231,Hallands län,lake,,2,2,wd:Q3269287,Lygnern,photo_gate,imgs_5
RS,RS229,Toplička oblast,lake,,2,2,wd:Q61123047,Блачко језеро,photo_gate,imgs_0
SE,SE211,Jönköpings län,lake,,2,2,wd:Q10524235,Hindsen,photo_gate,imgs_2
SE,SE211,Jönköpings län,lake,,2,2,wd:Q1301936,Vidöstern,photo_gate,imgs_2
SI,SI033,Koroška,lake,,2,2,wd:Q12791717,Ivarčko jezero,photo_gate,imgs_1
SI,SI033,Koroška,lake,,2,2,osm:w447410382,Mestno kopališče,photo_gate,imgs_0
SI,SI033,Koroška,lake,,2,2,osm:w503445542,Ronkova ulica,photo_gate,imgs_0
SE,SE212,Kronobergs län,lake,,3,2,wd:Q891521,Bolmen,photo_gate,imgs_3
SE,SE212,Kronobergs län,lake,,3,2,wd:Q1765665,Mien,photo_gate,imgs_3
SE,SE212,Kronobergs län,lake,,3,2,wd:Q1474746,Helgasjön,photo_gate,imgs_3
SI,SI037,Jugovzhodna Slovenija,lake,,2,2,osm:w713346286,obiskovalci Term,photo_gate,imgs_0
SI,SI037,Jugovzhodna Slovenija,lake,,2,2,osm:w1067496387,Glavna plaža Jezero,photo_gate,imgs_0
SI,SI037,Jugovzhodna Slovenija,lake,,2,2,osm:r5431127,Krka,photo_gate,imgs_0
SK,SK010,Bratislavský kraj,lake,,4,2,wd:Q5873521,Hlboké,photo_gate,imgs_4
SK,SK010,Bratislavský kraj,lake,,4,2,wd:Q11868965,Vajnorské jazero,photo_gate,imgs_1
SK,SK010,Bratislavský kraj,lake,,4,2,wd:Q12768803,Kalné jazero,photo_gate,imgs_5
SE,SE311,Värmlands län,lake,,3,2,osm:r3507152,Helgesjøen,photo_gate,imgs_0
SE,SE311,Värmlands län,lake,,3,2,osm:r9200526,Höljessjön,photo_gate,imgs_0
SE,SE311,Värmlands län,lake,,3,2,osm:r16267487,Nyckelvattnet - Nøklevatnet,photo_gate,imgs_0
SE,SE214,Gotlands län,lake,,2,2,wd:Q166402,Lake Bästeträsk,photo_gate,imgs_3
SE,SE214,Gotlands län,lake,,2,2,wd:Q2435780,Tingstäde träsk,floor_pool,score_5.0_below_5.4
XK,XK001,Prishtinë,lake,,3,2,wd:Q810843,Batllava Lake,floor_pool,score_4.8_below_5.4
XK,XK001,Prishtinë,lake,,3,2,osm:w1457192965,Swiss Wellness Park,photo_gate,imgs_0
XK,XK001,Prishtinë,lake,,3,2,osm:w1184509625,Matinée Pool Club,photo_gate,imgs_0
XK,XK007,Gjakovë,lake,,3,2,wd:Q1520663,Radoniq Lake,floor_pool,score_4.9_below_5.4
XK,XK007,Gjakovë,lake,,3,2,wd:Q6978342,Gjeravica Lake,photo_gate,imgs_3
XK,XK007,Gjakovë,lake,,3,2,wd:Q3299918,Miruša Waterfalls,photo_gate,imgs_3
GB,TLC42,Northumberland,lake,,2,2,wd:Q1630735,Kielder Water,floor_pool,score_4.4_below_5.4
GB,TLC42,Northumberland,lake,,2,2,wd:Q5604294,Greenlee Lough,photo_gate,imgs_1
GB,TLE22,North Yorkshire,lake,,2,2,wd:Q1225708,Malham Tarn,floor_pool,score_4.3_below_5.4
GB,TLF13,South and West Derbyshire,lake,,2,2,wd:Q1800100,Ladybower Reservoir,score_gate,score_3.8_below_5.4
GB,TLF22,Leicestershire CC and Rutland,lake,,2,2,wd:Q822190,Rutland Water,floor_pool,score_4.7_below_5.4
GB,TLH34,Essex Haven Gateway,lake,,2,2,wd:Q4663930,Abberton Reservoir,floor_pool,score_4.2_below_5.4
GB,TLH51,Norwich and East Norfolk,lake,,2,2,wd:Q6744907,Malthouse Broad,floor_pool,score_4.1_below_5.4
GB,TLH52,North and West Norfolk,lake,,2,2,wd:Q7329742,Hickling Broad,photo_gate,imgs_5
GB,TLI35,Westminster and City of London,lake,,2,2,wd:Q1471930,Serpentine,floor_pool,score_4.1_below_5.4
GB,TLJ25,West Surrey,lake,,2,2,wd:Q7347669,Virginia Water Lake,floor_pool,score_4.4_below_5.4
GB,TLJ25,West Surrey,lake,,2,2,wd:Q7270464,Queen Mary Reservoir,floor_pool,score_4.3_below_5.4
GB,TLK30,Cornwall and Isles of Scilly,lake,,2,2,,,,
GB,TLK52,Bath & North East Somerset and South Gloucestershire,lake,,2,2,wd:Q3044337,Chew Valley Lake,floor_pool,score_4.1_below_5.4
GB,TLK64,Dorset,lake,,2,2,wd:Q3845366,Radipole Lake,floor_pool,score_4.5_below_5.4
GB,TLL31,Isle of Anglesey,lake,,2,2,wd:Q124312,Llyn Cerrig Bach,floor_pool,score_4.4_below_5.4
GB,TLL33,Conwy and Denbighshire,lake,,2,2,wd:Q13129733,Llyn Bochlwyd,floor_pool,score_4.8_below_5.4
GB,TLL41,Mid Wales,lake,,2,2,wd:Q2704839,Llangorse Lake,floor_pool,score_4.2_below_5.4
GB,TLL41,Mid Wales,lake,,2,2,wd:Q2248798,Lake Vyrnwy,floor_pool,score_4.1_below_5.4
GB,TLL42,South West Wales,lake,,2,2,wd:Q3397034,Llyn y Fan Fach,floor_pool,score_4.5_below_5.4
GB,TLL42,South West Wales,lake,,2,2,wd:Q107716444,Pembroke River upper,score_gate,score_3.3_below_5.4
GB,TLL51,Central Valleys and Bridgend,lake,,2,2,wd:Q2564713,Llyn Fawr,photo_gate,imgs_3
GB,TLM11,East Lothian and Midlothian,lake,,2,2,wd:Q5568275,Glencorse Reservoir,floor_pool,score_4.3_below_5.4
GB,TLM11,East Lothian and Midlothian,lake,,2,2,wd:Q6667276,Loganlea Reservoir,score_gate,score_3.7_below_5.4
GB,TLM14,West Lothian,lake,,2,2,wd:Q5663476,Harperrig Reservoir,photo_gate,imgs_1
GB,TLM33,"Inverclyde, East Renfrewshire, and Renfrewshire",lake,,2,2,wd:Q1049507,Castle Semple Loch,score_gate,score_3.7_below_5.4
GB,TLN0D,Antrim and Newtownabbey,lake,,2,2,wd:Q206942,Lough Neagh,photo_gate,imgs_4
UA,UA-74538382B21863106612225,Rozdilna,lake,,2,2,wd:Q2651567,Cuciurgan Reservoir,photo_gate,imgs_4
MD,MD-MD-CA,Cahul,lake,,3,2,wd:Q16653023,Lacul Manta,photo_gate,imgs_1
MD,MD-MD-CA,Cahul,lake,,3,2,wd:Q12102338,Lacul Dracele,photo_gate,imgs_1
MD,MD-MD-CA,Cahul,lake,,3,2,wd:Q571052,Lake Beleu,floor_pool,score_4.2_below_5.4
MD,MD-MD-GA,Gagauzia,lake,,2,2,wd:Q30247654,Tarakliyskoye Vodokhranilishche,photo_gate,imgs_0
MD,MD-MD-CS,Causeni,lake,,2,2,wd:Q30247652,Lacul Liman,photo_gate,imgs_5
MD,MD-MD-AN,Anenii Noi,lake,,2,2,wd:Q12731888,Lake Salas,photo_gate,imgs_1
MD,MD-MD-DU,Dubasari,lake,,2,2,wd:Q2655738,Dubăsari Reservoir,photo_gate,imgs_2
MD,MD-MD-SN,Transnistria,lake,,2,2,wd:Q19706988,Lacul Roșu,photo_gate,imgs_0
MD,MD-MD-RI,RIscani,lake,,2,2,wd:Q3272045,Lacul de acumulare Costești-Stînca,photo_gate,imgs_1
MD,MD-MD-RI,RIscani,lake,,2,2,wd:Q3272045,Lacul de acumulare Costești-Stînca,photo_gate,imgs_1
AD,AD-AD-03,Encamp,lake,,3,2,wd:Q21329797,Estany de l'Illa,photo_gate,imgs_1
AD,AD-AD-03,Encamp,lake,,3,2,wd:Q21329992,Estany de Montmalús,photo_gate,imgs_2
AD,AD-AD-03,Encamp,lake,,3,2,wd:Q21330258,Estany Primer,photo_gate,imgs_4
AD,AD-AD-08,Escaldes-Engordany,lake,,3,2,wd:Q21329190,Estany de la Bova,floor_pool,score_5.2_below_5.4
AD,AD-AD-08,Escaldes-Engordany,lake,,3,2,wd:Q21330406,Estany de Serra Mitjana,photo_gate,imgs_1
AD,AD-AD-08,Escaldes-Engordany,lake,,3,2,wd:Q115579665,els Estanyons,photo_gate,imgs_1
AL,AL015,Shkodër,lake,,5,1,wd:Q22011730,Keneta e Pertharjes,photo_gate,imgs_0
AL,AL015,Shkodër,lake,,5,1,wd:Q5599406,Great Lake of Buni Jezercë,photo_gate,imgs_4
AL,AL015,Shkodër,lake,,5,1,wd:Q22007584,Lake Vau i Dejës,floor_pool,score_4.9_below_5.4
AT,AT122,Niederösterreich-Süd,lake,,2,1,,,,
AT,AT226,Westliche Obersteiermark,lake,,2,1,,,,
AT,AT311,Innviertel,lake,,2,1,,,,
AT,AT130,Wien,lake,,2,1,wd:Q435520,Old Danube,photo_gate,imgs_3
AT,AT223,Östliche Obersteiermark,lake,,2,1,wd:Q5612902,Grüner See,photo_gate,imgs_3
AT,AT321,Lungau,lake,,2,1,,,,
AT,AT342,Rheintal-Bodenseegebiet,lake,,2,1,,,,
BE,BE213,Arr. Turnhout,lake,,2,1,wd:Q106364052,Bootjesven,photo_gate,imgs_5
BE,BE213,Arr. Turnhout,lake,,2,1,osm:w967366143,Tulderheyde,photo_gate,imgs_0
BE,BE213,Arr. Turnhout,lake,,2,1,osm:r1173139,Bootjesven,photo_gate,imgs_1
AT,AT322,Pinzgau-Pongau,lake,,2,1,,,,
AT,AT333,Osttirol,lake,,2,1,wd:Q2454164,Tristacher See,floor_pool,score_5.3_below_5.4
AT,AT312,Linz-Wels,lake,,3,1,wd:Q2092165,Pichlinger See,photo_gate,imgs_5
AT,AT314,Steyr-Kirchdorf,lake,,2,1,,,,
BE,BE255,Arr. Oostende,lake,,2,1,wd:Q2454272,De Hoge Dijken,photo_gate,imgs_3
BE,BE310,Arr. Nivelles,lake,,2,1,,,,
BE,BE323,Arr. Mons,lake,,2,1,wd:Q21771863,Lac des Herbieres,photo_gate,imgs_4
BE,BE224,Arr. Hasselt,lake,,2,1,,,,
BE,BE232,Arr. Dendermonde,lake,,2,1,,,,
BG,BG321,Veliko Tarnovo,lake,,2,1,wd:Q7329993,Yovkovtsi,photo_gate,imgs_0
BG,BG333,Shumen,lake,,2,1,,,,
BG,BG422,Haskovo,lake,,2,1,wd:Q6098603,Ivaylovgrad reservoir,photo_gate,imgs_2
CH,CH024,Neuchâtel,lake,,2,1,,,,
CH,CH033,Aargau,lake,,2,1,wd:Q680864,Klingnauer Stausee,photo_gate,imgs_3
CZ,CZ010,Hlavní město Praha,lake,,4,1,wd:Q106784716,Kotlářka retention basin,photo_gate,imgs_2
CZ,CZ010,Hlavní město Praha,lake,,4,1,wd:Q12042590,Olšanský rybník,photo_gate,imgs_3
CZ,CZ010,Hlavní město Praha,lake,,4,1,wd:Q108483673,Retenční nádrž Brouček,photo_gate,imgs_2
CH,CH061,Luzern,lake,,3,1,wd:Q14436,Lake Zug,floor_pool,score_5.2_below_5.4
CH,CH061,Luzern,lake,,3,1,wd:Q14509,Lake Baldegg,floor_pool,score_5.2_below_5.4
CH,CH061,Luzern,lake,,3,1,wd:Q16940,Rotsee,photo_gate,imgs_2
CH,CH065,Nidwalden,lake,,2,1,,,,
CH,CH066,Zug,lake,,2,1,,,,
CZ,CZ053,Pardubický kraj,lake,,2,1,wd:Q3505514,Pastviny Reservoir,floor_pool,score_5.2_below_5.4
CZ,CZ053,Pardubický kraj,lake,,2,1,osm:w927124475,Outdoor swimming pool,photo_gate,imgs_0
CZ,CZ051,Liberecký kraj,lake,,3,1,wd:Q1517739,Kristýna,photo_gate,imgs_2
CZ,CZ051,Liberecký kraj,lake,,3,1,wd:Q11772802,Mechové jezírko,floor_pool,score_4.8_below_5.4
CZ,CZ051,Liberecký kraj,lake,,3,1,wd:Q1166687,Souš Reservoir,floor_pool,score_4.7_below_5.4
DE,DE138,Konstanz,lake,,3,1,wd:Q565637,Untersee,photo_gate,imgs_2
DE,DE138,Konstanz,lake,,3,1,wd:Q565637,Untersee,photo_gate,imgs_2
DE,DE138,Konstanz,lake,,3,1,wd:Q187752,Zeller See,photo_gate,imgs_5
DE,DEE04,Altmarkkreis Salzwedel,lake,,2,1,,,,
DE,DEE05,Anhalt-Bitterfeld,lake,,2,1,,,,
DE,DE929,Region Hannover,lake,,2,1,wd:Q165782,Steinhuder Meer,photo_gate,imgs_3
DE,DEE0B,Saalekreis,lake,,2,1,,,,
DE,DE80M,Nordwestmecklenburg,lake,,2,1,,,,
DE,DED2D,Görlitz,lake,,2,1,osm:w100952094,Hutbergsteinbruch,photo_gate,imgs_0
DE,DED2D,Görlitz,lake,,2,1,osm:w111406688,Kieswerke Heim,photo_gate,imgs_0
DE,DED2D,Görlitz,lake,,2,1,osm:w128091297,Nordoststrand,photo_gate,imgs_0
DE,DEA23,"Köln, Kreisfreie Stadt",lake,,2,1,,,,
DE,DED51,"Leipzig, Kreisfreie Stadt",lake,,2,1,,,,
DE,DEA5B,Soest,lake,,2,1,,,,
DE,DE736,Waldeck-Frankenberg,lake,,2,1,,,,
DE,DE27E,Oberallgäu,lake,,2,1,wd:Q546344,Großer Alpsee,photo_gate,imgs_2
DE,DE228,"Passau, Landkreis",lake,,2,1,,,,
DE,DE40A,Oberhavel,lake,,2,1,wd:Q319144,Lake Stechlin,photo_gate,imgs_1
DE,DE404,"Potsdam, Kreisfreie Stadt",lake,,2,1,,,,
DE,DE40B,Oberspreewald-Lausitz,lake,,2,1,,,,
DE,DE40C,Oder-Spree,lake,,2,1,osm:w203542929,Fürstenberger Innensee,photo_gate,imgs_0
DE,DE40C,Oder-Spree,lake,,2,1,osm:r1692387,Brieskower See,photo_gate,imgs_0
DE,DE40C,Oder-Spree,lake,,2,1,osm:w45338924,Kiesgrube,photo_gate,imgs_0
DE,DE406,Dahme-Spreewald,lake,,2,1,wd:Q471366,Schwielochsee,photo_gate,imgs_3
DE,DE40E,Potsdam-Mittelmark,lake,,2,1,wd:Q1548824,Großer Plessower See,photo_gate,imgs_3
DE,DE80K,Landkreis Rostock,lake,,2,1,,,,
DE,DE149,Sigmaringen,lake,,2,1,,,,
DE,DE215,Berchtesgadener Land,lake,,3,1,wd:Q1619819,Hintersee (Ramsauer Ache),floor_pool,score_5.1_below_5.4
DE,DE21F,Miesbach,lake,,3,1,wd:Q2264893,Seehamer See,photo_gate,imgs_3
DE,DE21M,Traunstein,lake,,2,1,wd:Q4138,Chiemsee,photo_gate,imgs_3
DE,DE27B,Ostallgäu,lake,,4,1,wd:Q680236,Forggensee,photo_gate,imgs_2
DE,DE27B,Ostallgäu,lake,,4,1,wd:Q806909,Bannwaldsee,photo_gate,imgs_3
DE,DE27B,Ostallgäu,lake,,4,1,wd:Q251919,Schwansee,photo_gate,imgs_5
ES,ES120,Asturias,lake,,4,1,wd:Q5553336,Ría de Villaviciosa,photo_gate,imgs_3
ES,ES423,Cuenca,lake,,2,1,,,,
GR,EL643,Evrytania,lake,,2,1,,,,
ES,ES424,Guadalajara,lake,,2,1,,,,
ES,ES411,Ávila,lake,,2,1,wd:Q15075157,Laguna del Barco,photo_gate,imgs_3
GR,EL651,"Argolida, Arkadia",lake,,2,1,wd:Q6469801,Ladon lake,photo_gate,imgs_0
GR,EL611,"Karditsa, Trikala",lake,,2,1,wd:Q12880042,Lake Smokovo,photo_gate,imgs_1
ES,ES211,Araba/Álava,lake,,2,1,wd:Q18286647,Valle Salado,floor_pool,score_5.0_below_5.4
ES,ES213,Bizkaia,lake,,2,1,,,,
GR,EL613,"Magnisia, Sporades",lake,,2,1,,,,
ES,ES220,Navarra,lake,,2,1,,,,
ES,ES113,Ourense,lake,,2,1,wd:Q130299006,Salas River Reservoir,photo_gate,imgs_1
GR,EL631,Aitoloakarnania,lake,,5,1,wd:Q2987510,Ozeros,photo_gate,imgs_5
GR,EL631,Aitoloakarnania,lake,,5,1,wd:Q1365911,Kastraki lake,photo_gate,imgs_5
GR,EL631,Aitoloakarnania,lake,,5,1,wd:Q15057313,Voulkaria,photo_gate,imgs_3
GR,EL641,Voiotia,lake,,2,1,wd:Q1234240,Lake Copais,photo_gate,imgs_1
ES,ES422,Ciudad Real,lake,,2,1,,,,
GR,EL307,"Peiraias, Nisoi",lake,,2,1,wd:Q122260801,Lekani,photo_gate,imgs_1
GR,EL421,"Kalymnos, Karpathos, Kasos, Kos, Rodos",lake,,2,1,,,,
DE,DEF04,"Neumünster, Kreisfreie Stadt",lake,,2,1,,,,
DE,DEF06,Herzogtum Lauenburg,lake,,2,1,wd:Q704782,Schaalsee,photo_gate,imgs_3
DE,DEF0B,Rendsburg-Eckernförde,lake,,2,1,,,,
GR,EL512,Xanthi,lake,,2,1,wd:Q25133869,Lafrouda,photo_gate,imgs_0
DE,DEF0C,Schleswig-Flensburg,lake,,2,1,,,,
DE,DEF0D,Segeberg,lake,,2,1,,,,
DK,DK041,Vestjylland,lake,,6,1,wd:Q23746990,Kilen,photo_gate,imgs_2
DK,DK041,Vestjylland,lake,,6,1,wd:Q12315027,Hald Sø,photo_gate,imgs_3
DK,DK041,Vestjylland,lake,,6,1,wd:Q23734767,Tjele Langsø,photo_gate,imgs_2
FR,FRE21,Aisne,lake,,2,1,,,,
FR,FRC23,Haute-Saône,lake,,2,1,,,,
FR,FRF12,Haut-Rhin,lake,,3,1,wd:Q931768,Lac de Kruth-Wildenstein,photo_gate,imgs_2
FR,FRC14,Yonne,lake,,2,1,,,,
FR,FRF11,Bas-Rhin,lake,,2,1,,,,
FR,FRB03,Indre,lake,,2,1,,,,
FI,FI1DA,Etelä-Savo,lake,,4,1,wd:Q1318014,Puula,photo_gate,imgs_3
FI,FI1DA,Etelä-Savo,lake,,4,1,wd:Q1795204,Kyyvesi,photo_gate,imgs_5
FI,FI1DA,Etelä-Savo,lake,,4,1,wd:Q6305393,Jukajärvi,floor_pool,score_4.7_below_5.4
FR,FRC11,Côte-d’Or,lake,,2,1,,,,
ES,ES612,Cádiz,lake,,3,1,wd:Q5369434,Bornos Reservoir,photo_gate,imgs_2
ES,ES612,Cádiz,lake,,3,1,wd:Q5369432,Barbate Reservoir,floor_pool,score_5.3_below_5.4
ES,ES613,Córdoba,lake,,2,1,wd:Q5369448,La Breña Reservoir,photo_gate,imgs_3
ES,ES614,Granada,lake,,3,1,wd:Q579709,Los Bermejales Reservoir,photo_gate,imgs_3
ES,ES614,Granada,lake,,3,1,wd:Q1032728,Canales Reservoir,floor_pool,score_5.2_below_5.4
ES,ES616,Jaén,lake,,2,1,,,,
ES,ES511,Barcelona,lake,,2,1,wd:Q11940034,Santa Fe Reservoir,photo_gate,imgs_3
ES,ES522,Castellón/Castelló,lake,,2,1,wd:Q202052,Ulldecona Reservoir,floor_pool,score_5.3_below_5.4
FI,FI1C5,Etelä-Karjala,lake,,2,1,wd:Q1738152,Kivijärvi,floor_pool,score_5.2_below_5.4
FI,FI198,Keski-Suomi,lake,,6,1,wd:Q5481857,Leppävesi,photo_gate,imgs_3
FI,FI198,Keski-Suomi,lake,,6,1,wd:Q15111539,Palokkajärvi,photo_gate,imgs_3
FI,FI198,Keski-Suomi,lake,,6,1,wd:Q20736873,Vuorilampi,photo_gate,imgs_2
ES,ES531,Eivissa y Formentera,lake,,2,1,,,,
HR,HR033,Zadarska županija,lake,,3,1,wd:Q1625342,Vransko Lake,photo_gate,imgs_3
HR,HR033,Zadarska županija,lake,,3,1,wd:Q25503258,Mir lake,photo_gate,imgs_5
HR,HR033,Zadarska županija,lake,,3,1,wd:Q12627490,Babića jezero,photo_gate,imgs_1
HR,HR031,Primorsko-goranska županija,lake,,3,1,wd:Q108776244,Njivice (jezero),photo_gate,imgs_0
HR,HR031,Primorsko-goranska županija,lake,,3,1,wd:Q12640216,Potkoš,photo_gate,imgs_4
HR,HR031,Primorsko-goranska županija,lake,,3,1,wd:Q3825969,Lokvarsko jezero,photo_gate,imgs_5
FR,FRK12,Cantal,lake,,2,1,,,,
FR,FRK13,Haute-Loire,lake,,2,1,,,,
HR,HR050,Grad Zagreb,lake,,2,1,wd:Q116192398,Bundek,photo_gate,imgs_2
FR,FRL02,Hautes-Alpes ,lake,,2,1,wd:Q2380235,Lac de l'Eychauda,photo_gate,imgs_3
FR,FRY50,Mayotte ,lake,,2,1,,,,
FR,FRL04,Bouches-du-Rhône,lake,,3,1,wd:Q121068983,Florence Arthaud municipal nautical stadium,photo_gate,imgs_1
FR,FRK21,Ain,lake,,3,1,wd:Q3215436,Lac de Divonne,photo_gate,imgs_3
FR,FRK21,Ain,lake,,3,1,wd:Q3215357,Lac de Barterand,photo_gate,imgs_5
FR,FRK21,Ain,lake,,3,1,wd:Q3215450,Lac de Glandieu,photo_gate,imgs_2
FR,FRL05,Var,lake,,2,1,wd:Q1434679,Lac de Saint-Cassien,photo_gate,imgs_3
FR,FRK22,Ardèche,lake,,2,1,,,,
FR,FRM01,Corse-du-Sud,lake,,2,1,,,,
FR,FRJ25,Lot,lake,,2,1,,,,
FR,FRJ26,Hautes-Pyrénées ,lake,,3,1,wd:Q633293,Gaube Lake,floor_pool,score_5.3_below_5.4
FR,FRJ26,Hautes-Pyrénées ,lake,,3,1,wd:Q3215734,Lac du Pourtet,photo_gate,imgs_3
FR,FRJ26,Hautes-Pyrénées ,lake,,3,1,wd:Q3215399,Lac de Cap-de-Long,floor_pool,score_5.0_below_5.4
FR,FRJ11,Aude,lake,,3,1,wd:Q6468013,Lac de la Cavayère,photo_gate,imgs_1
FR,FRF22,Aube,lake,,2,1,,,,
FR,FRJ13,Hérault,lake,,2,1,wd:Q386343,Lake Salagou,photo_gate,imgs_1
FR,FRH04,Morbihan,lake,,2,1,,,,
FR,FRJ15,Pyrénées-Orientales,lake,,4,1,wd:Q21328903,estany de Font Negra,photo_gate,imgs_4
FR,FRJ15,Pyrénées-Orientales,lake,,4,1,wd:Q3591678,Étang de Canet-Saint-Nazaire,photo_gate,imgs_1
FR,FRJ15,Pyrénées-Orientales,lake,,4,1,wd:Q282328,étang du Lanoux,photo_gate,imgs_2
FR,FRJ21,Ariège,lake,,2,1,wd:Q3023366,Étang de Lers,floor_pool,score_5.0_below_5.4
FR,FRI12,Gironde,lake,,2,1,,,,
FR,FRF31,Meurthe-et-Moselle ,lake,,2,1,,,,
FR,FRJ23,Haute-Garonne,lake,,2,1,,,,
FR,FRI15,Pyrénées-Atlantiques,lake,,4,1,wd:Q3215864,Lacs d'Arrémoulit,floor_pool,score_5.3_below_5.4
FR,FRI15,Pyrénées-Atlantiques,lake,,4,1,wd:Q2985821,Lac Gentau,floor_pool,score_5.1_below_5.4
FR,FRI15,Pyrénées-Atlantiques,lake,,4,1,wd:Q3215438,Lac de Fabrèges,floor_pool,score_4.7_below_5.4
FR,FRI22,Creuse,lake,,2,1,,,,
IT,ITI22,Terni,lake,,2,1,,,,
IT,ITI33,Macerata,lake,,2,1,wd:Q13403151,Lago di Fiastra,photo_gate,imgs_3
IT,ITI34,Ascoli Piceno,lake,,2,1,,,,
LT,LT021,Alytaus apskritis,lake,,6,1,wd:Q263136,Metelys,photo_gate,imgs_3
LT,LT021,Alytaus apskritis,lake,,6,1,wd:Q16472802,Snaigynas,photo_gate,imgs_3
LT,LT021,Alytaus apskritis,lake,,6,1,wd:Q12676171,Vainežeris,photo_gate,imgs_1
IT,ITI42,Rieti,lake,,3,1,wd:Q3826045,Lago di Scandarello,photo_gate,imgs_3
IT,ITH56,Ferrara,lake,,2,1,,,,
IT,ITI14,Firenze,lake,,2,1,,,,
IT,ITH41,Pordenone,lake,,2,1,,,,
IT,ITI18,Arezzo,lake,,2,1,,,,
IT,ITI21,Perugia,lake,,2,1,,,,
IT,ITC20,Valle d’Aosta/Vallée d’Aoste,lake,,2,1,,,,
IT,ITF48,Barletta-Andria-Trani,lake,,2,1,,,,
IT,ITC43,Lecco,lake,,2,1,,,,
IT,ITC44,Sondrio,lake,,3,1,wd:Q656674,Lago di Lei,floor_pool,score_5.2_below_5.4
IT,ITC44,Sondrio,lake,,3,1,wd:Q672495,Lago di Livigno,floor_pool,score_5.3_below_5.4
IT,ITC44,Sondrio,lake,,3,1,wd:Q656674,Lago di Lei,floor_pool,score_5.1_below_5.4
IT,ITF61,Cosenza,lake,,2,1,wd:Q3825626,Lake Arvo,floor_pool,score_5.3_below_5.4
HU,HU312,Heves,lake,,3,1,wd:Q14915983,Markaz Reservoir,floor_pool,score_4.7_below_5.4
HU,HU312,Heves,lake,,3,1,wd:Q1315111,Sástó,floor_pool,score_4.1_below_5.4
HU,HU312,Heves,lake,,3,1,wd:Q26233539,Csórréti-víztározó,photo_gate,imgs_1
IT,ITC4C,Milano,lake,,2,1,,,,
IT,ITC11,Torino,lake,,3,1,wd:Q16570946,Lago Nero,photo_gate,imgs_2
IT,ITC13,Biella,lake,,2,1,wd:Q3825905,Lake of Bertignano,photo_gate,imgs_2
IT,ITF33,Napoli,lake,,3,1,wd:Q19060551,Lago di Licola,photo_gate,imgs_1
IT,ITC14,Verbano-Cusio-Ossola,lake,,2,1,,,,
IT,ITC15,Novara,lake,,2,1,,,,
IE,IE063,Midland,lake,,4,1,wd:Q3545409,Lough Gowna,photo_gate,imgs_1
IE,IE063,Midland,lake,,4,1,wd:Q1586768,Lough Derravaragh,photo_gate,imgs_2
IE,IE063,Midland,lake,,4,1,wd:Q1948447,Lough Sheever,photo_gate,imgs_3
IT,ITC16,Cuneo,lake,,2,1,,,,
PL,PL22C,Tyski,lake,,2,1,wd:Q4411395,Paprocany Lake,photo_gate,imgs_3
PL,PL22C,Tyski,lake,,2,1,wd:Q9344133,Starganiec,photo_gate,imgs_2
PL,PL22C,Tyski,lake,,2,1,osm:w172125555,Zbiornik Łąka,photo_gate,imgs_2
PL,PL414,Koniński,lake,,4,1,wd:Q6512708,Lednica,photo_gate,imgs_5
PL,PL414,Koniński,lake,,4,1,wd:Q11791420,Niedzięgiel,photo_gate,imgs_4
PL,PL414,Koniński,lake,,4,1,wd:Q11726569,Mikorzyńskie Lake,photo_gate,imgs_3
PL,PL218,Nowosądecki,lake,,2,1,osm:w40731290,Stawy Stary Sącz,photo_gate,imgs_2
PL,PL218,Nowosądecki,lake,,2,1,osm:w352660600,Camping Nr 87,photo_gate,imgs_0
PL,PL218,Nowosądecki,lake,,2,1,osm:w176003723,Pole kempingowe Pod Wyspą,photo_gate,imgs_1
NL,NL415,Midden-Noord-Brabant,lake,,2,1,osm:w972977791,WSV Woudrichem,photo_gate,imgs_2
NL,NL415,Midden-Noord-Brabant,lake,,2,1,wd:Q127406630,Victoriameer,photo_gate,imgs_0
NL,NL415,Midden-Noord-Brabant,lake,,2,1,osm:w1500727685,Lake Resort Beekse Bergen,photo_gate,imgs_0
NL,NL422,Midden-Limburg,lake,,3,1,osm:w513245117,Camping van Ass Roermond,photo_gate,imgs_0
NL,NL422,Midden-Limburg,lake,,3,1,osm:w113179983,De Weerd,photo_gate,imgs_0
NL,NL422,Midden-Limburg,lake,,3,1,osm:w966312249,Grote Hegge,photo_gate,imgs_0
MT,MT001,Malta,lake,,2,1,osm:w313275635,Għajn Tuffieħa Scout Campsite,photo_gate,imgs_1
MT,MT001,Malta,lake,,2,1,osm:w23899619,Pretty Bay,photo_gate,imgs_1
MT,MT001,Malta,lake,,2,1,osm:w23613890,Ir-Ramla tal-Ġnejna,photo_gate,imgs_2
MT,MT002,Gozo and Comino/Għawdex u Kemmuna,lake,,2,1,wd:Q1639436,Dwejra Inland Sea,photo_gate,imgs_2
MT,MT002,Gozo and Comino/Għawdex u Kemmuna,lake,,2,1,osm:w248796612,Ir-Ramla l-Ħamra,photo_gate,imgs_3
MT,MT002,Gozo and Comino/Għawdex u Kemmuna,lake,,2,1,osm:w23738627,Ħondoq ir-Rummien,photo_gate,imgs_0
NL,NL131,Noord-Drenthe,lake,,3,1,wd:Q2229943,'t Nije Hemelriek,photo_gate,imgs_2
NL,NL131,Noord-Drenthe,lake,,3,1,osm:w816971178,Speelvijver 't Gasselterveld,photo_gate,imgs_3
NL,NL131,Noord-Drenthe,lake,,3,1,wd:Q28102981,Ieberenplas,photo_gate,imgs_1
NL,NL213,Twente,lake,,2,1,wd:Q2050876,Recreatieterrein Het Rutbeek,photo_gate,imgs_1
NL,NL213,Twente,lake,,2,1,osm:w713667526,P3 Wolbers moat,photo_gate,imgs_0
NL,NL213,Twente,lake,,2,1,osm:w712475187,P1 Jacobsriet,photo_gate,imgs_0
NL,NL221,Veluwe,lake,,3,1,wd:Q943170,Nuldernauw,photo_gate,imgs_3
NL,NL221,Veluwe,lake,,3,1,osm:w60283373,Het Bussloo,photo_gate,imgs_2
NL,NL221,Veluwe,lake,,3,1,osm:w372157713,'t Wolbos,photo_gate,imgs_0
NL,NL321,Kop van Noord-Holland,lake,,2,1,wd:Q1813641,Amstelmeer,photo_gate,imgs_2
NL,NL321,Kop van Noord-Holland,lake,,2,1,osm:w276415294,Recreatiebad Enkhuizerzand,photo_gate,imgs_3
NL,NL321,Kop van Noord-Holland,lake,,2,1,osm:w45137961,Hoge Oude Veer,photo_gate,imgs_0
NL,NL361,Agglomeratie ’s-Gravenhage,lake,,3,1,wd:Q2529688,Vlietland,photo_gate,imgs_3
NL,NL361,Agglomeratie ’s-Gravenhage,lake,,3,1,osm:w1168280363,Speelvijver,photo_gate,imgs_0
NL,NL361,Agglomeratie ’s-Gravenhage,lake,,3,1,osm:w95707996,Surf beach,photo_gate,imgs_0
NL,NL365,Oost-Zuid-Holland,lake,,2,1,osm:w93855919,Surfplas,photo_gate,imgs_0
NL,NL365,Oost-Zuid-Holland,lake,,2,1,wd:Q2789838,Zegerplas,photo_gate,imgs_2
NL,NL365,Oost-Zuid-Holland,lake,,2,1,osm:w93973031,Reeuwijkse Houtwal,photo_gate,imgs_1
RO,RO424,Timiş,lake,,2,1,,,,
PT,PT1D1,Oeste,lake,,2,1,osm:w1390562189,Praia de Santa Rita Sul,photo_gate,imgs_3
PT,PT1D1,Oeste,lake,,2,1,osm:w531989270,Praia da Foz do Arelho-Lagoa,photo_gate,imgs_3
PT,PT1D1,Oeste,lake,,2,1,osm:w1136476451,Praia do Bom Sucesso,photo_gate,imgs_2
PT,PT1D2,Médio Tejo,lake,,2,1,osm:r12244426,Albufeira de Castelo do Bode,photo_gate,imgs_3
PT,PT1D2,Médio Tejo,lake,,2,1,osm:w158670982,Estacionamento do Penedo Furado,photo_gate,imgs_1
PT,PT1D2,Médio Tejo,lake,,2,1,osm:w849521505,Praia Fluvial da Mendacha,photo_gate,imgs_0
PL,PL638,Starogardzki,lake,,2,1,wd:Q11795786,Ocypel,photo_gate,imgs_3
PL,PL638,Starogardzki,lake,,2,1,wd:Q11738588,Jezioro Kałebie,photo_gate,imgs_3
PL,PL638,Starogardzki,lake,,2,1,wd:Q11695655,Jezioro Dzierzgoń,photo_gate,imgs_1
PL,PL821,Krośnieński,lake,,2,1,osm:w292574187,Centrum Wypoczynkowo-Szkoleniowe Unitra,photo_gate,imgs_0
PL,PL821,Krośnieński,lake,,2,1,osm:w537467183,Blue Marine Kemping,photo_gate,imgs_0
PL,PL821,Krośnieński,lake,,2,1,osm:w1412119699,Przystań KOZŻ,photo_gate,imgs_0
PT,PT191,Região de Aveiro,lake,,2,1,osm:r2629522,Canal de Mira,photo_gate,imgs_0
PT,PT191,Região de Aveiro,lake,,2,1,wd:Q3897611,Pateira de Fermentelos,floor_pool,score_5.3_below_5.4
PT,PT192,Região de Coimbra,lake,,3,1,osm:r2665375,Albufeira do Cabril,photo_gate,imgs_0
PT,PT192,Região de Coimbra,lake,,3,1,osm:w212896667,Praia do Forte,photo_gate,imgs_2
PT,PT192,Região de Coimbra,lake,,3,1,osm:w182454933,Piscina Fluvial de Pomares,photo_gate,imgs_3
PL,PL523,Nyski,lake,,2,1,wd:Q966371,Paczkowski Lake,photo_gate,imgs_1
PL,PL523,Nyski,lake,,2,1,osm:w399860282,Camping Pietrowice Głubczyckie nr 240,photo_gate,imgs_3
PL,PL523,Nyski,lake,,2,1,osm:w690783098,Centrum Turystyki i Rekreacji „Delfin”,photo_gate,imgs_0
PL,PL524,Opolski,lake,,2,1,osm:r18097231,Kamionka Bolko,photo_gate,imgs_2
PL,PL524,Opolski,lake,,2,1,osm:w208494324,Fontanna Ceres,photo_gate,imgs_2
PL,PL524,Opolski,lake,,2,1,osm:r17678417,Jezioro Srebrne,photo_gate,imgs_1
PT,PT193,Região de Leiria,lake,,2,1,osm:w771614394,Piscina Flutuante do Cabril,photo_gate,imgs_3
PT,PT193,Região de Leiria,lake,,2,1,osm:w208735252,Praia São Pedro de Moel,photo_gate,imgs_1
PT,PT193,Região de Leiria,lake,,2,1,osm:w203469126,Inatel São Pedro de Moel,photo_gate,imgs_3
PL,PL427,Szczecinecko-pyrzycki,lake,,3,1,wd:Q9394227,Łobez,photo_gate,imgs_1
PL,PL427,Szczecinecko-pyrzycki,lake,,3,1,wd:Q11833535,Jezioro Radun,photo_gate,imgs_3
PL,PL427,Szczecinecko-pyrzycki,lake,,3,1,wd:Q48867152,Lake Kaleńskie,photo_gate,imgs_1
PL,PL621,Elbląski,lake,,4,1,wd:Q3847829,Lake Lidzbark,photo_gate,imgs_1
PL,PL621,Elbląski,lake,,4,1,wd:Q11726901,Jezioro Wielkie Partęczyny,photo_gate,imgs_3
PL,PL621,Elbląski,lake,,4,1,wd:Q3847823,Dąbrowa Mała,photo_gate,imgs_4
PL,PL811,Bialski,lake,,2,1,osm:w642625793,"Plaża ""Kąpielisko nr 2""",photo_gate,imgs_0
PL,PL811,Bialski,lake,,2,1,osm:w1252017608,Kąpielisko nr 2,photo_gate,imgs_0
PL,PL811,Bialski,lake,,2,1,osm:w642625795,"Główna Plaża ""OSiR""",photo_gate,imgs_0
PL,PL812,Chełmsko-zamojski,lake,,2,1,osm:r17064248,Żółtańce,photo_gate,imgs_1
PL,PL812,Chełmsko-zamojski,lake,,2,1,osm:r5382894,Zalew Bojary,photo_gate,imgs_0
PL,PL812,Chełmsko-zamojski,lake,,2,1,osm:w176939370,Maczuły,photo_gate,imgs_0
PT,PT11D,Douro,lake,,3,1,wd:Q140371454,Valeira Reservoir,photo_gate,imgs_5
PT,PT11D,Douro,lake,,3,1,osm:r3688749,Albufeira do Pocinho,photo_gate,imgs_0
PT,PT11D,Douro,lake,,3,1,osm:w802307025,Parque de Campismo de Vila Real,photo_gate,imgs_2
PL,PL515,Jeleniogórski,lake,,3,1,wd:Q380417,Lake Leśnia,photo_gate,imgs_3
PL,PL515,Jeleniogórski,lake,,3,1,wd:Q2390796,Złotnickie Lake,photo_gate,imgs_3
PL,PL515,Jeleniogórski,lake,,3,1,wd:Q9339741,Sosnówka (lake),floor_pool,score_5.0_below_5.4
SK,SK021,Trnavský kraj,lake,,2,1,,,,
SE,SE313,Gävleborgs län,lake,,2,1,wd:Q149448,Storsjön,floor_pool,score_5.2_below_5.4
SE,SE123,Östergötlands län,lake,,4,1,wd:Q1574296,Roxen,floor_pool,score_5.0_below_5.4
SE,SE123,Östergötlands län,lake,,4,1,wd:Q1520068,Glan,photo_gate,imgs_5
SE,SE123,Östergötlands län,lake,,4,1,wd:Q2618547,Boren,photo_gate,imgs_1
SE,SE125,Västmanlands län,lake,,2,1,wd:Q10726520,Åmänningen,floor_pool,score_4.4_below_5.4
XK,XK002,Mitrovicë,lake,,3,1,wd:Q1479905,Gazivoda Lake,floor_pool,score_5.1_below_5.4
XK,XK002,Mitrovicë,lake,,3,1,wd:Q113665883,Kelmendi Lake,photo_gate,imgs_1
XK,XK002,Mitrovicë,lake,,3,1,osm:r2516589,Mala Brana,photo_gate,imgs_0
GB,TLN0G,Fermanagh and Omagh,lake,,2,1,wd:Q1324180,Lough Erne,floor_pool,score_4.8_below_5.4
UA,UA-74538382B44725547103458,Reni,lake,,2,1,,,,
MD,MD-MD-CU,Chisinau,lake,,2,1,wd:Q4103149,Valea Morilor lake,photo_gate,imgs_3
AD,AD-AD-05,Ordino,lake,,3,1,wd:Q9019969,Estanys de Tristaina,photo_gate,imgs_3
AD,AD-AD-05,Ordino,lake,,3,1,wd:Q21329591,Estany de l'Estanyó,floor_pool,score_5.3_below_5.4
AD,AD-AD-05,Ordino,lake,,3,1,wd:Q21329468,Estany de Creussans,photo_gate,imgs_5
