country,nuts3,region_name,layer,published,quota,deficit,candidate_id,candidate_name,rejected_by,rejected_detail
FI,FI1DB,Pohjois-Savo,lake,,40,40,wd:Q1782052,Suvasvesi,photo_gate,imgs_3
FI,FI1DB,Pohjois-Savo,lake,,40,40,wd:Q890532,Kallavesi,photo_gate,imgs_3
FI,FI1DB,Pohjois-Savo,lake,,40,40,wd:Q7362310,Unnukka,photo_gate,imgs_3
FI,FI1DB,Pohjois-Savo,lake,,40,40,wd:Q1635506,Juurusvesi–Akonvesi,photo_gate,imgs_3
FI,FI1DB,Pohjois-Savo,lake,,40,40,wd:Q7230318,Porovesi,photo_gate,imgs_5
FI,FI1DB,Pohjois-Savo,lake,,40,40,wd:Q6721124,Maaninkajärvi,photo_gate,imgs_4
FI,FI1DB,Pohjois-Savo,lake,,40,40,wd:Q1669222,Onkivesi,photo_gate,imgs_2
FI,FI1DB,Pohjois-Savo,lake,,40,40,wd:Q2118703,Lake Syväri,photo_gate,imgs_2
NO,NO0A1,Rogaland,lake,,40,40,wd:Q1773395,Aksdalsvatnet,photo_gate,imgs_1
NO,NO0A1,Rogaland,lake,,40,40,wd:Q5338772,Edlandsvatnet,photo_gate,imgs_0
NO,NO0A1,Rogaland,lake,,40,40,wd:Q3888951,Holmavatnet,photo_gate,imgs_0
NO,NO0A1,Rogaland,lake,,40,40,osm:w4369613,Stokkalandsvatnet,photo_gate,imgs_1
NO,NO0A1,Rogaland,lake,,40,40,wd:Q1777231,Frøylandsvatnet,photo_gate,imgs_2
NO,NO0A1,Rogaland,lake,,40,40,wd:Q1773045,Holmevatnet,photo_gate,imgs_0
NO,NO0A1,Rogaland,lake,,40,40,osm:w228665636,Luravika,photo_gate,imgs_0
NO,NO0A1,Rogaland,lake,,40,40,wd:Q1772912,Frøylandsvatnet,photo_gate,imgs_2
NO,NO0A1,Rogaland,lake,,40,40,wd:Q11231391,Stora Stokkavatnet,photo_gate,imgs_0
NO,NO0A1,Rogaland,lake,,40,40,wd:Q1773469,Nilsebuvatnet,photo_gate,imgs_0
NO,NO0A1,Rogaland,lake,,40,40,osm:r1770617,Lutsivatnet,photo_gate,imgs_0
NO,NO0A1,Rogaland,lake,,40,40,osm:r18296041,Horvetjørna,photo_gate,imgs_0
NO,NO0A1,Rogaland,lake,,40,40,osm:r18350145,Bråsteinvatnet,photo_gate,imgs_0
NO,NO0A1,Rogaland,lake,,40,40,osm:r18296040,Eikelivatnet,photo_gate,imgs_0
NO,NO0A1,Rogaland,lake,,40,40,osm:w34031307,Giskehallen,photo_gate,imgs_0
NO,NO0A1,Rogaland,lake,,40,40,wd:Q1785536,Suldalsvatnet,photo_gate,imgs_3
NO,NO0A1,Rogaland,lake,,40,40,wd:Q4590099,Tysdalsvatnet,photo_gate,imgs_1
NO,NO0A1,Rogaland,lake,,40,40,osm:w1204485488,Gardsvågen,photo_gate,imgs_0
NO,NO0A1,Rogaland,lake,,40,40,wd:Q11231406,Breiavatnet,floor_pool,score_4.4_below_5.4
NO,NO0A1,Rogaland,lake,,40,40,wd:Q6515187,Orrevatnet,photo_gate,imgs_0
NO,NO0A1,Rogaland,lake,,40,40,osm:r18300278,Tengesdalsvatnet,photo_gate,imgs_0
NO,NO0A1,Rogaland,lake,,40,40,wd:Q1773300,Hovsvatnet,photo_gate,imgs_0
NO,NO0A1,Rogaland,lake,,40,40,wd:Q10953788,Mosvatnet,floor_pool,score_4.1_below_5.4
NO,NO0A1,Rogaland,lake,,40,40,wd:Q11230173,Lyngsvatnet,photo_gate,imgs_3
NO,NO0A1,Rogaland,lake,,40,40,wd:Q4589408,Vostervatnet,photo_gate,imgs_0
NO,NO0A1,Rogaland,lake,,40,40,wd:Q6515193,Ørsdalsvatnet,photo_gate,imgs_0
NO,NO0A1,Rogaland,lake,,40,40,wd:Q1773058,Byrkjelandsvatnet,photo_gate,imgs_0
NO,NO0A1,Rogaland,lake,,40,40,wd:Q6548923,Limavatnet,photo_gate,imgs_0
NO,NO0A1,Rogaland,lake,,40,40,wd:Q5457680,Flassavatnet,photo_gate,imgs_0
NO,NO0A1,Rogaland,lake,,40,40,wd:Q6513551,Oltedalsvatnet,photo_gate,imgs_1
NO,NO0A1,Rogaland,lake,,40,40,wd:Q4590059,Nodlandsvatnet,photo_gate,imgs_0
NO,NO0A1,Rogaland,lake,,40,40,wd:Q6515176,Øvre Tysdalsvatnet,photo_gate,imgs_1
NO,NO0A1,Rogaland,lake,,40,40,wd:Q1773415,Austrumdalsvatnet,photo_gate,imgs_1
NO,NO0A1,Rogaland,lake,,40,40,wd:Q840187,Eiavatnet,photo_gate,imgs_0
NO,NO0A1,Rogaland,lake,,40,40,wd:Q1773368,Grøsfjellvatnet,photo_gate,imgs_0
NO,NO0A1,Rogaland,lake,,40,40,wd:Q739939,Teksevatnet,photo_gate,imgs_0
NO,NO0A1,Rogaland,lake,,40,40,wd:Q4589896,Stakkastadvatnet,photo_gate,imgs_0
NO,NO0A1,Rogaland,lake,,40,40,wd:Q4588893,Vatsvatnet,photo_gate,imgs_0
NO,NO0A1,Rogaland,lake,,40,40,wd:Q1773605,Hofreistæ,photo_gate,imgs_0
NO,NO071,Nordland/Nordlánnda,lake,,40,40,wd:Q1771514,Balvatnet,photo_gate,imgs_2
NO,NO071,Nordland/Nordlánnda,lake,,40,40,wd:Q4591249,Raudvatnet,photo_gate,imgs_2
NO,NO071,Nordland/Nordlánnda,lake,,40,40,wd:Q307594,Överuman,photo_gate,imgs_1
NO,NO071,Nordland/Nordlánnda,lake,,40,40,wd:Q1772671,Gresvatnet,photo_gate,imgs_1
NO,NO071,Nordland/Nordlánnda,lake,,40,40,wd:Q1352298,Røssvatnet,photo_gate,imgs_1
NO,NO071,Nordland/Nordlánnda,lake,,40,40,wd:Q6515124,Vuolep Sårjåsjávrre,floor_pool,score_4.8_below_5.4
NO,NO071,Nordland/Nordlánnda,lake,,40,40,wd:Q1338006,Lossivatnet,photo_gate,imgs_1
NO,NO071,Nordland/Nordlánnda,lake,,40,40,wd:Q4592003,Storsvenningvatnet,photo_gate,imgs_0
NO,NO071,Nordland/Nordlánnda,lake,,40,40,wd:Q5096953,Storglomvatnet,floor_pool,score_4.5_below_5.4
NO,NO071,Nordland/Nordlánnda,lake,,40,40,wd:Q1773574,Bleiksvatnet,photo_gate,imgs_0
NO,NO071,Nordland/Nordlánnda,lake,,40,40,wd:Q4562843,Storakersvatnet,photo_gate,imgs_0
NO,NO071,Nordland/Nordlánnda,lake,,40,40,wd:Q2561882,Låmivatnet,photo_gate,imgs_1
NO,NO071,Nordland/Nordlánnda,lake,,40,40,wd:Q6515665,Nedre Fiplingvatnet,photo_gate,imgs_1
NO,NO071,Nordland/Nordlánnda,lake,,40,40,wd:Q4590467,Litlverivatnet,photo_gate,imgs_2
NO,NO071,Nordland/Nordlánnda,lake,,40,40,wd:Q3356624,Alsvågvatnet,photo_gate,imgs_0
NO,NO071,Nordland/Nordlánnda,lake,,40,40,wd:Q1773485,Storskogvatnet,photo_gate,imgs_1
NO,NO071,Nordland/Nordlánnda,lake,,40,40,wd:Q7334808,Majavatnet,photo_gate,imgs_1
NO,NO071,Nordland/Nordlánnda,lake,,40,40,wd:Q4588894,Leirvatnet,photo_gate,imgs_1
NO,NO071,Nordland/Nordlánnda,lake,,40,40,wd:Q4590402,Soløyvatnet,photo_gate,imgs_0
NO,NO071,Nordland/Nordlánnda,lake,,40,40,wd:Q6486963,Langvatnet,photo_gate,imgs_3
NO,NO071,Nordland/Nordlánnda,lake,,40,40,wd:Q1772645,Bleikvatnet,photo_gate,imgs_1
NO,NO071,Nordland/Nordlánnda,lake,,40,40,wd:Q1255615,Nordre Bjøllåvatnet,photo_gate,imgs_1
NO,NO071,Nordland/Nordlánnda,lake,,40,40,wd:Q1773592,Blåmannsisvatnet,photo_gate,imgs_3
NO,NO071,Nordland/Nordlánnda,lake,,40,40,wd:Q1772677,Heggmovatnet,photo_gate,imgs_1
NO,NO071,Nordland/Nordlánnda,lake,,40,40,wd:Q1772669,Hundålvatnet,photo_gate,imgs_1
NO,NO071,Nordland/Nordlánnda,lake,,40,40,wd:Q3615984,Unkervatnet,photo_gate,imgs_1
NO,NO071,Nordland/Nordlánnda,lake,,40,40,wd:Q1255607,Kjemåvatnet,photo_gate,imgs_1
NO,NO071,Nordland/Nordlánnda,lake,,40,40,wd:Q1772694,Krutvatnet,photo_gate,imgs_1
NO,NO071,Nordland/Nordlánnda,lake,,40,40,wd:Q4590357,Vatnvatnet,photo_gate,imgs_1
NO,NO071,Nordland/Nordlánnda,lake,,40,40,wd:Q1772683,Forsvatnet,score_gate,score_3.7_below_5.4
NO,NO071,Nordland/Nordlánnda,lake,,40,40,wd:Q3702106,Kobbvatnet,score_gate,score_3.7_below_5.4
NO,NO071,Nordland/Nordlánnda,lake,,40,40,wd:Q6514781,Øvervatnet,photo_gate,imgs_2
NO,NO071,Nordland/Nordlánnda,lake,,40,40,wd:Q4588929,Ramsgjelvatnet,photo_gate,imgs_1
NO,NO071,Nordland/Nordlánnda,lake,,40,40,wd:Q6513996,Straumvatnet,photo_gate,imgs_0
NO,NO071,Nordland/Nordlánnda,lake,,40,40,wd:Q1773339,Andfiskvatnet,photo_gate,imgs_1
NO,NO071,Nordland/Nordlánnda,lake,,40,40,wd:Q3671741,Røyrvatnet,photo_gate,imgs_1
NO,NO071,Nordland/Nordlánnda,lake,,40,40,wd:Q6514084,Rekvatnet,photo_gate,imgs_1
NO,NO071,Nordland/Nordlánnda,lake,,40,40,wd:Q4589813,Rotvatnet,photo_gate,imgs_1
NO,NO071,Nordland/Nordlánnda,lake,,40,40,wd:Q4589456,Markavatnet,photo_gate,imgs_1
NO,NO071,Nordland/Nordlánnda,lake,,40,40,wd:Q1773552,Arstaddalsdammen,photo_gate,imgs_1
NO,NO072,Troms/Romsa/Tromssa,lake,,40,40,wd:Q11872280,Koltajärvi,photo_gate,imgs_0
NO,NO072,Troms/Romsa/Tromssa,lake,,40,40,wd:Q1773462,Somasjärvi,photo_gate,imgs_1
NO,NO072,Troms/Romsa/Tromssa,lake,,40,40,osm:r1725668,Gálggojávri,photo_gate,imgs_0
NO,NO072,Troms/Romsa/Tromssa,lake,,40,40,osm:r9955541,Gállajávri,photo_gate,imgs_0
NO,NO072,Troms/Romsa/Tromssa,lake,,40,40,osm:r300108,Čoahppejávri,photo_gate,imgs_0
NO,NO072,Troms/Romsa/Tromssa,lake,,40,40,osm:r14722136,Jeavasjávri,photo_gate,imgs_0
NO,NO072,Troms/Romsa/Tromssa,lake,,40,40,osm:r9955539,Gállaluoppal,photo_gate,imgs_0
NO,NO072,Troms/Romsa/Tromssa,lake,,40,40,osm:w630739169,Vuolit Meahccejávri,photo_gate,imgs_0
NO,NO072,Troms/Romsa/Tromssa,lake,,40,40,wd:Q732672,Rostojávri,photo_gate,imgs_1
NO,NO072,Troms/Romsa/Tromssa,lake,,40,40,wd:Q426405,Altevatnet,photo_gate,imgs_2
NO,NO072,Troms/Romsa/Tromssa,lake,,40,40,wd:Q3911250,Prestvannet,floor_pool,score_4.7_below_5.4
NO,NO072,Troms/Romsa/Tromssa,lake,,40,40,osm:w506210692,Kai 10/11,photo_gate,imgs_0
NO,NO072,Troms/Romsa/Tromssa,lake,,40,40,osm:w36913266,Rundvannet,floor_pool,score_4.6_below_5.4
NO,NO072,Troms/Romsa/Tromssa,lake,,40,40,osm:w603730201,Redningsselskapet,photo_gate,imgs_1
NO,NO072,Troms/Romsa/Tromssa,lake,,40,40,wd:Q11872280,Koltajärvi,photo_gate,imgs_0
NO,NO072,Troms/Romsa/Tromssa,lake,,40,40,osm:w473141040,Tromsøbadet,photo_gate,imgs_0
NO,NO072,Troms/Romsa/Tromssa,lake,,40,40,osm:w102684440,Laugen,photo_gate,imgs_0
NO,NO072,Troms/Romsa/Tromssa,lake,,40,40,osm:w36913265,Langvannet,photo_gate,imgs_1
NO,NO072,Troms/Romsa/Tromssa,lake,,40,40,wd:Q1772575,Leinavatn,photo_gate,imgs_0
NO,NO072,Troms/Romsa/Tromssa,lake,,40,40,wd:Q1772728,Skogsfjordvatnet,floor_pool,score_4.0_below_5.4
NO,NO072,Troms/Romsa/Tromssa,lake,,40,40,wd:Q1772798,Geavdnjajávri,photo_gate,imgs_0
NO,NO072,Troms/Romsa/Tromssa,lake,,40,40,osm:w1092984025,Barsvika,photo_gate,imgs_0
NO,NO072,Troms/Romsa/Tromssa,lake,,40,40,osm:r15760321,Storbunkevatnet,photo_gate,imgs_0
NO,NO072,Troms/Romsa/Tromssa,lake,,40,40,wd:Q6516171,Takvatnet,photo_gate,imgs_3
NO,NO072,Troms/Romsa/Tromssa,lake,,40,40,wd:Q3615977,Niingsvatnet,photo_gate,imgs_0
NO,NO072,Troms/Romsa/Tromssa,lake,,40,40,wd:Q1773274,Šuoikkatjávri,photo_gate,imgs_0
NO,NO072,Troms/Romsa/Tromssa,lake,,40,40,osm:w1092984030,Utsikten Bobil Camping,photo_gate,imgs_0
NO,NO072,Troms/Romsa/Tromssa,lake,,40,40,wd:Q1773462,Somasjärvi,photo_gate,imgs_1
NO,NO072,Troms/Romsa/Tromssa,lake,,40,40,wd:Q4590293,Lysvatnet,photo_gate,imgs_0
NO,NO072,Troms/Romsa/Tromssa,lake,,40,40,osm:w1092984026,Fjøsvalen,photo_gate,imgs_0
NO,NO072,Troms/Romsa/Tromssa,lake,,40,40,osm:r5323613,Finnvikvatnet,photo_gate,imgs_0
NO,NO072,Troms/Romsa/Tromssa,lake,,40,40,wd:Q3511229,Tårnvatnet,score_gate,score_3.7_below_5.4
NO,NO072,Troms/Romsa/Tromssa,lake,,40,40,wd:Q11236992,Jægervatnet,score_gate,score_3.7_below_5.4
NO,NO072,Troms/Romsa/Tromssa,lake,,40,40,osm:r15760654,Åndervatnet,photo_gate,imgs_0
NO,NO072,Troms/Romsa/Tromssa,lake,,40,40,wd:Q6514140,Lille Rostavatn,photo_gate,imgs_0
NO,NO072,Troms/Romsa/Tromssa,lake,,40,40,wd:Q10958716,Rossfjordvatnet,score_gate,score_3.5_below_5.4
NO,NO072,Troms/Romsa/Tromssa,lake,,40,40,wd:Q11233360,Andsvatnet,photo_gate,imgs_1
NO,NO072,Troms/Romsa/Tromssa,lake,,40,40,wd:Q11238370,Skoddebergvatnet,photo_gate,imgs_0
NO,NO072,Troms/Romsa/Tromssa,lake,,40,40,osm:r5915537,Finnfjordvatnet - Várevuoljávri,photo_gate,imgs_1
NO,NO072,Troms/Romsa/Tromssa,lake,,40,40,wd:Q6515106,Rihpojávri,photo_gate,imgs_0
NO,NO073,Finnmark/Finnmárku/Finmarkku,lake,,40,40,osm:r15306829,Ellenvatnet - Ealjejávri - Ellijärvi,photo_gate,imgs_0
NO,NO073,Finnmark/Finnmárku/Finmarkku,lake,,40,40,wd:Q3356697,Polmakvannet,photo_gate,imgs_1
NO,NO073,Finnmark/Finnmárku/Finmarkku,lake,,40,40,osm:r7189365,Geađgejávri,photo_gate,imgs_0
NO,NO073,Finnmark/Finnmárku/Finmarkku,lake,,40,40,osm:r15296001,Kivisaarijärvi / Geađgesuolojávri,photo_gate,imgs_0
NO,NO073,Finnmark/Finnmárku/Finmarkku,lake,,40,40,osm:r10767273,Vuolitjárjávri,photo_gate,imgs_0
NO,NO073,Finnmark/Finnmárku/Finmarkku,lake,,40,40,osm:r7221989,Njullosjávri,photo_gate,imgs_0
NO,NO073,Finnmark/Finnmárku/Finmarkku,lake,,40,40,osm:r7198523,Spállojávri,photo_gate,imgs_0
NO,NO073,Finnmark/Finnmárku/Finmarkku,lake,,40,40,osm:r10767019,Julkajávri,photo_gate,imgs_0
NO,NO073,Finnmark/Finnmárku/Finmarkku,lake,,40,40,wd:Q3358642,Ellenvatnet,photo_gate,imgs_0
NO,NO073,Finnmark/Finnmárku/Finmarkku,lake,,40,40,wd:Q1773242,Láhpojávri,photo_gate,imgs_0
NO,NO073,Finnmark/Finnmárku/Finmarkku,lake,,40,40,wd:Q1775613,Stuorajávri,photo_gate,imgs_0
NO,NO073,Finnmark/Finnmárku/Finmarkku,lake,,40,40,wd:Q3845329,Iešjávri,photo_gate,imgs_1
NO,NO073,Finnmark/Finnmárku/Finmarkku,lake,,40,40,wd:Q2671507,Svanevatn,photo_gate,imgs_0
NO,NO073,Finnmark/Finnmárku/Finmarkku,lake,,40,40,wd:Q1775681,Ødevatnet,photo_gate,imgs_0
NO,NO073,Finnmark/Finnmárku/Finmarkku,lake,,40,40,wd:Q1775560,Juovvajávri,photo_gate,imgs_0
NO,NO073,Finnmark/Finnmárku/Finmarkku,lake,,40,40,wd:Q2510380,Fjørvatnet,photo_gate,imgs_0
NO,NO073,Finnmark/Finnmárku/Finmarkku,lake,,40,40,wd:Q3358616,Gahččanjávri,photo_gate,imgs_0
NO,NO073,Finnmark/Finnmárku/Finmarkku,lake,,40,40,wd:Q1773218,Geašjávri,photo_gate,imgs_0
NO,NO073,Finnmark/Finnmárku/Finmarkku,lake,,40,40,wd:Q3358692,Čárajávri,photo_gate,imgs_0
NO,NO073,Finnmark/Finnmárku/Finmarkku,lake,,40,40,wd:Q1775708,Gavdnjajávri,photo_gate,imgs_0
NO,NO073,Finnmark/Finnmárku/Finmarkku,lake,,40,40,wd:Q3358626,Gákkajávri,photo_gate,imgs_0
NO,NO073,Finnmark/Finnmárku/Finmarkku,lake,,40,40,wd:Q3358560,Geađgejávri,photo_gate,imgs_0
NO,NO073,Finnmark/Finnmárku/Finmarkku,lake,,40,40,wd:Q1773225,Stuorajávri,photo_gate,imgs_0
NO,NO073,Finnmark/Finnmárku/Finmarkku,lake,,40,40,wd:Q2601960,Klistervatnet,photo_gate,imgs_1
NO,NO073,Finnmark/Finnmárku/Finmarkku,lake,,40,40,wd:Q1775692,Nuorbejávri,photo_gate,imgs_0
NO,NO073,Finnmark/Finnmárku/Finmarkku,lake,,40,40,wd:Q1773260,Sálganjávri,photo_gate,imgs_0
NO,NO073,Finnmark/Finnmárku/Finmarkku,lake,,40,40,wd:Q4589543,Geatnjajávri,photo_gate,imgs_0
NO,NO073,Finnmark/Finnmárku/Finmarkku,lake,,40,40,wd:Q1775580,Bajit Spielgajávri,photo_gate,imgs_0
NO,NO073,Finnmark/Finnmárku/Finmarkku,lake,,40,40,wd:Q1773278,Biggejávri,photo_gate,imgs_0
NO,NO073,Finnmark/Finnmárku/Finmarkku,lake,,40,40,wd:Q3358597,Heammojávri,photo_gate,imgs_0
NO,NO073,Finnmark/Finnmárku/Finmarkku,lake,,40,40,wd:Q4591150,Sommervannet,photo_gate,imgs_0
NO,NO073,Finnmark/Finnmárku/Finmarkku,lake,,40,40,wd:Q1773282,Khevaskoski Reservoir,photo_gate,imgs_1
NO,NO073,Finnmark/Finnmárku/Finmarkku,lake,,40,40,wd:Q2671770,Vaggatem,photo_gate,imgs_0
NO,NO073,Finnmark/Finnmárku/Finmarkku,lake,,40,40,wd:Q6513680,Store Måsvannet,photo_gate,imgs_1
NO,NO073,Finnmark/Finnmárku/Finmarkku,lake,,40,40,wd:Q1799830,Garsjøen,photo_gate,imgs_0
NO,NO073,Finnmark/Finnmárku/Finmarkku,lake,,40,40,wd:Q1773251,Bajášjávri,photo_gate,imgs_0
NO,NO073,Finnmark/Finnmárku/Finmarkku,lake,,40,40,wd:Q3358569,Dátkojávri,photo_gate,imgs_0
NO,NO073,Finnmark/Finnmárku/Finmarkku,lake,,40,40,wd:Q3358565,Guolehis Suolojávri,photo_gate,imgs_0
NO,NO073,Finnmark/Finnmárku/Finmarkku,lake,,40,40,wd:Q1773221,Stuora Galbajávri,photo_gate,imgs_0
NO,NO073,Finnmark/Finnmárku/Finmarkku,lake,,40,40,wd:Q1775623,Vuolit Spielgajávri,photo_gate,imgs_0
SE,SE213,Kalmar län,lake,,40,40,wd:Q16275800,Anen,photo_gate,imgs_0
SE,SE213,Kalmar län,lake,,40,40,wd:Q19594308,Hummeln,photo_gate,imgs_0
SE,SE213,Kalmar län,lake,,40,40,wd:Q18132869,Orranäsasjön,photo_gate,imgs_2
SE,SE213,Kalmar län,lake,,40,40,wd:Q10405616,Allgunnen,photo_gate,imgs_2
SE,SE213,Kalmar län,lake,,40,40,wd:Q1628599,Hornsjön,photo_gate,imgs_1
SE,SE213,Kalmar län,lake,,40,40,wd:Q1611019,Törn,photo_gate,imgs_2
SE,SE213,Kalmar län,lake,,40,40,wd:Q18132560,Virserumssjön,photo_gate,imgs_1
SE,SE213,Kalmar län,lake,,40,40,wd:Q1957838,Möckelmossen,photo_gate,imgs_2
FI,FI1D8,Kainuu,lake,,40,39,wd:Q1818331,Lentua,photo_gate,imgs_1
FI,FI1D8,Kainuu,lake,,40,39,wd:Q6482080,Lammasjärvi,photo_gate,imgs_4
FI,FI1D8,Kainuu,lake,,40,39,wd:Q1346212,Kiantajärvi,photo_gate,imgs_2
FI,FI1D8,Kainuu,lake,,40,39,wd:Q7362705,Sapsojärvet,photo_gate,imgs_5
FI,FI1D8,Kainuu,lake,,40,39,wd:Q2024683,Ontojärvi – Nurmesjärvi,photo_gate,imgs_1
FI,FI1D8,Kainuu,lake,,40,39,wd:Q6523350,Lentiira,photo_gate,imgs_1
FI,FI1D8,Kainuu,lake,,40,39,wd:Q1394566,Nuasjärvi,photo_gate,imgs_4
NO,NO092,Agder,lake,,40,39,wd:Q1772746,Åraksfjorden,photo_gate,imgs_5
NO,NO092,Agder,lake,,40,39,wd:Q6515379,Lygne,photo_gate,imgs_0
NO,NO092,Agder,lake,,40,39,wd:Q2455280,Byglandsfjorden,photo_gate,imgs_4
NO,NO092,Agder,lake,,40,39,wd:Q11971981,Gillsvannet,photo_gate,imgs_1
NO,NO092,Agder,lake,,40,39,wd:Q6513920,Selura,photo_gate,imgs_2
NO,NO092,Agder,lake,,40,39,wd:Q6514173,Syndle,photo_gate,imgs_5
NO,NO092,Agder,lake,,40,39,wd:Q657862,Lundevatnet,photo_gate,imgs_2
NO,NO092,Agder,lake,,40,39,wd:Q6513816,Ogge,photo_gate,imgs_0
NO,NO092,Agder,lake,,40,39,wd:Q1519876,Rosskreppfjorden,photo_gate,imgs_3
NO,NO092,Agder,lake,,40,39,wd:Q6514158,Store Urevatn,photo_gate,imgs_1
NO,NO092,Agder,lake,,40,39,wd:Q1773128,Botnsvatnet,photo_gate,imgs_1
NO,NO092,Agder,lake,,40,39,wd:Q1773121,Hartevatn,photo_gate,imgs_1
NO,NO092,Agder,lake,,40,39,wd:Q1772701,Botsvatn,photo_gate,imgs_1
NO,NO092,Agder,lake,,40,39,wd:Q3356665,Herefossfjorden,floor_pool,score_4.7_below_5.4
NO,NO092,Agder,lake,,40,39,wd:Q1478768,Vegår,photo_gate,imgs_2
NO,NO092,Agder,lake,,40,39,wd:Q6514131,Rore,floor_pool,score_4.6_below_5.4
NO,NO092,Agder,lake,,40,39,wd:Q674034,Nelaug,floor_pool,score_4.5_below_5.4
NO,NO092,Agder,lake,,40,39,wd:Q4589804,Nasvatn,photo_gate,imgs_0
NO,NO092,Agder,lake,,40,39,wd:Q15277947,Sirdalsvatnet,photo_gate,imgs_4
NO,NO092,Agder,lake,,40,39,wd:Q11983108,Landvikvannet,floor_pool,score_4.3_below_5.4
NO,NO092,Agder,lake,,40,39,wd:Q12363013,Gjerstadvatnet,photo_gate,imgs_2
NO,NO092,Agder,lake,,40,39,wd:Q4589044,Nystølfjorden,photo_gate,imgs_0
NO,NO092,Agder,lake,,40,39,wd:Q1772755,Kvifjorden,photo_gate,imgs_0
NO,NO092,Agder,lake,,40,39,wd:Q1772914,Gravatnet,photo_gate,imgs_1
NO,NO092,Agder,lake,,40,39,wd:Q540110,Store Bjørnevatn,photo_gate,imgs_2
NO,NO092,Agder,lake,,40,39,wd:Q6513757,Nåvatnet,photo_gate,imgs_0
NO,NO092,Agder,lake,,40,39,wd:Q1772750,Gjuvvatnet,photo_gate,imgs_0
NO,NO092,Agder,lake,,40,39,wd:Q6513853,Valevatn,photo_gate,imgs_0
NO,NO092,Agder,lake,,40,39,wd:Q1773808,Kolsvatnet,photo_gate,imgs_0
NO,NO092,Agder,lake,,40,39,wd:Q1772893,Hovatn,photo_gate,imgs_1
NO,NO092,Agder,lake,,40,39,wd:Q6515584,Øyarvatnet,photo_gate,imgs_0
NO,NO092,Agder,lake,,40,39,wd:Q4589837,Austre Grimevannet,photo_gate,imgs_0
NO,NO092,Agder,lake,,40,39,wd:Q3356649,Kilefjorden,photo_gate,imgs_0
NO,NO092,Agder,lake,,40,39,wd:Q4590129,Måvatn,photo_gate,imgs_0
NO,NO092,Agder,lake,,40,39,wd:Q1773580,Kumlevollvatnet,photo_gate,imgs_0
NO,NO092,Agder,lake,,40,39,wd:Q4590494,Ytre Øydnavatnet,photo_gate,imgs_0
NO,NO092,Agder,lake,,40,39,wd:Q3888978,Homstølvatnet,photo_gate,imgs_0
NO,NO092,Agder,lake,,40,39,wd:Q4591211,Øre,photo_gate,imgs_0
NO,NO092,Agder,lake,,40,39,wd:Q3369885,Høvringsvatnet,photo_gate,imgs_0
NO,NO0A3,Møre og Romsdal,lake,,40,39,wd:Q5285398,Djupvatnet,floor_pool,score_5.3_below_5.4
NO,NO0A3,Møre og Romsdal,lake,,40,39,osm:w1468643524,Barnebasen,photo_gate,imgs_0
NO,NO0A3,Møre og Romsdal,lake,,40,39,osm:r5893400,Osvatnet,photo_gate,imgs_0
NO,NO0A3,Møre og Romsdal,lake,,40,39,osm:r5814759,Åkvikvatnet,photo_gate,imgs_0
NO,NO0A3,Møre og Romsdal,lake,,40,39,osm:w295336168,Farstadsanden,photo_gate,imgs_0
NO,NO0A3,Møre og Romsdal,lake,,40,39,osm:w986876655,Breivika,photo_gate,imgs_0
NO,NO0A3,Møre og Romsdal,lake,,40,39,osm:w186400087,Volsdalen Camping,photo_gate,imgs_0
NO,NO0A3,Møre og Romsdal,lake,,40,39,osm:w1204963307,Øyrin,photo_gate,imgs_0
NO,NO0A3,Møre og Romsdal,lake,,40,39,osm:w256826301,Atlanterhavsbadet,photo_gate,imgs_1
NO,NO0A3,Møre og Romsdal,lake,,40,39,wd:Q5612765,Gråsjøen,photo_gate,imgs_0
NO,NO0A3,Møre og Romsdal,lake,,40,39,osm:r6329172,Rotevatnet,photo_gate,imgs_1
NO,NO0A3,Møre og Romsdal,lake,,40,39,osm:r5896085,Fosterlågen,photo_gate,imgs_0
NO,NO0A3,Møre og Romsdal,lake,,40,39,osm:w773854345,Atlanten idrettspark,photo_gate,imgs_0
NO,NO0A3,Møre og Romsdal,lake,,40,39,osm:w1372261843,Atlanten idrettspark,photo_gate,imgs_0
NO,NO0A3,Møre og Romsdal,lake,,40,39,osm:w1097443283,Heinsa barnehage,photo_gate,imgs_0
NO,NO0A3,Møre og Romsdal,lake,,40,39,wd:Q4979630,Brusdalsvatnet,photo_gate,imgs_0
NO,NO0A3,Møre og Romsdal,lake,,40,39,osm:w1117262496,Nørvevika Båthavn,photo_gate,imgs_0
NO,NO0A3,Møre og Romsdal,lake,,40,39,osm:w1301323863,Dyrnesvågen gjestehavn,photo_gate,imgs_0
NO,NO0A3,Møre og Romsdal,lake,,40,39,osm:w88452659,Moldebadet,photo_gate,imgs_0
NO,NO0A3,Møre og Romsdal,lake,,40,39,osm:r1228595,Rauma,photo_gate,imgs_3
NO,NO0A3,Møre og Romsdal,lake,,40,39,osm:r5627918,Rensvikvatnet,photo_gate,imgs_0
NO,NO0A3,Møre og Romsdal,lake,,40,39,wd:Q11987149,Lyngnstøylvatnet,photo_gate,imgs_3
NO,NO0A3,Møre og Romsdal,lake,,40,39,osm:r4773691,Storvatnet,photo_gate,imgs_0
NO,NO0A3,Møre og Romsdal,lake,,40,39,osm:r5627925,Vesterdammen,photo_gate,imgs_0
NO,NO0A3,Møre og Romsdal,lake,,40,39,osm:w1492514559,Atlanten idrettspark,photo_gate,imgs_0
NO,NO0A3,Møre og Romsdal,lake,,40,39,osm:r5864702,Zakariasvatnet,photo_gate,imgs_1
NO,NO0A3,Møre og Romsdal,lake,,40,39,osm:r4787565,Langvatnet,photo_gate,imgs_0
NO,NO0A3,Møre og Romsdal,lake,,40,39,osm:r4782219,Reinsvatnet,photo_gate,imgs_0
NO,NO0A3,Møre og Romsdal,lake,,40,39,osm:r5864785,Vikvatnet,photo_gate,imgs_0
NO,NO0A3,Møre og Romsdal,lake,,40,39,osm:r5895980,Silsetvatnet,photo_gate,imgs_0
NO,NO0A3,Møre og Romsdal,lake,,40,39,osm:r5908208,Nåsavatnet,photo_gate,imgs_0
NO,NO0A3,Møre og Romsdal,lake,,40,39,osm:r5897637,Langvatnet,photo_gate,imgs_0
SE,SE312,Dalarnas län,lake,,40,39,osm:w962144728,Stortjärnen,photo_gate,imgs_0
SE,SE312,Dalarnas län,lake,,40,39,osm:r9794480,Stuphån,photo_gate,imgs_0
SE,SE312,Dalarnas län,lake,,40,39,osm:r7086302,Grövelsjön,photo_gate,imgs_1
SE,SE312,Dalarnas län,lake,,40,39,osm:r32748,Flötningssjön,photo_gate,imgs_0
SE,SE312,Dalarnas län,lake,,40,39,osm:r16949204,Skinningstjärnen,photo_gate,imgs_0
SE,SE312,Dalarnas län,lake,,40,39,osm:r16689835,Vonsjøen,photo_gate,imgs_0
SE,SE312,Dalarnas län,lake,,40,39,osm:w1322720209,Bergslagstjärnen,photo_gate,imgs_0
SE,SE312,Dalarnas län,lake,,40,39,osm:w615904214,Brotjärnen,photo_gate,imgs_0
SE,SE312,Dalarnas län,lake,,40,39,osm:w615904295,Butjärnen,photo_gate,imgs_0
SE,SE312,Dalarnas län,lake,,40,39,osm:w27131059,Fisketjärnen,photo_gate,imgs_0
SE,SE312,Dalarnas län,lake,,40,39,osm:w1050458890,Fisktjärnen,photo_gate,imgs_0
SE,SE312,Dalarnas län,lake,,40,39,osm:w29688953,Fiskvasselsjön,photo_gate,imgs_0
SE,SE312,Dalarnas län,lake,,40,39,osm:r9590123,Hans-Jotjärnen,photo_gate,imgs_0
SE,SE312,Dalarnas län,lake,,40,39,osm:w615904282,Hermantjärnen,photo_gate,imgs_0
SE,SE312,Dalarnas län,lake,,40,39,osm:w1238419262,Jakobstjärnen,photo_gate,imgs_0
SE,SE312,Dalarnas län,lake,,40,39,osm:w615904284,Jenstjärnen,photo_gate,imgs_0
SE,SE312,Dalarnas län,lake,,40,39,osm:r9601466,Oppratjärnen,photo_gate,imgs_0
SE,SE312,Dalarnas län,lake,,40,39,osm:w27131077,Skarpabborrtjärnen,photo_gate,imgs_0
SE,SE312,Dalarnas län,lake,,40,39,osm:w27131060,Skraveltjärnen,photo_gate,imgs_0
SE,SE312,Dalarnas län,lake,,40,39,osm:r9586503,Skäfttjärnen,photo_gate,imgs_0
SE,SE312,Dalarnas län,lake,,40,39,osm:w615904290,Stentjärnen,photo_gate,imgs_0
SE,SE312,Dalarnas län,lake,,40,39,osm:w29112006,Storbäcktjärnarna,photo_gate,imgs_0
SE,SE312,Dalarnas län,lake,,40,39,osm:w140354834,Storhån,photo_gate,imgs_0
SE,SE312,Dalarnas län,lake,,40,39,osm:w615904217,Stortjärnen,photo_gate,imgs_0
SE,SE312,Dalarnas län,lake,,40,39,osm:r9795587,Stuptjärnen,photo_gate,imgs_0
SE,SE312,Dalarnas län,lake,,40,39,osm:r9586926,Översttjärnen,photo_gate,imgs_0
SE,SE312,Dalarnas län,lake,,40,39,osm:w359511417,Igeltjärnen,photo_gate,imgs_0
SE,SE312,Dalarnas län,lake,,40,39,osm:r9573221,Nordsjön,photo_gate,imgs_0
SE,SE312,Dalarnas län,lake,,40,39,osm:w615904297,Rännartjärnen,photo_gate,imgs_0
SE,SE312,Dalarnas län,lake,,40,39,osm:r16949238,Skidvägstjärnen,photo_gate,imgs_0
SE,SE312,Dalarnas län,lake,,40,39,osm:r16949682,Öretjärnen,photo_gate,imgs_0
SE,SE312,Dalarnas län,lake,,40,39,wd:Q1146737,Runn,photo_gate,imgs_3
SE,SE312,Dalarnas län,lake,,40,39,wd:Q217430,Siljan,photo_gate,imgs_3
SE,SE312,Dalarnas län,lake,,40,39,wd:Q1851416,Orsa Lake,photo_gate,imgs_1
SE,SE312,Dalarnas län,lake,,40,39,wd:Q3888972,Lake Väsman,photo_gate,imgs_3
SE,SE312,Dalarnas län,lake,,40,39,wd:Q7916088,Varpan,photo_gate,imgs_4
SE,SE312,Dalarnas län,lake,,40,39,wd:Q10602469,Norra Hörken,photo_gate,imgs_1
SE,SE312,Dalarnas län,lake,,40,39,wd:Q17710854,Tisjön Lake,photo_gate,imgs_3
SE,SE124,Örebro län,lake,,40,39,wd:Q18188609,Södra Ånnabosjön,photo_gate,imgs_3
SE,SE124,Örebro län,lake,,40,39,wd:Q2200252,Lindessjön,photo_gate,imgs_3
SE,SE124,Örebro län,lake,,40,39,wd:Q10593482,Möckeln,photo_gate,imgs_2
SE,SE124,Örebro län,lake,,40,39,wd:Q18188537,Falkasjön,photo_gate,imgs_3
SE,SE124,Örebro län,lake,,40,39,wd:Q10717466,"Väringen, Örebro",photo_gate,imgs_0
SE,SE124,Örebro län,lake,,40,39,wd:Q16503902,Borasjön,photo_gate,imgs_3
SE,SE124,Örebro län,lake,,40,39,wd:Q10658769,Råsvalen,photo_gate,imgs_1
SE,SE321,Västernorrlands län,lake,,40,39,wd:Q10667405,Sidsjön,photo_gate,imgs_3
SE,SE321,Västernorrlands län,lake,,40,39,wd:Q18184460,Stödesjön,photo_gate,imgs_2
SE,SE321,Västernorrlands län,lake,,40,39,wd:Q10428989,Betarsjön,photo_gate,imgs_3
SE,SE321,Västernorrlands län,lake,,40,39,wd:Q10577656,Marmen,photo_gate,imgs_2
SE,SE321,Västernorrlands län,lake,,40,39,wd:Q943244,Holmsjön,photo_gate,imgs_1
SE,SE321,Västernorrlands län,lake,,40,39,wd:Q612487,Anundsjösjön,photo_gate,imgs_3
SE,SE321,Västernorrlands län,lake,,40,39,wd:Q18184494,Sörbjörken,photo_gate,imgs_0
FI,FI1D9,Pohjois-Pohjanmaa,lake,,40,38,wd:Q1794741,Kuusamojärvi,photo_gate,imgs_1
FI,FI1D9,Pohjois-Pohjanmaa,lake,,40,38,wd:Q1346949,Muojärvi,photo_gate,imgs_5
FI,FI1D9,Pohjois-Pohjanmaa,lake,,40,38,wd:Q11898180,Toranki,photo_gate,imgs_0
FI,FI1D9,Pohjois-Pohjanmaa,lake,,40,38,wd:Q7108529,Otermanjärvi,photo_gate,imgs_2
FI,FI1D9,Pohjois-Pohjanmaa,lake,,40,38,wd:Q1657988,Iijärvi,photo_gate,imgs_2
FI,FI1D9,Pohjois-Pohjanmaa,lake,,40,38,wd:Q5489998,Uljua Reservoir,photo_gate,imgs_2
FI,FI1DC,Pohjois-Karjala,lake,,40,38,wd:Q1892320,Pyhäselkä,photo_gate,imgs_3
FI,FI1DC,Pohjois-Karjala,lake,,40,38,wd:Q1345219,Kermajärvi,photo_gate,imgs_3
FI,FI1DC,Pohjois-Karjala,lake,,40,38,wd:Q382649,Lake Orivesi,photo_gate,imgs_3
FI,FI1DC,Pohjois-Karjala,lake,,40,38,wd:Q1475224,Juojärvi,photo_gate,imgs_2
FI,FI1DC,Pohjois-Karjala,lake,,40,38,wd:Q6418155,Kiteenjärvi,photo_gate,imgs_3
FI,FI1DC,Pohjois-Karjala,lake,,40,38,wd:Q1280965,Viinijärvi,photo_gate,imgs_5
NO,NO085,Buskerud,lake,,40,38,wd:Q1636385,Krøderen,photo_gate,imgs_1
NO,NO085,Buskerud,lake,,40,38,wd:Q1708169,Sperillen,photo_gate,imgs_3
NO,NO085,Buskerud,lake,,40,38,wd:Q1144478,Eikeren,photo_gate,imgs_3
NO,NO085,Buskerud,lake,,40,38,osm:r12855018,Fiskumvannet,photo_gate,imgs_1
NO,NO085,Buskerud,lake,,40,38,osm:w126079285,Bragernes strand,photo_gate,imgs_3
NO,NO085,Buskerud,lake,,40,38,osm:w491867447,Holmen Motorbåtforening,photo_gate,imgs_3
NO,NO085,Buskerud,lake,,40,38,wd:Q11226212,Soneren,photo_gate,imgs_1
NO,NO085,Buskerud,lake,,40,38,wd:Q4590021,Norefjorden,floor_pool,score_5.3_below_5.4
NO,NO085,Buskerud,lake,,40,38,osm:w788179121,Hokksund Camping,photo_gate,imgs_1
NO,NO085,Buskerud,lake,,40,38,wd:Q1772648,Bjornesfjorden,photo_gate,imgs_0
NO,NO085,Buskerud,lake,,40,38,wd:Q1772375,Stolsvatnet,floor_pool,score_5.0_below_5.4
NO,NO085,Buskerud,lake,,40,38,wd:Q4590459,Vavatn,photo_gate,imgs_1
NO,NO085,Buskerud,lake,,40,38,wd:Q1772674,Halnefjorden,floor_pool,score_5.0_below_5.4
NO,NO085,Buskerud,lake,,40,38,wd:Q6981474,Øljusjøen,photo_gate,imgs_0
NO,NO085,Buskerud,lake,,40,38,wd:Q6514185,Rødungen,photo_gate,imgs_3
NO,NO085,Buskerud,lake,,40,38,wd:Q6514806,Ørteren,floor_pool,score_4.8_below_5.4
NO,NO085,Buskerud,lake,,40,38,wd:Q1773814,Hettefjorden,photo_gate,imgs_0
NO,NO085,Buskerud,lake,,40,38,wd:Q1773407,Flakavatnet,photo_gate,imgs_1
NO,NO085,Buskerud,lake,,40,38,wd:Q4591329,Øvre Hein,photo_gate,imgs_0
NO,NO085,Buskerud,lake,,40,38,wd:Q6485968,Langesjøen,photo_gate,imgs_1
NO,NO085,Buskerud,lake,,40,38,wd:Q6514793,Ustevatn,floor_pool,score_4.6_below_5.4
NO,NO085,Buskerud,lake,,40,38,wd:Q12714700,Flævatn,photo_gate,imgs_0
NO,NO085,Buskerud,lake,,40,38,osm:w634786103,Kjennerudvannet,photo_gate,imgs_0
NO,NO085,Buskerud,lake,,40,38,wd:Q1332983,Strandavatnet,floor_pool,score_4.4_below_5.4
NO,NO085,Buskerud,lake,,40,38,wd:Q4590121,Øyangen,floor_pool,score_4.3_below_5.4
NO,NO085,Buskerud,lake,,40,38,wd:Q7361716,Tunhovdfjorden,photo_gate,imgs_0
NO,NO085,Buskerud,lake,,40,38,wd:Q6513694,Tisleifjorden,floor_pool,score_4.2_below_5.4
NO,NO085,Buskerud,lake,,40,38,wd:Q281539,Pålsbufjorden,photo_gate,imgs_3
NO,NO085,Buskerud,lake,,40,38,wd:Q5212983,Damtjern,floor_pool,score_4.0_below_5.4
NO,NO085,Buskerud,lake,,40,38,wd:Q1773543,Kravikfjorden,photo_gate,imgs_0
NO,NO085,Buskerud,lake,,40,38,wd:Q1773565,Geitsjøen,photo_gate,imgs_0
NO,NO085,Buskerud,lake,,40,38,wd:Q4589952,Nygardsvatnet,photo_gate,imgs_0
NO,NO085,Buskerud,lake,,40,38,wd:Q6978892,Ullerentjernet,photo_gate,imgs_0
NO,NO085,Buskerud,lake,,40,38,wd:Q6513643,Vestre Bjonevatnet,photo_gate,imgs_0
NO,NO085,Buskerud,lake,,40,38,wd:Q6513562,Samsjøen,photo_gate,imgs_0
NO,NO085,Buskerud,lake,,40,38,wd:Q6515222,Mykle,photo_gate,imgs_0
NO,NO085,Buskerud,lake,,40,38,wd:Q4589903,Skaupsjøen,photo_gate,imgs_0
NO,NO085,Buskerud,lake,,40,38,wd:Q4589231,Lauvnesvatnet,photo_gate,imgs_0
SE,SE313,Gävleborgs län,lake,,40,38,wd:Q21856416,Norra Dellen,photo_gate,imgs_2
SE,SE313,Gävleborgs län,lake,,40,38,wd:Q10713150,Varpen,photo_gate,imgs_3
SE,SE313,Gävleborgs län,lake,,40,38,wd:Q22661629,Södra Dellen,photo_gate,imgs_1
SE,SE313,Gävleborgs län,lake,,40,38,wd:Q10428621,Bergviken,photo_gate,imgs_0
SE,SE313,Gävleborgs län,lake,,40,38,wd:Q10727189,Öjaren,photo_gate,imgs_1
SE,SE313,Gävleborgs län,lake,,40,38,wd:Q10496947,Florsjön,photo_gate,imgs_1
FI,FI1D7,Lappi,lake,,40,37,wd:Q203137,Lake Inari,photo_gate,imgs_2
FI,FI1D7,Lappi,lake,,40,37,wd:Q2542996,Yli-Kitka,photo_gate,imgs_2
FI,FI1D7,Lappi,lake,,40,37,wd:Q673989,Simojärvi,photo_gate,imgs_1
FI,FI1D7,Lappi,lake,,40,37,wd:Q1868580,Lokka Reservoir,photo_gate,imgs_1
FI,FI1D7,Lappi,lake,,40,37,wd:Q1351230,Miekojärvi,photo_gate,imgs_1
FI,FI1D7,Lappi,lake,,40,37,osm:w42972370,Kaamusjärvi,photo_gate,imgs_0
FI,FI1D7,Lappi,lake,,40,37,wd:Q3356697,Polmakvannet,photo_gate,imgs_1
FI,FI1D7,Lappi,lake,,40,37,wd:Q1773264,Fiskevatn,photo_gate,imgs_0
FI,FI1D7,Lappi,lake,,40,37,osm:r9951254,Goallárjávri,photo_gate,imgs_0
FI,FI1D7,Lappi,lake,,40,37,osm:r6287537,Kortijärvi,photo_gate,imgs_0
FI,FI1D7,Lappi,lake,,40,37,osm:r301045,Tana - Deatnu - Teno,photo_gate,imgs_0
FI,FI1D7,Lappi,lake,,40,37,osm:r15300890,Isakvatnet,photo_gate,imgs_0
FI,FI1D7,Lappi,lake,,40,37,osm:r91586,Lossujärvi,photo_gate,imgs_1
FI,FI1D7,Lappi,lake,,40,37,osm:r6287536,Jiehkkašjávri,photo_gate,imgs_2
FI,FI1D7,Lappi,lake,,40,37,osm:r7234798,Rautujärvi - Rávdojávri,photo_gate,imgs_0
FI,FI1D7,Lappi,lake,,40,37,osm:r8444279,Salvasjärvi,photo_gate,imgs_0
FI,FI1D7,Lappi,lake,,40,37,osm:r18870744,Ruununvuopio,photo_gate,imgs_0
FI,FI1D7,Lappi,lake,,40,37,osm:w42972268,Kivilompolo,photo_gate,imgs_0
FI,FI1D7,Lappi,lake,,40,37,osm:w31872791,Kaakkurilantto,photo_gate,imgs_0
FI,FI1D7,Lappi,lake,,40,37,osm:w730276846,Koirajärvi,photo_gate,imgs_0
FI,FI1D7,Lappi,lake,,40,37,osm:r13932735,Másetjávri,photo_gate,imgs_0
FI,FI1D7,Lappi,lake,,40,37,osm:w31902789,Ćáhppesláttu,photo_gate,imgs_0
FI,FI1D7,Lappi,lake,,40,37,osm:r10762027,Ártnetjávri,photo_gate,imgs_0
FI,FI1D7,Lappi,lake,,40,37,osm:r18143256,Ahvenjärvet,photo_gate,imgs_0
FI,FI1D7,Lappi,lake,,40,37,osm:w711854769,Ahvenjärvi,photo_gate,imgs_0
FI,FI1D7,Lappi,lake,,40,37,osm:w43086218,Aittoaivinjärvi,photo_gate,imgs_0
FI,FI1D7,Lappi,lake,,40,37,osm:r7221922,Alitjávri - Aaletajärvi,photo_gate,imgs_0
FI,FI1D7,Lappi,lake,,40,37,osm:w428017108,Bistujávri,photo_gate,imgs_0
FI,FI1D7,Lappi,lake,,40,37,osm:r18960606,Borijávri,photo_gate,imgs_0
FI,FI1D7,Lappi,lake,,40,37,osm:w43086233,Harrijärvi,photo_gate,imgs_0
FI,FI1D7,Lappi,lake,,40,37,osm:r15298953,Harrvatnet,photo_gate,imgs_0
FI,FI1D7,Lappi,lake,,40,37,osm:w42313545,Haukijärvi,photo_gate,imgs_0
FI,FI1D7,Lappi,lake,,40,37,osm:r7252822,Haukilommol,photo_gate,imgs_0
FI,FI1D7,Lappi,lake,,40,37,osm:r7174210,Haukilompolo,photo_gate,imgs_0
FI,FI1D7,Lappi,lake,,40,37,osm:w1229249688,Härkäjärvi,photo_gate,imgs_0
FI,FI1D7,Lappi,lake,,40,37,osm:w31127155,Kalatonjärvi,photo_gate,imgs_0
FI,FI1D7,Lappi,lake,,40,37,osm:r15298873,Kapperijärvi,photo_gate,imgs_0
FI,FI1DA,Etelä-Savo,lake,,40,37,wd:Q2062505,Pihlajavesi,photo_gate,imgs_3
FI,FI1DA,Etelä-Savo,lake,,40,37,wd:Q6445245,Kuolimo,photo_gate,imgs_4
FI,FI1DA,Etelä-Savo,lake,,40,37,wd:Q1795204,Kyyvesi,photo_gate,imgs_2
FI,FI1DA,Etelä-Savo,lake,,40,37,wd:Q1318014,Puula,photo_gate,imgs_3
FI,FI1DA,Etelä-Savo,lake,,40,37,wd:Q7362296,Ukonvesi,photo_gate,imgs_4
FI,FI1C5,Etelä-Karjala,lake,,39,37,wd:Q574908,Proper Saimaa,floor_pool,score_4.9_below_5.4
FI,FI1C5,Etelä-Karjala,lake,,39,37,wd:Q24314151,Sarajärvi,photo_gate,imgs_2
FI,FI1C5,Etelä-Karjala,lake,,39,37,wd:Q1659901,Immalanjärvi,photo_gate,imgs_1
FI,FI1C5,Etelä-Karjala,lake,,39,37,wd:Q5403466,Virmajärvi,photo_gate,imgs_2
FI,FI1C5,Etelä-Karjala,lake,,39,37,wd:Q20915212,Suuri Jukajärvi,photo_gate,imgs_0
FI,FI1C5,Etelä-Karjala,lake,,39,37,wd:Q24313999,Väkevänjärvi,photo_gate,imgs_2
NO,NO060,Trøndelag/Trööndelage,lake,,40,37,wd:Q5566023,Gjevilvatnet,photo_gate,imgs_3
NO,NO060,Trøndelag/Trööndelage,lake,,40,37,wd:Q271089,Ångardsvatnet,photo_gate,imgs_1
NO,NO060,Trøndelag/Trööndelage,lake,,40,37,wd:Q1772790,Korssjøen,photo_gate,imgs_0
NO,NO060,Trøndelag/Trööndelage,lake,,40,37,wd:Q1772651,Feren,photo_gate,imgs_0
NO,NO060,Trøndelag/Trööndelage,lake,,40,37,wd:Q1772642,Feragen,photo_gate,imgs_0
NO,NO060,Trøndelag/Trööndelage,lake,,40,37,wd:Q6977209,Storvatnet,photo_gate,imgs_1
NO,NO060,Trøndelag/Trööndelage,lake,,40,37,wd:Q6449714,Kvesjøen,photo_gate,imgs_0
NO,NO060,Trøndelag/Trööndelage,lake,,40,37,wd:Q1776656,Nesjøen,photo_gate,imgs_0
NO,NO060,Trøndelag/Trööndelage,lake,,40,37,wd:Q5509021,Fundin,photo_gate,imgs_0
NO,NO060,Trøndelag/Trööndelage,lake,,40,37,wd:Q1234569,Tunnsjøen,photo_gate,imgs_1
NO,NO060,Trøndelag/Trööndelage,lake,,40,37,wd:Q4562672,Namsvatnet,photo_gate,imgs_0
NO,NO060,Trøndelag/Trööndelage,lake,,40,37,wd:Q1825507,Limingen,photo_gate,imgs_0
NO,NO060,Trøndelag/Trööndelage,lake,,40,37,wd:Q4591792,Botn,photo_gate,imgs_2
NO,NO060,Trøndelag/Trööndelage,lake,,40,37,wd:Q1772851,Hammervatnet,photo_gate,imgs_0
NO,NO060,Trøndelag/Trööndelage,lake,,40,37,wd:Q6514436,Samsjøen,photo_gate,imgs_0
NO,NO060,Trøndelag/Trööndelage,lake,,40,37,wd:Q6513796,Leksdalsvatnet,photo_gate,imgs_0
NO,NO060,Trøndelag/Trööndelage,lake,,40,37,wd:Q271122,Ånøya,photo_gate,imgs_3
NO,NO060,Trøndelag/Trööndelage,lake,,40,37,wd:Q2007634,Salvatnet,photo_gate,imgs_0
NO,NO060,Trøndelag/Trööndelage,lake,,40,37,wd:Q1772782,Laksjøen,photo_gate,imgs_0
NO,NO060,Trøndelag/Trööndelage,lake,,40,37,wd:Q6515000,Rien,photo_gate,imgs_0
NO,NO060,Trøndelag/Trööndelage,lake,,40,37,wd:Q6522469,Lenglingen,photo_gate,imgs_0
NO,NO060,Trøndelag/Trööndelage,lake,,40,37,wd:Q6275920,Jonsvatnet,photo_gate,imgs_1
NO,NO060,Trøndelag/Trööndelage,lake,,40,37,wd:Q817806,Benna,score_gate,score_3.9_below_5.4
NO,NO060,Trøndelag/Trööndelage,lake,,40,37,wd:Q1772697,Fjergen,photo_gate,imgs_0
NO,NO060,Trøndelag/Trööndelage,lake,,40,37,wd:Q1773546,Innsvatnet,photo_gate,imgs_0
NO,NO060,Trøndelag/Trööndelage,lake,,40,37,wd:Q1772705,Holden,photo_gate,imgs_0
NO,NO060,Trøndelag/Trööndelage,lake,,40,37,wd:Q1773076,Gagnåsvatnet,photo_gate,imgs_0
NO,NO060,Trøndelag/Trööndelage,lake,,40,37,wd:Q3420302,Øyangsvatnet,photo_gate,imgs_0
NO,NO060,Trøndelag/Trööndelage,lake,,40,37,wd:Q4589754,Rambergssjøen,photo_gate,imgs_1
NO,NO060,Trøndelag/Trööndelage,lake,,40,37,wd:Q6514465,Meltingvatnet,photo_gate,imgs_0
NO,NO060,Trøndelag/Trööndelage,lake,,40,37,wd:Q6513978,Øyvatnet,photo_gate,imgs_0
NO,NO060,Trøndelag/Trööndelage,lake,,40,37,wd:Q4590110,Ormsetvatnet,photo_gate,imgs_3
NO,NO060,Trøndelag/Trööndelage,lake,,40,37,wd:Q4590476,Stordalsvatnet,photo_gate,imgs_3
NO,NO060,Trøndelag/Trööndelage,lake,,40,37,wd:Q1773208,Flensjøen,photo_gate,imgs_0
NO,NO060,Trøndelag/Trööndelage,lake,,40,37,wd:Q1773410,Hostovatnet,photo_gate,imgs_0
NO,NO060,Trøndelag/Trööndelage,lake,,40,37,wd:Q4591130,Svorksjøen,photo_gate,imgs_1
NO,NO060,Trøndelag/Trööndelage,lake,,40,37,wd:Q7335250,Vasslivatnet,photo_gate,imgs_1
SE,SE331,Västerbottens län,lake,,40,37,wd:Q4589591,Litlumvatnet,photo_gate,imgs_0
SE,SE331,Västerbottens län,lake,,40,37,osm:r11898564,Arevattnet,photo_gate,imgs_0
SE,SE331,Västerbottens län,lake,,40,37,osm:r8803899,Krutvattnet - Bijjie Kruvhtegenjaevrie - Austerkrutvatnet,photo_gate,imgs_0
SE,SE331,Västerbottens län,lake,,40,37,osm:r11903955,Daarnege,photo_gate,imgs_0
SE,SE331,Västerbottens län,lake,,40,37,osm:r11904382,Kalven,photo_gate,imgs_0
SE,SE331,Västerbottens län,lake,,40,37,osm:r8794221,Skinnfällträsket - Vuelie-Råavkoejaevrie - Nedre Skinnfellvatnet,photo_gate,imgs_0
SE,SE331,Västerbottens län,lake,,40,37,osm:w871956556,Bákttiejávrrie,photo_gate,imgs_0
SE,SE331,Västerbottens län,lake,,40,37,osm:w871956554,Gieŋaljávrrie,photo_gate,imgs_0
SE,SE331,Västerbottens län,lake,,40,37,osm:r11593240,Guhkesbievrekjávrre,photo_gate,imgs_0
SE,SE331,Västerbottens län,lake,,40,37,osm:r8803850,Haarrere - Harvatnet,photo_gate,imgs_0
SE,SE331,Västerbottens län,lake,,40,37,osm:r11895810,Rörvattnet,photo_gate,imgs_0
SE,SE331,Västerbottens län,lake,,40,37,wd:Q17558884,Nedre Gautsträsket,photo_gate,imgs_0
SE,SE331,Västerbottens län,lake,,40,37,wd:Q465050,Storvindeln,photo_gate,imgs_2
SE,SE331,Västerbottens län,lake,,40,37,wd:Q10691548,Tavelsjön,floor_pool,score_5.3_below_5.4
SE,SE331,Västerbottens län,lake,,40,37,wd:Q3432221,Malgomaj,photo_gate,imgs_3
SE,SE331,Västerbottens län,lake,,40,37,wd:Q3379057,Abelvattnet,photo_gate,imgs_1
SE,SE332,Norrbottens län,lake,,40,37,osm:r300111,Ylinen Kilpisjärvi,floor_pool,score_5.2_below_5.4
SE,SE332,Norrbottens län,lake,,40,37,osm:w558267375,Övertorneå Camping,photo_gate,imgs_2
SE,SE332,Norrbottens län,lake,,40,37,osm:w225409471,Eko Badet Parkering,photo_gate,imgs_1
SE,SE332,Norrbottens län,lake,,40,37,osm:w225409409,Ekobadet,photo_gate,imgs_1
SE,SE332,Norrbottens län,lake,,40,37,osm:w225409816,Aunesgården Parkering,photo_gate,imgs_0
SE,SE332,Norrbottens län,lake,,40,37,osm:r2924846,Kaarevuopio,photo_gate,imgs_0
SE,SE332,Norrbottens län,lake,,40,37,osm:w43024667,Pudas,photo_gate,imgs_0
SE,SE332,Norrbottens län,lake,,40,37,osm:w30068292,Särkijärvi,photo_gate,imgs_0
SE,SE332,Norrbottens län,lake,,40,37,wd:Q3299693,Siiddašjávri,photo_gate,imgs_0
SE,SE332,Norrbottens län,lake,,40,37,osm:r8194165,Kuohkimajärvi,photo_gate,imgs_1
SE,SE332,Norrbottens län,lake,,40,37,osm:w1220366891,Gáhppojávri,photo_gate,imgs_0
SE,SE332,Norrbottens län,lake,,40,37,osm:w5873408,Ikkesjávrre,photo_gate,imgs_1
SE,SE332,Norrbottens län,lake,,40,37,osm:r14151861,Dossaganjávri,photo_gate,imgs_1
SE,SE332,Norrbottens län,lake,,40,37,osm:r2079639,Kiehpanjärvi,photo_gate,imgs_0
SE,SE332,Norrbottens län,lake,,40,37,osm:w28548928,Kåbtåjaure,photo_gate,imgs_0
SE,SE332,Norrbottens län,lake,,40,37,osm:r2079640,Korvijärvi,photo_gate,imgs_0
SE,SE332,Norrbottens län,lake,,40,37,osm:w24662881,Njoammeljávrre,photo_gate,imgs_0
SE,SE332,Norrbottens län,lake,,40,37,osm:r2171925,Vuoskujärvi,photo_gate,imgs_0
SE,SE332,Norrbottens län,lake,,40,37,osm:r14148474,Tjårvejaure - Bajip Čoarvejávri,photo_gate,imgs_0
SE,SE332,Norrbottens län,lake,,40,37,osm:w30041107,Alep Njallajávrre,photo_gate,imgs_0
SE,SE332,Norrbottens län,lake,,40,37,osm:r5922148,Bárdaljávri,photo_gate,imgs_0
SE,SE332,Norrbottens län,lake,,40,37,osm:r5582873,Čuovžajávri,photo_gate,imgs_0
SE,SE332,Norrbottens län,lake,,40,37,osm:r7961401,Gájtsasjjávrre,photo_gate,imgs_0
SE,SE332,Norrbottens län,lake,,40,37,osm:r7797905,Jiegŋajávrásj,photo_gate,imgs_0
SE,SE332,Norrbottens län,lake,,40,37,osm:w966083482,Loppa - Luoppal,photo_gate,imgs_0
SE,SE332,Norrbottens län,lake,,40,37,osm:w28546934,Ruovssokjávri,photo_gate,imgs_0
SE,SE332,Norrbottens län,lake,,40,37,osm:w28548865,Rárkkajávri,photo_gate,imgs_0
SE,SE332,Norrbottens län,lake,,40,37,osm:r7797901,Tjårokjávrre,photo_gate,imgs_0
SE,SE332,Norrbottens län,lake,,40,37,osm:r14148649,Valffojávrrit,photo_gate,imgs_0
SE,SE332,Norrbottens län,lake,,40,37,osm:w558116821,Øvre Veiskivatnet,photo_gate,imgs_0
SE,SE332,Norrbottens län,lake,,40,37,wd:Q845880,Hornavan,photo_gate,imgs_2
SE,SE332,Norrbottens län,lake,,40,37,wd:Q321464,Abiskojaure,photo_gate,imgs_3
SE,SE332,Norrbottens län,lake,,40,37,wd:Q204987,Storavan,photo_gate,imgs_4
SE,SE332,Norrbottens län,lake,,40,37,wd:Q1238168,Vásstenjávrre,photo_gate,imgs_5
SE,SE332,Norrbottens län,lake,,40,37,wd:Q953206,Uddjaure,photo_gate,imgs_3
SE,SE332,Norrbottens län,lake,,40,37,wd:Q1760356,Stora Lulevatten,floor_pool,score_5.0_below_5.4
SE,SE211,Jönköpings län,lake,,40,37,wd:Q10524235,Hindsen,photo_gate,imgs_2
SE,SE211,Jönköpings län,lake,,40,37,wd:Q1301936,Vidöstern,photo_gate,imgs_2
SE,SE211,Jönköpings län,lake,,40,37,wd:Q10682139,Stråken,photo_gate,imgs_2
SE,SE211,Jönköpings län,lake,,40,37,wd:Q10657900,Rusken,photo_gate,imgs_0
SE,SE211,Jönköpings län,lake,,40,37,wd:Q10500186,Furen,photo_gate,imgs_0
SE,SE311,Värmlands län,lake,,40,37,osm:r3507152,Helgesjøen,photo_gate,imgs_0
SE,SE311,Värmlands län,lake,,40,37,osm:w261223515,Bergtjärnet,photo_gate,imgs_0
SE,SE311,Värmlands län,lake,,40,37,osm:w261223517,Grenstjärnet,photo_gate,imgs_0
SE,SE311,Värmlands län,lake,,40,37,osm:w261223518,Lilla Abborrtjärn,photo_gate,imgs_0
SE,SE311,Värmlands län,lake,,40,37,osm:w261223521,Nävertjärnet,photo_gate,imgs_0
SE,SE311,Värmlands län,lake,,40,37,osm:r10340731,Stora Bläkern,photo_gate,imgs_0
SE,SE311,Värmlands län,lake,,40,37,osm:w261223524,Stugetjärnet,photo_gate,imgs_0
SE,SE311,Värmlands län,lake,,40,37,osm:w261223555,Örekyttjärnet,photo_gate,imgs_0
SE,SE311,Värmlands län,lake,,40,37,osm:w434921773,Östra Långtjärnet,photo_gate,imgs_0
SE,SE311,Värmlands län,lake,,40,37,osm:w265104915,Abborrtjärnet,photo_gate,imgs_0
SE,SE311,Värmlands län,lake,,40,37,osm:w120158140,Butjärn,photo_gate,imgs_0
SE,SE311,Värmlands län,lake,,40,37,osm:r9200526,Höljessjön,photo_gate,imgs_0
SE,SE311,Värmlands län,lake,,40,37,osm:w1019054885,Abborrtjärnen,photo_gate,imgs_0
SE,SE311,Värmlands län,lake,,40,37,osm:w1310648442,Backemotjärn,photo_gate,imgs_0
SE,SE311,Värmlands län,lake,,40,37,osm:r16267487,Nyckelvattnet - Nøklevatnet,photo_gate,imgs_0
SE,SE311,Värmlands län,lake,,40,37,osm:r8013535,Vällen,photo_gate,imgs_0
SE,SE311,Värmlands län,lake,,40,37,osm:r9713702,Skålsjön,photo_gate,imgs_0
SE,SE311,Värmlands län,lake,,40,37,osm:r8013536,Flan,photo_gate,imgs_0
SE,SE311,Värmlands län,lake,,40,37,osm:r10351912,Nordare Lersjön,photo_gate,imgs_0
SE,SE311,Värmlands län,lake,,40,37,osm:r7370418,Bredsjön,photo_gate,imgs_0
SE,SE311,Värmlands län,lake,,40,37,osm:w560408705,Butjärnet,photo_gate,imgs_0
SE,SE311,Värmlands län,lake,,40,37,osm:w28952824,Gaustatjärnet,photo_gate,imgs_0
SE,SE311,Värmlands län,lake,,40,37,osm:w40003666,Håletjärnet,photo_gate,imgs_0
SE,SE311,Värmlands län,lake,,40,37,osm:r11904089,Klättjärnet,photo_gate,imgs_0
SE,SE311,Värmlands län,lake,,40,37,osm:r10344869,Korpungstjärnet,photo_gate,imgs_0
SE,SE311,Värmlands län,lake,,40,37,osm:w40003651,Lilla Tjärnet,photo_gate,imgs_0
SE,SE311,Värmlands län,lake,,40,37,osm:w261223519,Långtjärnet,photo_gate,imgs_0
SE,SE311,Värmlands län,lake,,40,37,osm:w42431640,Mjögsjön,photo_gate,imgs_0
SE,SE311,Värmlands län,lake,,40,37,osm:w261223522,Stora Abborrtjärn,photo_gate,imgs_0
SE,SE311,Värmlands län,lake,,40,37,osm:w434921778,Stora Björntjärnet,photo_gate,imgs_0
SE,SE311,Värmlands län,lake,,40,37,osm:w219961356,Öretjärnet,photo_gate,imgs_0
SE,SE311,Värmlands län,lake,,40,37,osm:w40003652,Östra Lomtjärnet,photo_gate,imgs_0
SE,SE311,Värmlands län,lake,,40,37,osm:w120146895,Abborrtjärn,photo_gate,imgs_0
SE,SE311,Värmlands län,lake,,40,37,osm:w42431695,Abborrtjärnet,photo_gate,imgs_0
SE,SE311,Värmlands län,lake,,40,37,osm:w42431641,Blomgrenstjärnet,photo_gate,imgs_0
SE,SE311,Värmlands län,lake,,40,37,osm:w30753126,Bredtjärnet,photo_gate,imgs_0
SE,SE311,Värmlands län,lake,,40,37,osm:w120134261,Djupen,photo_gate,imgs_0
FR,FRK21,Ain,lake,,39,36,osm:w107470473,Piscine municipale,photo_gate,imgs_0
FR,FRK21,Ain,lake,,39,36,wd:Q3215436,Lac de Divonne,photo_gate,imgs_3
FR,FRK21,Ain,lake,,39,36,wd:Q3215357,Lac de Barterand,photo_gate,imgs_2
FR,FRK21,Ain,lake,,39,36,wd:Q3215450,Lac de Glandieu,photo_gate,imgs_2
FR,FRK21,Ain,lake,,39,36,wd:Q3215558,Lac de Sylans,photo_gate,imgs_3
FR,FRK21,Ain,lake,,39,36,wd:Q19379798,Lac des Hôpitaux,photo_gate,imgs_2
SE,SE322,Jämtlands län,lake,,40,36,wd:Q2130944,Kvarnbergsvattnet,photo_gate,imgs_1
SE,SE322,Jämtlands län,lake,,40,36,osm:r10923896,Vuelie-Sipmehke - Austre Sipmeken,photo_gate,imgs_0
SE,SE322,Jämtlands län,lake,,40,36,osm:w26194543,Torrön,photo_gate,imgs_1
SE,SE322,Jämtlands län,lake,,40,36,osm:r9542100,Holdern - Holderen,photo_gate,imgs_0
SE,SE322,Jämtlands län,lake,,40,36,osm:r110475,Bolagen,photo_gate,imgs_1
SE,SE322,Jämtlands län,lake,,40,36,osm:r4519120,Skurdalssjön - Skurdalssjøen - Kruehkiejaevrie,photo_gate,imgs_0
SE,SE322,Jämtlands län,lake,,40,36,osm:w34416269,Skalsvattnet,photo_gate,imgs_0
SE,SE322,Jämtlands län,lake,,40,36,osm:r7036390,Björkvattnet - Bjørkvatnet - Såekiejaevrie,photo_gate,imgs_0
SE,SE322,Jämtlands län,lake,,40,36,osm:w27758204,Gunnarvattnet,photo_gate,imgs_0
SE,SE322,Jämtlands län,lake,,40,36,osm:w30667723,Björkvattnet,photo_gate,imgs_0
SE,SE322,Jämtlands län,lake,,40,36,osm:w683447107,Burstjärnen,photo_gate,imgs_0
SE,SE322,Jämtlands län,lake,,40,36,osm:r4730344,Hyddsjön - Storhyddsjøen,photo_gate,imgs_0
SE,SE322,Jämtlands län,lake,,40,36,osm:r4519205,Kluktjärnen - Kluktjønna,photo_gate,imgs_0
SE,SE322,Jämtlands län,lake,,40,36,osm:w381056316,Lillkluktjärnen,photo_gate,imgs_0
SE,SE322,Jämtlands län,lake,,40,36,osm:w683447105,Nedertjärnen,photo_gate,imgs_0
SE,SE322,Jämtlands län,lake,,40,36,osm:r4487723,Tomastjärnarna - Tåmmåstjønna,photo_gate,imgs_0
SE,SE322,Jämtlands län,lake,,40,36,osm:r9408100,Burvattnet,photo_gate,imgs_0
SE,SE322,Jämtlands län,lake,,40,36,osm:w30667705,Gäddtjernen,photo_gate,imgs_0
SE,SE322,Jämtlands län,lake,,40,36,osm:r10900629,Lintjønna,photo_gate,imgs_0
SE,SE322,Jämtlands län,lake,,40,36,osm:w30667674,Muruhattstjärnen,photo_gate,imgs_0
SE,SE322,Jämtlands län,lake,,40,36,osm:w330698869,Norra Lillfjälltjärnen,photo_gate,imgs_0
SE,SE322,Jämtlands län,lake,,40,36,osm:w13226915,Rörsjön,photo_gate,imgs_0
SE,SE322,Jämtlands län,lake,,40,36,osm:w30667355,Skogsjön,photo_gate,imgs_0
SE,SE322,Jämtlands län,lake,,40,36,osm:w30667696,Smalsundstjärnen,photo_gate,imgs_0
SE,SE322,Jämtlands län,lake,,40,36,osm:w30667706,Södra Lillfjälltjärnen,photo_gate,imgs_0
SE,SE322,Jämtlands län,lake,,40,36,osm:w527428200,Brattjärnen,photo_gate,imgs_0
SE,SE322,Jämtlands län,lake,,40,36,osm:w29689059,Funäsdalstjärnen,photo_gate,imgs_0
SE,SE322,Jämtlands län,lake,,40,36,osm:w33001564,Gröntjärnen,photo_gate,imgs_0
SE,SE322,Jämtlands län,lake,,40,36,osm:w178630594,Linjetjärnarna,photo_gate,imgs_0
SE,SE322,Jämtlands län,lake,,40,36,osm:w29689116,Linjetjärnen,photo_gate,imgs_0
SE,SE322,Jämtlands län,lake,,40,36,osm:w29222602,Långtjärnen,photo_gate,imgs_0
SE,SE322,Jämtlands län,lake,,40,36,osm:r4732342,Skräddarsjön - Skreddarsjøane - Faatnajabpejaevrieh,photo_gate,imgs_0
SE,SE322,Jämtlands län,lake,,40,36,osm:r16689634,Våndåhåarna,photo_gate,imgs_0
SE,SE322,Jämtlands län,lake,,40,36,osm:r10900633,Rørsjøen,photo_gate,imgs_0
SE,SE322,Jämtlands län,lake,,40,36,osm:w465237882,Aallejegaejsienjaevrie,photo_gate,imgs_0
SE,SE322,Jämtlands län,lake,,40,36,osm:w30667712,Bodtjärnen,photo_gate,imgs_0
SE,SE123,Östergötlands län,lake,,40,36,wd:Q1520068,Glan,photo_gate,imgs_3
SE,SE123,Östergötlands län,lake,,40,36,wd:Q271323,Åsunden Östergötland,photo_gate,imgs_3
SE,SE123,Östergötlands län,lake,,40,36,wd:Q3361258,Tisnaren,photo_gate,imgs_1
SE,SE123,Östergötlands län,lake,,40,36,wd:Q3361093,Nävsjön,photo_gate,imgs_1
SE,SE123,Östergötlands län,lake,,40,36,wd:Q2618547,Boren,photo_gate,imgs_1
GB,TLM20,Highlands and Islands,lake,,40,36,wd:Q1535690,Loch an Eilein,photo_gate,imgs_2
GB,TLM20,Highlands and Islands,lake,,40,36,wd:Q1368230,Loch Awe,photo_gate,imgs_3
GB,TLM20,Highlands and Islands,lake,,40,36,wd:Q1310646,Loch Maree,photo_gate,imgs_3
GB,TLM20,Highlands and Islands,lake,,40,36,wd:Q1444264,Loch Morar,floor_pool,score_5.3_below_5.4
GB,TLM20,Highlands and Islands,lake,,40,36,wd:Q911980,Loch Assynt,photo_gate,imgs_2
GB,TLM20,Highlands and Islands,lake,,40,36,wd:Q24993835,Fairy Pools,photo_gate,imgs_1
GB,TLM20,Highlands and Islands,lake,,40,36,wd:Q958388,Loch Coruisk,photo_gate,imgs_3
FI,FI19B,Pirkanmaa,lake,,40,35,wd:Q7362372,Kulovesi,photo_gate,imgs_4
FI,FI19B,Pirkanmaa,lake,,40,35,wd:Q7362247,Vesijärvi,photo_gate,imgs_2
FI,FI19B,Pirkanmaa,lake,,40,35,wd:Q1800494,Mallasvesi,photo_gate,imgs_3
NO,NO094,Telemark,lake,,40,35,wd:Q1519849,Heddalsvatnet,photo_gate,imgs_5
NO,NO094,Telemark,lake,,40,35,wd:Q732070,Kviteseidvatnet,photo_gate,imgs_4
NO,NO094,Telemark,lake,,40,35,wd:Q654083,Fyresvatnet,photo_gate,imgs_5
NO,NO094,Telemark,lake,,40,35,wd:Q651289,Songavatnet,photo_gate,imgs_1
NO,NO094,Telemark,lake,,40,35,osm:r9927097,Hjellevannet,photo_gate,imgs_2
NO,NO094,Telemark,lake,,40,35,wd:Q861703,Tinnsjå,photo_gate,imgs_5
NO,NO094,Telemark,lake,,40,35,osm:r10543883,Nedre Toke,photo_gate,imgs_0
NO,NO094,Telemark,lake,,40,35,osm:w114942233,Olavsberget Camping og Badeplass,photo_gate,imgs_0
NO,NO094,Telemark,lake,,40,35,osm:r21155608,Slettevann,photo_gate,imgs_1
NO,NO094,Telemark,lake,,40,35,osm:w295855540,Bliva,photo_gate,imgs_0
NO,NO094,Telemark,lake,,40,35,osm:r10517916,Noremstjønna,photo_gate,imgs_0
NO,NO094,Telemark,lake,,40,35,osm:r10542881,Bjorvann,photo_gate,imgs_0
NO,NO094,Telemark,lake,,40,35,osm:r5754870,Ilsjø,photo_gate,imgs_0
NO,NO094,Telemark,lake,,40,35,wd:Q8011404,Mår,photo_gate,imgs_0
NO,NO094,Telemark,lake,,40,35,wd:Q10958689,Follsjå,photo_gate,imgs_2
NO,NO094,Telemark,lake,,40,35,wd:Q1144465,Toke,photo_gate,imgs_1
NO,NO094,Telemark,lake,,40,35,wd:Q2301965,Totak,floor_pool,score_4.5_below_5.4
NO,NO094,Telemark,lake,,40,35,wd:Q1434743,Flåvatn,floor_pool,score_4.5_below_5.4
NO,NO094,Telemark,lake,,40,35,wd:Q4559956,Kjelavatn,photo_gate,imgs_2
NO,NO094,Telemark,lake,,40,35,osm:r10423540,Skredvatn,photo_gate,imgs_1
NO,NO094,Telemark,lake,,40,35,wd:Q1978550,Nesvatn,photo_gate,imgs_1
NO,NO094,Telemark,lake,,40,35,wd:Q11230105,Bitdalsvatn,photo_gate,imgs_2
NO,NO094,Telemark,lake,,40,35,osm:r6815399,Heivannet,photo_gate,imgs_0
NO,NO094,Telemark,lake,,40,35,osm:w1216589076,Solvika camping,photo_gate,imgs_0
NO,NO094,Telemark,lake,,40,35,wd:Q3420203,Langesjå,photo_gate,imgs_0
NO,NO094,Telemark,lake,,40,35,osm:r8191786,Kvitåvatn,photo_gate,imgs_0
NO,NO094,Telemark,lake,,40,35,wd:Q10959574,Kilevann,photo_gate,imgs_2
NO,NO094,Telemark,lake,,40,35,wd:Q4591229,Vinjevatn,score_gate,score_3.9_below_5.4
NO,NO094,Telemark,lake,,40,35,osm:r10535928,Hjartsjåvatnet,photo_gate,imgs_2
NO,NO094,Telemark,lake,,40,35,wd:Q841972,Byrtevatn,photo_gate,imgs_1
NO,NO094,Telemark,lake,,40,35,wd:Q11998911,Rørholtfjorden,photo_gate,imgs_0
NO,NO094,Telemark,lake,,40,35,osm:r5400767,Kalhovdfjorden,photo_gate,imgs_1
NO,NO0A2,Vestland,lake,,40,35,wd:Q6516110,Lovatnet,photo_gate,imgs_3
NO,NO0A2,Vestland,lake,,40,35,wd:Q2115695,Hafslovatnet,photo_gate,imgs_3
NO,NO0A2,Vestland,lake,,40,35,wd:Q1772840,Prestesteinsvatnet,photo_gate,imgs_2
NO,NO0A2,Vestland,lake,,40,35,wd:Q3356671,Eidfjordvatnet,photo_gate,imgs_3
NO,NO0A2,Vestland,lake,,40,35,wd:Q200003,Hornindalsvatnet,photo_gate,imgs_5
NO,NO0A2,Vestland,lake,,40,35,wd:Q1773308,Granvinsvatnet,floor_pool,score_5.0_below_5.4
NO,NO0A2,Vestland,lake,,40,35,wd:Q6515235,Nordmannslågen,photo_gate,imgs_0
NO,NO0A2,Vestland,lake,,40,35,wd:Q1771510,Kalandsvatnet,photo_gate,imgs_1
NO,NO0A2,Vestland,lake,,40,35,wd:Q4589185,Onarheimsvatnet,photo_gate,imgs_0
NO,NO0A2,Vestland,lake,,40,35,wd:Q1772509,Sysenvatnet,floor_pool,score_4.8_below_5.4
NO,NO0A2,Vestland,lake,,40,35,wd:Q2413240,Styggevatnet,floor_pool,score_4.8_below_5.4
NO,NO0A2,Vestland,lake,,40,35,wd:Q4590138,Votna,photo_gate,imgs_1
NO,NO0A2,Vestland,lake,,40,35,wd:Q11230257,Veitastrondsvatnet,photo_gate,imgs_2
NO,NO0A2,Vestland,lake,,40,35,wd:Q1773311,Evangervatnet,photo_gate,imgs_1
NO,NO0A2,Vestland,lake,,40,35,wd:Q107724110,Bondhusvatnet,photo_gate,imgs_3
NO,NO0A2,Vestland,lake,,40,35,wd:Q6514285,Valldalsvatnet,photo_gate,imgs_2
NO,NO0A2,Vestland,lake,,40,35,wd:Q1772665,Hamlagrøvatnet,photo_gate,imgs_1
NO,NO0A2,Vestland,lake,,40,35,wd:Q1773117,Holskardvatnet,photo_gate,imgs_1
NO,NO0A2,Vestland,lake,,40,35,wd:Q4589604,Sandvinvatnet,floor_pool,score_4.3_below_5.4
NO,NO0A2,Vestland,lake,,40,35,wd:Q6515094,Torfinnsvatnet,photo_gate,imgs_3
NO,NO0A2,Vestland,lake,,40,35,wd:Q12011567,Årdalsvatnet,floor_pool,score_4.3_below_5.4
NO,NO0A2,Vestland,lake,,40,35,wd:Q20085864,Viddalsdammen,photo_gate,imgs_2
NO,NO0A2,Vestland,lake,,40,35,wd:Q1773820,Eldrevatnet,photo_gate,imgs_1
NO,NO0A2,Vestland,lake,,40,35,wd:Q1519842,Røldalsvatnet,floor_pool,score_4.1_below_5.4
NO,NO0A2,Vestland,lake,,40,35,wd:Q1776629,Svartediket,photo_gate,imgs_3
NO,NO0A2,Vestland,lake,,40,35,wd:Q4592014,Skogseidvatnet,photo_gate,imgs_2
NO,NO0A2,Vestland,lake,,40,35,wd:Q11009409,Haukedalsvatnet,floor_pool,score_4.0_below_5.4
NO,NO0A2,Vestland,lake,,40,35,wd:Q4589554,Oppheimsvatnet,photo_gate,imgs_1
NO,NO0A2,Vestland,lake,,40,35,wd:Q11009389,Viksdalsvatnet,photo_gate,imgs_2
NO,NO0A2,Vestland,lake,,40,35,wd:Q11231460,"Stordalsvatnet, Etne",photo_gate,imgs_2
NO,NO0A2,Vestland,lake,,40,35,wd:Q1777601,Lille Lungegårdsvannet,photo_gate,imgs_3
NO,NO0A2,Vestland,lake,,40,35,wd:Q1773353,Finsevatnet,score_gate,score_3.7_below_5.4
NO,NO0A2,Vestland,lake,,40,35,wd:Q1773420,Gjønavatnet,score_gate,score_3.7_below_5.4
NO,NO0A2,Vestland,lake,,40,35,wd:Q16896925,Oldevatnet,photo_gate,imgs_2
NO,NO0A2,Vestland,lake,,40,35,wd:Q1226405,Dingevatnet,photo_gate,imgs_3
CZ,CZ031,Jihočeský kraj,lake,,40,34,osm:w442550432,Špačkov,photo_gate,imgs_1
CZ,CZ031,Jihočeský kraj,lake,,40,34,osm:w50890504,Přesličkový rybník,photo_gate,imgs_2
CZ,CZ031,Jihočeský kraj,lake,,40,34,osm:w50890581,Blanko,photo_gate,imgs_1
CZ,CZ031,Jihočeský kraj,lake,,40,34,osm:w50922347,Rajchéřovský rybník,photo_gate,imgs_0
CZ,CZ031,Jihočeský kraj,lake,,40,34,osm:w51550096,Malý Proudný,photo_gate,imgs_0
CZ,CZ031,Jihočeský kraj,lake,,40,34,osm:r12091849,Romavský mlýnský rybník,photo_gate,imgs_0
CZ,CZ031,Jihočeský kraj,lake,,40,34,osm:w232341889,Novomlýnský rybník,photo_gate,imgs_1
CZ,CZ031,Jihočeský kraj,lake,,40,34,osm:w442550428,Staňkovský rybník,photo_gate,imgs_1
CZ,CZ031,Jihočeský kraj,lake,,40,34,osm:w51550095,Mnišský rybník,photo_gate,imgs_2
CZ,CZ031,Jihočeský kraj,lake,,40,34,osm:w50937894,Kapelníkův rybník,photo_gate,imgs_1
CZ,CZ031,Jihočeský kraj,lake,,40,34,wd:Q96152566,Jezero Horusice,photo_gate,imgs_3
CZ,CZ031,Jihočeský kraj,lake,,40,34,wd:Q1509558,Plešné jezero,photo_gate,imgs_3
CZ,CZ031,Jihočeský kraj,lake,,40,34,wd:Q2551162,Lipno II Reservoir,floor_pool,score_5.2_below_5.4
CZ,CZ031,Jihočeský kraj,lake,,40,34,wd:Q11723025,Chalupské jezírko,photo_gate,imgs_4
CZ,CZ031,Jihočeský kraj,lake,,40,34,wd:Q20064848,Žďárské jezírko,photo_gate,imgs_1
CZ,CZ031,Jihočeský kraj,lake,,40,34,wd:Q2390811,Hněvkovice Reservoir,photo_gate,imgs_1
CZ,CZ031,Jihočeský kraj,lake,,40,34,wd:Q8556873,Římov Reservoir,floor_pool,score_4.9_below_5.4
CZ,CZ031,Jihočeský kraj,lake,,40,34,wd:Q12024463,Jelení jezírko,photo_gate,imgs_3
CZ,CZ031,Jihočeský kraj,lake,,40,34,wd:Q11923136,Husinec Reservoir,photo_gate,imgs_3
CZ,CZ031,Jihočeský kraj,lake,,40,34,wd:Q11923688,Soběnov Reservoir,photo_gate,imgs_1
CZ,CZ031,Jihočeský kraj,lake,,40,34,wd:Q11923288,Košín Reservoir,floor_pool,score_4.2_below_5.4
CZ,CZ031,Jihočeský kraj,lake,,40,34,osm:w50890098,Nádrž u Tokaniště,photo_gate,imgs_1
CZ,CZ031,Jihočeský kraj,lake,,40,34,osm:w51018064,Jelení jezírko,photo_gate,imgs_3
FI,FI198,Keski-Suomi,lake,,40,34,wd:Q5481857,Leppävesi,photo_gate,imgs_3
FI,FI198,Keski-Suomi,lake,,40,34,wd:Q15111539,Palokkajärvi,photo_gate,imgs_3
LT,LT029,Utenos apskritis,lake,,36,34,wd:Q16451164,Gavys,photo_gate,imgs_3
LT,LT029,Utenos apskritis,lake,,36,34,wd:Q597311,Drūkšiai,photo_gate,imgs_3
LT,LT029,Utenos apskritis,lake,,36,34,wd:Q2043441,Linkmenas,photo_gate,imgs_2
LT,LT029,Utenos apskritis,lake,,36,34,wd:Q1187891,Tauragnas,photo_gate,imgs_5
LT,LT029,Utenos apskritis,lake,,36,34,wd:Q2569121,Visaginas,photo_gate,imgs_3
LT,LT029,Utenos apskritis,lake,,36,34,wd:Q9163296,Alaušas,photo_gate,imgs_3
LT,LT029,Utenos apskritis,lake,,36,34,wd:Q1093664,Luodis,photo_gate,imgs_3
LT,LT029,Utenos apskritis,lake,,36,34,wd:Q4852753,Baltieji Lakajai,photo_gate,imgs_2
LT,LT029,Utenos apskritis,lake,,36,34,wd:Q11238139,Šalna,photo_gate,imgs_0
LT,LT029,Utenos apskritis,lake,,36,34,osm:r13064897,ež. Gruodiškis,photo_gate,imgs_0
LT,LT029,Utenos apskritis,lake,,36,34,osm:r6749594,ež. Puginas,photo_gate,imgs_0
LT,LT029,Utenos apskritis,lake,,36,34,wd:Q20504262,Skirnas,photo_gate,imgs_0
LT,LT029,Utenos apskritis,lake,,36,34,osm:r1724630,Stelmužės ež.,photo_gate,imgs_1
LT,LT029,Utenos apskritis,lake,,36,34,osm:w127344998,Kamariškio ež.,photo_gate,imgs_1
LT,LT029,Utenos apskritis,lake,,36,34,osm:w128727962,Jokubinės ež.,photo_gate,imgs_1
LT,LT029,Utenos apskritis,lake,,36,34,osm:w127383103,ež. Apynėlis,photo_gate,imgs_1
LT,LT029,Utenos apskritis,lake,,36,34,osm:r1734053,ež. Baltas,photo_gate,imgs_0
LT,LT029,Utenos apskritis,lake,,36,34,osm:r1724631,ež. Lukštas,photo_gate,imgs_0
LT,LT029,Utenos apskritis,lake,,36,34,osm:w37900591,Gabrio ež. / Gabra ezers,photo_gate,imgs_0
LT,LT029,Utenos apskritis,lake,,36,34,osm:w50733447,Padegėlių ež.,photo_gate,imgs_0
LT,LT029,Utenos apskritis,lake,,36,34,osm:r6947766,ež. Aleinikai,photo_gate,imgs_0
LT,LT029,Utenos apskritis,lake,,36,34,osm:w127383112,ež. Aleininkai,photo_gate,imgs_0
IS,IS002,Landsbyggð,lake,,40,34,wd:Q114736535,Landmannalaugar hut,photo_gate,imgs_3
IS,IS002,Landsbyggð,lake,,40,34,wd:Q1123643,Frostastaðavatn,floor_pool,score_5.3_below_5.4
IS,IS002,Landsbyggð,lake,,40,34,wd:Q283536,Langisjór,photo_gate,imgs_4
IS,IS002,Landsbyggð,lake,,40,34,wd:Q574165,Kleifarvatn,floor_pool,score_5.2_below_5.4
IS,IS002,Landsbyggð,lake,,40,34,wd:Q1344692,Lagarfljót,floor_pool,score_5.2_below_5.4
IS,IS002,Landsbyggð,lake,,40,34,wd:Q1521372,Hvalvatn,photo_gate,imgs_1
IS,IS002,Landsbyggð,lake,,40,34,wd:Q1429607,Hvítárvatn,floor_pool,score_5.0_below_5.4
IS,IS002,Landsbyggð,lake,,40,34,wd:Q2536202,Víti Askja,floor_pool,score_4.9_below_5.4
IS,IS002,Landsbyggð,lake,,40,34,wd:Q943482,Grænalón,photo_gate,imgs_1
IS,IS002,Landsbyggð,lake,,40,34,osm:w485355020,Dalvík Camping,floor_pool,score_4.9_below_5.4
IS,IS002,Landsbyggð,lake,,40,34,wd:Q511933,Jökulsárlón,photo_gate,imgs_1
IS,IS002,Landsbyggð,lake,,40,34,wd:Q2147137,Reykjadalur,photo_gate,imgs_1
IS,IS002,Landsbyggð,lake,,40,34,wd:Q335940,Þórisvatn,photo_gate,imgs_2
IS,IS002,Landsbyggð,lake,,40,34,wd:Q653324,Ljótipollur,floor_pool,score_4.7_below_5.4
IS,IS002,Landsbyggð,lake,,40,34,wd:Q330216,Úlfljótsvatn,photo_gate,imgs_5
IS,IS002,Landsbyggð,lake,,40,34,wd:Q1413838,Laugarvatn,photo_gate,imgs_4
IS,IS002,Landsbyggð,lake,,40,34,wd:Q1435393,Kerið,floor_pool,score_4.6_below_5.4
IS,IS002,Landsbyggð,lake,,40,34,wd:Q536424,Hreðavatn,photo_gate,imgs_5
IS,IS002,Landsbyggð,lake,,40,34,wd:Q907085,Breiðárlón,photo_gate,imgs_3
IS,IS002,Landsbyggð,lake,,40,34,wd:Q1121686,Kvíslavatn,photo_gate,imgs_1
IS,IS002,Landsbyggð,lake,,40,34,osm:w605753014,Westman Islands Swimming Pool and Sports Centre,floor_pool,score_4.6_below_5.4
IS,IS002,Landsbyggð,lake,,40,34,wd:Q652328,Fjallsárlón,photo_gate,imgs_1
IS,IS002,Landsbyggð,lake,,40,34,osm:w486518346,Djupivogur,photo_gate,imgs_2
IS,IS002,Landsbyggð,lake,,40,34,osm:w718206350,Íþróttamiðstöðin Blönduósi,photo_gate,imgs_1
IS,IS002,Landsbyggð,lake,,40,34,wd:Q106107081,Grænavatn,photo_gate,imgs_0
IS,IS002,Landsbyggð,lake,,40,34,osm:w707096987,Sundlaug Akureyrar,photo_gate,imgs_2
IS,IS002,Landsbyggð,lake,,40,34,osm:w705815002,Sundlaugin Vík,photo_gate,imgs_3
IS,IS002,Landsbyggð,lake,,40,34,osm:w724295269,Sundlaug Húsavíkur,photo_gate,imgs_1
IS,IS002,Landsbyggð,lake,,40,34,osm:w698991148,Sundlaugin Kirkjubæjarklaustri,photo_gate,imgs_0
IS,IS002,Landsbyggð,lake,,40,34,osm:w203775845,Grundarfjörður,photo_gate,imgs_3
IS,IS002,Landsbyggð,lake,,40,34,osm:w197566432,Sundhöll Seyðisfjarðar,photo_gate,imgs_3
IS,IS002,Landsbyggð,lake,,40,34,wd:Q174970,Hálslón reservoir,floor_pool,score_4.2_below_5.4
IS,IS002,Landsbyggð,lake,,40,34,wd:Q1503138,Sigöldulón,photo_gate,imgs_3
IS,IS002,Landsbyggð,lake,,40,34,osm:w243555144,Seljavallalaug,photo_gate,imgs_2
FI,FI1B1,Helsinki-Uusimaa,lake,,36,33,wd:Q826447,Lake Bodom,photo_gate,imgs_2
FI,FI1B1,Helsinki-Uusimaa,lake,,36,33,wd:Q10572693,Pitkäjärvi,photo_gate,imgs_2
FI,FI1B1,Helsinki-Uusimaa,lake,,36,33,wd:Q18326154,Lake Sääksi,photo_gate,imgs_1
FI,FI1B1,Helsinki-Uusimaa,lake,,36,33,wd:Q24307243,Valkjärvi,photo_gate,imgs_1
FI,FI1B1,Helsinki-Uusimaa,lake,,36,33,wd:Q673714,Hiidenvesi,photo_gate,imgs_2
NO,NO020,Innlandet,lake,,40,33,wd:Q212209,Mjøsa,photo_gate,imgs_2
NO,NO020,Innlandet,lake,,40,33,wd:Q1324437,Femund,photo_gate,imgs_3
NO,NO020,Innlandet,lake,,40,33,wd:Q1018512,Bygdin,photo_gate,imgs_1
NO,NO020,Innlandet,lake,,40,33,wd:Q545033,Randsfjorden,photo_gate,imgs_3
NO,NO020,Innlandet,lake,,40,33,wd:Q11220635,Furusjøen,photo_gate,imgs_2
NO,NO020,Innlandet,lake,,40,33,wd:Q6981499,Rokosjøen,photo_gate,imgs_2
NO,NO020,Innlandet,lake,,40,33,wd:Q6514166,Losna,photo_gate,imgs_2
NO,NO020,Innlandet,lake,,40,33,wd:Q668788,Øvre Sjodalsvatnet,photo_gate,imgs_2
NO,NO020,Innlandet,lake,,40,33,wd:Q4591259,Lemonsjøen,photo_gate,imgs_0
NO,NO020,Innlandet,lake,,40,33,wd:Q1772708,Einavatnet,photo_gate,imgs_4
NO,NO020,Innlandet,lake,,40,33,wd:Q915075,Isteren,photo_gate,imgs_3
NO,NO020,Innlandet,lake,,40,33,wd:Q1602532,Helin,photo_gate,imgs_3
NO,NO020,Innlandet,lake,,40,33,wd:Q11233046,Næra,photo_gate,imgs_1
NO,NO020,Innlandet,lake,,40,33,wd:Q4588906,Råsen,photo_gate,imgs_1
NO,NO020,Innlandet,lake,,40,33,wd:Q6513598,Rauddalsvatn,photo_gate,imgs_2
NO,NO020,Innlandet,lake,,40,33,wd:Q11967913,Espedalsvatnet,photo_gate,imgs_2
NO,NO020,Innlandet,lake,,40,33,wd:Q6515466,Mesna,photo_gate,imgs_1
NO,NO020,Innlandet,lake,,40,33,wd:Q6514515,Sølensjøen,photo_gate,imgs_2
NO,NO020,Innlandet,lake,,40,33,wd:Q1477804,Vinstre,photo_gate,imgs_3
NO,NO020,Innlandet,lake,,40,33,wd:Q6514724,Vangsmjøse,floor_pool,score_5.0_below_5.4
NO,NO020,Innlandet,lake,,40,33,wd:Q1773089,Breiddalsvatnet,photo_gate,imgs_1
NO,NO020,Innlandet,lake,,40,33,wd:Q4591301,Lomnessjøen,floor_pool,score_5.0_below_5.4
NO,NO020,Innlandet,lake,,40,33,wd:Q1772654,Dokkfløyvatn,photo_gate,imgs_1
NO,NO020,Innlandet,lake,,40,33,wd:Q1772562,Slidrefjord,floor_pool,score_4.9_below_5.4
NO,NO020,Innlandet,lake,,40,33,wd:Q22666132,Øvre Leirungen,photo_gate,imgs_1
NO,NO020,Innlandet,lake,,40,33,wd:Q991264,Aursjøen,photo_gate,imgs_2
NO,NO020,Innlandet,lake,,40,33,wd:Q6514121,Tesse,photo_gate,imgs_1
NO,NO020,Innlandet,lake,,40,33,wd:Q1773065,Atnsjøen,photo_gate,imgs_1
NO,NO020,Innlandet,lake,,40,33,wd:Q4588857,Gutulisjøen,photo_gate,imgs_1
NO,NO020,Innlandet,lake,,40,33,wd:Q1510337,Savalen,floor_pool,score_4.2_below_5.4
NO,NO020,Innlandet,lake,,40,33,wd:Q2003154,Vågåvatnet,floor_pool,score_4.1_below_5.4
NO,NO020,Innlandet,lake,,40,33,wd:Q4590319,Vurrusjøen,photo_gate,imgs_1
NO,NO020,Innlandet,lake,,40,33,wd:Q1773321,Feforvatnet,photo_gate,imgs_1
SE,SE232,Västra Götalands län,lake,,40,33,osm:r1018970,Norra Bullaresjön,photo_gate,imgs_0
SE,SE232,Västra Götalands län,lake,,40,33,osm:w39902203,Sandvatten,photo_gate,imgs_0
SE,SE232,Västra Götalands län,lake,,40,33,osm:w256432564,Daletjärnen,photo_gate,imgs_0
SE,SE232,Västra Götalands län,lake,,40,33,osm:w256449737,Daletjärnen,photo_gate,imgs_0
SE,SE232,Västra Götalands län,lake,,40,33,osm:w232245741,Fiskelös,photo_gate,imgs_0
SE,SE232,Västra Götalands län,lake,,40,33,osm:w256432554,Gruvetjärnen,photo_gate,imgs_0
SE,SE232,Västra Götalands län,lake,,40,33,osm:w256432568,Hundängetjärnet,photo_gate,imgs_0
SE,SE232,Västra Götalands län,lake,,40,33,osm:w233082653,Lenetjärnen,photo_gate,imgs_0
SE,SE232,Västra Götalands län,lake,,40,33,osm:w256449744,Lilla Abborrtjärnet,photo_gate,imgs_0
SE,SE232,Västra Götalands län,lake,,40,33,osm:w233082658,Lilla Gäddetjärnet,photo_gate,imgs_0
SE,SE232,Västra Götalands län,lake,,40,33,osm:w233082654,Lysetjärnet,photo_gate,imgs_0
SE,SE232,Västra Götalands län,lake,,40,33,osm:w48633643,Norra Öretjärnen,photo_gate,imgs_0
SE,SE232,Västra Götalands län,lake,,40,33,osm:w232245746,Skackletjärnen,photo_gate,imgs_0
SE,SE232,Västra Götalands län,lake,,40,33,osm:w256449741,Skatetjärnen,photo_gate,imgs_0
SE,SE232,Västra Götalands län,lake,,40,33,osm:w48633684,Stora Gäddetjärnet,photo_gate,imgs_0
SE,SE232,Västra Götalands län,lake,,40,33,osm:w48633626,Stora Pigetjärnet,photo_gate,imgs_0
SE,SE232,Västra Götalands län,lake,,40,33,osm:w256449738,Stora Pylsan,photo_gate,imgs_0
SE,SE232,Västra Götalands län,lake,,40,33,osm:w232245743,Södra Märdetjärnen,photo_gate,imgs_0
SE,SE232,Västra Götalands län,lake,,40,33,osm:r3981019,Taraldstjärnet,photo_gate,imgs_0
SE,SE232,Västra Götalands län,lake,,40,33,osm:w39902209,Kloppetjärnen,photo_gate,imgs_0
SE,SE232,Västra Götalands län,lake,,40,33,osm:r3266350,Søndre Boksjø,photo_gate,imgs_0
SE,SE232,Västra Götalands län,lake,,40,33,osm:w232584351,Lilla Holmvattnet,photo_gate,imgs_0
SE,SE232,Västra Götalands län,lake,,40,33,osm:w48633697,Lilla Ulevattnet,photo_gate,imgs_0
SE,SE232,Västra Götalands län,lake,,40,33,osm:w232249644,Stora Drivetjärnen,photo_gate,imgs_0
SE,SE232,Västra Götalands län,lake,,40,33,osm:w232584338,Sävetjärnet,photo_gate,imgs_0
SE,SE232,Västra Götalands län,lake,,40,33,osm:r3122439,Nästjärnet,photo_gate,imgs_0
SE,SE232,Västra Götalands län,lake,,40,33,osm:r193581,Stora Ulvattnet,photo_gate,imgs_0
SE,SE232,Västra Götalands län,lake,,40,33,osm:r3484178,Sör-Vammsjön,photo_gate,imgs_0
SE,SE232,Västra Götalands län,lake,,40,33,osm:w122621945,Abbortjärn,photo_gate,imgs_1
SE,SE232,Västra Götalands län,lake,,40,33,osm:w232245744,Norra Märdetjärnen,photo_gate,imgs_0
SE,SE232,Västra Götalands län,lake,,40,33,osm:w181438342,Stora Getepotten,photo_gate,imgs_0
SE,SE232,Västra Götalands län,lake,,40,33,osm:w55501858,Fiskelös,photo_gate,imgs_0
SE,SE232,Västra Götalands län,lake,,40,33,osm:r13634332,Hosjö,photo_gate,imgs_0
FI,FI1C6,Päijät-Häme,lake,,33,32,wd:Q1784076,Vesijärvi,photo_gate,imgs_3
FI,FI1C6,Päijät-Häme,lake,,33,32,wd:Q533040,Ruotsalainen,photo_gate,imgs_1
FI,FI1C6,Päijät-Häme,lake,,33,32,wd:Q474661,Jääsjärvi,photo_gate,imgs_2
FI,FI1C6,Päijät-Häme,lake,,33,32,wd:Q1781821,Konnivesi,photo_gate,imgs_2
FI,FI1C6,Päijät-Häme,lake,,33,32,wd:Q10647221,Pyhäjärvi,photo_gate,imgs_1
FI,FI1C6,Päijät-Häme,lake,,33,32,wd:Q7296261,Rautavesi,photo_gate,imgs_0
FI,FI1C6,Päijät-Häme,lake,,33,32,wd:Q7362245,Vesijako,photo_gate,imgs_1
IE,IE041,Border,lake,,36,32,wd:Q3776146,Lough Melvin,photo_gate,imgs_2
IE,IE041,Border,lake,,36,32,wd:Q1366974,Lough Allen,photo_gate,imgs_2
IE,IE041,Border,lake,,36,32,osm:w839044711,Bundoran beach,photo_gate,imgs_2
IE,IE041,Border,lake,,36,32,wd:Q4244931,Lough Talt,photo_gate,imgs_1
IE,IE041,Border,lake,,36,32,wd:Q3756406,Lough Oughter,floor_pool,score_5.3_below_5.4
IE,IE041,Border,lake,,36,32,wd:Q24196548,Rinn Lough,photo_gate,imgs_0
IE,IE041,Border,lake,,36,32,wd:Q24196562,Brackley Lough,photo_gate,imgs_2
IE,IE041,Border,lake,,36,32,wd:Q3776146,Lough Melvin,photo_gate,imgs_2
IE,IE041,Border,lake,,36,32,osm:w418785470,Waterworld Bundoran,photo_gate,imgs_0
IE,IE041,Border,lake,,36,32,wd:Q23014379,Kindrum Lough,photo_gate,imgs_1
IE,IE041,Border,lake,,36,32,wd:Q1871350,Lough Arrow,floor_pool,score_5.0_below_5.4
IE,IE041,Border,lake,,36,32,wd:Q6686123,Lough Gara,photo_gate,imgs_1
IE,IE041,Border,lake,,36,32,wd:Q24196710,Durnesh Lough,photo_gate,imgs_0
IE,IE041,Border,lake,,36,32,wd:Q24196364,Lough Scur,photo_gate,imgs_1
IE,IE041,Border,lake,,36,32,wd:Q24196269,Glencar Lough,photo_gate,imgs_1
IE,IE041,Border,lake,,36,32,wd:Q23010334,Lough Beagh,photo_gate,imgs_2
IE,IE041,Border,lake,,36,32,wd:Q23777625,Easky Lough,photo_gate,imgs_1
IE,IE041,Border,lake,,36,32,wd:Q24196362,Garadice Lough,photo_gate,imgs_1
IE,IE041,Border,lake,,36,32,wd:Q3380869,Lough Sillan,photo_gate,imgs_2
IE,IE041,Border,lake,,36,32,wd:Q719553,Shannon Pot,photo_gate,imgs_2
IE,IE041,Border,lake,,36,32,wd:Q24196535,Muckno Lake,photo_gate,imgs_3
IE,IE041,Border,lake,,36,32,wd:Q22083887,Lough Bofin,photo_gate,imgs_0
IE,IE041,Border,lake,,36,32,wd:Q24196623,Lough Barra,photo_gate,imgs_2
IE,IE041,Border,lake,,36,32,wd:Q24196394,Gartan Lough,photo_gate,imgs_2
IE,IE041,Border,lake,,36,32,wd:Q30590730,Castlefore Lough,photo_gate,imgs_1
IE,IE041,Border,lake,,36,32,wd:Q24196366,Belhavel Lough,photo_gate,imgs_1
IE,IE041,Border,lake,,36,32,wd:Q7350869,Dunlewey Lough,photo_gate,imgs_0
IE,IE041,Border,lake,,36,32,wd:Q24196274,Glenade Lough,photo_gate,imgs_1
IE,IE041,Border,lake,,36,32,wd:Q22083885,Lough Boderg,photo_gate,imgs_0
IE,IE041,Border,lake,,36,32,wd:Q24196288,Templehouse Lough,photo_gate,imgs_1
IE,IE041,Border,lake,,36,32,wd:Q17355539,Lough Salt,score_gate,score_3.8_below_5.4
IE,IE041,Border,lake,,36,32,wd:Q7349978,Lough Finn,photo_gate,imgs_2
IE,IE042,West,lake,,34,32,wd:Q848917,Lough Corrib,photo_gate,imgs_2
IE,IE042,West,lake,,34,32,wd:Q949985,Lough Conn,photo_gate,imgs_3
IE,IE042,West,lake,,34,32,wd:Q1045261,Carrowmore Lake,photo_gate,imgs_1
IE,IE042,West,lake,,34,32,wd:Q6664987,Loch Na Fooey,photo_gate,imgs_1
IE,IE042,West,lake,,34,32,wd:Q2746303,Lough Key,photo_gate,imgs_3
IE,IE042,West,lake,,34,32,wd:Q1768048,Lough Mask,photo_gate,imgs_3
IE,IE042,West,lake,,34,32,wd:Q22084116,Lough Cutra,photo_gate,imgs_2
IE,IE042,West,lake,,34,32,wd:Q24196547,Lough Rea,photo_gate,imgs_2
IE,IE042,West,lake,,34,32,osm:w290247886,Blackrock Beach,photo_gate,imgs_3
IE,IE042,West,lake,,34,32,wd:Q6686119,Lough Feeagh,photo_gate,imgs_1
IE,IE042,West,lake,,34,32,osm:w1035229124,Leisureland,photo_gate,imgs_0
IE,IE042,West,lake,,34,32,wd:Q1871364,Lough Carra,photo_gate,imgs_1
IE,IE042,West,lake,,34,32,wd:Q33281801,Lough Atalia,photo_gate,imgs_2
IE,IE042,West,lake,,34,32,wd:Q3776431,Lough Cullin,photo_gate,imgs_4
IE,IE042,West,lake,,34,32,wd:Q24196556,Islandeady Lough,photo_gate,imgs_2
IE,IE042,West,lake,,34,32,wd:Q24196679,Errit Lough,photo_gate,imgs_0
IE,IE042,West,lake,,34,32,wd:Q24196543,Derryclare Lough,photo_gate,imgs_3
IE,IE042,West,lake,,34,32,wd:Q3036874,Doo Lough,floor_pool,score_4.3_below_5.4
IE,IE042,West,lake,,34,32,wd:Q24196557,Lough Furnace,photo_gate,imgs_1
IE,IE042,West,lake,,34,32,wd:Q5568140,Glenamaddy Turlough,photo_gate,imgs_1
IE,IE042,West,lake,,34,32,wd:Q22084088,Kylemore Lough,photo_gate,imgs_1
IE,IE042,West,lake,,34,32,wd:Q24196545,Lough Fee,photo_gate,imgs_3
IE,IE042,West,lake,,34,32,wd:Q33273029,Levally Lough,photo_gate,imgs_2
IE,IE042,West,lake,,34,32,wd:Q24196597,Lough Shindilla,photo_gate,imgs_1
IE,IE042,West,lake,,34,32,wd:Q24196551,Lough O'Flynn,photo_gate,imgs_1
IE,IE042,West,lake,,34,32,wd:Q24196540,Lough Inagh,floor_pool,score_4.1_below_5.4
IE,IE042,West,lake,,34,32,wd:Q24196563,Glenicmurrin Lough,photo_gate,imgs_1
IE,IE042,West,lake,,34,32,wd:Q24196696,Glendollagh Lough,photo_gate,imgs_1
IE,IE042,West,lake,,34,32,wd:Q24196559,Lough Meelagh,photo_gate,imgs_1
IE,IE042,West,lake,,34,32,wd:Q25238256,Ross Lake,photo_gate,imgs_1
IE,IE042,West,lake,,34,32,wd:Q24196546,Ballynahinch Lake,photo_gate,imgs_2
IE,IE042,West,lake,,34,32,wd:Q24196550,Kilglass Lough,photo_gate,imgs_0
SE,SE212,Kronobergs län,lake,,34,32,wd:Q1474746,Helgasjön,photo_gate,imgs_3
SE,SE212,Kronobergs län,lake,,34,32,wd:Q1765665,Mien,photo_gate,imgs_2
SE,SE212,Kronobergs län,lake,,34,32,wd:Q891521,Bolmen,photo_gate,imgs_3
SE,SE212,Kronobergs län,lake,,34,32,wd:Q10697848,Tiken,photo_gate,imgs_1
SE,SE212,Kronobergs län,lake,,34,32,wd:Q4992317,Växjö Lake,photo_gate,imgs_2
SE,SE212,Kronobergs län,lake,,34,32,wd:Q10657331,Rottnen,photo_gate,imgs_1
SE,SE212,Kronobergs län,lake,,34,32,wd:Q10535696,Innaren,photo_gate,imgs_2
PL,PL427,Szczecinecko-pyrzycki,lake,,35,31,osm:w196349298,Żwirownia Chlewice,photo_gate,imgs_1
PL,PL427,Szczecinecko-pyrzycki,lake,,35,31,wd:Q1550966,Wielimie,photo_gate,imgs_2
PL,PL427,Szczecinecko-pyrzycki,lake,,35,31,wd:Q25416049,Żerdno Lake,photo_gate,imgs_3
PL,PL427,Szczecinecko-pyrzycki,lake,,35,31,wd:Q9394227,Łobez,photo_gate,imgs_1
PL,PL427,Szczecinecko-pyrzycki,lake,,35,31,wd:Q11833535,Jezioro Radun,photo_gate,imgs_3
PL,PL427,Szczecinecko-pyrzycki,lake,,35,31,wd:Q48867152,Lake Kaleńskie,photo_gate,imgs_1
FI,FI1C2,Kanta-Häme,lake,,31,30,wd:Q18326156,Aulangonjärvi,photo_gate,imgs_3
FI,FI1C2,Kanta-Häme,lake,,31,30,wd:Q7362108,Iso-Roine,photo_gate,imgs_2
FI,FI1C2,Kanta-Häme,lake,,31,30,wd:Q11885799,Ormajärvi,photo_gate,imgs_3
FI,FI1C2,Kanta-Häme,lake,,31,30,wd:Q6445237,Kuohijärvi,photo_gate,imgs_3
FI,FI1C2,Kanta-Häme,lake,,31,30,wd:Q5682511,Hauhonselkä,photo_gate,imgs_0
FI,FI1C2,Kanta-Häme,lake,,31,30,wd:Q11873180,Kuivajärvi,photo_gate,imgs_1
FI,FI1C2,Kanta-Häme,lake,,31,30,wd:Q18290977,Pyhäjärvi,photo_gate,imgs_1
SE,SE231,Hallands län,lake,,30,30,osm:w13211645,Vallgraven,photo_gate,imgs_1
SE,SE231,Hallands län,lake,,30,30,wd:Q16506438,Byasjön,photo_gate,imgs_2
SE,SE231,Hallands län,lake,,30,30,wd:Q3269287,Lygnern,photo_gate,imgs_4
SE,SE231,Hallands län,lake,,30,30,wd:Q250347,Jällunden,photo_gate,imgs_2
SE,SE231,Hallands län,lake,,30,30,osm:w702212347,Espeviks Camping,photo_gate,imgs_0
SE,SE231,Hallands län,lake,,30,30,osm:r4237263,Stora Skärshultssjön,photo_gate,imgs_0
SE,SE231,Hallands län,lake,,30,30,osm:r13069641,Kåsa,photo_gate,imgs_0
SE,SE231,Hallands län,lake,,30,30,wd:Q10726113,Ätraforsdammen,photo_gate,imgs_2
FI,FI1C7,Kymenlaakso,lake,,29,29,wd:Q2535480,Vuohijärvi,photo_gate,imgs_3
FI,FI1C7,Kymenlaakso,lake,,29,29,wd:Q6488331,Lappalanjärvi,photo_gate,imgs_1
FI,FI1C7,Kymenlaakso,lake,,29,29,wd:Q28802623,Käyrälampi,photo_gate,imgs_2
FI,FI1C7,Kymenlaakso,lake,,29,29,wd:Q2119554,Pyhäjärvi,photo_gate,imgs_4
FI,FI1C7,Kymenlaakso,lake,,29,29,wd:Q3514839,Tammijärvi,photo_gate,imgs_1
FI,FI1C7,Kymenlaakso,lake,,29,29,wd:Q6370507,Karijärvi,photo_gate,imgs_0
FI,FI1C7,Kymenlaakso,lake,,29,29,wd:Q7040847,Niskajärvi,photo_gate,imgs_0
FI,FI1C7,Kymenlaakso,lake,,29,29,osm:w1157645437,Käyrälampi,photo_gate,imgs_1
NO,NO084,Akershus,lake,,33,29,wd:Q6514268,Setten,photo_gate,imgs_2
NO,NO084,Akershus,lake,,33,29,wd:Q11999909,Semsvannet,photo_gate,imgs_2
NO,NO084,Akershus,lake,,33,29,wd:Q4580205,Engervannet,photo_gate,imgs_1
NO,NO084,Akershus,lake,,33,29,osm:w27281919,Holmen svømmehall,photo_gate,imgs_1
NO,NO084,Akershus,lake,,33,29,osm:w1056601463,Sætre bystrand,photo_gate,imgs_3
NO,NO084,Akershus,lake,,33,29,osm:w660968873,"Kadettangen, ansattparkering",photo_gate,imgs_3
NO,NO084,Akershus,lake,,33,29,osm:w31767993,Holmenskjæret,photo_gate,imgs_0
NO,NO084,Akershus,lake,,33,29,osm:w31768003,Småbåtshavn,photo_gate,imgs_0
NO,NO084,Akershus,lake,,33,29,wd:Q11989348,Midtsjøvann,photo_gate,imgs_1
NO,NO084,Akershus,lake,,33,29,wd:Q6513793,Lyseren,photo_gate,imgs_2
NO,NO084,Akershus,lake,,33,29,osm:w987637223,Årnesstranda Badeplass,photo_gate,imgs_0
NO,NO084,Akershus,lake,,33,29,osm:w27824770,Tussetjern,photo_gate,imgs_0
NO,NO084,Akershus,lake,,33,29,osm:r3893978,Langvannet,photo_gate,imgs_2
NO,NO084,Akershus,lake,,33,29,osm:w987637229,Morskogen Badeplass,photo_gate,imgs_2
NO,NO084,Akershus,lake,,33,29,osm:r1435453,Rømsjøen,photo_gate,imgs_1
NO,NO084,Akershus,lake,,33,29,osm:w987637228,Støjordet Badeplass,photo_gate,imgs_0
NO,NO084,Akershus,lake,,33,29,osm:w1194296587,Apotekerstranda,photo_gate,imgs_0
NO,NO084,Akershus,lake,,33,29,osm:w689114092,Julekvelden,photo_gate,imgs_0
NO,NO084,Akershus,lake,,33,29,osm:r1629570,Langen,photo_gate,imgs_0
NO,NO084,Akershus,lake,,33,29,wd:Q6516096,Øgderen,photo_gate,imgs_2
NO,NO084,Akershus,lake,,33,29,wd:Q7535779,Årungen,photo_gate,imgs_2
NO,NO084,Akershus,lake,,33,29,wd:Q1778496,Dælivannet,photo_gate,imgs_3
NO,NO084,Akershus,lake,,33,29,wd:Q4568324,Østernvann,floor_pool,score_4.5_below_5.4
NO,NO084,Akershus,lake,,33,29,wd:Q11998815,Råsjøen,photo_gate,imgs_1
NO,NO084,Akershus,lake,,33,29,wd:Q19384217,Nærevann,photo_gate,imgs_1
NO,NO084,Akershus,lake,,33,29,wd:Q11220653,Harestuvatnet,floor_pool,score_4.1_below_5.4
NO,NO084,Akershus,lake,,33,29,wd:Q3356628,Bjørkelangen,photo_gate,imgs_0
NO,NO084,Akershus,lake,,33,29,wd:Q6377719,Katnosa,photo_gate,imgs_1
NO,NO084,Akershus,lake,,33,29,wd:Q49309594,Rødbyvannet,photo_gate,imgs_1
SE,SE122,Södermanlands län,lake,,31,29,wd:Q3361714,Yngaren,photo_gate,imgs_2
SE,SE122,Södermanlands län,lake,,31,29,wd:Q3360453,Hallbosjön,photo_gate,imgs_1
SE,SE122,Södermanlands län,lake,,31,29,wd:Q3361316,Klämmingen,photo_gate,imgs_2
SE,SE122,Södermanlands län,lake,,31,29,wd:Q3360880,Duveholmssjön,photo_gate,imgs_2
SE,SE122,Södermanlands län,lake,,31,29,wd:Q3361241,Öljaren,photo_gate,imgs_3
SE,SE122,Södermanlands län,lake,,31,29,wd:Q6301546,Sillen,photo_gate,imgs_5
FI,FI1C1,Varsinais-Suomi,lake,,30,28,wd:Q18660428,Lahnajärvi,photo_gate,imgs_1
FI,FI1C1,Varsinais-Suomi,lake,,30,28,wd:Q14611905,Salkolanjärvi,photo_gate,imgs_1
FI,FI1C1,Varsinais-Suomi,lake,,30,28,osm:r299826,Kakskerranjärvi,photo_gate,imgs_0
FI,FI1C1,Varsinais-Suomi,lake,,30,28,wd:Q24327313,Kirkkojärvi,photo_gate,imgs_1
FI,FI1C1,Varsinais-Suomi,lake,,30,28,wd:Q18327238,Mynäjärvi,photo_gate,imgs_3
FI,FI1C1,Varsinais-Suomi,lake,,30,28,wd:Q18293618,Hirsjärvi,photo_gate,imgs_1
FI,FI199,Etelä-Pohjanmaa,lake,,29,27,wd:Q6445275,Kuortaneenjärvi,photo_gate,imgs_5
FI,FI199,Etelä-Pohjanmaa,lake,,29,27,wd:Q7362010,Ähtärinjärvi,photo_gate,imgs_1
FI,FI199,Etelä-Pohjanmaa,lake,,29,27,wd:Q593020,Lake Evijärvi,photo_gate,imgs_2
FI,FI199,Etelä-Pohjanmaa,lake,,29,27,wd:Q24307188,Hankavesi-Välivesi,photo_gate,imgs_0
FI,FI199,Etelä-Pohjanmaa,lake,,29,27,wd:Q11850501,Alajärvi,photo_gate,imgs_2
FI,FI199,Etelä-Pohjanmaa,lake,,29,27,osm:r124376,Hankavesi,photo_gate,imgs_0
PL,PL622,Olsztyński,lake,,30,27,wd:Q6478194,Lake Ukiel,photo_gate,imgs_2
PL,PL622,Olsztyński,lake,,30,27,wd:Q1136017,Tałty,photo_gate,imgs_3
PL,PL622,Olsztyński,lake,,30,27,wd:Q6980780,Wet Lake,photo_gate,imgs_3
PL,PL622,Olsztyński,lake,,30,27,wd:Q6417701,Kortowskie,photo_gate,imgs_4
PL,PL622,Olsztyński,lake,,30,27,wd:Q1688788,Mikołajskie Lake,photo_gate,imgs_5
PL,PL622,Olsztyński,lake,,30,27,wd:Q9381291,Wągiel,photo_gate,imgs_2
SE,SE110,Stockholms län,lake,,33,27,wd:Q3360984,Ältasjön,photo_gate,imgs_3
SE,SE110,Stockholms län,lake,,33,27,wd:Q3361308,Yngern,photo_gate,imgs_1
SE,SE110,Stockholms län,lake,,33,27,wd:Q3361283,Måsnaren,photo_gate,imgs_2
LT,LT011,Vilniaus apskritis,lake,,30,26,wd:Q12647221,Akmena,photo_gate,imgs_2
LT,LT011,Vilniaus apskritis,lake,,30,26,wd:Q12675182,Totoriškės,photo_gate,imgs_4
LT,LT011,Vilniaus apskritis,lake,,30,26,wd:Q16459387,Luka,photo_gate,imgs_5
LT,LT011,Vilniaus apskritis,lake,,30,26,wd:Q12656195,Gulbinas,photo_gate,imgs_1
LT,LT011,Vilniaus apskritis,lake,,30,26,wd:Q12672998,Skaistis,photo_gate,imgs_1
LT,LT011,Vilniaus apskritis,lake,,30,26,wd:Q12677440,Vilkokšnis,photo_gate,imgs_2
SE,SE125,Västmanlands län,lake,,28,26,osm:r15583669,Magsjön,photo_gate,imgs_0
SE,SE125,Västmanlands län,lake,,28,26,osm:w361562918,Lögastrand,photo_gate,imgs_1
SE,SE125,Västmanlands län,lake,,28,26,osm:w55208560,Hökåsengropen,photo_gate,imgs_0
SE,SE125,Västmanlands län,lake,,28,26,osm:w23174368,Olof-Jons damm,photo_gate,imgs_1
SE,SE125,Västmanlands län,lake,,28,26,osm:r2866759,Långforsen,photo_gate,imgs_1
SE,SE125,Västmanlands län,lake,,28,26,wd:Q15222340,Gussjön,photo_gate,imgs_0
DE,DE80J,Mecklenburgische Seenplatte,lake,,27,25,wd:Q324084,Tollensesee,photo_gate,imgs_3
FR,FRB05,Loir-et-Cher,lake,,26,25,osm:w234752248,Domaine des Alicourts,photo_gate,imgs_0
FR,FRB05,Loir-et-Cher,lake,,26,25,osm:w5005867,Plan d'Eau de Villiers-sur-Loir,photo_gate,imgs_1
FR,FRB05,Loir-et-Cher,lake,,26,25,osm:w964100499,Val de Loisirs,photo_gate,imgs_1
FR,FRB05,Loir-et-Cher,lake,,26,25,osm:w638312279,Balneo-Spa,photo_gate,imgs_0
FR,FRB05,Loir-et-Cher,lake,,26,25,osm:w709714572,Camping de la Varenne,photo_gate,imgs_0
FR,FRB05,Loir-et-Cher,lake,,26,25,osm:w1067664347,Piscine à vagues,photo_gate,imgs_0
LV,LV005,Latgale,lake,,31,25,osm:r1314022,ež. Laukesas / Laucesas ezers,photo_gate,imgs_1
LV,LV005,Latgale,lake,,31,25,wd:Q12676986,Kalniškių Lake,photo_gate,imgs_1
LV,LV005,Latgale,lake,,31,25,osm:r3136135,ež. Kampuotis III / Lielais Kumpotis,photo_gate,imgs_1
LV,LV005,Latgale,lake,,31,25,osm:r5464720,Robežas ezers - Riebežeris,photo_gate,imgs_1
LV,LV005,Latgale,lake,,31,25,osm:w88740178,Samaņkas ezers - ež. Samankas,photo_gate,imgs_1
LV,LV005,Latgale,lake,,31,25,osm:w37900594,Kurcumų ež. / Kurčina ezers,photo_gate,imgs_0
LV,LV005,Latgale,lake,,31,25,osm:w127345000,Paberžių ež. / Pabēržu ezers,photo_gate,imgs_0
LV,LV005,Latgale,lake,,31,25,osm:r1312716,Kimbartiškės ež. / Šķirnates ezers,photo_gate,imgs_0
LV,LV005,Latgale,lake,,31,25,osm:w88740172,ež. Grendžia / Grendzes ezers,photo_gate,imgs_0
LV,LV005,Latgale,lake,,31,25,wd:Q15219292,Luknas ezers,photo_gate,imgs_3
LV,LV005,Latgale,lake,,31,25,wd:Q20405433,Šuņezers,photo_gate,imgs_3
LV,LV005,Latgale,lake,,31,25,wd:Q3801480,Ežezers,photo_gate,imgs_4
LV,LV005,Latgale,lake,,31,25,wd:Q15219684,Kovšu Lake,photo_gate,imgs_2
LV,LV005,Latgale,lake,,31,25,wd:Q3801722,Lielais Ludzas ezers,photo_gate,imgs_5
LV,LV005,Latgale,lake,,31,25,wd:Q4505873,Cirma ezers,photo_gate,imgs_1
LV,LV005,Latgale,lake,,31,25,wd:Q12680293,Lake Svente,photo_gate,imgs_2
FR,FRB03,Indre,lake,,25,24,wd:Q3215407,Lac de Chambon,photo_gate,imgs_3
FR,FRB03,Indre,lake,,25,24,osm:r2400523,Le Lac de Belle-Isle,photo_gate,imgs_0
FR,FRB03,Indre,lake,,25,24,osm:w187628783,Plage de Belle-Isle,photo_gate,imgs_0
FR,FRB03,Indre,lake,,25,24,wd:Q49316572,Étang de Bellebouche,photo_gate,imgs_1
FR,FRB03,Indre,lake,,25,24,osm:w1365636700,Camping Municipal de Fougères,photo_gate,imgs_2
FR,FRB03,Indre,lake,,25,24,osm:w1331108331,Camping Municipal de Ligny,photo_gate,imgs_0
FR,FRB03,Indre,lake,,25,24,osm:w161886971,Plan d'Eau d'eau de Ligny,photo_gate,imgs_0
LV,LV00C,Vidzeme,lake,,28,24,wd:Q13459372,Liivajärv,photo_gate,imgs_4
LV,LV00C,Vidzeme,lake,,28,24,wd:Q20529574,Mudajärv,photo_gate,imgs_0
LV,LV00C,Vidzeme,lake,,28,24,wd:Q11046848,Lake Väike-Palkna,photo_gate,imgs_1
LV,LV00C,Vidzeme,lake,,28,24,wd:Q25931623,Koorküla Piirijärv,photo_gate,imgs_1
LV,LV00C,Vidzeme,lake,,28,24,wd:Q29343842,Lake Pupsi,photo_gate,imgs_0
LV,LV00C,Vidzeme,lake,,28,24,osm:w117490893,Lielais Baltiņš,photo_gate,imgs_0
LV,LV00C,Vidzeme,lake,,28,24,osm:w25292523,Palpieris,photo_gate,imgs_1
LV,LV00C,Vidzeme,lake,,28,24,osm:w142437589,Ramatas Lielezers,photo_gate,imgs_0
LV,LV00C,Vidzeme,lake,,28,24,osm:w237194749,Sokas ezers,photo_gate,imgs_0
LV,LV00C,Vidzeme,lake,,28,24,osm:w321213387,Kalekaura ezers,photo_gate,imgs_0
LV,LV00C,Vidzeme,lake,,28,24,osm:w355754582,Cepurītes ezers,photo_gate,imgs_0
LV,LV00C,Vidzeme,lake,,28,24,osm:w142437508,Mazezers,photo_gate,imgs_0
LV,LV00C,Vidzeme,lake,,28,24,osm:w68706668,Vaidavas ezers,photo_gate,imgs_0
LV,LV00C,Vidzeme,lake,,28,24,osm:w25292549,Mellītis,photo_gate,imgs_0
LV,LV00C,Vidzeme,lake,,28,24,wd:Q1017107,Lake Burtnieks,photo_gate,imgs_1
LV,LV00C,Vidzeme,lake,,28,24,wd:Q6112816,Alauksts,photo_gate,imgs_2
LV,LV00C,Vidzeme,lake,,28,24,wd:Q49304108,Limbažu Lielezers,photo_gate,imgs_2
LV,LV00C,Vidzeme,lake,,28,24,wd:Q15219201,Kālezers,photo_gate,imgs_3
LV,LV00C,Vidzeme,lake,,28,24,wd:Q15219429,Ninieris,photo_gate,imgs_2
LV,LV00C,Vidzeme,lake,,28,24,wd:Q15219954,Vaidava Lake,photo_gate,imgs_2
LV,LV00C,Vidzeme,lake,,28,24,wd:Q15218610,Augstrozes Lielezers,floor_pool,score_5.2_below_5.4
LV,LV00C,Vidzeme,lake,,28,24,wd:Q12340290,Ungurs,floor_pool,score_5.0_below_5.4
LV,LV00C,Vidzeme,lake,,28,24,wd:Q4849013,Bakans,photo_gate,imgs_1
LV,LV00C,Vidzeme,lake,,28,24,wd:Q15219296,Lādes ezers,photo_gate,imgs_2
FI,FI196,Satakunta,lake,,24,23,wd:Q1729327,Karhijärvi,photo_gate,imgs_1
FI,FI196,Satakunta,lake,,24,23,wd:Q3074719,Köyliönjärvi,photo_gate,imgs_4
FI,FI196,Satakunta,lake,,24,23,wd:Q1674433,Isojärvi,photo_gate,imgs_3
FI,FI196,Satakunta,lake,,24,23,wd:Q1896377,Sääksjärvi,photo_gate,imgs_2
FI,FI196,Satakunta,lake,,24,23,wd:Q18247100,Narvijärvi,photo_gate,imgs_2
FI,FI196,Satakunta,lake,,24,23,wd:Q6296595,Joutsijärvi,photo_gate,imgs_4
FI,FI196,Satakunta,lake,,24,23,wd:Q18289656,Palusjärvi,photo_gate,imgs_3
NO,NO083,Østfold,lake,,25,23,wd:Q3356657,Vansjø,photo_gate,imgs_5
NO,NO083,Østfold,lake,,25,23,wd:Q6515479,Vestvannet,photo_gate,imgs_1
NO,NO083,Østfold,lake,,25,23,osm:w1461578010,Foten badeplass;Foten,photo_gate,imgs_1
NO,NO083,Østfold,lake,,25,23,osm:w1430843512,Moss motorbåtforening,photo_gate,imgs_1
NO,NO083,Østfold,lake,,25,23,osm:w1513385299,Refsnes småbåtforening,photo_gate,imgs_2
NO,NO083,Østfold,lake,,25,23,osm:w697155873,Stengata 2,photo_gate,imgs_3
NO,NO083,Østfold,lake,,25,23,osm:w53014273,Fredrikstad Motel & Camping,photo_gate,imgs_2
NO,NO083,Østfold,lake,,25,23,wd:Q11219855,Tunevannet,photo_gate,imgs_1
NO,NO083,Østfold,lake,,25,23,wd:Q4590277,Visterflo,photo_gate,imgs_0
NO,NO083,Østfold,lake,,25,23,osm:w1352207702,Dypeklo Standen,photo_gate,imgs_0
NO,NO083,Østfold,lake,,25,23,osm:w1394937685,Søly båthavn,photo_gate,imgs_0
NO,NO083,Østfold,lake,,25,23,osm:w29429938,Sølystranda,photo_gate,imgs_0
NO,NO083,Østfold,lake,,25,23,osm:w29429936,Vårlistranda,photo_gate,imgs_0
NO,NO083,Østfold,lake,,25,23,osm:w29593396,Båtforeningen Sjekta,photo_gate,imgs_0
NO,NO083,Østfold,lake,,25,23,osm:w368349339,Tronvikstranda,photo_gate,imgs_0
NO,NO083,Østfold,lake,,25,23,osm:w30155664,Fiske,photo_gate,imgs_0
NO,NO083,Østfold,lake,,25,23,osm:w368366977,Fiske båthavn,photo_gate,imgs_0
NO,NO083,Østfold,lake,,25,23,osm:w29429932,Fiskestranda,photo_gate,imgs_0
NO,NO083,Østfold,lake,,25,23,osm:w493886885,Logns plass,photo_gate,imgs_0
NO,NO083,Østfold,lake,,25,23,osm:w368654327,Refsnesstranda,photo_gate,imgs_0
NO,NO083,Østfold,lake,,25,23,osm:w29429944,Sjøbadet,photo_gate,imgs_0
NO,NO083,Østfold,lake,,25,23,osm:w368363619,Sjøhaug naturistsenter,photo_gate,imgs_0
NO,NO083,Østfold,lake,,25,23,osm:w1361970108,Verket småbåthavn,photo_gate,imgs_1
RO,RO225,Tulcea,lake,,23,23,wd:Q18541222,Babadag,photo_gate,imgs_0
RO,RO225,Tulcea,lake,,23,23,osm:r1308660,Lake Razelm,photo_gate,imgs_0
RO,RO225,Tulcea,lake,,23,23,osm:r4021632,Lacul Ciuperca,photo_gate,imgs_0
RO,RO225,Tulcea,lake,,23,23,osm:w449367297,Plaja Ciuperca,photo_gate,imgs_0
RO,RO225,Tulcea,lake,,23,23,wd:Q2349738,Lake Razelm,photo_gate,imgs_1
RO,RO225,Tulcea,lake,,23,23,wd:Q14947829,Grindul și Lacul Răducu,photo_gate,imgs_1
RO,RO225,Tulcea,lake,,23,23,wd:Q35721723,Lacul Furtuna,photo_gate,imgs_2
RO,RO225,Tulcea,lake,,23,23,wd:Q35721679,Lake Babadag,floor_pool,score_4.8_below_5.4
RO,RO225,Tulcea,lake,,23,23,wd:Q14948053,Lacul Nebunu,photo_gate,imgs_1
RO,RO225,Tulcea,lake,,23,23,wd:Q15063367,Lacul Belciug,photo_gate,imgs_1
RO,RO225,Tulcea,lake,,23,23,wd:Q14956215,Lacul Rotundu,photo_gate,imgs_1
RO,RO225,Tulcea,lake,,23,23,osm:w1217585893,Lacul Zanachin,photo_gate,imgs_0
RO,RO225,Tulcea,lake,,23,23,osm:w1217585894,Lacul Marcu,photo_gate,imgs_0
SE,SE221,Blekinge län,lake,,24,23,wd:Q4993448,Halen,photo_gate,imgs_1
SE,SE221,Blekinge län,lake,,24,23,osm:w25622201,First Camp Skönstavik – Karlskrona,photo_gate,imgs_0
SE,SE221,Blekinge län,lake,,24,23,osm:w27167931,Spårgatan,photo_gate,imgs_0
SE,SE221,Blekinge län,lake,,24,23,wd:Q6979610,Vesan,photo_gate,imgs_1
DE,DE40I,Uckermark,lake,,24,22,wd:Q631786,Lübbesee,photo_gate,imgs_2
DE,DE40I,Uckermark,lake,,24,22,osm:w335318155,Stolper Loch,photo_gate,imgs_1
DE,DE40I,Uckermark,lake,,24,22,osm:w808742818,Stolper Loch,photo_gate,imgs_0
DE,DE40I,Uckermark,lake,,24,22,osm:w335318122,Stolper Strom,photo_gate,imgs_0
DE,DE40I,Uckermark,lake,,24,22,osm:w335259336,Grasenitzgraben,photo_gate,imgs_0
DE,DE40I,Uckermark,lake,,24,22,osm:w320166278,Schustergraben,photo_gate,imgs_2
DE,DE40I,Uckermark,lake,,24,22,osm:w320166266,Obere-Untere Welse,photo_gate,imgs_0
DE,DE40I,Uckermark,lake,,24,22,osm:w320166294,Strom,photo_gate,imgs_0
DE,DE40I,Uckermark,lake,,24,22,osm:w28163846,Mescheriner See,photo_gate,imgs_0
FI,FI1D5,Keski-Pohjanmaa,lake,,21,21,wd:Q1762943,Lestijärvi,photo_gate,imgs_3
FI,FI1D5,Keski-Pohjanmaa,lake,,21,21,wd:Q7362303,Ullavanjärvi,photo_gate,imgs_0
FI,FI1D5,Keski-Pohjanmaa,lake,,21,21,wd:Q18211773,Halsuanjärvi,photo_gate,imgs_0
FI,FI1D5,Keski-Pohjanmaa,lake,,21,21,osm:r7323720,Räyringinjärvi,photo_gate,imgs_0
FI,FI1D5,Keski-Pohjanmaa,lake,,21,21,osm:w359245912,Kokkolan leirintäalue,photo_gate,imgs_1
DE,DED2C,Bautzen,lake,,22,20,osm:w1204848812,Volksbad An der Weißbach,photo_gate,imgs_0
DE,DED2C,Bautzen,lake,,22,20,wd:Q160442,Partwitzer See,photo_gate,imgs_3
FI,FI19A,Pohjanmaa,lake,,20,20,osm:r1716772,Larsmosjön,photo_gate,imgs_1
FI,FI19A,Pohjanmaa,lake,,20,20,wd:Q10544059,Karperöfjärden,photo_gate,imgs_0
FI,FI19A,Pohjanmaa,lake,,20,20,osm:w101105754,Lillsand,photo_gate,imgs_0
FI,FI19A,Pohjanmaa,lake,,20,20,osm:w45105794,Vaasan uimahalli,photo_gate,imgs_0
FI,FI19A,Pohjanmaa,lake,,20,20,osm:w45105795,Swimming Hall,photo_gate,imgs_0
FI,FI19A,Pohjanmaa,lake,,20,20,wd:Q24346992,Pilvilampi,photo_gate,imgs_1
FR,FRG05,Vendée,lake,,20,20,osm:w111550707,Parking Maupas,photo_gate,imgs_0
FR,FRG05,Vendée,lake,,20,20,osm:w99269802,Plan d'eau du Maupas,photo_gate,imgs_0
FR,FRG05,Vendée,lake,,20,20,osm:w39764791,Baie d'Aunis,photo_gate,imgs_0
FR,FRG05,Vendée,lake,,20,20,osm:w889561804,La Pelle à Porteau,photo_gate,imgs_0
LT,LT021,Alytaus apskritis,lake,,23,20,wd:Q263136,Metelys,photo_gate,imgs_2
LT,LT021,Alytaus apskritis,lake,,23,20,wd:Q16472802,Snaigynas,photo_gate,imgs_3
LT,LT021,Alytaus apskritis,lake,,23,20,wd:Q20503921,Samanis,photo_gate,imgs_1
LT,LT021,Alytaus apskritis,lake,,23,20,wd:Q16475854,Vernijis,photo_gate,imgs_1
LT,LT021,Alytaus apskritis,lake,,23,20,wd:Q12653325,Druskonis,photo_gate,imgs_2
LT,LT021,Alytaus apskritis,lake,,23,20,wd:Q61386761,Mažoji Dailidė,photo_gate,imgs_2
LT,LT021,Alytaus apskritis,lake,,23,20,wd:Q5768588,Veisiejis,photo_gate,imgs_1
LT,LT021,Alytaus apskritis,lake,,23,20,osm:r5909318,Akmenių ež.,photo_gate,imgs_1
LT,LT021,Alytaus apskritis,lake,,23,20,osm:w443183379,ež. Bedugnis,photo_gate,imgs_0
LT,LT021,Alytaus apskritis,lake,,23,20,osm:w454716381,ež. Bliūdelis,photo_gate,imgs_0
LT,LT021,Alytaus apskritis,lake,,23,20,osm:w443183381,ež. Buizežeris,photo_gate,imgs_0
LT,LT021,Alytaus apskritis,lake,,23,20,osm:w443183382,ež. Ciūnamiškis,photo_gate,imgs_0
LT,LT021,Alytaus apskritis,lake,,23,20,osm:w60801719,ež. Dabotis,photo_gate,imgs_0
LT,LT021,Alytaus apskritis,lake,,23,20,osm:w60801737,ež. Dubelis,photo_gate,imgs_0
LT,LT021,Alytaus apskritis,lake,,23,20,osm:w60801721,ež. Giluišis,photo_gate,imgs_0
PL,PL21A,Oświęcimski,lake,,21,20,osm:w222218218,Basen pływacki im. Jana Pawła II,photo_gate,imgs_0
PL,PL21A,Oświęcimski,lake,,21,20,osm:w1387857710,Camping Route 44,photo_gate,imgs_0
PL,PL21A,Oświęcimski,lake,,21,20,osm:w330973636,River Park,photo_gate,imgs_0
PL,PL21A,Oświęcimski,lake,,21,20,osm:r5613599,Zalew Chechło,floor_pool,score_4.6_below_5.4
PL,PL21A,Oświęcimski,lake,,21,20,osm:w129552628,Balaton,floor_pool,score_4.3_below_5.4
PL,PL21A,Oświęcimski,lake,,21,20,osm:w507947613,Jacht Klub LOK Chrzanów,photo_gate,imgs_1
PL,PL21A,Oświęcimski,lake,,21,20,osm:r2351010,Gliniak,photo_gate,imgs_0
PL,PL623,Ełcki,lake,,25,20,wd:Q11726628,Jezioro Oleckie Wielkie,photo_gate,imgs_3
PL,PL623,Ełcki,lake,,25,20,wd:Q607483,Lake Roś,photo_gate,imgs_3
PL,PL623,Ełcki,lake,,25,20,wd:Q4081746,Bełdany,photo_gate,imgs_3
PL,PL623,Ełcki,lake,,25,20,wd:Q11739503,Kisajno,photo_gate,imgs_3
SE,SE121,Uppsala län,lake,,21,20,wd:Q184492,Mälaren,photo_gate,imgs_3
SE,SE121,Uppsala län,lake,,21,20,osm:r2691207,Trehörningen,photo_gate,imgs_2
SE,SE121,Uppsala län,lake,,21,20,wd:Q10526496,Hosjön,photo_gate,imgs_2
SE,SE121,Uppsala län,lake,,21,20,wd:Q2117326,Tämnaren,photo_gate,imgs_1
SE,SE121,Uppsala län,lake,,21,20,osm:w23174469,Siggeforasjön,photo_gate,imgs_0
SE,SE121,Uppsala län,lake,,21,20,wd:Q10524888,Hjälstaviken,photo_gate,imgs_1
SE,SE121,Uppsala län,lake,,21,20,wd:Q18190624,Storfjärden,photo_gate,imgs_1
SE,SE224,Skåne län,lake,,23,20,wd:Q3129633,Lursjön,photo_gate,imgs_1
SE,SE224,Skåne län,lake,,23,20,wd:Q1814101,Hammarsjön,photo_gate,imgs_3
SE,SE224,Skåne län,lake,,23,20,wd:Q2315249,Osbysjön,photo_gate,imgs_2
SE,SE224,Skåne län,lake,,23,20,wd:Q18177670,Snogeholmssjön,photo_gate,imgs_1
SE,SE224,Skåne län,lake,,23,20,wd:Q10534731,Lake Immeln,photo_gate,imgs_3
FR,FRG01,Loire-Atlantique,lake,,19,19,wd:Q3215452,Lac de Grand-Lieu,photo_gate,imgs_2
FR,FRG01,Loire-Atlantique,lake,,19,19,wd:Q3114820,Grand réservoir de Vioreau,photo_gate,imgs_2
FR,FRG01,Loire-Atlantique,lake,,19,19,osm:w230361720,Plage Du Nau,photo_gate,imgs_0
FR,FRG01,Loire-Atlantique,lake,,19,19,osm:w93139733,La Madrague,photo_gate,imgs_0
FR,FRG01,Loire-Atlantique,lake,,19,19,wd:Q18005391,Étang de la Provostière,photo_gate,imgs_1
FR,FRG01,Loire-Atlantique,lake,,19,19,wd:Q3287427,Guérande salt marshes,floor_pool,score_5.0_below_5.4
PL,PL637,Chojnicki,lake,,24,19,wd:Q11744092,Kosobudno,photo_gate,imgs_1
PL,PL637,Chojnicki,lake,,24,19,wd:Q11726411,Jezioro Karsińskie,photo_gate,imgs_1
PL,PL637,Chojnicki,lake,,24,19,wd:Q9213504,Dybrzyk,photo_gate,imgs_2
PL,PL637,Chojnicki,lake,,24,19,wd:Q11727025,Łąckie Lake,photo_gate,imgs_2
CZ,CZ020,Středočeský kraj,lake,,23,18,wd:Q12024633,Jezero Lhota,photo_gate,imgs_2
CZ,CZ020,Středočeský kraj,lake,,23,18,wd:Q96156513,Jezero Konětopy,photo_gate,imgs_1
CZ,CZ020,Středočeský kraj,lake,,23,18,wd:Q58776572,Pískovna Veselá,photo_gate,imgs_1
CZ,CZ020,Středočeský kraj,lake,,23,18,wd:Q129511939,Jordán,photo_gate,imgs_2
CZ,CZ020,Středočeský kraj,lake,,23,18,wd:Q42327857,Řehačka,photo_gate,imgs_3
CZ,CZ020,Středočeský kraj,lake,,23,18,wd:Q11923237,Klíčava water reservoir,floor_pool,score_5.2_below_5.4
CZ,CZ020,Středočeský kraj,lake,,23,18,wd:Q11923379,Láz Reservoir,photo_gate,imgs_2
CZ,CZ020,Středočeský kraj,lake,,23,18,wd:Q12045322,Pilský Rybník,floor_pool,score_4.9_below_5.4
CZ,CZ020,Středočeský kraj,lake,,23,18,wd:Q2551146,Kamýk Reservoir,floor_pool,score_4.9_below_5.4
CZ,CZ020,Středočeský kraj,lake,,23,18,wd:Q12054968,Smaragdové jezírko,photo_gate,imgs_1
CZ,CZ020,Středočeský kraj,lake,,23,18,wd:Q1664615,Švihov Reservoir,photo_gate,imgs_3
CZ,CZ063,Kraj Vysočina,lake,,23,18,wd:Q2390952,Sedlice Reservoir,photo_gate,imgs_3
CZ,CZ063,Kraj Vysočina,lake,,23,18,wd:Q11922937,Břevnice Reservoir,photo_gate,imgs_3
CZ,CZ063,Kraj Vysočina,lake,,23,18,osm:w53155283,Medlovský rybník,photo_gate,imgs_1
CZ,CZ063,Kraj Vysočina,lake,,23,18,wd:Q11923431,Mohelno reservoir,floor_pool,score_5.2_below_5.4
CZ,CZ063,Kraj Vysočina,lake,,23,18,wd:Q28101861,Water reservoir Strž,photo_gate,imgs_2
CZ,CZ063,Kraj Vysočina,lake,,23,18,wd:Q2390989,Údolní nádrž Vír I,floor_pool,score_4.9_below_5.4
CZ,CZ063,Kraj Vysočina,lake,,23,18,wd:Q28101864,Vodní nádrž Staviště,photo_gate,imgs_1
CZ,CZ063,Kraj Vysočina,lake,,23,18,wd:Q1455023,Vír II Reservoir,photo_gate,imgs_3
CZ,CZ063,Kraj Vysočina,lake,,23,18,wd:Q54806873,Lubí Reservoir,photo_gate,imgs_1
CZ,CZ063,Kraj Vysočina,lake,,23,18,wd:Q2390905,Mostiště Reservoir,floor_pool,score_4.4_below_5.4
FR,FRC13,Saône-et-Loire,lake,,19,18,osm:w42651322,La Clé de Saône,photo_gate,imgs_2
FR,FRC13,Saône-et-Loire,lake,,19,18,wd:Q113482373,lac de Saint-Point Lamartine,photo_gate,imgs_3
FR,FRC13,Saône-et-Loire,lake,,19,18,osm:r2613837,Étang de Montaubry,photo_gate,imgs_0
FR,FRC13,Saône-et-Loire,lake,,19,18,osm:w42062342,Lacs de Laives,photo_gate,imgs_0
FR,FRC13,Saône-et-Loire,lake,,19,18,osm:r2934375,Étang de Louvarel,photo_gate,imgs_0
FR,FRC13,Saône-et-Loire,lake,,19,18,osm:w258411576,Baignade biologique,photo_gate,imgs_0
FR,FRC13,Saône-et-Loire,lake,,19,18,osm:w358220139,Le Domaine de Louvarel,photo_gate,imgs_0
FR,FRL04,Bouches-du-Rhône,lake,,20,18,wd:Q121068983,Florence Arthaud municipal nautical stadium,photo_gate,imgs_1
FR,FRL04,Bouches-du-Rhône,lake,,20,18,osm:w1334669763,Borély,photo_gate,imgs_2
FR,FRL04,Bouches-du-Rhône,lake,,20,18,wd:Q3591669,Étang de Bolmon,photo_gate,imgs_2
FR,FRL04,Bouches-du-Rhône,lake,,20,18,wd:Q16802261,Étang de l'Estomac,photo_gate,imgs_0
FR,FRL04,Bouches-du-Rhône,lake,,20,18,wd:Q34877393,Bassin du Réaltor,floor_pool,score_4.9_below_5.4
LV,LV00B,Kurzeme,lake,,24,18,osm:r9310396,Klykolių tv. - Vadakstes ūdenskrātuve,photo_gate,imgs_0
LV,LV00B,Kurzeme,lake,,24,18,osm:r7631912,Pikelių tv. / Lošu dzirnavu ezers,photo_gate,imgs_0
LV,LV00B,Kurzeme,lake,,24,18,osm:r15531440,Ezeres dzirnavu dīķis,photo_gate,imgs_0
LV,LV00B,Kurzeme,lake,,24,18,wd:Q1579595,Liepāja Lake,photo_gate,imgs_3
LV,LV00B,Kurzeme,lake,,24,18,wd:Q15219900,Tosmares ezers,photo_gate,imgs_3
LV,LV00B,Kurzeme,lake,,24,18,wd:Q15219718,Sasmakas ezers,photo_gate,imgs_3
LV,LV00B,Kurzeme,lake,,24,18,wd:Q23826376,Mundigezers,photo_gate,imgs_3
LV,LV00B,Kurzeme,lake,,24,18,wd:Q4102723,Valguma ezers,photo_gate,imgs_3
LV,LV00B,Kurzeme,lake,,24,18,wd:Q2340235,Lake Pape,floor_pool,score_5.1_below_5.4
LV,LV00B,Kurzeme,lake,,24,18,wd:Q15219215,Laidzes ezers,photo_gate,imgs_0
LV,LV00B,Kurzeme,lake,,24,18,wd:Q11835853,Durbes ezers,photo_gate,imgs_1
PL,PL518,Wrocławski,lake,,19,18,osm:w116629105,Staw Pierwszy Jelczański,photo_gate,imgs_0
PL,PL518,Wrocławski,lake,,19,18,wd:Q9164344,Zalew Bajkał,photo_gate,imgs_2
PL,PL518,Wrocławski,lake,,19,18,osm:w30173945,Kąpielisko Wały,photo_gate,imgs_0
PL,PL518,Wrocławski,lake,,19,18,osm:w1264219581,Ośrodek Wypoczynkowy Wały,photo_gate,imgs_0
PL,PL518,Wrocławski,lake,,19,18,osm:w1305610198,"Ośrodek Wypoczynkowy ""Wały""",photo_gate,imgs_0
PL,PL518,Wrocławski,lake,,19,18,osm:w180315745,Błękitna Laguna,photo_gate,imgs_0
PL,PL518,Wrocławski,lake,,19,18,osm:w31854025,Zalew Sulistrowicki,photo_gate,imgs_0
PL,PL518,Wrocławski,lake,,19,18,osm:w264062898,Pływalnia Miejska,photo_gate,imgs_0
PL,PL417,Leszczyński,lake,,18,18,osm:r125106,Jezioro Wolsztyńskie,photo_gate,imgs_3
PL,PL417,Leszczyński,lake,,18,18,osm:r16317830,Jezioro Mierzyńskie,photo_gate,imgs_1
PL,PL417,Leszczyński,lake,,18,18,wd:Q9183641,Jezioro Zbąszyńskie,photo_gate,imgs_0
PL,PL417,Leszczyński,lake,,18,18,osm:w24612873,Jezioro Dominickie,photo_gate,imgs_1
PL,PL417,Leszczyński,lake,,18,18,wd:Q11727022,Jezioro Łoniewskie,photo_gate,imgs_1
PL,PL417,Leszczyński,lake,,18,18,osm:w43266247,Jezioro Kuchenne,photo_gate,imgs_1
PL,PL417,Leszczyński,lake,,18,18,wd:Q11726104,Jezioro Białokoskie,photo_gate,imgs_1
PL,PL417,Leszczyński,lake,,18,18,osm:r7015198,Jezioro Chrzypskie,photo_gate,imgs_1
PL,PL417,Leszczyński,lake,,18,18,wd:Q11726096,Jezioro Berzyńskie,photo_gate,imgs_2
PL,PL431,Gorzowski,lake,,23,18,osm:w484330464,Basen Portowy Słubice,floor_pool,score_4.4_below_5.4
PL,PL431,Gorzowski,lake,,23,18,osm:w70765596,Jezioro Krzesińskie,photo_gate,imgs_1
PL,PL431,Gorzowski,lake,,23,18,wd:Q11726535,Lubikowskie Lake,photo_gate,imgs_1
PL,PL431,Gorzowski,lake,,23,18,wd:Q11726353,Jezioro Głębokie,photo_gate,imgs_1
PL,PL431,Gorzowski,lake,,23,18,wd:Q9192128,Chłop,photo_gate,imgs_2
PL,PL431,Gorzowski,lake,,23,18,wd:Q11747750,Krajnik,photo_gate,imgs_3
PL,PL636,Słupski,lake,,21,18,wd:Q1688773,Jezioro Bobięcińskie Małe,photo_gate,imgs_2
PL,PL636,Słupski,lake,,21,18,wd:Q11753626,Lednik,photo_gate,imgs_1
PL,PL636,Słupski,lake,,21,18,wd:Q11726887,Wiejskie Lake,photo_gate,imgs_1
PL,PL636,Słupski,lake,,21,18,wd:Q1585257,Jezioro Bobięcińskie Wielkie,photo_gate,imgs_2
PL,PL636,Słupski,lake,,21,18,wd:Q1688789,Sarbsko Lake,floor_pool,score_5.0_below_5.4
PL,PL636,Słupski,lake,,21,18,wd:Q944745,Dołgie Wielkie,photo_gate,imgs_1
FR,FRB06,Loiret,lake,,17,17,osm:w817136733,Capitainerie du port d'Orléans,photo_gate,imgs_1
FR,FRB06,Loiret,lake,,17,17,osm:w39981165,Étang de l'Île Charlemagne,photo_gate,imgs_0
FR,FRB06,Loiret,lake,,17,17,osm:w30015335,Étang du Puits,photo_gate,imgs_1
FR,FRB06,Loiret,lake,,17,17,osm:r2728019,Lac de Chalette,photo_gate,imgs_1
FR,FRB06,Loiret,lake,,17,17,osm:w39981168,Parking de l'Île Charlemagne,photo_gate,imgs_0
FR,FRB06,Loiret,lake,,17,17,osm:w1544030130,Plage de la base nautique,photo_gate,imgs_0
FR,FRB06,Loiret,lake,,17,17,osm:w1077481676,Base de Loisirs de l'étang des bois,photo_gate,imgs_0
FR,FRB06,Loiret,lake,,17,17,wd:Q429514,Étang de la Gazonne,photo_gate,imgs_3
FR,FRF33,Moselle,lake,,18,17,osm:w759100962,Centre Nautique Sarreguemines Confluences,photo_gate,imgs_0
FR,FRF33,Moselle,lake,,18,17,wd:Q1562798,Étang de Hasselfurth,photo_gate,imgs_2
FR,FRF33,Moselle,lake,,18,17,wd:Q288975,Étang du Stock,photo_gate,imgs_2
FR,FRF33,Moselle,lake,,18,17,osm:r3835000,Grand Étang de Mittersheim,photo_gate,imgs_1
FR,FRF33,Moselle,lake,,18,17,osm:w498370958,Étang de Ramstein,photo_gate,imgs_0
FR,FRF33,Moselle,lake,,18,17,osm:w1535982969,Metz Plage,photo_gate,imgs_0
FR,FRF33,Moselle,lake,,18,17,osm:w177151888,Camping la Tour du Stock,photo_gate,imgs_0
FR,FRF33,Moselle,lake,,18,17,osm:w41911791,Camping Ramstein Plage - Vosges,photo_gate,imgs_0
FR,FRI12,Gironde,lake,,18,17,osm:r4848920,Étang de Lacanau,photo_gate,imgs_4
FR,FRI12,Gironde,lake,,18,17,osm:w577835350,Plage de la Chambrette,photo_gate,imgs_1
FR,FRI12,Gironde,lake,,18,17,osm:w373825572,Plage Centrale,photo_gate,imgs_2
FR,FRI12,Gironde,lake,,18,17,wd:Q28493367,lac des Dagueys,photo_gate,imgs_0
FR,FRI12,Gironde,lake,,18,17,osm:w498869963,Les Viviers,photo_gate,imgs_0
FR,FRI12,Gironde,lake,,18,17,osm:w540506408,Camping Le Roumingue,photo_gate,imgs_0
FR,FRI12,Gironde,lake,,18,17,osm:w1149913894,Baignade surveillée,photo_gate,imgs_0
FR,FRH02,Finistère,lake,,18,17,wd:Q3215710,Lac du Drennec,photo_gate,imgs_2
FR,FRH02,Finistère,lake,,18,17,osm:w164439223,Plage du Kelenn,photo_gate,imgs_1
FR,FRH02,Finistère,lake,,18,17,osm:w168770148,Le Cabellou Plage,photo_gate,imgs_1
FR,FRH02,Finistère,lake,,18,17,osm:w1529565114,Plage de Kerurus,photo_gate,imgs_0
FR,FRH02,Finistère,lake,,18,17,osm:w131625136,Camping de la Côte des Légendes,photo_gate,imgs_0
PL,PL411,Pilski,lake,,18,17,wd:Q54448432,Jastrowie Wielkie,photo_gate,imgs_2
PL,PL411,Pilski,lake,,18,17,osm:w195994181,Jezioro Chodzieskie,photo_gate,imgs_2
PL,PL411,Pilski,lake,,18,17,wd:Q9333872,Sarcze,photo_gate,imgs_3
PL,PL411,Pilski,lake,,18,17,wd:Q9178071,Borówno,photo_gate,imgs_3
PL,PL411,Pilski,lake,,18,17,osm:w1344425877,Kąpielisko Stara Plaża w Trzciance,photo_gate,imgs_0
PL,PL411,Pilski,lake,,18,17,wd:Q11726549,Jezioro Margonińskie,photo_gate,imgs_3
PL,PL411,Pilski,lake,,18,17,osm:w1344425879,Plaża Miejska Logo Trzcianka,photo_gate,imgs_0
PL,PL411,Pilski,lake,,18,17,wd:Q11726972,Jezioro Złotowskie,photo_gate,imgs_2
PL,PL621,Elbląski,lake,,21,17,wd:Q3847829,Lake Lidzbark,photo_gate,imgs_1
PL,PL621,Elbląski,lake,,21,17,wd:Q11726901,Jezioro Wielkie Partęczyny,photo_gate,imgs_3
PL,PL621,Elbląski,lake,,21,17,wd:Q3847823,Dąbrowa Mała,photo_gate,imgs_2
PL,PL621,Elbląski,lake,,21,17,wd:Q9351281,Szeląg Wielki,photo_gate,imgs_1
PL,PL621,Elbląski,lake,,21,17,wd:Q1255924,Drużno,floor_pool,score_4.9_below_5.4
DE,DE80O,Ludwigslust-Parchim,lake,,17,16,wd:Q704793,Plauer See,photo_gate,imgs_3
DE,DE80O,Ludwigslust-Parchim,lake,,17,16,wd:Q750985,Kleinpritzer See,photo_gate,imgs_3
DE,DE406,Dahme-Spreewald,lake,,17,16,wd:Q471366,Schwielochsee,photo_gate,imgs_3
DE,DE406,Dahme-Spreewald,lake,,17,16,wd:Q1355282,Wolziger See,photo_gate,imgs_1
DK,DK050,Nordjylland,lake,,17,16,wd:Q23734931,Vandet Sø,photo_gate,imgs_2
DK,DK050,Nordjylland,lake,,17,16,wd:Q23736564,Store Økssø,photo_gate,imgs_1
DK,DK050,Nordjylland,lake,,17,16,wd:Q23743345,Nors Sø,photo_gate,imgs_0
DK,DK050,Nordjylland,lake,,17,16,wd:Q12314024,Glenstrup Sø,photo_gate,imgs_3
DK,DK050,Nordjylland,lake,,17,16,wd:Q23743239,Navnsø,photo_gate,imgs_2
DK,DK050,Nordjylland,lake,,17,16,wd:Q23748300,Flade Sø,photo_gate,imgs_1
DK,DK050,Nordjylland,lake,,17,16,wd:Q12324980,Lovns Lake,photo_gate,imgs_3
DK,DK050,Nordjylland,lake,,17,16,wd:Q96970983,Lindholm Kridtgrav,photo_gate,imgs_1
DK,DK050,Nordjylland,lake,,17,16,wd:Q23741570,Ovesø,photo_gate,imgs_2
LV,LV009,Zemgale,lake,,17,16,osm:w628088083,Lielais melnezers,photo_gate,imgs_0
LV,LV009,Zemgale,lake,,17,16,osm:w628088082,Mazais melnezers,photo_gate,imgs_0
LV,LV009,Zemgale,lake,,17,16,osm:r12619204,Dumblis,photo_gate,imgs_0
LV,LV009,Zemgale,lake,,17,16,osm:r3075704,Ilgio ež. / Ilzu ezers,photo_gate,imgs_1
LV,LV009,Zemgale,lake,,17,16,wd:Q16350356,Radžu ūdenskrātuve,photo_gate,imgs_2
LV,LV009,Zemgale,lake,,17,16,wd:Q5765299,Saukas ezers,photo_gate,imgs_2
LV,LV009,Zemgale,lake,,17,16,wd:Q15219234,Laukezers,photo_gate,imgs_0
LV,LV009,Zemgale,lake,,17,16,wd:Q14917185,Lielauces ezers,photo_gate,imgs_4
LV,LV009,Zemgale,lake,,17,16,wd:Q11036002,Garajis,photo_gate,imgs_1
LV,LV009,Zemgale,lake,,17,16,wd:Q20399336,Augstkalnes dzirnavu ezers,photo_gate,imgs_2
LV,LV009,Zemgale,lake,,17,16,wd:Q30208161,Kroņauce mill pond,floor_pool,score_4.5_below_5.4
LV,LV009,Zemgale,lake,,17,16,wd:Q15219456,Odze,photo_gate,imgs_1
LV,LV009,Zemgale,lake,,17,16,wd:Q19402566,Zasas dzirnavezers,photo_gate,imgs_2
LV,LV009,Zemgale,lake,,17,16,wd:Q15219807,Staņķu ezers,photo_gate,imgs_2
LV,LV009,Zemgale,lake,,17,16,wd:Q15218656,Baļotes Ezers,photo_gate,imgs_1
LV,LV009,Zemgale,lake,,17,16,wd:Q12677162,Viesītes ezers,photo_gate,imgs_1
LT,LT025,Panevėžio apskritis,lake,,17,16,wd:Q1093648,Sartai,photo_gate,imgs_1
LT,LT025,Panevėžio apskritis,lake,,17,16,wd:Q16450369,Ekrano gamyklos tvenkinys,photo_gate,imgs_3
LT,LT025,Panevėžio apskritis,lake,,17,16,wd:Q16456396,Kilučiai Lake,photo_gate,imgs_0
LT,LT025,Panevėžio apskritis,lake,,17,16,wd:Q61386324,Panevėžio senvagės tvenkinys,photo_gate,imgs_3
LT,LT025,Panevėžio apskritis,lake,,17,16,wd:Q12678792,Zalvė,photo_gate,imgs_1
LT,LT025,Panevėžio apskritis,lake,,17,16,wd:Q12660678,Kirkilų Lake,photo_gate,imgs_1
LT,LT025,Panevėžio apskritis,lake,,17,16,wd:Q28132851,Vaidlėnai pond,photo_gate,imgs_2
LT,LT025,Panevėžio apskritis,lake,,17,16,wd:Q12658274,Juodis,photo_gate,imgs_0
LT,LT025,Panevėžio apskritis,lake,,17,16,wd:Q16465887,Obelių Lake,photo_gate,imgs_1
LT,LT025,Panevėžio apskritis,lake,,17,16,wd:Q20403286,Subatas,photo_gate,imgs_1
LT,LT025,Panevėžio apskritis,lake,,17,16,osm:w474148466,Velniapilio uola,photo_gate,imgs_0
LT,LT025,Panevėžio apskritis,lake,,17,16,osm:r3075831,ež. Apvalasai,photo_gate,imgs_1
LT,LT025,Panevėžio apskritis,lake,,17,16,osm:w225573459,Aleknų tv.,photo_gate,imgs_0
LT,LT025,Panevėžio apskritis,lake,,17,16,osm:w28684575,Eikiniškio ež.,photo_gate,imgs_0
LT,LT025,Panevėžio apskritis,lake,,17,16,osm:w126258057,ež. Ablainas,photo_gate,imgs_0
LT,LT025,Panevėžio apskritis,lake,,17,16,osm:w127053293,ež. Dumblinis,photo_gate,imgs_0
LT,LT026,Šiaulių apskritis,lake,,17,16,wd:Q1134459,Rėkyvos,photo_gate,imgs_2
LT,LT026,Šiaulių apskritis,lake,,17,16,wd:Q16457574,Kurtuva,photo_gate,imgs_1
LT,LT026,Šiaulių apskritis,lake,,17,16,wd:Q12668975,Pašvinys,photo_gate,imgs_0
LT,LT026,Šiaulių apskritis,lake,,17,16,wd:Q12655195,Geluva,photo_gate,imgs_0
LT,LT026,Šiaulių apskritis,lake,,17,16,wd:Q20503795,Sablauskių Reservoir,photo_gate,imgs_1
LT,LT026,Šiaulių apskritis,lake,,17,16,wd:Q12651506,Bubiai Reservoir,photo_gate,imgs_0
LT,LT026,Šiaulių apskritis,lake,,17,16,wd:Q16444418,Arimaičių Lake,photo_gate,imgs_1
LT,LT026,Šiaulių apskritis,lake,,17,16,wd:Q16450656,Ešerinė,photo_gate,imgs_2
LT,LT026,Šiaulių apskritis,lake,,17,16,wd:Q16454119,Juodlė,photo_gate,imgs_3
LT,LT026,Šiaulių apskritis,lake,,17,16,osm:w190701286,Latvių karjeras,photo_gate,imgs_0
LT,LT026,Šiaulių apskritis,lake,,17,16,osm:r8269305,Minčaičių karjeras,photo_gate,imgs_1
LT,LT026,Šiaulių apskritis,lake,,17,16,osm:r8898747,Rukuižių tv.,photo_gate,imgs_0
LT,LT026,Šiaulių apskritis,lake,,17,16,osm:r1298336,Drąsutaičių tv.,photo_gate,imgs_0
PL,PL638,Starogardzki,lake,,16,16,wd:Q9019883,Borzechowskie Wielkie Lake,photo_gate,imgs_3
PL,PL638,Starogardzki,lake,,16,16,wd:Q9178074,Borówno Wielkie,photo_gate,imgs_1
PL,PL638,Starogardzki,lake,,16,16,wd:Q11795786,Ocypel,photo_gate,imgs_3
PL,PL638,Starogardzki,lake,,16,16,wd:Q11738588,Jezioro Kałebie,photo_gate,imgs_3
PL,PL638,Starogardzki,lake,,16,16,wd:Q11726309,Jezioro Godziszewskie,photo_gate,imgs_2
PL,PL638,Starogardzki,lake,,16,16,wd:Q11695655,Jezioro Dzierzgoń,photo_gate,imgs_1
PL,PL638,Starogardzki,lake,,16,16,wd:Q11832483,Jezioro Płaczewo,floor_pool,score_4.4_below_5.4
PL,PL638,Starogardzki,lake,,16,16,wd:Q11726857,Jezioro Trzechowskie,photo_gate,imgs_0
PL,PL638,Starogardzki,lake,,16,16,wd:Q11726089,Jezioro Balewskie,photo_gate,imgs_1
PL,PL815,Puławski,lake,,16,16,osm:w706783697,Marina Puławy,photo_gate,imgs_1
PL,PL815,Puławski,lake,,16,16,osm:w502466574,Marina Puławy,photo_gate,imgs_1
PL,PL815,Puławski,lake,,16,16,osm:r2443481,Zalew,photo_gate,imgs_2
PL,PL815,Puławski,lake,,16,16,osm:w502466575,Kanał portowy,photo_gate,imgs_0
PL,PL815,Puławski,lake,,16,16,osm:w40107912,Zalew Janowice,photo_gate,imgs_0
PL,PL815,Puławski,lake,,16,16,osm:r110957,Zalew Kraśnicki,photo_gate,imgs_0
PL,PL815,Puławski,lake,,16,16,osm:w1204135049,Kąpielisko miejskie,photo_gate,imgs_0
PL,PL815,Puławski,lake,,16,16,osm:w1204135048,Plaża Miejska,photo_gate,imgs_0
PL,PL843,Suwalski,lake,,21,16,wd:Q9266482,Galadusys,photo_gate,imgs_2
PL,PL843,Suwalski,lake,,21,16,wd:Q9212947,Dunojevas,photo_gate,imgs_1
PL,PL843,Suwalski,lake,,21,16,osm:w178797860,Hołny,photo_gate,imgs_3
PL,PL843,Suwalski,lake,,21,16,osm:r8469256,Ingiel / ež. Ingelis,photo_gate,imgs_0
PL,PL843,Suwalski,lake,,21,16,osm:w16571187,Krejwelanek,photo_gate,imgs_0
PL,PL843,Suwalski,lake,,21,16,osm:w16571183,Płaskie,photo_gate,imgs_0
PL,PL843,Suwalski,lake,,21,16,osm:w451977427,Stulpień,photo_gate,imgs_0
PL,PL843,Suwalski,lake,,21,16,osm:r3412251,Bałędź / Balandis ež.,photo_gate,imgs_0
PL,PL843,Suwalski,lake,,21,16,osm:w148352237,Graużyny,photo_gate,imgs_0
PL,PL843,Suwalski,lake,,21,16,wd:Q4974699,Jezioro Rajgrodzkie,photo_gate,imgs_5
PL,PL843,Suwalski,lake,,21,16,wd:Q2274411,Serwy,photo_gate,imgs_0
PL,PL843,Suwalski,lake,,21,16,wd:Q9332811,Sajno,photo_gate,imgs_2
PL,PL843,Suwalski,lake,,21,16,wd:Q9351275,Szelment Wielki,photo_gate,imgs_2
PL,PL618,Świecki,lake,,18,16,wd:Q16563167,Żurskie Lake,photo_gate,imgs_3
PL,PL618,Świecki,lake,,18,16,wd:Q11726835,Sępoleńskie Lake,photo_gate,imgs_3
PL,PL618,Świecki,lake,,18,16,wd:Q9352189,Szpitalne Jezioro,photo_gate,imgs_3
PL,PL618,Świecki,lake,,18,16,wd:Q11784345,Mochel,photo_gate,imgs_2
PL,PL618,Świecki,lake,,18,16,osm:w9667984,Bysławskie,photo_gate,imgs_0
PL,PL618,Świecki,lake,,18,16,wd:Q9345626,Stelchno Lake,photo_gate,imgs_1
PL,PL618,Świecki,lake,,18,16,osm:w1063606684,Kąpielisko Bysław,photo_gate,imgs_0
PL,PL428,Szczeciński,lake,,21,16,osm:w193424252,Stara Żwirownia,photo_gate,imgs_0
PL,PL428,Szczeciński,lake,,21,16,wd:Q1571857,Resko Przymorskie,photo_gate,imgs_3
PL,PL428,Szczeciński,lake,,21,16,wd:Q49312078,Strzeszowskie,photo_gate,imgs_1
PL,PL428,Szczeciński,lake,,21,16,wd:Q11726864,Turkusowe Lake,floor_pool,score_5.3_below_5.4
GB,TLM92,Dumfries and Galloway,lake,,16,16,wd:Q3257714,Loch Trool,photo_gate,imgs_3
GB,TLM92,Dumfries and Galloway,lake,,16,16,wd:Q1867234,Loch Enoch,photo_gate,imgs_2
GB,TLM92,Dumfries and Galloway,lake,,16,16,wd:Q7346603,Loch Ken,floor_pool,score_4.5_below_5.4
GB,TLM92,Dumfries and Galloway,lake,,16,16,wd:Q24653234,Castle Loch,floor_pool,score_4.0_below_5.4
GB,TLM92,Dumfries and Galloway,lake,,16,16,wd:Q1096259,Clatteringshaws Loch,photo_gate,imgs_1
GB,TLM92,Dumfries and Galloway,lake,,16,16,wd:Q6664990,Loch Neldricken,photo_gate,imgs_1
CZ,CZ032,Plzeňský kraj,lake,,20,15,wd:Q45642,Černé jezero,photo_gate,imgs_4
CZ,CZ032,Plzeňský kraj,lake,,20,15,osm:w1381992463,JK Plzeň,photo_gate,imgs_3
CZ,CZ032,Plzeňský kraj,lake,,20,15,osm:w337429514,Ostende,photo_gate,imgs_1
CZ,CZ032,Plzeňský kraj,lake,,20,15,wd:Q19305593,Ejpovice Reservoir,photo_gate,imgs_1
CZ,CZ032,Plzeňský kraj,lake,,20,15,wd:Q102184653,Odlezly Lake,photo_gate,imgs_3
CZ,CZ032,Plzeňský kraj,lake,,20,15,wd:Q477302,Prášilské jezero,floor_pool,score_5.1_below_5.4
CZ,CZ032,Plzeňský kraj,lake,,20,15,wd:Q90878125,Klabava Reservoir,photo_gate,imgs_2
CZ,CZ032,Plzeňský kraj,lake,,20,15,wd:Q1697516,Lučina Reservoir,photo_gate,imgs_2
CZ,CZ032,Plzeňský kraj,lake,,20,15,wd:Q11292059,České údolí Reservoir,floor_pool,score_4.6_below_5.4
CZ,CZ032,Plzeňský kraj,lake,,20,15,wd:Q12056179,Stará Úhlava,photo_gate,imgs_0
CZ,CZ032,Plzeňský kraj,lake,,20,15,osm:w29503960,Černé jezero,photo_gate,imgs_3
CZ,CZ032,Plzeňský kraj,lake,,20,15,osm:w37384914,Železenský rybník,photo_gate,imgs_0
DE,DE40C,Oder-Spree,lake,,17,15,wd:Q2560627,Werlsee,photo_gate,imgs_2
DE,DE40C,Oder-Spree,lake,,17,15,osm:w203542929,Fürstenberger Innensee,photo_gate,imgs_0
DE,DE40C,Oder-Spree,lake,,17,15,osm:r1692387,Brieskower See,photo_gate,imgs_0
DE,DE40C,Oder-Spree,lake,,17,15,osm:w45338924,Kiesgrube,photo_gate,imgs_0
DE,DE40C,Oder-Spree,lake,,17,15,osm:w45338888,Kiesgrube,photo_gate,imgs_0
DE,DE40C,Oder-Spree,lake,,17,15,osm:w40273273,Ziss-See,photo_gate,imgs_0
DE,DE40C,Oder-Spree,lake,,17,15,osm:w45338919,Kiesgrube,photo_gate,imgs_0
EE,EE004,Lääne-Eesti,lake,,18,15,wd:Q3234121,Lake Ermistu,photo_gate,imgs_1
EE,EE004,Lääne-Eesti,lake,,18,15,wd:Q595341,Kaali crater,photo_gate,imgs_3
EE,EE004,Lääne-Eesti,lake,,18,15,wd:Q6373614,Karujärv,photo_gate,imgs_2
EE,EE004,Lääne-Eesti,lake,,18,15,wd:Q12365935,Lake Kaarmise,photo_gate,imgs_1
EE,EE004,Lääne-Eesti,lake,,18,15,wd:Q12368869,Linnulaht,photo_gate,imgs_1
EE,EE004,Lääne-Eesti,lake,,18,15,wd:Q13573349,Lake Jaagarahu,photo_gate,imgs_1
EE,EE004,Lääne-Eesti,lake,,18,15,wd:Q12368217,Laialepa Bay,photo_gate,imgs_3
EE,EE004,Lääne-Eesti,lake,,18,15,wd:Q23886935,Veskijärv,photo_gate,imgs_2
EE,EE004,Lääne-Eesti,lake,,18,15,wd:Q3738829,Lake Nigula,photo_gate,imgs_2
EE,EE004,Lääne-Eesti,lake,,18,15,wd:Q12374719,Lake Sarapiku,floor_pool,score_5.1_below_5.4
EE,EE004,Lääne-Eesti,lake,,18,15,wd:Q3367282,Mullutu-Suurlaht,photo_gate,imgs_0
EE,EE004,Lääne-Eesti,lake,,18,15,wd:Q12364485,Inahamne,floor_pool,score_5.0_below_5.4
EE,EE004,Lääne-Eesti,lake,,18,15,wd:Q385528,Pitkjärv,photo_gate,imgs_1
EE,EE004,Lääne-Eesti,lake,,18,15,wd:Q3743829,Sutlepa meri,photo_gate,imgs_1
EE,EE004,Lääne-Eesti,lake,,18,15,wd:Q13424391,Lake Killatu,photo_gate,imgs_3
FR,FRB01,Cher,lake,,15,15,osm:r5217177,Plan d'eau du Val d'Auron,photo_gate,imgs_1
FR,FRB01,Cher,lake,,15,15,osm:w193439498,Lac de Sidiailles,photo_gate,imgs_0
FR,FRB01,Cher,lake,,15,15,osm:w568582216,Plage du Lac d'Auron,photo_gate,imgs_1
FR,FRB01,Cher,lake,,15,15,osm:w1237536027,Zone de baignade surveillée,photo_gate,imgs_0
FR,FRB01,Cher,lake,,15,15,osm:w1418316537,Aquaparc et Location Nautique,photo_gate,imgs_0
FR,FRB01,Cher,lake,,15,15,osm:w297784520,Les Portes de Sancerre,photo_gate,imgs_0
FR,FRB01,Cher,lake,,15,15,osm:w1544030421,Plage Aquaplouf',photo_gate,imgs_0
FR,FRB01,Cher,lake,,15,15,osm:w283410285,Piscine Municipale,photo_gate,imgs_0
ES,ES615,Huelva,lake,,16,15,osm:w184359396,Puerto Deportivo de Isla Cristina,photo_gate,imgs_2
ES,ES615,Huelva,lake,,16,15,osm:w1163303498,Playa de El Cantil,photo_gate,imgs_1
ES,ES615,Huelva,lake,,16,15,wd:Q103938293,Laguna de El Portil,photo_gate,imgs_3
ES,ES615,Huelva,lake,,16,15,osm:w68875029,Playa de Torre de la Higuera,photo_gate,imgs_0
ES,ES615,Huelva,lake,,16,15,osm:w62310560,Parking Adelfas,photo_gate,imgs_0
ES,ES615,Huelva,lake,,16,15,wd:Q5830407,Aracena Reservoir,floor_pool,score_5.2_below_5.4
ES,ES615,Huelva,lake,,16,15,wd:Q3324996,Ría de Huelva,floor_pool,score_5.0_below_5.4
ES,ES615,Huelva,lake,,16,15,wd:Q5830593,Zufre Reservoir,photo_gate,imgs_1
ES,ES615,Huelva,lake,,16,15,wd:Q5830610,Embalse de Corumbel Bajo,photo_gate,imgs_2
ES,ES615,Huelva,lake,,16,15,wd:Q116796085,Embalse del Calabazar,photo_gate,imgs_2
ES,ES615,Huelva,lake,,16,15,osm:r2459556,Estero de San Bruno,photo_gate,imgs_0
FR,FRI32,Charente-Maritime,lake,,17,15,osm:w89679916,Plage Sud,photo_gate,imgs_2
FR,FRI32,Charente-Maritime,lake,,17,15,osm:w93541537,Camping du Bois Soleil,photo_gate,imgs_0
FR,FRI32,Charente-Maritime,lake,,17,15,osm:w1519624652,Place Michelet,photo_gate,imgs_2
FR,FRI32,Charente-Maritime,lake,,17,15,osm:w1519624653,Place Michelet,photo_gate,imgs_2
FR,FRJ13,Hérault,lake,,17,15,wd:Q288968,Étang de Thau,photo_gate,imgs_2
FR,FRJ13,Hérault,lake,,17,15,wd:Q386343,Lake Salagou,photo_gate,imgs_1
FR,FRJ13,Hérault,lake,,17,15,osm:w11012934,Étang du Prévost,photo_gate,imgs_1
FR,FRJ13,Hérault,lake,,17,15,osm:w281473719,Plage de la Roquille,photo_gate,imgs_0
FR,FRJ13,Hérault,lake,,17,15,osm:r4041609,Étang du Grec,photo_gate,imgs_0
FR,FRJ13,Hérault,lake,,17,15,wd:Q288930,Pond of Montady,photo_gate,imgs_2
FR,FRI13,Landes,lake,,18,15,osm:r12092675,Étang de Cazaux-Sanguinet,photo_gate,imgs_2
FR,FRI13,Landes,lake,,18,15,wd:Q3485410,Site d'Arjuzanx,photo_gate,imgs_2
FR,FRI13,Landes,lake,,18,15,osm:w916301931,Plage des Chènes Lièges,photo_gate,imgs_1
FR,FRI13,Landes,lake,,18,15,osm:w916176500,Plage Centrale,photo_gate,imgs_1
FR,FRI13,Landes,lake,,18,15,wd:Q131621937,étang de Moïsan,photo_gate,imgs_3
FR,FRH03,Ille-et-Vilaine,lake,,18,15,wd:Q16507859,étang de Carcraon,floor_pool,score_4.4_below_5.4
IE,IE051,Mid-West ,lake,,16,15,wd:Q918349,Lough Derg,photo_gate,imgs_3
IE,IE051,Mid-West ,lake,,16,15,wd:Q61676998,Ballyallia Lake,photo_gate,imgs_0
IE,IE051,Mid-West ,lake,,16,15,osm:w680244068,Lahinch Seaworld & Leisure Centre,photo_gate,imgs_3
IE,IE051,Mid-West ,lake,,16,15,osm:w258981012,Waterworld,photo_gate,imgs_0
IE,IE051,Mid-West ,lake,,16,15,osm:w24547527,Lahinch Beach,photo_gate,imgs_0
IE,IE051,Mid-West ,lake,,16,15,osm:w36333826,Ballina Playground Parking,floor_pool,score_5.0_below_5.4
IE,IE051,Mid-West ,lake,,16,15,osm:r4250820,Kilrush Marina,photo_gate,imgs_2
IE,IE051,Mid-West ,lake,,16,15,osm:w314544861,Doonbeg Lough,photo_gate,imgs_2
IE,IE051,Mid-West ,lake,,16,15,wd:Q604502,Lough Gur,photo_gate,imgs_2
IE,IE051,Mid-West ,lake,,16,15,osm:w684882883,Fanore Beach,photo_gate,imgs_0
IE,IE051,Mid-West ,lake,,16,15,osm:w1125184790,Lakeside Leisure Centre,photo_gate,imgs_1
IE,IE051,Mid-West ,lake,,16,15,osm:w34931644,Nenagh Leisure Centre,photo_gate,imgs_1
IE,IE051,Mid-West ,lake,,16,15,wd:Q33239934,Cloonteen Lough,photo_gate,imgs_0
IE,IE051,Mid-West ,lake,,16,15,osm:w48012239,Lakeside Holiday Park,photo_gate,imgs_0
IE,IE051,Mid-West ,lake,,16,15,osm:w51498949,East Gate Car Park,photo_gate,imgs_0
NO,NO0B2,Svalbard,lake,,15,15,osm:w1415161683,Trocaderostranda,photo_gate,imgs_0
NO,NO0B2,Svalbard,lake,,15,15,wd:Q11984164,Linnévatnet,photo_gate,imgs_2
NO,NO0B2,Svalbard,lake,,15,15,osm:r4424416,Haussvatnet,photo_gate,imgs_0
NO,NO0B2,Svalbard,lake,,15,15,osm:r14064725,Claravågen,photo_gate,imgs_0
NO,NO0B2,Svalbard,lake,,15,15,osm:w550333768,Kongressvatnet,photo_gate,imgs_0
NO,NO0B2,Svalbard,lake,,15,15,osm:r4424419,Laksvatnet,photo_gate,imgs_0
NO,NO0B2,Svalbard,lake,,15,15,osm:w863407390,Stemmevatnet,photo_gate,imgs_0
NO,NO0B2,Svalbard,lake,,15,15,osm:w852466324,Bretjorna,photo_gate,imgs_0
NO,NO0B2,Svalbard,lake,,15,15,osm:w1475933910,Ratjørna,photo_gate,imgs_0
NO,NO0B2,Svalbard,lake,,15,15,osm:w644394020,Richardvatnet,photo_gate,imgs_0
NO,NO0B2,Svalbard,lake,,15,15,osm:w1482929578,Vetterndammen,photo_gate,imgs_0
NO,NO0B2,Svalbard,lake,,15,15,osm:w413993120,Isdammen,photo_gate,imgs_0
NO,NO0B2,Svalbard,lake,,15,15,osm:w1495279951,Folevatnet,photo_gate,imgs_0
NO,NO0B2,Svalbard,lake,,15,15,osm:w1419506887,Gravsjøen,photo_gate,imgs_0
NO,NO0B2,Svalbard,lake,,15,15,osm:w1483057581,Grussjøen,photo_gate,imgs_0
PL,PL616,Grudziądzki,lake,,18,15,wd:Q2878335,Jezioro Bachotek,photo_gate,imgs_3
PL,PL616,Grudziądzki,lake,,18,15,wd:Q11726874,Urszulewskie Lake,photo_gate,imgs_2
PL,PL616,Grudziądzki,lake,,18,15,wd:Q9346605,Strażym,photo_gate,imgs_1
PL,PL616,Grudziądzki,lake,,18,15,wd:Q11792350,Niskie Brodno,photo_gate,imgs_1
PL,PL616,Grudziądzki,lake,,18,15,wd:Q9325489,Rządz Lake,photo_gate,imgs_0
PL,PL616,Grudziądzki,lake,,18,15,wd:Q11726658,Papowskie Lake,photo_gate,imgs_1
DE,DE40A,Oberhavel,lake,,16,14,wd:Q319144,Lake Stechlin,photo_gate,imgs_1
DE,DE405,Barnim,lake,,14,14,wd:Q832060,Parsteiner See,photo_gate,imgs_2
DE,DE405,Barnim,lake,,14,14,wd:Q315446,Werbellinsee,photo_gate,imgs_2
DE,DE405,Barnim,lake,,14,14,wd:Q738483,Wandlitzer See,photo_gate,imgs_4
DE,DE80K,Landkreis Rostock,lake,,16,14,wd:Q880631,Teterower See,photo_gate,imgs_0
EE,EE008,Lõuna-Eesti,lake,,27,14,wd:Q1066964,Lämmijärv,photo_gate,imgs_1
EE,EE008,Lõuna-Eesti,lake,,27,14,wd:Q1456246,Saadjärv,photo_gate,imgs_3
EE,EE008,Lõuna-Eesti,lake,,27,14,wd:Q3738608,Ähijärv,photo_gate,imgs_2
EE,EE008,Lõuna-Eesti,lake,,27,14,wd:Q3736634,Lake Vagula,photo_gate,imgs_1
EE,EE008,Lõuna-Eesti,lake,,27,14,wd:Q2641061,Lake Aheru,photo_gate,imgs_2
EE,EE008,Lõuna-Eesti,lake,,27,14,wd:Q3738614,Lake Jõksi,photo_gate,imgs_3
EE,EE008,Lõuna-Eesti,lake,,27,14,wd:Q2604593,Lake Hino,photo_gate,imgs_2
EE,EE008,Lõuna-Eesti,lake,,27,14,wd:Q3738577,Lake Kahrila,photo_gate,imgs_3
EE,EE008,Lõuna-Eesti,lake,,27,14,wd:Q2604569,Lake Arbi,photo_gate,imgs_3
EE,EE008,Lõuna-Eesti,lake,,27,14,wd:Q3738617,Lake Murati,photo_gate,imgs_1
EE,EE008,Lõuna-Eesti,lake,,27,14,osm:w1192964887,Paganamaa Liivajärve ujumiskoht,photo_gate,imgs_0
EE,EE008,Lõuna-Eesti,lake,,27,14,osm:w714792179,Paganamaa Liivajärv beach,photo_gate,imgs_0
EE,EE008,Lõuna-Eesti,lake,,27,14,osm:w1192964886,Paganamaa Liivajärve supelsild,photo_gate,imgs_0
EE,EE008,Lõuna-Eesti,lake,,27,14,osm:w51839450,Mustjärv,photo_gate,imgs_1
DK,DK032,Sydjylland,lake,,19,14,osm:w14858660,Kruså Møllesø,photo_gate,imgs_3
DK,DK032,Sydjylland,lake,,19,14,osm:r8405670,Saltvandssøen,photo_gate,imgs_0
DK,DK032,Sydjylland,lake,,19,14,wd:Q3502047,Fårup Sø,photo_gate,imgs_4
DK,DK032,Sydjylland,lake,,19,14,wd:Q255227,Slivsø,photo_gate,imgs_2
DK,DK032,Sydjylland,lake,,19,14,wd:Q118541097,Vedsted Sø,photo_gate,imgs_3
DK,DK032,Sydjylland,lake,,19,14,wd:Q16324476,Skærsø,photo_gate,imgs_1
DK,DK032,Sydjylland,lake,,19,14,wd:Q23748279,Filsø,floor_pool,score_4.9_below_5.4
DK,DK032,Sydjylland,lake,,19,14,wd:Q23741644,Rands fjord,floor_pool,score_4.7_below_5.4
FI,FI200,Åland,lake,,14,14,osm:w1327316310,MSF Gästhamn,photo_gate,imgs_2
FI,FI200,Åland,lake,,14,14,osm:w1177101490,Mariebad strand,photo_gate,imgs_0
FI,FI200,Åland,lake,,14,14,osm:w35304979,Mariebad,photo_gate,imgs_0
FI,FI200,Åland,lake,,14,14,osm:w1077371020,Gröna uddens badstrand,photo_gate,imgs_0
FI,FI200,Åland,lake,,14,14,osm:w1054417157,Gröna uddens camping,photo_gate,imgs_0
FI,FI200,Åland,lake,,14,14,wd:Q21976961,Vandöfjärden,photo_gate,imgs_1
FR,FRE12,Pas-de-Calais,lake,,14,14,osm:w605562906,Camping Municipal La Falaise,photo_gate,imgs_0
FR,FRE12,Pas-de-Calais,lake,,14,14,osm:w276737819,"Camping Municipal ""De La Source""",photo_gate,imgs_0
FR,FRE12,Pas-de-Calais,lake,,14,14,osm:w585502462,Agora,photo_gate,imgs_0
FR,FRE12,Pas-de-Calais,lake,,14,14,osm:w394409172,Camping du Halloy,photo_gate,imgs_0
FR,FRE12,Pas-de-Calais,lake,,14,14,wd:Q3215692,Lac des Miroirs,photo_gate,imgs_1
ES,ES618,Sevilla,lake,,14,14,osm:r3960988,Canal de Alfonso XIII,photo_gate,imgs_1
ES,ES618,Sevilla,lake,,14,14,wd:Q6059841,Embalse de El Pintado,photo_gate,imgs_1
ES,ES618,Sevilla,lake,,14,14,wd:Q5830448,Embalse del Gergal,floor_pool,score_5.1_below_5.4
ES,ES618,Sevilla,lake,,14,14,wd:Q5796781,Embalse José Torán,photo_gate,imgs_1
ES,ES618,Sevilla,lake,,14,14,wd:Q5830530,Embalse de Melonares,photo_gate,imgs_0
ES,ES618,Sevilla,lake,,14,14,wd:Q23984193,Pantano de la Minilla,photo_gate,imgs_2
ES,ES618,Sevilla,lake,,14,14,wd:Q115110153,Embalse de Huesna,photo_gate,imgs_1
ES,ES618,Sevilla,lake,,14,14,wd:Q108065423,Laguna del Gosque,photo_gate,imgs_1
ES,ES618,Sevilla,lake,,14,14,wd:Q105883801,Embalse de Malpasillo,photo_gate,imgs_1
FR,FRL05,Var,lake,,15,14,wd:Q1434679,Lac de Saint-Cassien,photo_gate,imgs_3
FR,FRL05,Var,lake,,15,14,wd:Q3591786,étangs de Villepey,photo_gate,imgs_1
FR,FRL05,Var,lake,,15,14,osm:w26283303,Le Dramont,photo_gate,imgs_2
FR,FRL05,Var,lake,,15,14,osm:w26283204,Plage du Débarquement,photo_gate,imgs_0
FR,FRL05,Var,lake,,15,14,wd:Q30149101,Lac des Escarcets,photo_gate,imgs_2
FR,FRL05,Var,lake,,15,14,wd:Q3113639,Grand Laoucien,photo_gate,imgs_1
FR,FRJ12,Gard,lake,,15,14,osm:w373433000,Plage Rive Gauche,photo_gate,imgs_2
FR,FRJ12,Gard,lake,,15,14,osm:r5291094,Étang du Ponant,photo_gate,imgs_1
FR,FRJ12,Gard,lake,,15,14,osm:w508429975,L'Arche,photo_gate,imgs_0
FR,FRJ12,Gard,lake,,15,14,osm:w121206865,Le Barralet,photo_gate,imgs_0
FR,FRJ12,Gard,lake,,15,14,osm:w70828683,Cèze,photo_gate,imgs_0
FR,FRJ12,Gard,lake,,15,14,osm:w590814383,Plage du Grain de Sel,photo_gate,imgs_0
FR,FRJ12,Gard,lake,,15,14,osm:w509648306,Domaine naturiste La Genèse,photo_gate,imgs_0
FR,FRH04,Morbihan,lake,,17,14,wd:Q3591647,Lac au Duc,photo_gate,imgs_3
FR,FRH04,Morbihan,lake,,17,14,osm:w24234396,Saint-Jacques,photo_gate,imgs_1
FR,FRH04,Morbihan,lake,,17,14,osm:w23021528,Plage du Fogeo-Kerjouanno,photo_gate,imgs_0
FR,FRH04,Morbihan,lake,,17,14,wd:Q3287393,marais de Pen an Toul,photo_gate,imgs_3
LT,LT022,Kauno apskritis,lake,,15,14,wd:Q4253638,Lampėdis,photo_gate,imgs_2
LT,LT022,Kauno apskritis,lake,,15,14,wd:Q12647177,Akademija Reservoir,photo_gate,imgs_3
LT,LT022,Kauno apskritis,lake,,15,14,wd:Q12659407,Kalvių Lake,photo_gate,imgs_1
LT,LT022,Kauno apskritis,lake,,15,14,wd:Q12673840,Statkūniškės Lake,photo_gate,imgs_2
LT,LT022,Kauno apskritis,lake,,15,14,wd:Q16478799,Žasliai Lake,photo_gate,imgs_2
LT,LT022,Kauno apskritis,lake,,15,14,wd:Q16454112,Juodkiškiai Reservoir,floor_pool,score_4.8_below_5.4
LT,LT022,Kauno apskritis,lake,,15,14,wd:Q12648453,Angiriai Reservoir,floor_pool,score_4.7_below_5.4
LT,LT022,Kauno apskritis,lake,,15,14,wd:Q16446297,Bubliai Reservoir,floor_pool,score_4.5_below_5.4
LT,LT022,Kauno apskritis,lake,,15,14,wd:Q14919038,Labūnava Reservoir,photo_gate,imgs_3
PL,PL225,Bielski,lake,,15,14,osm:w238833348,Kąpielisko miejskie,photo_gate,imgs_0
PL,PL225,Bielski,lake,,15,14,osm:w136353696,"Pływalnia ""Start""",photo_gate,imgs_2
PL,PL225,Bielski,lake,,15,14,osm:w1354011600,plaża miejska,photo_gate,imgs_0
PL,PL225,Bielski,lake,,15,14,osm:w160967436,Pływalnia AQUA,photo_gate,imgs_0
PL,PL225,Bielski,lake,,15,14,wd:Q11726574,Lake Międzybrodzie,floor_pool,score_5.2_below_5.4
PL,PL225,Bielski,lake,,15,14,osm:w107288845,"Pływalnia ""Panorama""",photo_gate,imgs_0
PL,PL225,Bielski,lake,,15,14,wd:Q11726186,Zbiornik Czaniecki,floor_pool,score_4.7_below_5.4
PL,PL225,Bielski,lake,,15,14,wd:Q11726220,Czerniańskie Lake,photo_gate,imgs_3
PL,PL225,Bielski,lake,,15,14,osm:w238890171,Baza namiotowa Głuchaczki,photo_gate,imgs_1
PL,PL619,Włocławski,lake,,14,14,wd:Q5627648,Głuszyńskie,photo_gate,imgs_2
PL,PL619,Włocławski,lake,,14,14,wd:Q11800769,Ostrowąs Lake,photo_gate,imgs_3
PL,PL619,Włocławski,lake,,14,14,osm:w1353493670,Plaża w Lubieniu Kujawskim,photo_gate,imgs_0
PL,PL619,Włocławski,lake,,14,14,osm:w25721836,Jezioro Lubieńskie,photo_gate,imgs_0
PL,PL619,Włocławski,lake,,14,14,wd:Q11726634,Jezioro Orłowskie,photo_gate,imgs_1
PL,PL619,Włocławski,lake,,14,14,osm:w1361529171,Kąpielisko Lubieńskie,photo_gate,imgs_0
PL,PL619,Włocławski,lake,,14,14,wd:Q11727032,Jezioro Łąkie,photo_gate,imgs_1
PL,PL619,Włocławski,lake,,14,14,osm:w39774308,Jezioro Wielkie,photo_gate,imgs_1
PL,PL619,Włocławski,lake,,14,14,wd:Q11726161,Jezioro Chalińskie,photo_gate,imgs_1
GB,TLK30,Cornwall and Isles of Scilly,lake,,14,14,wd:Q6977674,The Loe,photo_gate,imgs_3
GB,TLK30,Cornwall and Isles of Scilly,lake,,14,14,osm:r12624766,Siblyback Lake,photo_gate,imgs_2
GB,TLK30,Cornwall and Isles of Scilly,lake,,14,14,wd:Q5303831,Dozmary Pool,photo_gate,imgs_0
GB,TLK30,Cornwall and Isles of Scilly,lake,,14,14,wd:Q9287496,Helford River,score_gate,score_3.9_below_5.4
DE,DED2D,Görlitz,lake,,17,13,osm:w24482987,Bleicheteiche,photo_gate,imgs_0
DE,DED2D,Görlitz,lake,,17,13,osm:w30247428,Kleines Bad,photo_gate,imgs_0
DE,DED2D,Görlitz,lake,,17,13,osm:w55501920,Černý rybník,photo_gate,imgs_1
DE,DED2D,Görlitz,lake,,17,13,osm:w670928474,Bismarckturm Neugersdorf,photo_gate,imgs_0
DE,DED2D,Görlitz,lake,,17,13,wd:Q160380,Halbendorfer See,photo_gate,imgs_2
DE,DED2D,Görlitz,lake,,17,13,osm:w100952094,Hutbergsteinbruch,photo_gate,imgs_0
DE,DED2D,Görlitz,lake,,17,13,osm:w111406688,Kieswerke Heim,photo_gate,imgs_0
DE,DED2D,Görlitz,lake,,17,13,osm:w128091297,Nordoststrand,photo_gate,imgs_0
DE,DED2D,Görlitz,lake,,17,13,osm:w242848525,Girl with the Shell,photo_gate,imgs_3
DE,DED2D,Görlitz,lake,,17,13,osm:w356263700,Humboldtbrunnen,photo_gate,imgs_1
DE,DED2D,Görlitz,lake,,17,13,osm:r12909347,Weinlache,photo_gate,imgs_1
DE,DE40G,Spree-Neiße,lake,,13,13,osm:w165724067,CampDeulo,photo_gate,imgs_0
DE,DE40G,Spree-Neiße,lake,,13,13,osm:w179443485,Deulowitzer See,photo_gate,imgs_0
DE,DE40G,Spree-Neiße,lake,,13,13,osm:w70410407,Schwimmerbecken,photo_gate,imgs_0
DE,DE40G,Spree-Neiße,lake,,13,13,osm:w140160928,Freizeitbad Guben,photo_gate,imgs_1
DE,DE40G,Spree-Neiße,lake,,13,13,osm:w172265227,Großteich,photo_gate,imgs_0
DE,DE40G,Spree-Neiße,lake,,13,13,osm:w1245487571,Taubendorfer See,photo_gate,imgs_0
DK,DK022,Vest- og Sydsjælland,lake,,16,13,wd:Q39060232,Sorø Lake,photo_gate,imgs_2
DK,DK022,Vest- og Sydsjælland,lake,,16,13,wd:Q23738301,Søndersø,photo_gate,imgs_3
DK,DK022,Vest- og Sydsjælland,lake,,16,13,wd:Q23747292,Gyrstinge Sø,photo_gate,imgs_2
DK,DK022,Vest- og Sydsjælland,lake,,16,13,wd:Q23748901,Dybesø,photo_gate,imgs_0
DK,DK022,Vest- og Sydsjælland,lake,,16,13,wd:Q30597120,Maglesø,photo_gate,imgs_2
DK,DK022,Vest- og Sydsjælland,lake,,16,13,wd:Q23738370,Stege Nor,photo_gate,imgs_2
DK,DK022,Vest- og Sydsjælland,lake,,16,13,wd:Q23746362,Haraldsted Lake,photo_gate,imgs_2
DK,DK022,Vest- og Sydsjælland,lake,,16,13,wd:Q23739991,Skarresø,photo_gate,imgs_2
FR,FRB04,Indre-et-Loire,lake,,13,13,wd:Q49316725,lac du Val Joyeux,photo_gate,imgs_2
FR,FRB04,Indre-et-Loire,lake,,13,13,osm:w223386256,Camping du Val Joyeux,photo_gate,imgs_1
FR,FRB04,Indre-et-Loire,lake,,13,13,osm:r5449759,Lac d'Hommes,photo_gate,imgs_0
FR,FRB04,Indre-et-Loire,lake,,13,13,osm:w167224748,Étang de Comare,photo_gate,imgs_0
FR,FRB04,Indre-et-Loire,lake,,13,13,osm:w207354514,Camping intercommunal de l’île Auger,photo_gate,imgs_0
FR,FRB04,Indre-et-Loire,lake,,13,13,osm:w496756071,Camping Parc de Fierbois,photo_gate,imgs_0
FR,FRB04,Indre-et-Loire,lake,,13,13,osm:r11980410,La Loire,photo_gate,imgs_3
FR,FRB04,Indre-et-Loire,lake,,13,13,wd:Q3215525,Rillé lake,photo_gate,imgs_1
FR,FR102,Seine-et-Marne ,lake,,13,13,osm:r1727165,Base de loisirs de la Seine-Saint-Denis,photo_gate,imgs_0
FR,FR102,Seine-et-Marne ,lake,,13,13,osm:w21264745,Bassin de Champfleuri,photo_gate,imgs_0
FR,FR102,Seine-et-Marne ,lake,,13,13,osm:w22823516,Grand Lac,photo_gate,imgs_0
FR,FR102,Seine-et-Marne ,lake,,13,13,osm:w115364748,Plage Nord,photo_gate,imgs_0
FR,FR102,Seine-et-Marne ,lake,,13,13,osm:w115364836,Plage Sud,photo_gate,imgs_0
FR,FR102,Seine-et-Marne ,lake,,13,13,osm:w114945475,P2,photo_gate,imgs_0
FR,FR102,Seine-et-Marne ,lake,,13,13,osm:w243948006,La Seine,photo_gate,imgs_2
FR,FR102,Seine-et-Marne ,lake,,13,13,osm:w115325926,Piscine de l'Arche Guédon,photo_gate,imgs_0
FR,FRC11,Côte-d’Or,lake,,14,13,wd:Q3215516,Lac de Pont,photo_gate,imgs_1
FR,FRC11,Côte-d’Or,lake,,14,13,wd:Q3215503,Lac de Panthier,photo_gate,imgs_1
FR,FRC11,Côte-d’Or,lake,,14,13,osm:r3412786,Canal de Bourgogne,photo_gate,imgs_3
FR,FRC11,Côte-d’Or,lake,,14,13,osm:w129218271,Plage du Lac Chanoine Kir,photo_gate,imgs_3
FR,FRC11,Côte-d’Or,lake,,14,13,wd:Q3215408,Lac de Chamboux,photo_gate,imgs_3
FR,FRC11,Côte-d’Or,lake,,14,13,osm:w126416443,Piscine de la Fontaine d'Ouche,photo_gate,imgs_3
FR,FRC11,Côte-d’Or,lake,,14,13,wd:Q109043199,réservoir de Cercey,photo_gate,imgs_2
FR,FRF23,Marne,lake,,14,13,wd:Q1799643,Lake Der-Chantecoq,photo_gate,imgs_2
FR,FRF23,Marne,lake,,14,13,osm:w669665980,Port de Nuisement,photo_gate,imgs_2
FR,FRF23,Marne,lake,,14,13,osm:w31432939,Erlon,photo_gate,imgs_3
FR,FRF23,Marne,lake,,14,13,osm:w305848415,Camping Foret,photo_gate,imgs_0
FR,FRF23,Marne,lake,,14,13,osm:w377269111,L'Aquarelle,photo_gate,imgs_0
FR,FRF23,Marne,lake,,14,13,osm:w629596640,Piscine Orgeval,photo_gate,imgs_0
FR,FRF23,Marne,lake,,14,13,osm:w224854137,Piscine du Tennis-Club,photo_gate,imgs_1
FR,FRI11,Dordogne,lake,,13,13,osm:w125736990,Grand Étang de la Jemaye,photo_gate,imgs_1
FR,FRI11,Dordogne,lake,,13,13,osm:w29288369,Lac de Pombonne,photo_gate,imgs_0
FR,FRI11,Dordogne,lake,,13,13,osm:w333354691,Domaine de Soleil Plage,photo_gate,imgs_0
FR,FRI11,Dordogne,lake,,13,13,osm:w422854911,Le Pont de Vic,photo_gate,imgs_0
FR,FRI11,Dordogne,lake,,13,13,osm:w333354697,La Bouysse,photo_gate,imgs_0
FR,FRI11,Dordogne,lake,,13,13,osm:w729171974,Baignade surveillée de Lisle,photo_gate,imgs_0
FR,FRI11,Dordogne,lake,,13,13,osm:r12323637,La Dordogne,photo_gate,imgs_1
FR,FRI11,Dordogne,lake,,13,13,wd:Q3215585,Lac de l'Escourou,photo_gate,imgs_1
FR,FRI22,Creuse,lake,,14,13,wd:Q3215469,Lac de Lavaud-Gelade,photo_gate,imgs_3
FR,FRI22,Creuse,lake,,14,13,osm:w220454522,Les Terrasses du Lac,photo_gate,imgs_0
FR,FRI22,Creuse,lake,,14,13,osm:w176782873,Plage de Vauveix,photo_gate,imgs_0
FR,FRI22,Creuse,lake,,14,13,osm:w1221524477,Bois et Nature,photo_gate,imgs_0
FR,FRI22,Creuse,lake,,14,13,osm:w1378174637,Zone de baignade de Broussas,photo_gate,imgs_0
FR,FRI22,Creuse,lake,,14,13,osm:w183977763,La Presqu'ile,photo_gate,imgs_0
FR,FRI22,Creuse,lake,,14,13,osm:w171452782,La Creuse,photo_gate,imgs_0
LT,LT024,Marijampolės apskritis,lake,,13,13,osm:r6288414,Marijampolės II tv.,photo_gate,imgs_0
LT,LT024,Marijampolės apskritis,lake,,13,13,wd:Q12667288,Orija,photo_gate,imgs_2
LT,LT024,Marijampolės apskritis,lake,,13,13,wd:Q16477335,Ygla,photo_gate,imgs_1
LT,LT024,Marijampolės apskritis,lake,,13,13,wd:Q16468105,Paežeriai Lake,photo_gate,imgs_1
LT,LT024,Marijampolės apskritis,lake,,13,13,wd:Q16478652,Ūdrinis,photo_gate,imgs_1
LT,LT024,Marijampolės apskritis,lake,,13,13,wd:Q12648148,Alvitas Lake,photo_gate,imgs_1
LT,LT024,Marijampolės apskritis,lake,,13,13,wd:Q16471908,Salaperaugis,photo_gate,imgs_1
LT,LT024,Marijampolės apskritis,lake,,13,13,wd:Q61386755,Salaperaugis (mažasis),photo_gate,imgs_1
LT,LT024,Marijampolės apskritis,lake,,13,13,wd:Q16445723,Beržinis,photo_gate,imgs_1
LT,LT024,Marijampolės apskritis,lake,,13,13,osm:r13338220,Dunajewo / Dunojėlio ež.,photo_gate,imgs_1
LT,LT024,Marijampolės apskritis,lake,,13,13,osm:r5838859,ež. Talaikė,photo_gate,imgs_1
LT,LT024,Marijampolės apskritis,lake,,13,13,osm:r6008085,ež. Salaperaugis,photo_gate,imgs_1
LT,LT024,Marijampolės apskritis,lake,,13,13,osm:r7512481,ež. Beržinis,photo_gate,imgs_1
PL,PL414,Koniński,lake,,16,13,wd:Q6512708,Lednica,photo_gate,imgs_4
PL,PL414,Koniński,lake,,16,13,wd:Q11791420,Niedzięgiel,photo_gate,imgs_4
PL,PL414,Koniński,lake,,16,13,wd:Q11726569,Mikorzyńskie Lake,photo_gate,imgs_3
PL,PL414,Koniński,lake,,16,13,wd:Q11726915,Wilczyńskie Lake,photo_gate,imgs_2
PL,PL414,Koniński,lake,,16,13,wd:Q7350823,Słupca Lake,photo_gate,imgs_3
PL,PL414,Koniński,lake,,16,13,wd:Q11726316,Gosławskie Lake,photo_gate,imgs_5
NL,NL127,Noord-Friesland,lake,,14,13,wd:Q820364,Burgumer Mar,photo_gate,imgs_2
NL,NL127,Noord-Friesland,lake,,14,13,wd:Q2184168,Groote Wielen,photo_gate,imgs_0
NL,NL127,Noord-Friesland,lake,,14,13,osm:w1279047076,It Wiid,photo_gate,imgs_1
NL,NL127,Noord-Friesland,lake,,14,13,wd:Q5315977,Pikmar,photo_gate,imgs_1
NL,NL127,Noord-Friesland,lake,,14,13,wd:Q26201533,Dune lake of Hee,photo_gate,imgs_3
NL,NL127,Noord-Friesland,lake,,14,13,wd:Q26203772,Badhuiskuil,photo_gate,imgs_3
NL,NL127,Noord-Friesland,lake,,14,13,wd:Q112675956,Berkenplas,photo_gate,imgs_2
NL,NL127,Noord-Friesland,lake,,14,13,wd:Q589008,Mallegraafsgat,photo_gate,imgs_1
NL,NL127,Noord-Friesland,lake,,14,13,wd:Q26201725,Formerumer Wiel,photo_gate,imgs_1
NL,NL128,Zuidwest-Friesland,lake,,16,13,wd:Q1593475,Hegemer Mar,photo_gate,imgs_1
NL,NL128,Zuidwest-Friesland,lake,,16,13,wd:Q1884151,Fluessen,photo_gate,imgs_4
NL,NL128,Zuidwest-Friesland,lake,,16,13,wd:Q2263575,Langwarder Wielen,photo_gate,imgs_3
NL,NL128,Zuidwest-Friesland,lake,,16,13,wd:Q2133302,Nannewiid,photo_gate,imgs_2
NL,NL128,Zuidwest-Friesland,lake,,16,13,wd:Q2300135,De Morra,photo_gate,imgs_1
NL,NL128,Zuidwest-Friesland,lake,,16,13,wd:Q2953054,Koevordermeer,photo_gate,imgs_5
NL,NL128,Zuidwest-Friesland,lake,,16,13,wd:Q2557545,Aldegeaster Brekken,floor_pool,score_4.6_below_5.4
PL,PL426,Koszaliński,lake,,14,13,wd:Q753573,Jezioro Bukowo,photo_gate,imgs_3
PL,PL426,Koszaliński,lake,,14,13,wd:Q1688792,Wicko,photo_gate,imgs_3
PL,PL426,Koszaliński,lake,,14,13,wd:Q9189908,Chlewo,photo_gate,imgs_2
PL,PL426,Koszaliński,lake,,14,13,wd:Q1688785,Jezioro Kopań,photo_gate,imgs_1
PL,PL426,Koszaliński,lake,,14,13,osm:w688986282,Kołobrzeg Zachód „Plaża TRM”,photo_gate,imgs_2
PL,PL426,Koszaliński,lake,,14,13,osm:w689011725,Kołobrzeg Wschód „Bałtyk”,photo_gate,imgs_3
PL,PL426,Koszaliński,lake,,14,13,osm:w690864369,Ustronie Morskie „Nadbrzeżna”,photo_gate,imgs_1
PL,PL811,Bialski,lake,,14,13,osm:w642625793,"Plaża ""Kąpielisko nr 2""",photo_gate,imgs_0
PL,PL811,Bialski,lake,,14,13,osm:w1252017608,Kąpielisko nr 2,photo_gate,imgs_0
PL,PL811,Bialski,lake,,14,13,osm:w642625795,"Główna Plaża ""OSiR""",photo_gate,imgs_0
PL,PL811,Bialski,lake,,14,13,wd:Q35715351,Rotcze,photo_gate,imgs_1
PL,PL811,Bialski,lake,,14,13,osm:w1252017609,Kąpielisko nr 3,photo_gate,imgs_0
PL,PL811,Bialski,lake,,14,13,osm:w1252017607,"Kąpielisko nr 1 - ""OSiR""",photo_gate,imgs_0
PL,PL811,Bialski,lake,,14,13,osm:w642625796,"Plaża ""Rusałka""",photo_gate,imgs_0
PL,PL811,Bialski,lake,,14,13,wd:Q35715686,Sumin,photo_gate,imgs_2
PL,PL634,Gdański,lake,,19,13,wd:Q148026,Lake Żarnowiec,photo_gate,imgs_2
PL,PL634,Gdański,lake,,19,13,wd:Q4973619,Raduńskie Lake,photo_gate,imgs_1
PL,PL634,Gdański,lake,,19,13,wd:Q11727016,Jezioro Łapalickie,photo_gate,imgs_3
GB,TLE22,North Yorkshire,lake,,14,13,wd:Q1225708,Malham Tarn,floor_pool,score_4.9_below_5.4
GB,TLE22,North Yorkshire,lake,,14,13,wd:Q5139930,Cod Beck Reservoir,photo_gate,imgs_3
GB,TLE22,North Yorkshire,lake,,14,13,wd:Q6519781,Leighton Reservoir,photo_gate,imgs_3
GB,TLE22,North Yorkshire,lake,,14,13,wd:Q5089899,Chelker Reservoir,photo_gate,imgs_3
GB,TLK43,Devon CC,lake,,13,13,osm:w146507468,Ham East Short Stay Car Park,photo_gate,imgs_1
GB,TLK43,Devon CC,lake,,13,13,osm:w37061953,Swimming Pool & Information Centre,photo_gate,imgs_1
GB,TLK43,Devon CC,lake,,13,13,osm:w259345196,Teignmouth Beach,photo_gate,imgs_2
GB,TLK43,Devon CC,lake,,13,13,wd:Q2375471,Crazywell Pool,photo_gate,imgs_1
GB,TLN0G,Fermanagh and Omagh,lake,,14,13,wd:Q1324180,Lough Erne,floor_pool,score_4.9_below_5.4
GB,TLN0G,Fermanagh and Omagh,lake,,14,13,wd:Q6875872,Lower Lough Erne,photo_gate,imgs_1
GB,TLN0G,Fermanagh and Omagh,lake,,14,13,wd:Q11878874,Upper Lough Erne,photo_gate,imgs_3
GB,TLN0G,Fermanagh and Omagh,lake,,14,13,wd:Q24639390,Lough Macnean Lower,photo_gate,imgs_2
GB,TLN0G,Fermanagh and Omagh,lake,,14,13,wd:Q135223033,Lough Macnean Upper,photo_gate,imgs_2
GB,TLN0G,Fermanagh and Omagh,lake,,14,13,osm:r12552,Lower Lough Erne,photo_gate,imgs_0
GB,TLN0G,Fermanagh and Omagh,lake,,14,13,osm:w85103689,Lough Scolban,photo_gate,imgs_1
GB,TLN0G,Fermanagh and Omagh,lake,,14,13,osm:r3635807,Lower Lough MacNean,photo_gate,imgs_1
GB,TLN0G,Fermanagh and Omagh,lake,,14,13,osm:r58902,Lough Erne Upper,photo_gate,imgs_1
GB,TLN0G,Fermanagh and Omagh,lake,,14,13,wd:Q24639390,Lough Macnean Lower,photo_gate,imgs_2
GB,TLN0G,Fermanagh and Omagh,lake,,14,13,osm:w180175175,Race Course Lough,photo_gate,imgs_1
GB,TLN0G,Fermanagh and Omagh,lake,,14,13,osm:r2370149,Killyfole Lough,photo_gate,imgs_0
GB,TLN0G,Fermanagh and Omagh,lake,,14,13,osm:r3008834,Back Lough,photo_gate,imgs_0
AT,AT124,Waldviertel,lake,,12,12,wd:Q1614145,Herrensee,photo_gate,imgs_2
AT,AT124,Waldviertel,lake,,12,12,wd:Q1417413,Ottenstein Reservoir,photo_gate,imgs_2
AT,AT124,Waldviertel,lake,,12,12,osm:w884414244,Stadtsee,photo_gate,imgs_0
AT,AT124,Waldviertel,lake,,12,12,osm:w360300886,Gmünder Strandbad,photo_gate,imgs_0
AT,AT124,Waldviertel,lake,,12,12,osm:r2044826,Stausee Dobra,photo_gate,imgs_2
AT,AT124,Waldviertel,lake,,12,12,osm:w80377836,Campingplatz Lichtenfels,photo_gate,imgs_1
AT,AT124,Waldviertel,lake,,12,12,wd:Q2430106,Thurnberger Stausee,photo_gate,imgs_2
AT,AT124,Waldviertel,lake,,12,12,osm:w165962195,Bergfried,photo_gate,imgs_0
AT,AT124,Waldviertel,lake,,12,12,wd:Q2334689,Stausee Dobra,photo_gate,imgs_3
AT,AT124,Waldviertel,lake,,12,12,wd:Q99476585,Schlesingerteich,photo_gate,imgs_1
AT,AT124,Waldviertel,lake,,12,12,wd:Q14638550,Frauenwieserteich,photo_gate,imgs_1
AT,AT124,Waldviertel,lake,,12,12,osm:w360300886,Gmünder Strandbad,photo_gate,imgs_0
CZ,CZ053,Pardubický kraj,lake,,15,12,wd:Q43523849,Mělické písníky,photo_gate,imgs_1
CZ,CZ053,Pardubický kraj,lake,,15,12,wd:Q45897382,Písník Hrádek,photo_gate,imgs_2
CZ,CZ053,Pardubický kraj,lake,,15,12,wd:Q45898303,Oplatil I,photo_gate,imgs_3
CZ,CZ053,Pardubický kraj,lake,,15,12,wd:Q43523932,Staré Labe u Lohenic,photo_gate,imgs_2
CZ,CZ053,Pardubický kraj,lake,,15,12,wd:Q57496135,Duhová jezera,photo_gate,imgs_3
CZ,CZ053,Pardubický kraj,lake,,15,12,wd:Q12036065,Matiční jezero,photo_gate,imgs_3
CZ,CZ053,Pardubický kraj,lake,,15,12,wd:Q44208386,Polábek,photo_gate,imgs_1
CZ,CZ053,Pardubický kraj,lake,,15,12,wd:Q11752209,Křižanovice I Reservoir,photo_gate,imgs_2
CZ,CZ053,Pardubický kraj,lake,,15,12,wd:Q45125330,Čičák,photo_gate,imgs_3
CZ,CZ053,Pardubický kraj,lake,,15,12,wd:Q115750038,Pařížov Reservoir,floor_pool,score_4.6_below_5.4
CZ,CZ053,Pardubický kraj,lake,,15,12,wd:Q41960424,Mrtvé rameno Labe v Polabinách,photo_gate,imgs_1
CZ,CZ053,Pardubický kraj,lake,,15,12,wd:Q30938704,Hamry Reservoir,photo_gate,imgs_1
CZ,CZ064,Jihomoravský kraj,lake,,16,12,osm:w51260099,Celničný rybník,photo_gate,imgs_0
CZ,CZ064,Jihomoravský kraj,lake,,16,12,osm:w51036761,Cihelný rybník,photo_gate,imgs_0
CZ,CZ064,Jihomoravský kraj,lake,,16,12,osm:w51036763,Hraniční rybník,photo_gate,imgs_0
CZ,CZ064,Jihomoravský kraj,lake,,16,12,osm:w164425698,Hardegg vista,floor_pool,score_4.9_below_5.4
CZ,CZ064,Jihomoravský kraj,lake,,16,12,osm:w51263567,Františkův rybník,photo_gate,imgs_1
CZ,CZ064,Jihomoravský kraj,lake,,16,12,osm:w51264249,Šibeník,photo_gate,imgs_1
CZ,CZ064,Jihomoravský kraj,lake,,16,12,osm:w51264247,Nový rybník,photo_gate,imgs_1
CZ,CZ064,Jihomoravský kraj,lake,,16,12,osm:w50949781,Bažina,photo_gate,imgs_0
CZ,CZ064,Jihomoravský kraj,lake,,16,12,wd:Q2390883,Vodní nádrž Letovice,photo_gate,imgs_3
CZ,CZ064,Jihomoravský kraj,lake,,16,12,osm:r417920,vodní nádrž Vranov,photo_gate,imgs_4
CZ,CZ064,Jihomoravský kraj,lake,,16,12,osm:w942690766,Brněnská přehrada - Kozí horka,photo_gate,imgs_2
CZ,CZ064,Jihomoravský kraj,lake,,16,12,wd:Q63079589,U Kadlcova Mlýna,photo_gate,imgs_2
DE,DE123,"Karlsruhe, Landkreis",lake,,12,12,osm:r1984975,Erlichsee,photo_gate,imgs_1
DE,DE123,"Karlsruhe, Landkreis",lake,,12,12,osm:w1078313897,Baggersee Mittelgrund,photo_gate,imgs_0
DE,DE80N,Vorpommern-Greifswald,lake,,14,12,osm:w1420894311,Campingplatz Kamminke,photo_gate,imgs_3
DE,DE80N,Vorpommern-Greifswald,lake,,14,12,osm:w91078356,Stichlingsgraben,photo_gate,imgs_0
DE,DE80N,Vorpommern-Greifswald,lake,,14,12,osm:w7707519,Schwarzes Herz,photo_gate,imgs_1
DE,DE80N,Vorpommern-Greifswald,lake,,14,12,wd:Q828452,Großer Mützelburger See,photo_gate,imgs_1
DE,DE80N,Vorpommern-Greifswald,lake,,14,12,osm:w7707518,Wolgastsee,photo_gate,imgs_1
DE,DE80N,Vorpommern-Greifswald,lake,,14,12,osm:w203526867,Lenzensee,photo_gate,imgs_0
DE,DE409,Märkisch-Oderland,lake,,14,12,wd:Q2354065,Straussee,photo_gate,imgs_3
DE,DE409,Märkisch-Oderland,lake,,14,12,osm:w97882035,Alte Oder,photo_gate,imgs_1
DE,DE409,Märkisch-Oderland,lake,,14,12,osm:w367245106,Badestelle Alte Oder,photo_gate,imgs_1
DE,DE409,Märkisch-Oderland,lake,,14,12,osm:w90834215,Vorflutkanal Kietz,photo_gate,imgs_1
DE,DE409,Märkisch-Oderland,lake,,14,12,osm:w70909059,Alter Oderarm bei Reitwein,photo_gate,imgs_0
DE,DE409,Märkisch-Oderland,lake,,14,12,osm:w27917535,Kunersdorfer See,photo_gate,imgs_0
DE,DE409,Märkisch-Oderland,lake,,14,12,osm:w29271936,Großer Krebssee,photo_gate,imgs_0
DE,DE40B,Oberspreewald-Lausitz,lake,,12,12,wd:Q149660,Senftenberger See,photo_gate,imgs_3
DE,DE40B,Oberspreewald-Lausitz,lake,,12,12,wd:Q160841,Großräschener See,photo_gate,imgs_2
DE,DEF08,Ostholstein,lake,,15,12,,,,
DE,DEF0A,Plön,lake,,14,12,wd:Q454961,Kleiner Plöner See,photo_gate,imgs_3
DK,DK041,Vestjylland,lake,,17,12,wd:Q12315027,Hald Sø,photo_gate,imgs_3
DK,DK041,Vestjylland,lake,,17,12,wd:Q23746990,Kilen,photo_gate,imgs_2
DK,DK041,Vestjylland,lake,,17,12,wd:Q23734767,Tjele Langsø,photo_gate,imgs_2
DK,DK041,Vestjylland,lake,,17,12,wd:Q12315138,Hampen Sø,photo_gate,imgs_2
DK,DK041,Vestjylland,lake,,17,12,wd:Q3435140,Stadil Fjord,photo_gate,imgs_1
DK,DK041,Vestjylland,lake,,17,12,wd:Q23736643,Sunds Sø,photo_gate,imgs_2
FR,FRK25,Loire,lake,,12,12,wd:Q3215573,Lac de Villerest,photo_gate,imgs_2
FR,FRK25,Loire,lake,,12,12,wd:Q3215454,Lac de Grangent,photo_gate,imgs_3
FR,FRK25,Loire,lake,,12,12,osm:w500730286,Camping d'Arpheuilles,photo_gate,imgs_0
FR,FRK25,Loire,lake,,12,12,osm:w170978321,Plan d'eau d'Usson-en-Forez,photo_gate,imgs_0
FR,FRK25,Loire,lake,,12,12,osm:w426210212,Camping de la Roche,photo_gate,imgs_1
FR,FRK25,Loire,lake,,12,12,osm:w316272066,Plan d'eau de Noirétable,photo_gate,imgs_0
FR,FRK25,Loire,lake,,12,12,osm:w569565582,Parc Résidentiel de Loisirs - Les Chalets du Haut-Forez,photo_gate,imgs_0
FR,FRK25,Loire,lake,,12,12,osm:w224464182,Centre nautique Yves Nayme,photo_gate,imgs_0
HU,HU120,Pest,lake,,14,12,osm:w449069353,Lupa-tó,photo_gate,imgs_2
HU,HU120,Pest,lake,,14,12,osm:r187301,Ráckevei (Soroksári)-Duna,photo_gate,imgs_0
HU,HU120,Pest,lake,,14,12,wd:Q111153528,Cseres Lake,photo_gate,imgs_2
HU,HU120,Pest,lake,,14,12,wd:Q56690772,Pannónia Lake,photo_gate,imgs_2
HU,HU120,Pest,lake,,14,12,osm:w497966649,Gödi strand,photo_gate,imgs_0
HU,HU120,Pest,lake,,14,12,wd:Q20439841,"Lake Jági, Pilisszentiván",photo_gate,imgs_4
HU,HU120,Pest,lake,,14,12,wd:Q26258965,Házirét reservoir,photo_gate,imgs_2
HU,HU120,Pest,lake,,14,12,wd:Q28722718,Határrét reservoir,photo_gate,imgs_3
HU,HU120,Pest,lake,,14,12,wd:Q20439127,Slötyi,photo_gate,imgs_3
HU,HU120,Pest,lake,,14,12,wd:Q1008256,Lake Garancsi,photo_gate,imgs_3
HU,HU120,Pest,lake,,14,12,osm:w512974829,Kemence Önkorrmányzati Nagyvölgy Strand,photo_gate,imgs_0
FR,FRI23,Haute-Vienne,lake,,12,12,wd:Q3215539,Lac de Saint-Pardoux,photo_gate,imgs_3
FR,FRI23,Haute-Vienne,lake,,12,12,osm:w1159046724,Camping du Lac de St-Pardoux,photo_gate,imgs_1
FR,FRI23,Haute-Vienne,lake,,12,12,osm:w39345143,Étang de Sagnat,photo_gate,imgs_0
FR,FRI23,Haute-Vienne,lake,,12,12,osm:w388533647,Les Pignons Verts,photo_gate,imgs_0
FR,FRI23,Haute-Vienne,lake,,12,12,wd:Q3215728,Lac du Pont à l'Age,photo_gate,imgs_1
FR,FRI23,Haute-Vienne,lake,,12,12,osm:w174176594,Plan d'eau de Cognac-la-Forêt,photo_gate,imgs_0
FR,FRI23,Haute-Vienne,lake,,12,12,osm:w176785682,Plage de Nergout,photo_gate,imgs_0
FR,FRI23,Haute-Vienne,lake,,12,12,osm:w1378174640,Zone de baignade de Nergout,photo_gate,imgs_0
FR,FRI34,Vienne,lake,,12,12,osm:r10043210,Lac de Saint Cyr,photo_gate,imgs_0
FR,FRI34,Vienne,lake,,12,12,osm:w656986716,Camping du Lac de Saint-Cyr,photo_gate,imgs_0
FR,FRI34,Vienne,lake,,12,12,osm:w84242391,Centre Aquatique,photo_gate,imgs_1
FR,FRI34,Vienne,lake,,12,12,osm:w377778774,Camping de Vauchiron,photo_gate,imgs_0
FR,FRI34,Vienne,lake,,12,12,osm:w216923675,Parking Horloge,photo_gate,imgs_0
FR,FRI34,Vienne,lake,,12,12,osm:w545900317,Base de Loisirs de Vauchiron,photo_gate,imgs_0
FR,FRI34,Vienne,lake,,12,12,osm:w56216023,La Creuse,photo_gate,imgs_0
FR,FRI34,Vienne,lake,,12,12,osm:w377778772,La Plage,photo_gate,imgs_0
FR,FRH01,Côtes-d’Armor,lake,,14,12,osm:w115118275,Parking Saint-Sieu,photo_gate,imgs_2
FR,FRH01,Côtes-d’Armor,lake,,14,12,osm:w385324966,Plage de Saint-Sieu,photo_gate,imgs_2
FR,FRH01,Côtes-d’Armor,lake,,14,12,osm:w207871873,Camping municipal de Saint-Jacut-de-la-Mer,photo_gate,imgs_1
FR,FRH01,Côtes-d’Armor,lake,,14,12,osm:w120677016,Plage de la Banche,photo_gate,imgs_2
IT,ITH35,Venezia,lake,,14,12,osm:r18053624,Laguna di Baseleghe,photo_gate,imgs_0
IT,ITH35,Venezia,lake,,14,12,osm:w196818812,Capalonga,photo_gate,imgs_0
IT,ITH35,Venezia,lake,,14,12,osm:w199391372,Il Tridente,photo_gate,imgs_0
IT,ITH35,Venezia,lake,,14,12,osm:w149071952,Piscina Communale,photo_gate,imgs_0
IT,ITH35,Venezia,lake,,14,12,osm:w26515971,Camping Lido,photo_gate,imgs_0
IT,ITH35,Venezia,lake,,14,12,wd:Q3216286,Lagune di Caorle,photo_gate,imgs_1
LT,LT028,Telšių apskritis,lake,,14,12,wd:Q12664718,Mastis,photo_gate,imgs_4
LT,LT028,Telšių apskritis,lake,,14,12,wd:Q14918903,Germantas,photo_gate,imgs_1
LT,LT028,Telšių apskritis,lake,,14,12,wd:Q13191670,Beržoras Lake,photo_gate,imgs_0
LT,LT028,Telšių apskritis,lake,,14,12,wd:Q14919278,Plinkšių Lake,photo_gate,imgs_2
LT,LT028,Telšių apskritis,lake,,14,12,wd:Q14919532,Ilgis,photo_gate,imgs_1
LT,LT028,Telšių apskritis,lake,,14,12,wd:Q12672585,Sedos Lake,photo_gate,imgs_1
LT,LT028,Telšių apskritis,lake,,14,12,wd:Q12667901,Pakastuvos Lake,photo_gate,imgs_0
LT,LT028,Telšių apskritis,lake,,14,12,wd:Q13193630,Ruškis,photo_gate,imgs_2
LT,LT028,Telšių apskritis,lake,,14,12,osm:w604226966,Laižuvos tv.,photo_gate,imgs_0
LT,LT028,Telšių apskritis,lake,,14,12,osm:r8359908,Leckavos tv.,photo_gate,imgs_0
LT,LT028,Telšių apskritis,lake,,14,12,osm:r8403998,Pikelių tv.,photo_gate,imgs_0
HU,HU321,Hajdú-Bihar,lake,,13,12,osm:r11878189,Békás-tó,photo_gate,imgs_3
HU,HU321,Hajdú-Bihar,lake,,13,12,osm:w492551430,Aqua-Palace,photo_gate,imgs_1
HU,HU321,Hajdú-Bihar,lake,,13,12,osm:w661176632,Aquaticum strandfürdő,photo_gate,imgs_0
HU,HU321,Hajdú-Bihar,lake,,13,12,osm:w219651101,Debreceni Sportuszoda,photo_gate,imgs_0
HU,HU321,Hajdú-Bihar,lake,,13,12,osm:w287306376,Ködszínház,photo_gate,imgs_0
HU,HU321,Hajdú-Bihar,lake,,13,12,osm:r3289718,Keleti-főcsatorna,photo_gate,imgs_1
HU,HU321,Hajdú-Bihar,lake,,13,12,osm:r8162320,Pince-lapos-tó,photo_gate,imgs_0
HU,HU321,Hajdú-Bihar,lake,,13,12,osm:r1756213,III.-IV. tó,photo_gate,imgs_0
HU,HU321,Hajdú-Bihar,lake,,13,12,osm:r1756210,VIII. tó,photo_gate,imgs_0
HU,HU321,Hajdú-Bihar,lake,,13,12,osm:w228387549,I.-II. tó,photo_gate,imgs_0
HU,HU321,Hajdú-Bihar,lake,,13,12,osm:r7445438,Nagybánya,photo_gate,imgs_0
HU,HU321,Hajdú-Bihar,lake,,13,12,osm:w198345906,Kisbánya,photo_gate,imgs_0
IE,IE053,South-West ,lake,,18,12,osm:w907026030,Derrynane Bay Beach,photo_gate,imgs_2
IE,IE053,South-West ,lake,,18,12,osm:w358699088,Derrynane Beach,photo_gate,imgs_2
IE,IE053,South-West ,lake,,18,12,wd:Q22084020,Inniscarra Lake,photo_gate,imgs_3
IE,IE053,South-West ,lake,,18,12,osm:w256859657,Ownahincha Strand (West),photo_gate,imgs_2
IE,IE053,South-West ,lake,,18,12,osm:w256860725,Warren Beach,photo_gate,imgs_1
IE,IE053,South-West ,lake,,18,12,osm:w347904652,The Warren,photo_gate,imgs_0
IE,IE053,South-West ,lake,,18,12,osm:w57734398,Banna Strand,photo_gate,imgs_3
IE,IE053,South-West ,lake,,18,12,osm:w256859658,Little Island Strand,photo_gate,imgs_0
IE,IE053,South-West ,lake,,18,12,osm:w225253340,Rossbeigh Beach,photo_gate,imgs_3
IE,IE053,South-West ,lake,,18,12,osm:w147271392,Aura Leisure Centre,photo_gate,imgs_0
IE,IE053,South-West ,lake,,18,12,osm:w1015686005,Bunavalla Pier,photo_gate,imgs_0
IE,IE053,South-West ,lake,,18,12,osm:w256859659,The Long Strand,photo_gate,imgs_0
NO,NO093,Vestfold,lake,,15,12,wd:Q1773385,Goksjø,photo_gate,imgs_1
NO,NO093,Vestfold,lake,,15,12,osm:w563127798,Brygga,photo_gate,imgs_0
NO,NO093,Vestfold,lake,,15,12,osm:w556888106,Skallevoldstranda,photo_gate,imgs_0
NO,NO093,Vestfold,lake,,15,12,osm:w170368592,Skjellvika,photo_gate,imgs_0
NO,NO093,Vestfold,lake,,15,12,osm:w127068466,Blokkebukta camping,photo_gate,imgs_0
NO,NO093,Vestfold,lake,,15,12,osm:w135450559,Helgeroa Småbåthavn,photo_gate,imgs_0
NO,NO093,Vestfold,lake,,15,12,osm:w1216709953,Steinbrygga båthavn,photo_gate,imgs_0
NO,NO093,Vestfold,lake,,15,12,osm:w405899010,Svinevika,photo_gate,imgs_0
NO,NO093,Vestfold,lake,,15,12,osm:w681357954,Gammel molo sør (124-147),photo_gate,imgs_0
NO,NO093,Vestfold,lake,,15,12,osm:w525061392,Gammel molo sør (200-225),photo_gate,imgs_0
NO,NO093,Vestfold,lake,,15,12,osm:w163116818,Helgeroa Gjestehavn,photo_gate,imgs_0
NO,NO093,Vestfold,lake,,15,12,osm:w134407146,Nevlunghavn,photo_gate,imgs_2
NL,NL211,Noord-Overijssel,lake,,14,12,wd:Q2706854,Beulakerwijde,photo_gate,imgs_2
NL,NL211,Noord-Overijssel,lake,,14,12,wd:Q2571412,Wijthmenerplas,photo_gate,imgs_2
NL,NL211,Noord-Overijssel,lake,,14,12,osm:r3713387,Bovenwijde,photo_gate,imgs_2
NL,NL211,Noord-Overijssel,lake,,14,12,wd:Q15877471,Kleine Belterwijde,photo_gate,imgs_2
NL,NL211,Noord-Overijssel,lake,,14,12,wd:Q15885714,Schutsloterwijde,photo_gate,imgs_4
NL,NL211,Noord-Overijssel,lake,,14,12,wd:Q2445136,Milligerplas,photo_gate,imgs_1
NL,NL211,Noord-Overijssel,lake,,14,12,wd:Q4476746,Giethoornsche Meer,photo_gate,imgs_3
NL,NL211,Noord-Overijssel,lake,,14,12,wd:Q15879462,Molengat,photo_gate,imgs_4
NL,NL342,Overig Zeeland,lake,,14,12,wd:Q1546115,Grevelingen,photo_gate,imgs_3
NL,NL342,Overig Zeeland,lake,,14,12,wd:Q2115147,Veerse Gat,photo_gate,imgs_2
NL,NL342,Overig Zeeland,lake,,14,12,osm:w46153661,Jachtclub Veere,photo_gate,imgs_2
NL,NL342,Overig Zeeland,lake,,14,12,wd:Q63152704,Pluimpot,photo_gate,imgs_0
NL,NL342,Overig Zeeland,lake,,14,12,osm:w289444300,WSV Den Osse,photo_gate,imgs_0
NL,NL342,Overig Zeeland,lake,,14,12,wd:Q3576055,Zoommeer,photo_gate,imgs_0
NL,NL366,Groot-Rijnmond,lake,,15,12,wd:Q431283,Brielse meer,photo_gate,imgs_2
NL,NL366,Groot-Rijnmond,lake,,15,12,osm:r8115766,Haringvliet,photo_gate,imgs_3
NL,NL366,Groot-Rijnmond,lake,,15,12,wd:Q2466706,Rottemeren,photo_gate,imgs_4
NL,NL366,Groot-Rijnmond,lake,,15,12,wd:Q19205692,Grevelingenmeer,photo_gate,imgs_3
NL,NL366,Groot-Rijnmond,lake,,15,12,wd:Q2046539,Oostvoornse Meer,photo_gate,imgs_0
NL,NL366,Groot-Rijnmond,lake,,15,12,wd:Q2784602,Bergse Plassen,photo_gate,imgs_3
NL,NL366,Groot-Rijnmond,lake,,15,12,wd:Q2437978,Volkerak,photo_gate,imgs_4
PL,PL418,Poznański,lake,,16,12,wd:Q11726264,Jezioro Dymaczewskie,photo_gate,imgs_1
PL,PL418,Poznański,lake,,16,12,wd:Q11726922,Witobelskie Lake,photo_gate,imgs_3
PL,PL418,Poznański,lake,,16,12,wd:Q11726716,Jezioro Raczyńskie,photo_gate,imgs_2
PL,PL418,Poznański,lake,,16,12,osm:w84974876,Jezioro Niepruszewskie,photo_gate,imgs_1
PL,PL418,Poznański,lake,,16,12,wd:Q11726149,Jezioro Bytyńskie,photo_gate,imgs_3
SK,SK023,Nitriansky kraj,lake,,13,12,osm:w4310172,Dunaj,floor_pool,score_5.2_below_5.4
SK,SK023,Nitriansky kraj,lake,,13,12,osm:w53584095,Virtské jazero,photo_gate,imgs_0
SK,SK023,Nitriansky kraj,lake,,13,12,osm:w38240875,Číčovské mŕtve rameno,photo_gate,imgs_0
SK,SK023,Nitriansky kraj,lake,,13,12,osm:w249343201,Patinský kanál,photo_gate,imgs_0
SK,SK023,Nitriansky kraj,lake,,13,12,osm:r9577831,Tona,photo_gate,imgs_0
SK,SK023,Nitriansky kraj,lake,,13,12,osm:w163430787,Swimming pool,photo_gate,imgs_1
SK,SK023,Nitriansky kraj,lake,,13,12,osm:w294752345,Vadas Thermal Resort,photo_gate,imgs_1
SK,SK023,Nitriansky kraj,lake,,13,12,osm:w122545546,Vodná nádrž Bátovce,photo_gate,imgs_0
SK,SK023,Nitriansky kraj,lake,,13,12,osm:w170097778,Termálne kúpalisko,photo_gate,imgs_0
SK,SK023,Nitriansky kraj,lake,,13,12,osm:w140187631,Jazierko,photo_gate,imgs_0
SK,SK023,Nitriansky kraj,lake,,13,12,osm:w782344456,Letné kúpalisko Topoľčany,photo_gate,imgs_0
SK,SK023,Nitriansky kraj,lake,,13,12,osm:w237996297,Bazén s termálnou vodou,photo_gate,imgs_0
GB,TLC42,Northumberland,lake,,12,12,wd:Q5180597,Crag Lough,photo_gate,imgs_2
GB,TLC42,Northumberland,lake,,12,12,wd:Q1630735,Kielder Water,floor_pool,score_4.7_below_5.4
GB,TLC42,Northumberland,lake,,12,12,wd:Q5465157,Fontburn,photo_gate,imgs_2
GB,TLC42,Northumberland,lake,,12,12,wd:Q5604294,Greenlee Lough,photo_gate,imgs_1
GB,TLC42,Northumberland,lake,,12,12,wd:Q4975337,Broomlee Lough,photo_gate,imgs_1
GB,TLC42,Northumberland,lake,,12,12,wd:Q4280759,Sweethope Loughs,photo_gate,imgs_2
GB,TLH42,Cambridgeshire CC,lake,,12,12,wd:Q5592486,Grafham Water,photo_gate,imgs_1
GB,TLH42,Cambridgeshire CC,lake,,12,12,osm:w1355421413,South Lake Waterpark,photo_gate,imgs_3
GB,TLH42,Cambridgeshire CC,lake,,12,12,osm:w23793778,Jesus Green Lido,photo_gate,imgs_1
GB,TLH42,Cambridgeshire CC,lake,,12,12,osm:w1208130423,Sheep's Green DBW,photo_gate,imgs_0
GB,TLH42,Cambridgeshire CC,lake,,12,12,osm:w169783540,River Cam,photo_gate,imgs_1
GB,TLH42,Cambridgeshire CC,lake,,12,12,osm:w113757729,River Great Ouse,photo_gate,imgs_0
GB,TLL41,Mid Wales,lake,,12,12,wd:Q3403911,Llyn Cwm Llwch,photo_gate,imgs_2
GB,TLL41,Mid Wales,lake,,12,12,wd:Q2704839,Llangorse Lake,floor_pool,score_4.5_below_5.4
GB,TLL41,Mid Wales,lake,,12,12,wd:Q2248798,Lake Vyrnwy,photo_gate,imgs_3
GB,TLL41,Mid Wales,lake,,12,12,wd:Q1429038,Claerwen Reservoir,floor_pool,score_4.1_below_5.4
GB,TLL41,Mid Wales,lake,,12,12,wd:Q7334579,Llyn Brianne,score_gate,score_3.8_below_5.4
GB,TLL41,Mid Wales,lake,,12,12,wd:Q6964263,Nant-y-moch Reservoir,photo_gate,imgs_1
GB,TLM02,"Perth and Kinross, and Stirling",lake,,17,12,wd:Q1867269,Loch Katrine,floor_pool,score_4.7_below_5.4
AT,AT112,Nordburgenland,lake,,12,11,wd:Q6396,Neusiedl Lake,photo_gate,imgs_1
AT,AT112,Nordburgenland,lake,,12,11,wd:Q1166740,Darscho,photo_gate,imgs_3
AT,AT112,Nordburgenland,lake,,12,11,wd:Q1980477,Neufelder See,photo_gate,imgs_3
AT,AT112,Nordburgenland,lake,,12,11,wd:Q21879120,Große Neubruchlacke,photo_gate,imgs_2
AT,AT112,Nordburgenland,lake,,12,11,wd:Q21864147,Zicksee,photo_gate,imgs_1
AT,AT112,Nordburgenland,lake,,12,11,wd:Q21879115,Sechsmahdlacke,photo_gate,imgs_1
AT,AT112,Nordburgenland,lake,,12,11,wd:Q107673316,Oberer Stinkersee,photo_gate,imgs_3
AT,AT112,Nordburgenland,lake,,12,11,wd:Q1323680,Lange Lacke,photo_gate,imgs_2
AT,AT112,Nordburgenland,lake,,12,11,wd:Q21879113,Ochsenbrunnlacke,photo_gate,imgs_2
AT,AT112,Nordburgenland,lake,,12,11,wd:Q865774,Birnbaumlacke,photo_gate,imgs_2
AT,AT112,Nordburgenland,lake,,12,11,wd:Q6396,Neusiedl Lake,photo_gate,imgs_1
BE,BE225,Arr. Maaseik,lake,,12,11,wd:Q2702921,Heerenlaak,photo_gate,imgs_3
BE,BE225,Arr. Maaseik,lake,,12,11,osm:r1585681,Vissenakkerplas,photo_gate,imgs_0
BE,BE225,Arr. Maaseik,lake,,12,11,osm:w1531380842,Zwemzone De Steenberg,photo_gate,imgs_0
BE,BE225,Arr. Maaseik,lake,,12,11,osm:w1110525878,Dagstrand De Steenberg,photo_gate,imgs_0
BE,BE225,Arr. Maaseik,lake,,12,11,osm:w209169730,Parking De Steenberg,photo_gate,imgs_0
BE,BE225,Arr. Maaseik,lake,,12,11,osm:w113229820,"Jachthaven, De Spaanjerd",photo_gate,imgs_0
BE,BE225,Arr. Maaseik,lake,,12,11,osm:w938189535,Aqua Garden,photo_gate,imgs_0
BE,BE225,Arr. Maaseik,lake,,12,11,osm:w100575128,Camping Papillon,photo_gate,imgs_0
BE,BE225,Arr. Maaseik,lake,,12,11,osm:w28630221,Grote Plas,photo_gate,imgs_0
BE,BE225,Arr. Maaseik,lake,,12,11,osm:w231706740,Kampeerverblijfpark De Spaanjerd,photo_gate,imgs_0
BE,BE225,Arr. Maaseik,lake,,12,11,osm:r1585681,Vissenakkerplas,photo_gate,imgs_0
CZ,CZ080,Moravskoslezský kraj,lake,,16,11,wd:Q12019813,Hlučínské jezero,photo_gate,imgs_3
CZ,CZ080,Moravskoslezský kraj,lake,,16,11,wd:Q12027656,Kacabaja,photo_gate,imgs_2
CZ,CZ080,Moravskoslezský kraj,lake,,16,11,wd:Q96313104,Vrbické jezero,photo_gate,imgs_2
CZ,CZ080,Moravskoslezský kraj,lake,,16,11,wd:Q11922873,Baška Reservoir,photo_gate,imgs_3
CZ,CZ080,Moravskoslezský kraj,lake,,16,11,wd:Q96158132,Stříbrné jezero,photo_gate,imgs_1
CZ,CZ080,Moravskoslezský kraj,lake,,16,11,wd:Q47192200,Šance Reservoir,photo_gate,imgs_3
CZ,CZ080,Moravskoslezský kraj,lake,,16,11,wd:Q122871885,Mořské oko,photo_gate,imgs_3
CZ,CZ080,Moravskoslezský kraj,lake,,16,11,wd:Q3508155,Morávka Reservoir,photo_gate,imgs_3
CZ,CZ080,Moravskoslezský kraj,lake,,16,11,wd:Q11923305,Údolní nádrž Kružberk,floor_pool,score_4.7_below_5.4
CZ,CZ080,Moravskoslezský kraj,lake,,16,11,osm:w174821280,Kališovo jezero,photo_gate,imgs_0
CZ,CZ080,Moravskoslezský kraj,lake,,16,11,osm:w51008909,Koupaliště Píšť,photo_gate,imgs_2
DE,DE124,Rastatt,lake,,11,11,wd:Q14931740,Schurmsee,photo_gate,imgs_1
DE,DE124,Rastatt,lake,,11,11,wd:Q1614163,Herrenwieser See,photo_gate,imgs_1
DE,DE124,Rastatt,lake,,11,11,osm:r3003274,Auer Altrhein,photo_gate,imgs_3
DE,DE124,Rastatt,lake,,11,11,osm:r7543924,Illinger Altrhein,photo_gate,imgs_2
DE,DE124,Rastatt,lake,,11,11,osm:w378961897,Badegebiet Baggersee Grauelsbaum,photo_gate,imgs_2
DE,DE124,Rastatt,lake,,11,11,osm:w34291853,Baggersee Sehring,photo_gate,imgs_0
DE,DE124,Rastatt,lake,,11,11,osm:w27581282,Kernsee,photo_gate,imgs_0
DE,DE124,Rastatt,lake,,11,11,osm:w9799238,Erländersee,photo_gate,imgs_0
DE,DE124,Rastatt,lake,,11,11,osm:w4082514,Kriegersee,photo_gate,imgs_0
DE,DE124,Rastatt,lake,,11,11,osm:w4003569,Vogelsee,photo_gate,imgs_0
DE,DE134,Ortenaukreis,lake,,12,11,osm:w26649270,Achernsee,photo_gate,imgs_3
DE,DE134,Ortenaukreis,lake,,12,11,osm:r10000832,Steingrundsee (Peterhafen),photo_gate,imgs_1
DE,DE134,Ortenaukreis,lake,,12,11,osm:w25462226,Baggersee Vogel-Bau,photo_gate,imgs_1
DE,DE134,Ortenaukreis,lake,,12,11,osm:w42732210,Badegebiet Baggersee Helmlingen,photo_gate,imgs_0
DE,DE134,Ortenaukreis,lake,,12,11,osm:r9715732,Badesee Freistett,photo_gate,imgs_0
DE,DE134,Ortenaukreis,lake,,12,11,osm:w26100264,Badebereich Badesee Freistett,photo_gate,imgs_0
DE,DE134,Ortenaukreis,lake,,12,11,osm:w374831070,Hafen Freistett,photo_gate,imgs_0
DE,DE134,Ortenaukreis,lake,,12,11,osm:w34879603,Dreibauerngrund,photo_gate,imgs_0
DE,DE134,Ortenaukreis,lake,,12,11,osm:r17768598,Goldscheuerer Baggersee,photo_gate,imgs_0
DE,DE80M,Nordwestmecklenburg,lake,,12,11,wd:Q975589,Groß Labenzer See,photo_gate,imgs_2
DE,DE80M,Nordwestmecklenburg,lake,,12,11,wd:Q1246423,Neuklostersee,photo_gate,imgs_2
DE,DED2E,Meißen,lake,,11,11,osm:w4243118,Lößnitzbad,photo_gate,imgs_0
DE,DED2E,Meißen,lake,,11,11,osm:w118783635,Am Badesee Coswig-Kötitz,photo_gate,imgs_0
DE,DED52,Leipzig,lake,,12,11,wd:Q1900769,Lake Markkleeberg,photo_gate,imgs_3
DE,DE300,Berlin,lake,,12,11,wd:Q694789,Müggelsee,photo_gate,imgs_2
DE,DE300,Berlin,lake,,12,11,wd:Q3908364,Großer Wannsee,photo_gate,imgs_3
ES,ES412,Burgos,lake,,11,11,wd:Q3380095,Embalse de Sobrón,photo_gate,imgs_1
ES,ES412,Burgos,lake,,11,11,wd:Q11681445,Arlanzón Reservoir,photo_gate,imgs_1
ES,ES412,Burgos,lake,,11,11,wd:Q5830597,embalse de Úzquiza,photo_gate,imgs_1
ES,ES412,Burgos,lake,,11,11,wd:Q3380130,Ordunte reservoir,photo_gate,imgs_1
ES,ES412,Burgos,lake,,11,11,wd:Q128001737,Pozo Negro,photo_gate,imgs_2
ES,ES412,Burgos,lake,,11,11,osm:w174281536,Parking del Edén,photo_gate,imgs_0
ES,ES412,Burgos,lake,,11,11,wd:Q5830432,Castrovido Dam,photo_gate,imgs_1
ES,ES412,Burgos,lake,,11,11,wd:Q17739856,Salinas de Poza de la Sal,photo_gate,imgs_1
ES,ES412,Burgos,lake,,11,11,wd:Q131905827,Alba Reservoir,photo_gate,imgs_1
ES,ES422,Ciudad Real,lake,,11,11,wd:Q2271809,Lagunas de Ruidera,photo_gate,imgs_3
ES,ES422,Ciudad Real,lake,,11,11,wd:Q23979620,Laguna del Rey,photo_gate,imgs_2
ES,ES422,Ciudad Real,lake,,11,11,wd:Q8775327,El Vicario Reservoir,photo_gate,imgs_2
ES,ES422,Ciudad Real,lake,,11,11,wd:Q26940411,Laguna volcánica de La Alberquilla,photo_gate,imgs_0
ES,ES422,Ciudad Real,lake,,11,11,wd:Q5969207,"Laguna de la Posadilla, Valverde",photo_gate,imgs_1
ES,ES422,Ciudad Real,lake,,11,11,wd:Q97172835,Peñarroya Dam,photo_gate,imgs_3
ES,ES422,Ciudad Real,lake,,11,11,wd:Q27513812,Laguna de la Vega,photo_gate,imgs_2
ES,ES422,Ciudad Real,lake,,11,11,wd:Q26939797,Laguna volcánica de Michos,photo_gate,imgs_0
ES,ES422,Ciudad Real,lake,,11,11,wd:Q16561613,Torre de Abraham Reservoir,photo_gate,imgs_2
DK,DK042,Østjylland,lake,,18,11,wd:Q23739977,Skanderborg Sø,photo_gate,imgs_2
DK,DK042,Østjylland,lake,,18,11,wd:Q12322383,Knudsø,photo_gate,imgs_5
DK,DK042,Østjylland,lake,,18,11,osm:r1865365,Gudenå,photo_gate,imgs_1
DK,DK031,Fyn,lake,,14,11,osm:w240320265,Lille Ibjerg Sø,photo_gate,imgs_2
DK,DK031,Fyn,lake,,14,11,osm:r3244828,Tarup Sø,photo_gate,imgs_0
DK,DK031,Fyn,lake,,14,11,wd:Q10418435,Arreskov Lake,photo_gate,imgs_2
DK,DK031,Fyn,lake,,14,11,wd:Q16324358,Ringe Sø,photo_gate,imgs_3
DK,DK031,Fyn,lake,,14,11,wd:Q23743297,Nørresø,photo_gate,imgs_1
DK,DK031,Fyn,lake,,14,11,wd:Q29526114,Brændegård Lake,photo_gate,imgs_3
DK,DK031,Fyn,lake,,14,11,wd:Q23738262,Søby Lake,photo_gate,imgs_1
FR,FRE22,Oise,lake,,11,11,osm:w610534723,Base Nautique de Longueil Sainte-Marie,photo_gate,imgs_0
FR,FRE22,Oise,lake,,11,11,wd:Q3391214,Plan d'eau du Canada,photo_gate,imgs_0
FR,FRE22,Oise,lake,,11,11,osm:w386005707,Manège,photo_gate,imgs_0
FR,FRE22,Oise,lake,,11,11,osm:w273774234,Piscine Georges Bonichot,photo_gate,imgs_0
FR,FRE22,Oise,lake,,11,11,osm:w1540772486,Practice,photo_gate,imgs_0
FR,FRE22,Oise,lake,,11,11,osm:w543387295,Base de Loisirs,photo_gate,imgs_0
FR,FRE22,Oise,lake,,11,11,osm:w556342963,Le Pré des Moines,photo_gate,imgs_0
FR,FRE22,Oise,lake,,11,11,osm:w343272039,Campix,photo_gate,imgs_0
FR,FRE11,Nord,lake,,12,11,osm:w229282019,Le Canal de Furnes,photo_gate,imgs_0
FR,FRE11,Nord,lake,,12,11,osm:w95509916,Étang de la Galoperie,photo_gate,imgs_0
FR,FRE11,Nord,lake,,12,11,osm:w835871743,Camping Domaine des Poteries,photo_gate,imgs_0
FR,FRE11,Nord,lake,,12,11,osm:w71326267,Camping Natura les Prés du Sart,photo_gate,imgs_0
FR,FRE11,Nord,lake,,12,11,osm:w520745148,Plage de Malo-les-Bains,photo_gate,imgs_3
FR,FRE11,Nord,lake,,12,11,wd:Q2272279,Lac du Val-Joly,photo_gate,imgs_2
FR,FRE11,Nord,lake,,12,11,osm:w170084826,Place Paul Asseman,photo_gate,imgs_0
FR,FRE11,Nord,lake,,12,11,wd:Q3591680,Étang de Chabaud-Latour,floor_pool,score_4.2_below_5.4
FR,FRE11,Nord,lake,,12,11,wd:Q57262665,Mer de Flines,photo_gate,imgs_3
ES,ES612,Cádiz,lake,,14,11,wd:Q5369434,Bornos Reservoir,photo_gate,imgs_2
ES,ES612,Cádiz,lake,,14,11,osm:w1465288739,Playa de Los Lances,photo_gate,imgs_1
ES,ES612,Cádiz,lake,,14,11,wd:Q126205813,Embalse de Zahara-el Gastor,photo_gate,imgs_3
ES,ES612,Cádiz,lake,,14,11,wd:Q126206483,Embalse de Charco Redondo,floor_pool,score_5.2_below_5.4
ES,ES612,Cádiz,lake,,14,11,wd:Q3374044,Guadalcacín Reservoir,floor_pool,score_5.1_below_5.4
ES,ES612,Cádiz,lake,,14,11,wd:Q3374719,Los Hurones Reservoir,photo_gate,imgs_1
ES,ES612,Cádiz,lake,,14,11,wd:Q126052613,Laguna de Medina,photo_gate,imgs_2
ES,ES432,Cáceres,lake,,16,11,wd:Q5830428,embalse de Cancho del Fresno,photo_gate,imgs_1
ES,ES432,Cáceres,lake,,16,11,wd:Q3809380,embalse de Plasencia,photo_gate,imgs_1
ES,ES432,Cáceres,lake,,16,11,wd:Q63392467,Guadiloba reservoir,photo_gate,imgs_0
ES,ES432,Cáceres,lake,,16,11,wd:Q6085376,Santa Lucía Reservoir,photo_gate,imgs_2
ES,ES432,Cáceres,lake,,16,11,wd:Q5830572,Talaván Reservoir,photo_gate,imgs_1
ES,ES617,Málaga,lake,,11,11,osm:w474082561,Playa de Artola,photo_gate,imgs_0
ES,ES617,Málaga,lake,,11,11,osm:w544538415,Playa de La Cala - La Butibamba,photo_gate,imgs_3
ES,ES617,Málaga,lake,,11,11,osm:w109608882,Playa El Bombo - El Bombo,photo_gate,imgs_0
ES,ES617,Málaga,lake,,11,11,osm:w109609003,Playa de Las Doradas,photo_gate,imgs_0
ES,ES617,Málaga,lake,,11,11,wd:Q5487545,Gaitanejo Reservoir,photo_gate,imgs_1
ES,ES617,Málaga,lake,,11,11,wd:Q5507199,Fuente de Piedra Lagoon,photo_gate,imgs_2
ES,ES617,Málaga,lake,,11,11,wd:Q5830497,Embalse de la Concepción,photo_gate,imgs_3
ES,ES617,Málaga,lake,,11,11,wd:Q5830452,Embalse de El Limonero,photo_gate,imgs_3
HU,HU232,Somogy,lake,,12,11,osm:r3044241,Ó-Dráva,photo_gate,imgs_0
HU,HU232,Somogy,lake,,12,11,osm:w23564761,Bók,photo_gate,imgs_0
HU,HU232,Somogy,lake,,12,11,osm:r17395388,Garicsi-kavicsbányató,photo_gate,imgs_0
HU,HU232,Somogy,lake,,12,11,osm:w614395501,Fonyód – Bélatelepi szabadstrand,photo_gate,imgs_2
HU,HU232,Somogy,lake,,12,11,osm:w228380740,Nyugati strand,photo_gate,imgs_1
HU,HU232,Somogy,lake,,12,11,osm:w236409671,Juhász Gyula utcai strand,photo_gate,imgs_1
HU,HU232,Somogy,lake,,12,11,osm:w228380573,Berzsenyi utcai szabadstrand,photo_gate,imgs_0
HU,HU232,Somogy,lake,,12,11,osm:w458719301,Hunyady József vitorláskikötő,photo_gate,imgs_0
HU,HU232,Somogy,lake,,12,11,osm:w37334768,Központi strand,photo_gate,imgs_0
HU,HU232,Somogy,lake,,12,11,osm:w834684410,Városi strand - szabadstrand,photo_gate,imgs_0
HU,HU232,Somogy,lake,,12,11,osm:w210755360,Napsugár Kemping,photo_gate,imgs_0
FR,FRK14,Puy-de-Dôme,lake,,15,11,wd:Q3214795,Chambon lake,photo_gate,imgs_1
FR,FRK14,Puy-de-Dôme,lake,,15,11,wd:Q3111685,Gour de Tazenat,photo_gate,imgs_3
FR,FRK14,Puy-de-Dôme,lake,,15,11,wd:Q1666367,Lac Pavin,photo_gate,imgs_2
FR,FRK14,Puy-de-Dôme,lake,,15,11,wd:Q3215664,Lac des Hermines,photo_gate,imgs_2
FR,FRM01,Corse-du-Sud,lake,,12,11,wd:Q3215592,Lac de l'Ospedale,photo_gate,imgs_3
FR,FRM01,Corse-du-Sud,lake,,12,11,wd:Q3215428,Lac de Creno,photo_gate,imgs_1
FR,FRM01,Corse-du-Sud,lake,,12,11,wd:Q16508564,Lac du Rizzanese,photo_gate,imgs_2
FR,FRM01,Corse-du-Sud,lake,,12,11,wd:Q3215529,Lac de Rinella Soprano,photo_gate,imgs_1
FR,FRM01,Corse-du-Sud,lake,,12,11,wd:Q3215577,Lac de Vitalaca,photo_gate,imgs_2
FR,FRM01,Corse-du-Sud,lake,,12,11,wd:Q3215384,Lac de Bracca,photo_gate,imgs_1
FR,FRM01,Corse-du-Sud,lake,,12,11,wd:Q3215571,Figari Reservoir,photo_gate,imgs_1
FR,FRK11,Allier,lake,,13,11,osm:w42255452,Étang de Goule,photo_gate,imgs_0
FR,FRK11,Allier,lake,,13,11,osm:w385046207,Camping de la Borde,photo_gate,imgs_0
FR,FRK11,Allier,lake,,13,11,osm:w42253811,Plan d'eau de Vieure,photo_gate,imgs_0
FR,FRK11,Allier,lake,,13,11,osm:w1411010347,Port de la Rotonde,photo_gate,imgs_3
FR,FRK11,Allier,lake,,13,11,osm:w147280724,Camping de Champ Fossé,photo_gate,imgs_0
FR,FRK11,Allier,lake,,13,11,osm:w42253788,Étang de Saint-Bonnet,photo_gate,imgs_0
FR,FRG02,Maine-et-Loire,lake,,12,11,wd:Q3215477,Lac de Maine,photo_gate,imgs_3
FR,FRG02,Maine-et-Loire,lake,,12,11,osm:w208389371,Les Plages de Loire,photo_gate,imgs_2
FR,FRG02,Maine-et-Loire,lake,,12,11,wd:Q3591715,étang de Saint-Aubin,photo_gate,imgs_1
FR,FRG02,Maine-et-Loire,lake,,12,11,osm:w171127659,Plan d'Eau de Fontaine-Guérin,photo_gate,imgs_0
FR,FRG02,Maine-et-Loire,lake,,12,11,osm:w263323134,Le Champ du Moulin,photo_gate,imgs_0
FR,FRG02,Maine-et-Loire,lake,,12,11,osm:r3509802,La Loire,photo_gate,imgs_1
FR,FRG02,Maine-et-Loire,lake,,12,11,osm:w205769403,Le Louet,photo_gate,imgs_0
FR,FRG03,Mayenne,lake,,11,11,osm:w42254268,Étang de Gué de Selle,photo_gate,imgs_0
FR,FRG03,Mayenne,lake,,11,11,osm:w155082122,Étang des Alleux,photo_gate,imgs_0
FR,FRG03,Mayenne,lake,,11,11,osm:r2727729,Étang de la Rincerie,photo_gate,imgs_0
FR,FRG03,Mayenne,lake,,11,11,osm:w224248894,Base de Loisirs de la Rincerie,photo_gate,imgs_0
FR,FRG03,Mayenne,lake,,11,11,osm:w1275210443,Plage de la rincerie,photo_gate,imgs_0
FR,FRG03,Mayenne,lake,,11,11,osm:w242081951,Parking Bricomarché,photo_gate,imgs_0
FR,FRG03,Mayenne,lake,,11,11,osm:w242081953,Parking Super U,photo_gate,imgs_0
FR,FRG03,Mayenne,lake,,11,11,osm:w57971632,Lac de Haute Mayenne,photo_gate,imgs_0
FR,FRG04,Sarthe,lake,,11,11,osm:r14911119,Lac de loisirs,photo_gate,imgs_0
FR,FRG04,Sarthe,lake,,11,11,osm:w37420157,Plage de la Monnerie,photo_gate,imgs_0
FR,FRG04,Sarthe,lake,,11,11,osm:w1178601177,Ilébulle,photo_gate,imgs_0
FR,FRG04,Sarthe,lake,,11,11,wd:Q124735646,lac de Mansigné,photo_gate,imgs_0
FR,FRG04,Sarthe,lake,,11,11,osm:w113112919,Camping de la Route d'Or,photo_gate,imgs_0
FR,FRG04,Sarthe,lake,,11,11,osm:r1814921,Le Loir,photo_gate,imgs_3
FR,FRG04,Sarthe,lake,,11,11,osm:r6227079,Grand Étang,photo_gate,imgs_0
FR,FRG04,Sarthe,lake,,11,11,osm:w107435942,Grand Parking du Lac de Sillé,photo_gate,imgs_0
FR,FRJ23,Haute-Garonne,lake,,13,11,osm:w135535951,Barrage du plan d'Arem,photo_gate,imgs_0
FR,FRJ23,Haute-Garonne,lake,,13,11,osm:r1365604,Lac de la Montagnette,photo_gate,imgs_2
FR,FRJ23,Haute-Garonne,lake,,13,11,osm:w219456585,Boum de Venasque,photo_gate,imgs_1
FR,FRJ23,Haute-Garonne,lake,,13,11,wd:Q3215731,Lac du Portillon,photo_gate,imgs_2
FR,FRJ23,Haute-Garonne,lake,,13,11,wd:Q3215352,lac d'Oô,photo_gate,imgs_3
FR,FRJ23,Haute-Garonne,lake,,13,11,wd:Q3215190,Lac Saussat,photo_gate,imgs_2
FR,FRJ23,Haute-Garonne,lake,,13,11,wd:Q3215262,Lac Vert,photo_gate,imgs_1
FR,FRJ23,Haute-Garonne,lake,,13,11,wd:Q3215336,Lac d'Espingo,photo_gate,imgs_3
FR,FRJ23,Haute-Garonne,lake,,13,11,wd:Q58300450,Lac Bleu,photo_gate,imgs_2
FR,FRI21,Corrèze,lake,,13,11,wd:Q60853182,Lac de Viam,photo_gate,imgs_3
FR,FRI21,Corrèze,lake,,13,11,wd:Q55597672,Lac des Bariousses,photo_gate,imgs_3
FR,FRI21,Corrèze,lake,,13,11,osm:r6561749,Lac de Bort-les-Orgues,photo_gate,imgs_2
FR,FRI21,Corrèze,lake,,13,11,osm:w42252811,Lac de Marcillac,photo_gate,imgs_0
FR,FRI21,Corrèze,lake,,13,11,osm:w179743761,Domaine du Lac De Soursac,photo_gate,imgs_0
FR,FRI21,Corrèze,lake,,13,11,osm:w150385338,Plan d'eau du Pont-Aubert,photo_gate,imgs_0
FR,FRF32,Meuse ,lake,,11,11,wd:Q1413346,Lac de Madine,photo_gate,imgs_2
FR,FRF32,Meuse ,lake,,11,11,osm:w32241320,Canal Saint-Airy,photo_gate,imgs_2
FR,FRF32,Meuse ,lake,,11,11,osm:w32223250,Canal du Puty,photo_gate,imgs_2
FR,FRF32,Meuse ,lake,,11,11,osm:w24289356,Au Pré l'Évêque,photo_gate,imgs_0
FR,FRF32,Meuse ,lake,,11,11,osm:w94429926,Aquadrome,photo_gate,imgs_0
FR,FRF32,Meuse ,lake,,11,11,osm:w33691103,Parking du 8 Mai 1945,photo_gate,imgs_0
FR,FRF32,Meuse ,lake,,11,11,osm:w139441211,Camping d'Heudicourt,photo_gate,imgs_0
FR,FRF32,Meuse ,lake,,11,11,wd:Q49316637,Étang de Lachaussée,photo_gate,imgs_1
HU,HU311,Borsod-Abaúj-Zemplén,lake,,11,11,wd:Q137596492,Kistokaji bányató,photo_gate,imgs_1
HU,HU311,Borsod-Abaúj-Zemplén,lake,,11,11,osm:w118933526,Kemény Dénes Városi Sportuszoda,photo_gate,imgs_2
HU,HU311,Borsod-Abaúj-Zemplén,lake,,11,11,osm:r3458783,Mályi-tó,photo_gate,imgs_0
HU,HU311,Borsod-Abaúj-Zemplén,lake,,11,11,osm:r2605627,Debreczeni-tó,photo_gate,imgs_0
HU,HU311,Borsod-Abaúj-Zemplén,lake,,11,11,osm:r3404634,Gólem-tó,photo_gate,imgs_0
HU,HU311,Borsod-Abaúj-Zemplén,lake,,11,11,wd:Q18122223,Hámori Lake,floor_pool,score_5.1_below_5.4
HU,HU311,Borsod-Abaúj-Zemplén,lake,,11,11,wd:Q26228560,Rakaca Reservoir,floor_pool,score_5.0_below_5.4
HU,HU311,Borsod-Abaúj-Zemplén,lake,,11,11,wd:Q1175526,Megyer-hegyi Tarn,photo_gate,imgs_2
HU,HU311,Borsod-Abaúj-Zemplén,lake,,11,11,wd:Q111239048,Rudabányai bányató,photo_gate,imgs_2
HU,HU311,Borsod-Abaúj-Zemplén,lake,,11,11,wd:Q137596239,Tarcali bányató,photo_gate,imgs_5
HU,HU311,Borsod-Abaúj-Zemplén,lake,,11,11,wd:Q1160330,Lázbérc Reservoir,floor_pool,score_4.5_below_5.4
HU,HU322,Jász-Nagykun-Szolnok,lake,,11,11,osm:w224092141,Horgász és Családi Kemping,photo_gate,imgs_0
HU,HU322,Jász-Nagykun-Szolnok,lake,,11,11,osm:w1137937848,Mancsos Pancsoló kutyastrand,photo_gate,imgs_1
HU,HU322,Jász-Nagykun-Szolnok,lake,,11,11,osm:r15901723,Örvényi-morotva,photo_gate,imgs_2
HU,HU322,Jász-Nagykun-Szolnok,lake,,11,11,osm:r3206575,Tiszaligeti csónakázó- és horgásztó,photo_gate,imgs_0
HU,HU322,Jász-Nagykun-Szolnok,lake,,11,11,osm:w944013578,Tiszavirág Tanuszoda,photo_gate,imgs_0
HU,HU322,Jász-Nagykun-Szolnok,lake,,11,11,osm:w614542360,Vizilabda Aréna,photo_gate,imgs_0
HU,HU322,Jász-Nagykun-Szolnok,lake,,11,11,osm:w330663377,Alcsi Holt-Tisza,photo_gate,imgs_0
HU,HU322,Jász-Nagykun-Szolnok,lake,,11,11,osm:w319603720,Püspöki strand,photo_gate,imgs_0
HU,HU322,Jász-Nagykun-Szolnok,lake,,11,11,wd:Q112301181,Tiszaroffi árapasztó tározó,photo_gate,imgs_2
HU,HU322,Jász-Nagykun-Szolnok,lake,,11,11,osm:w33235446,Kecskeri tározó,photo_gate,imgs_0
HU,HU322,Jász-Nagykun-Szolnok,lake,,11,11,osm:r311908,Belső-tó,photo_gate,imgs_0
HU,HU331,Bács-Kiskun,lake,,12,11,osm:w174011670,Karapancsai-halastó,photo_gate,imgs_0
HU,HU331,Bács-Kiskun,lake,,12,11,wd:Q2665499,Lake Vadkert,photo_gate,imgs_1
HU,HU331,Bács-Kiskun,lake,,12,11,wd:Q1051426,Lake Szelid,photo_gate,imgs_2
HU,HU331,Bács-Kiskun,lake,,12,11,wd:Q986825,Lake Déllő,photo_gate,imgs_0
HU,HU331,Bács-Kiskun,lake,,12,11,osm:w601334635,szabadstrand,photo_gate,imgs_0
HU,HU331,Bács-Kiskun,lake,,12,11,osm:w932323329,szabadstrand,photo_gate,imgs_0
HU,HU331,Bács-Kiskun,lake,,12,11,osm:w241817203,Kálvin téri parkoló,photo_gate,imgs_0
HU,HU331,Bács-Kiskun,lake,,12,11,osm:w361042204,Jonathermál Kemping,photo_gate,imgs_0
HU,HU331,Bács-Kiskun,lake,,12,11,osm:w932323330,szabadstrand,photo_gate,imgs_0
HU,HU331,Bács-Kiskun,lake,,12,11,osm:w932323331,szabadstrand,photo_gate,imgs_0
HU,HU331,Bács-Kiskun,lake,,12,11,osm:w149043157,Bajai Sportuszoda,photo_gate,imgs_0
PL,PL22C,Tyski,lake,,11,11,wd:Q5575652,Goczałkowice Reservoir,photo_gate,imgs_3
PL,PL22C,Tyski,lake,,11,11,wd:Q9344133,Starganiec,photo_gate,imgs_2
PL,PL22C,Tyski,lake,,11,11,wd:Q4411395,Paprocany Lake,photo_gate,imgs_3
PL,PL22C,Tyski,lake,,11,11,osm:w398815149,Starganiec,photo_gate,imgs_3
PL,PL22C,Tyski,lake,,11,11,osm:w172125555,Zbiornik Łąka,photo_gate,imgs_2
PL,PL22C,Tyski,lake,,11,11,osm:w20188731,Zbiornik Dziećkowice,photo_gate,imgs_0
PL,PL22C,Tyski,lake,,11,11,osm:w143622783,Zbiornik Łysina,photo_gate,imgs_0
PL,PL22C,Tyski,lake,,11,11,osm:w446637552,Ośrodek Sportów Wodnych MORiS,photo_gate,imgs_0
PL,PL416,Kaliski,lake,,11,11,osm:w218274139,Jezioro Szperek,photo_gate,imgs_0
PL,PL416,Kaliski,lake,,11,11,osm:w42616010,Zalew Szałe,photo_gate,imgs_3
PL,PL416,Kaliski,lake,,11,11,osm:w158247194,Jezioro Gołuchowskie,photo_gate,imgs_1
PL,PL416,Kaliski,lake,,11,11,osm:w309639941,Oceanik,photo_gate,imgs_0
PL,PL416,Kaliski,lake,,11,11,osm:r3927952,Jezioro Odrzykowskie,photo_gate,imgs_0
PL,PL416,Kaliski,lake,,11,11,osm:w1147274253,Klub Sportów Wodnych LOK „Vega”,photo_gate,imgs_0
PL,PL416,Kaliski,lake,,11,11,osm:r12977879,Piaski-Szczygliczka,photo_gate,imgs_1
PL,PL416,Kaliski,lake,,11,11,osm:w1307738701,Planowany Zbiornik Wielowieś Klasztorna,photo_gate,imgs_0
PT,PT1C2,Baixo Alentejo,lake,,13,11,wd:Q8775414,Chança dam,photo_gate,imgs_2
PT,PT1C2,Baixo Alentejo,lake,,13,11,osm:w1205519987,Praia Fluvial de Albergaria dos Fusos,photo_gate,imgs_3
PT,PT1C2,Baixo Alentejo,lake,,13,11,osm:r3886594,Albufeira da Tapada Grande,photo_gate,imgs_0
PT,PT1C2,Baixo Alentejo,lake,,13,11,osm:w366137395,Estacionamento da Praia fluvial da Tapada Grande,photo_gate,imgs_0
PT,PT1C2,Baixo Alentejo,lake,,13,11,osm:w297540513,Praia Fluvial da Tapada Grande,photo_gate,imgs_1
PT,PT1C2,Baixo Alentejo,lake,,13,11,osm:w1416276124,Piscina Flutuante,photo_gate,imgs_0
PT,PT1C2,Baixo Alentejo,lake,,13,11,wd:Q8775414,Chança dam,photo_gate,imgs_5
PL,PL617,Inowrocławski,lake,,15,11,wd:Q11727053,Jezioro Żnińskie Duże,photo_gate,imgs_1
PL,PL617,Inowrocławski,lake,,15,11,wd:Q11726172,Jezioro Chomiąskie,photo_gate,imgs_1
PL,PL617,Inowrocławski,lake,,15,11,wd:Q11727054,Jezioro Żnińskie Małe,photo_gate,imgs_3
PL,PL617,Inowrocławski,lake,,15,11,wd:Q11726651,Jezioro Oćwieckie,photo_gate,imgs_0
PL,PL617,Inowrocławski,lake,,15,11,wd:Q11726885,Jezioro Wiecanowskie,photo_gate,imgs_1
PL,PL432,Zielonogórski,lake,,17,11,osm:w179432762,Jezioro Borek,photo_gate,imgs_1
PL,PL432,Zielonogórski,lake,,17,11,osm:w72732507,Hotel and Restaurant Borkiem,photo_gate,imgs_0
PL,PL432,Zielonogórski,lake,,17,11,wd:Q11726927,Jezioro Wojnowskie,photo_gate,imgs_3
PL,PL432,Zielonogórski,lake,,17,11,wd:Q11726916,Wilkowskie,photo_gate,imgs_2
PL,PL432,Zielonogórski,lake,,17,11,wd:Q9183224,Błeszno,photo_gate,imgs_1
GB,TLK73,Gloucestershire CC,lake,,11,11,osm:w148190437,Sandford Parks Lido,photo_gate,imgs_2
GB,TLK73,Gloucestershire CC,lake,,11,11,osm:w217333440,Castle St Car Park,photo_gate,imgs_2
GB,TLK73,Gloucestershire CC,lake,,11,11,osm:w217333435,Sainsbury's and Argos,photo_gate,imgs_0
GB,TLK73,Gloucestershire CC,lake,,11,11,osm:w833804029,Barrow Wake View Point,photo_gate,imgs_3
GB,TLL32,Gwynedd,lake,,14,11,wd:Q3399871,Llyn Padarn,photo_gate,imgs_2
GB,TLL32,Gwynedd,lake,,14,11,wd:Q3397816,Llyn Gwynant,photo_gate,imgs_3
GB,TLL32,Gwynedd,lake,,14,11,wd:Q3405761,Llyn Idwal,photo_gate,imgs_1
GB,TLL42,South West Wales,lake,,11,11,wd:Q3397034,Llyn y Fan Fach,floor_pool,score_5.3_below_5.4
GB,TLL42,South West Wales,lake,,11,11,wd:Q1758395,Llyn Llech Owain,photo_gate,imgs_1
GB,TLL42,South West Wales,lake,,11,11,wd:Q7351387,Lower Lliedi Reservoir,photo_gate,imgs_3
BE,BE211,Arr. Antwerpen,lake,,11,10,osm:w32907782,City Camping Antwerp,photo_gate,imgs_2
BE,BE211,Arr. Antwerpen,lake,,11,10,osm:w19783271,Sint-Annastrand,photo_gate,imgs_1
BE,BE211,Arr. Antwerpen,lake,,11,10,osm:w4309315,Galgenweel,photo_gate,imgs_0
BE,BE211,Arr. Antwerpen,lake,,11,10,wd:Q2363216,wells of ekeren,photo_gate,imgs_2
BE,BE211,Arr. Antwerpen,lake,,11,10,osm:w307288244,Zwemvijver,photo_gate,imgs_0
BE,BE211,Arr. Antwerpen,lake,,11,10,osm:w1329383357,De Molen,photo_gate,imgs_0
BE,BE211,Arr. Antwerpen,lake,,11,10,wd:Q2340432,Putse Moer,floor_pool,score_5.3_below_5.4
BE,BE211,Arr. Antwerpen,lake,,11,10,osm:w4328365,Bonapartedok,photo_gate,imgs_3
BE,BE211,Arr. Antwerpen,lake,,11,10,osm:w44100103,Willemdok,photo_gate,imgs_3
BE,BE211,Arr. Antwerpen,lake,,11,10,wd:Q2340432,Putse Moer,floor_pool,score_4.8_below_5.4
BE,BE213,Arr. Turnhout,lake,,11,10,osm:w24150076,Zilvermeer,photo_gate,imgs_3
BE,BE213,Arr. Turnhout,lake,,11,10,osm:w1017190878,Zilvermeer,photo_gate,imgs_3
BE,BE213,Arr. Turnhout,lake,,11,10,osm:w486874945,Camping Zilvermeer,photo_gate,imgs_3
BE,BE213,Arr. Turnhout,lake,,11,10,osm:w24149775,Lagune,photo_gate,imgs_0
BE,BE213,Arr. Turnhout,lake,,11,10,osm:w114682822,Nuclea,photo_gate,imgs_1
BE,BE213,Arr. Turnhout,lake,,11,10,osm:w232270112,Kampeerverblijfpark Familiestrand,photo_gate,imgs_0
BE,BE213,Arr. Turnhout,lake,,11,10,osm:w725390093,Lilse Bergen,photo_gate,imgs_0
BE,BE213,Arr. Turnhout,lake,,11,10,osm:w67304823,Congovaart,photo_gate,imgs_0
BE,BE213,Arr. Turnhout,lake,,11,10,osm:w44884368,Parking 1,photo_gate,imgs_0
BE,BE213,Arr. Turnhout,lake,,11,10,osm:w55694786,Berkenstrand,photo_gate,imgs_0
CZ,CZ052,Královéhradecký kraj,lake,,13,10,wd:Q130487329,Petrofova jezera,photo_gate,imgs_1
CZ,CZ052,Královéhradecký kraj,lake,,13,10,wd:Q59133364,Správčický písník,photo_gate,imgs_2
CZ,CZ052,Královéhradecký kraj,lake,,13,10,wd:Q59133721,Písník Rusek,photo_gate,imgs_1
CZ,CZ052,Královéhradecký kraj,lake,,13,10,wd:Q56858688,Jesípek,photo_gate,imgs_1
CZ,CZ052,Královéhradecký kraj,lake,,13,10,wd:Q56459079,Plačický písník,photo_gate,imgs_2
CZ,CZ052,Královéhradecký kraj,lake,,13,10,wd:Q11689843,Cesta myslivců,photo_gate,imgs_3
CZ,CZ052,Královéhradecký kraj,lake,,13,10,wd:Q33037945,Labská Reservoir,photo_gate,imgs_3
CZ,CZ052,Královéhradecký kraj,lake,,13,10,wd:Q750137,Les Království Reservoir,photo_gate,imgs_1
CZ,CZ052,Královéhradecký kraj,lake,,13,10,wd:Q56646437,Písník pod Skalkou,photo_gate,imgs_1
CZ,CZ052,Královéhradecký kraj,lake,,13,10,wd:Q56648745,Písník u Puchlovic,photo_gate,imgs_2
DE,DED53,Nordsachsen,lake,,11,10,wd:Q2560025,Werbeliner See,photo_gate,imgs_2
DE,DE929,Region Hannover,lake,,11,10,wd:Q165782,Steinhuder Meer,photo_gate,imgs_1
DE,DEE0E,Wittenberg,lake,,10,10,osm:r110496,Bergwitzsee,photo_gate,imgs_1
DE,DEE0E,Wittenberg,lake,,10,10,osm:w27528872,Bergwitzsee Resort,photo_gate,imgs_0
DE,DE80L,Vorpommern-Rügen,lake,,12,10,,,,
DE,DE949,Emsland,lake,,10,10,osm:r1375938,Speicherbecken Geeste,photo_gate,imgs_2
DE,DE949,Emsland,lake,,10,10,osm:w345223223,Herzogsee,photo_gate,imgs_0
DE,DEA1F,Wesel,lake,,11,10,osm:w9244507,Xantener Südsee,photo_gate,imgs_1
DE,DE40D,Ostprignitz-Ruppin,lake,,13,10,,,,
DE,DE40E,Potsdam-Mittelmark,lake,,11,10,wd:Q1531463,Glindowsee,photo_gate,imgs_3
DE,DE40E,Potsdam-Mittelmark,lake,,11,10,wd:Q1548824,Großer Plessower See,photo_gate,imgs_3
DE,DE239,Schwandorf,lake,,12,10,,,,
DE,DEF06,Herzogtum Lauenburg,lake,,11,10,wd:Q704782,Schaalsee,photo_gate,imgs_3
DE,DEF06,Herzogtum Lauenburg,lake,,11,10,wd:Q1796862,Küchensee,photo_gate,imgs_2
DE,DEF0B,Rendsburg-Eckernförde,lake,,12,10,wd:Q866711,Bistensee,photo_gate,imgs_3
FR,FRC22,Jura,lake,,14,10,wd:Q3215419,Lac de Coiselet,photo_gate,imgs_3
FR,FRC22,Jura,lake,,14,10,wd:Q3215465,Lac de Lamoura,photo_gate,imgs_3
FR,FRC22,Jura,lake,,14,10,wd:Q1298462,Lac de Narlay,photo_gate,imgs_3
FR,FRC22,Jura,lake,,14,10,wd:Q262295,Lac de l'Abbaye,photo_gate,imgs_2
FR,FRC23,Haute-Saône,lake,,11,10,osm:w194241025,Ludolac,photo_gate,imgs_0
FR,FRC23,Haute-Saône,lake,,11,10,osm:w114297815,Étang du Breuil,photo_gate,imgs_0
FR,FRC23,Haute-Saône,lake,,11,10,osm:w698335901,Parking de la Motte,photo_gate,imgs_1
FR,FRC23,Haute-Saône,lake,,11,10,osm:w1307456489,Camping des Ballastières,photo_gate,imgs_0
FR,FRC23,Haute-Saône,lake,,11,10,wd:Q3215379,Lac de Bonnal,photo_gate,imgs_3
FR,FRC23,Haute-Saône,lake,,11,10,osm:r7541823,L'Ognon,photo_gate,imgs_1
FR,FRC23,Haute-Saône,lake,,11,10,wd:Q2887469,Bassin de Champagney,photo_gate,imgs_2
FR,FRF11,Bas-Rhin,lake,,12,10,osm:w3619420,Gravière Epple,photo_gate,imgs_3
FR,FRF11,Bas-Rhin,lake,,12,10,osm:r2681743,Ballastière de Bischheim,photo_gate,imgs_0
FR,FRF11,Bas-Rhin,lake,,12,10,osm:w702192820,Plage de la Ballastière de Bishheim-Schiltigheim,photo_gate,imgs_0
FR,FRF11,Bas-Rhin,lake,,12,10,osm:w148829478,Ferme des Tuileries,photo_gate,imgs_0
FR,FRF11,Bas-Rhin,lake,,12,10,wd:Q105554554,Polder de la Moder,photo_gate,imgs_2
FR,FRF11,Bas-Rhin,lake,,12,10,osm:w50681863,Lac Achard,photo_gate,imgs_0
FR,FRF11,Bas-Rhin,lake,,12,10,osm:r7310444,Bassin des Mouettes,photo_gate,imgs_0
FR,FRF11,Bas-Rhin,lake,,12,10,osm:w173324447,Centre Nautique,photo_gate,imgs_0
FR,FR103,Yvelines ,lake,,11,10,osm:w171520563,Lac de Moisson-Lavacourt,photo_gate,imgs_0
FR,FR103,Yvelines ,lake,,11,10,osm:r148090,Étang du Corra,photo_gate,imgs_0
FR,FR103,Yvelines ,lake,,11,10,osm:r3674845,Étang du Rouillard,photo_gate,imgs_0
FR,FR103,Yvelines ,lake,,11,10,wd:Q3591718,Étang de Saint-Quentin,photo_gate,imgs_3
FR,FR103,Yvelines ,lake,,11,10,osm:r13556,La Seine,photo_gate,imgs_0
FR,FR103,Yvelines ,lake,,11,10,wd:Q2262676,Grand Canal of Versailles,floor_pool,score_5.1_below_5.4
FR,FR103,Yvelines ,lake,,11,10,wd:Q21427239,Étang du Perray,photo_gate,imgs_1
ES,ES521,Alicante/Alacant,lake,,11,10,osm:w19563217,Platja de Sant Joan,photo_gate,imgs_1
ES,ES521,Alicante/Alacant,lake,,11,10,wd:Q3373949,Embassament de Beniarrés,photo_gate,imgs_3
ES,ES521,Alicante/Alacant,lake,,11,10,wd:Q5658339,Salinas de Santa Pola Natural Park,photo_gate,imgs_3
ES,ES521,Alicante/Alacant,lake,,11,10,wd:Q3376618,Embalse de Embarcaderos,photo_gate,imgs_1
ES,ES521,Alicante/Alacant,lake,,11,10,wd:Q8775353,Embalse de La Pedrera,photo_gate,imgs_1
ES,ES521,Alicante/Alacant,lake,,11,10,wd:Q3373919,Guadalest Reservoir,floor_pool,score_5.1_below_5.4
ES,ES521,Alicante/Alacant,lake,,11,10,wd:Q5830599,Embalse del Amadorio,floor_pool,score_5.0_below_5.4
ES,ES521,Alicante/Alacant,lake,,11,10,wd:Q43385250,Albufera of Gaianes,floor_pool,score_4.9_below_5.4
ES,ES521,Alicante/Alacant,lake,,11,10,wd:Q201592,Tibi Reservoir,photo_gate,imgs_3
HU,HU221,Győr-Moson-Sopron,lake,,11,10,osm:w122207120,Borsodi-dűlő,photo_gate,imgs_0
HU,HU221,Győr-Moson-Sopron,lake,,11,10,osm:w3868937,Herlaki-tó,photo_gate,imgs_0
HU,HU221,Győr-Moson-Sopron,lake,,11,10,osm:w368448889,Hidegségi-tó,photo_gate,imgs_0
HU,HU221,Győr-Moson-Sopron,lake,,11,10,osm:w3868915,Kládler-tó,photo_gate,imgs_0
HU,HU221,Győr-Moson-Sopron,lake,,11,10,osm:r2191975,Mosoni-Duna,photo_gate,imgs_3
HU,HU221,Győr-Moson-Sopron,lake,,11,10,osm:w48598951,Nagy-Tómalom,photo_gate,imgs_0
HU,HU221,Győr-Moson-Sopron,lake,,11,10,osm:w125138841,Doborgazi Nomád Camping,photo_gate,imgs_0
HU,HU221,Győr-Moson-Sopron,lake,,11,10,osm:w860112644,Parkolólemez,photo_gate,imgs_0
HU,HU221,Győr-Moson-Sopron,lake,,11,10,osm:w27296207,Ikrényi-tó,photo_gate,imgs_0
HU,HU221,Győr-Moson-Sopron,lake,,11,10,osm:w107549897,Magyar Vilmos Uszoda,photo_gate,imgs_0
FR,FRK24,Isère,lake,,16,10,wd:Q3215521,Lac de Petichet,photo_gate,imgs_3
FR,FRK24,Isère,lake,,16,10,wd:Q6467977,Lac de Pierre-Châtel,photo_gate,imgs_1
FR,FRK24,Isère,lake,,16,10,wd:Q3215453,Lac de Grand Maison,floor_pool,score_4.8_below_5.4
HU,HU231,Baranya,lake,,10,10,osm:w540665870,Boki-Duna,photo_gate,imgs_0
HU,HU231,Baranya,lake,,10,10,osm:w146979411,Ó-Dráva,photo_gate,imgs_0
HU,HU231,Baranya,lake,,10,10,osm:w235960200,Mailáthpuszta horgászto 1,photo_gate,imgs_0
HU,HU231,Baranya,lake,,10,10,osm:w228380578,Boros-Dráva / Boroš,photo_gate,imgs_0
HU,HU231,Baranya,lake,,10,10,wd:Q535617,Lake Orfű,photo_gate,imgs_1
HU,HU231,Baranya,lake,,10,10,wd:Q12639655,Lake Pécs,photo_gate,imgs_1
HU,HU231,Baranya,lake,,10,10,osm:r7136715,Herman Ottó-tó,photo_gate,imgs_1
HU,HU231,Baranya,lake,,10,10,osm:w286973460,Szabadstrand,photo_gate,imgs_0
HU,HU231,Baranya,lake,,10,10,osm:r7136716,Kovácsszénájai-tó,photo_gate,imgs_0
HU,HU231,Baranya,lake,,10,10,osm:w1208216235,Makói Ifjúsági Tábor,photo_gate,imgs_0
FR,FRL02,Hautes-Alpes ,lake,,11,10,wd:Q2380235,Lac de l'Eychauda,photo_gate,imgs_2
FR,FRL02,Hautes-Alpes ,lake,,11,10,wd:Q60850789,Lac de l'Orceyrette,photo_gate,imgs_2
FR,FRL02,Hautes-Alpes ,lake,,11,10,wd:Q3215557,Lac de Souliers,photo_gate,imgs_1
FR,FRL02,Hautes-Alpes ,lake,,11,10,wd:Q3215061,Lac Miroir,photo_gate,imgs_3
FR,FRL02,Hautes-Alpes ,lake,,11,10,wd:Q3215027,Lac Lérié,photo_gate,imgs_2
FR,FRL02,Hautes-Alpes ,lake,,11,10,wd:Q3215640,Lac d'Orcières-Merlette,floor_pool,score_5.3_below_5.4
FR,FRL02,Hautes-Alpes ,lake,,11,10,wd:Q16964711,Lac Vert,photo_gate,imgs_2
FR,FRL02,Hautes-Alpes ,lake,,11,10,osm:w66250919,Lac Gignoux,score_gate,score_3.6_below_5.4
FR,FRK22,Ardèche,lake,,11,10,osm:w159393432,Camping de l'Ardèche - Vallon Pont d'Arc,photo_gate,imgs_2
FR,FRK22,Ardèche,lake,,11,10,osm:w285722032,Camping des Gorges,photo_gate,imgs_0
FR,FRK22,Ardèche,lake,,11,10,osm:w174946260,Rives d'Arc - Collection Rivages,photo_gate,imgs_0
FR,FRK22,Ardèche,lake,,11,10,osm:w894052764,Camping les Blaches,photo_gate,imgs_0
FR,FRK22,Ardèche,lake,,11,10,osm:w364869624,Le Chassezac,photo_gate,imgs_0
FR,FRK22,Ardèche,lake,,11,10,osm:w143482615,Lac de Devesset,photo_gate,imgs_0
FR,FRK22,Ardèche,lake,,11,10,osm:w1098319526,Plage de Sauze,photo_gate,imgs_0
HU,HU211,Fejér,lake,,10,10,wd:Q847072,Lake Velence,photo_gate,imgs_2
HU,HU211,Fejér,lake,,10,10,wd:Q997741,Fehérvárcsurgó reservoir,photo_gate,imgs_3
HU,HU211,Fejér,lake,,10,10,osm:w195370293,Napsugár Strand,photo_gate,imgs_1
HU,HU211,Fejér,lake,,10,10,osm:w836140803,Velence Club Camping,photo_gate,imgs_2
HU,HU211,Fejér,lake,,10,10,osm:w195059380,Szabad strand,photo_gate,imgs_0
HU,HU211,Fejér,lake,,10,10,osm:w294646529,Pisztráng Kemping,photo_gate,imgs_0
HU,HU211,Fejér,lake,,10,10,osm:w195609427,Pannon Partszakasz Szabadstrand,photo_gate,imgs_0
HU,HU211,Fejér,lake,,10,10,osm:w366480078,Plázs44 Szabadstrand,photo_gate,imgs_0
HU,HU211,Fejér,lake,,10,10,osm:w195608124,TóParty Rendezvény Strand,photo_gate,imgs_0
HU,HU211,Fejér,lake,,10,10,osm:w195060291,Sirály Strand,photo_gate,imgs_0
FR,FRJ26,Hautes-Pyrénées ,lake,,12,10,wd:Q3215598,Lake Bernatuara,photo_gate,imgs_1
FR,FRJ26,Hautes-Pyrénées ,lake,,12,10,osm:w316447673,Lac de Clarabide,photo_gate,imgs_0
FR,FRJ26,Hautes-Pyrénées ,lake,,12,10,wd:Q3215106,Lac Nère,photo_gate,imgs_2
FR,FRJ26,Hautes-Pyrénées ,lake,,12,10,wd:Q633293,Gaube Lake,photo_gate,imgs_2
FR,FRJ26,Hautes-Pyrénées ,lake,,12,10,wd:Q3215734,Lac du Pourtet,photo_gate,imgs_2
FR,FRJ26,Hautes-Pyrénées ,lake,,12,10,wd:Q3215354,Lac de Bareilles,photo_gate,imgs_3
FR,FRJ26,Hautes-Pyrénées ,lake,,12,10,wd:Q3215347,Lac d'Orédon,floor_pool,score_5.3_below_5.4
FR,FRJ26,Hautes-Pyrénées ,lake,,12,10,wd:Q3215399,Lac de Cap-de-Long,floor_pool,score_5.2_below_5.4
FR,FRJ26,Hautes-Pyrénées ,lake,,12,10,wd:Q3215559,Lac de Suyen,photo_gate,imgs_1
FR,FRJ26,Hautes-Pyrénées ,lake,,12,10,wd:Q3215702,Lac du Campana,photo_gate,imgs_2
FR,FRJ28,Tarn-et-Garonne,lake,,10,10,osm:r4572727,Lac de Parisot,photo_gate,imgs_0
FR,FRJ28,Tarn-et-Garonne,lake,,10,10,osm:r21167172,Lac du Malivert,photo_gate,imgs_0
FR,FRJ28,Tarn-et-Garonne,lake,,10,10,osm:w39051738,Lac de Raby,photo_gate,imgs_0
FR,FRJ28,Tarn-et-Garonne,lake,,10,10,osm:w722024077,Flower Camping Les Gorges de l'Aveyron,photo_gate,imgs_0
FR,FRJ28,Tarn-et-Garonne,lake,,10,10,osm:w39051740,Lac de Baignade,photo_gate,imgs_0
FR,FRJ28,Tarn-et-Garonne,lake,,10,10,osm:w41966017,L'Aveyron,photo_gate,imgs_0
FR,FRJ28,Tarn-et-Garonne,lake,,10,10,osm:w156798372,"Camping municipal Nature, Lac et Forêt",photo_gate,imgs_0
FR,FRJ28,Tarn-et-Garonne,lake,,10,10,osm:w708207296,Parking du vallon,photo_gate,imgs_0
FR,FRJ11,Aude,lake,,12,10,wd:Q6468013,Lac de la Cavayère,photo_gate,imgs_1
FR,FRJ11,Aude,lake,,12,10,wd:Q22248417,Étang de Pissevaches,photo_gate,imgs_2
FR,FRJ11,Aude,lake,,12,10,wd:Q55178047,Étang du Doul,photo_gate,imgs_3
FR,FRJ11,Aude,lake,,12,10,wd:Q4868145,Bassin de Lampy,photo_gate,imgs_1
FR,FRJ11,Aude,lake,,12,10,osm:r391830,Étang du Grazel,photo_gate,imgs_0
FR,FRJ11,Aude,lake,,12,10,wd:Q3215606,Lac de la Ganguise,photo_gate,imgs_3
FR,FRJ15,Pyrénées-Orientales,lake,,14,10,wd:Q21328903,estany de Font Negra,photo_gate,imgs_3
FR,FRJ15,Pyrénées-Orientales,lake,,14,10,osm:w1085397901,Càmping Verte Rive,photo_gate,imgs_0
FR,FRJ15,Pyrénées-Orientales,lake,,14,10,osm:w1085397900,Piscine municipale,photo_gate,imgs_0
FR,FRJ15,Pyrénées-Orientales,lake,,14,10,osm:w232708282,Résidence L'Escapade,photo_gate,imgs_0
FR,FRJ15,Pyrénées-Orientales,lake,,14,10,osm:w135451407,Domaine le Clols,photo_gate,imgs_0
FR,FRJ15,Pyrénées-Orientales,lake,,14,10,osm:w90851843,Estany de Carançà,photo_gate,imgs_0
FR,FRJ15,Pyrénées-Orientales,lake,,14,10,osm:w90851845,Estanys de la Coma de l'Infern,photo_gate,imgs_1
FR,FRJ15,Pyrénées-Orientales,lake,,14,10,osm:w90851842,Estany Blau,photo_gate,imgs_0
FR,FRJ15,Pyrénées-Orientales,lake,,14,10,osm:w90851851,Estany Negre,photo_gate,imgs_0
FR,FRJ15,Pyrénées-Orientales,lake,,14,10,wd:Q3591678,Étang de Canet-Saint-Nazaire,photo_gate,imgs_1
FR,FRJ21,Ariège,lake,,11,10,osm:w24406326,Étang de Soulanet,photo_gate,imgs_0
FR,FRJ21,Ariège,lake,,11,10,osm:w170705034,Étang de Canalbonne,photo_gate,imgs_1
FR,FRJ21,Ariège,lake,,11,10,osm:w84959552,Étang Rond,photo_gate,imgs_1
FR,FRJ21,Ariège,lake,,11,10,osm:w84959549,Étang Long,photo_gate,imgs_0
FR,FRJ21,Ariège,lake,,11,10,wd:Q3215485,Lac de Mondély,photo_gate,imgs_3
FR,FRJ21,Ariège,lake,,11,10,wd:Q3023366,Étang de Lers,photo_gate,imgs_3
FR,FRJ21,Ariège,lake,,11,10,wd:Q3215365,Lac de Bethmale,photo_gate,imgs_2
FR,FRJ21,Ariège,lake,,11,10,wd:Q3591723,Étang de Soulcem,floor_pool,score_5.2_below_5.4
FR,FRJ21,Ariège,lake,,11,10,wd:Q3591662,Lac d'Izourt,photo_gate,imgs_1
FR,FRJ21,Ariège,lake,,11,10,wd:Q3591691,Lac de Gnioure,photo_gate,imgs_1
FR,FRF31,Meurthe-et-Moselle ,lake,,12,10,osm:w956642357,L’oasis,photo_gate,imgs_0
FR,FRF31,Meurthe-et-Moselle ,lake,,12,10,osm:w1159336103,Nancy Thermal,photo_gate,imgs_3
FR,FRF31,Meurthe-et-Moselle ,lake,,12,10,osm:w953404645,Base de loisirs intercommunale à Favières,photo_gate,imgs_0
FR,FRF31,Meurthe-et-Moselle ,lake,,12,10,osm:w1155283300,Esplanade Jacques Baudot,photo_gate,imgs_1
FR,FRF31,Meurthe-et-Moselle ,lake,,12,10,osm:w40645912,Allée de Poa,photo_gate,imgs_0
FR,FRF31,Meurthe-et-Moselle ,lake,,12,10,osm:r2271747,La Moselle,photo_gate,imgs_0
LT,LT023,Klaipėdos apskritis,lake,,11,10,wd:Q12669658,Plocis,photo_gate,imgs_0
LT,LT023,Klaipėdos apskritis,lake,,11,10,wd:Q12662671,Lazdininkai Pond,photo_gate,imgs_2
LT,LT023,Klaipėdos apskritis,lake,,11,10,wd:Q12660342,Kašučių Lake,photo_gate,imgs_1
LT,LT023,Klaipėdos apskritis,lake,,11,10,wd:Q12027740,Kalotės Lake,photo_gate,imgs_2
LT,LT023,Klaipėdos apskritis,lake,,11,10,wd:Q12675316,Malūno Reservoir,photo_gate,imgs_3
LT,LT023,Klaipėdos apskritis,lake,,11,10,wd:Q25498496,Padvarių tvenkinys,floor_pool,score_4.4_below_5.4
LT,LT023,Klaipėdos apskritis,lake,,11,10,wd:Q25498482,Tūbausių tvenkinys,floor_pool,score_4.4_below_5.4
LT,LT023,Klaipėdos apskritis,lake,,11,10,wd:Q12028077,Kapstatas,photo_gate,imgs_1
LT,LT023,Klaipėdos apskritis,lake,,11,10,wd:Q12665997,Svijanės,photo_gate,imgs_1
LT,LT023,Klaipėdos apskritis,lake,,11,10,osm:r8148751,Gurstiškės tv.,photo_gate,imgs_0
LT,LT027,Tauragės apskritis,lake,,10,10,wd:Q14919240,Paršežeris,photo_gate,imgs_1
LT,LT027,Tauragės apskritis,lake,,10,10,wd:Q12650151,Balskai reservoir,photo_gate,imgs_3
LT,LT027,Tauragės apskritis,lake,,10,10,wd:Q13191857,Dievytis,photo_gate,imgs_1
LT,LT027,Tauragės apskritis,lake,,10,10,wd:Q12665155,Merguva,photo_gate,imgs_1
LT,LT027,Tauragės apskritis,lake,,10,10,wd:Q12653252,Draudenių Lake,photo_gate,imgs_1
LT,LT027,Tauragės apskritis,lake,,10,10,wd:Q4087507,Bitežeris,photo_gate,imgs_0
LT,LT027,Tauragės apskritis,lake,,10,10,wd:Q61383216,Gulbinų tvenkinys,photo_gate,imgs_2
LT,LT027,Tauragės apskritis,lake,,10,10,wd:Q16474711,Užlenkis,photo_gate,imgs_1
LT,LT027,Tauragės apskritis,lake,,10,10,wd:Q12667271,Oplankio Lake,photo_gate,imgs_1
LT,LT027,Tauragės apskritis,lake,,10,10,wd:Q12661840,Kurmežeris,photo_gate,imgs_1
NL,NL415,Midden-Noord-Brabant,lake,,11,10,osm:r1176550,Papschot,photo_gate,imgs_0
NL,NL415,Midden-Noord-Brabant,lake,,11,10,osm:w972977791,WSV Woudrichem,photo_gate,imgs_2
NL,NL415,Midden-Noord-Brabant,lake,,11,10,wd:Q127406630,Victoriameer,photo_gate,imgs_0
NL,NL415,Midden-Noord-Brabant,lake,,11,10,osm:w1500727685,Lake Resort Beekse Bergen,photo_gate,imgs_0
NL,NL415,Midden-Noord-Brabant,lake,,11,10,osm:r1427921,Aakvlaai,photo_gate,imgs_0
NL,NL415,Midden-Noord-Brabant,lake,,11,10,osm:w77841453,Rauwbraken,photo_gate,imgs_0
NL,NL415,Midden-Noord-Brabant,lake,,11,10,osm:w253152381,De Mosterdpot,photo_gate,imgs_0
NL,NL415,Midden-Noord-Brabant,lake,,11,10,osm:r6832461,Gat van den Kleinen Hil,photo_gate,imgs_0
NL,NL415,Midden-Noord-Brabant,lake,,11,10,osm:w1197645943,Oudendijksche Gat,photo_gate,imgs_0
NL,NL421,Noord-Limburg,lake,,10,10,osm:w111838314,Strandbad Maalbek,photo_gate,imgs_0
NL,NL421,Noord-Limburg,lake,,10,10,osm:w1192914956,EuroParcs Maasduinen,photo_gate,imgs_0
NL,NL421,Noord-Limburg,lake,,10,10,wd:Q95636879,Reindersmeer,photo_gate,imgs_1
NL,NL421,Noord-Limburg,lake,,10,10,wd:Q2360916,Mookerplas,photo_gate,imgs_2
NL,NL421,Noord-Limburg,lake,,10,10,osm:r1258768,Visvijver,photo_gate,imgs_0
NL,NL421,Noord-Limburg,lake,,10,10,osm:w128217641,Jachthaven 't Leuken,photo_gate,imgs_0
NL,NL421,Noord-Limburg,lake,,10,10,osm:w108502742,natuurbad,photo_gate,imgs_0
NL,NL421,Noord-Limburg,lake,,10,10,osm:w83342798,Klein Vink,photo_gate,imgs_0
NL,NL421,Noord-Limburg,lake,,10,10,osm:w84134359,Roeivijver,photo_gate,imgs_0
NL,NL421,Noord-Limburg,lake,,10,10,osm:w84132121,dagstrand,photo_gate,imgs_0
NL,NL422,Midden-Limburg,lake,,12,10,osm:w366045378,Stevensweert Marina,photo_gate,imgs_2
NL,NL422,Midden-Limburg,lake,,12,10,osm:w966312249,Grote Hegge,photo_gate,imgs_0
NL,NL422,Midden-Limburg,lake,,12,10,osm:w966779478,Huyskensplas,photo_gate,imgs_0
NL,NL422,Midden-Limburg,lake,,12,10,osm:r1586293,Dilkensplas,photo_gate,imgs_0
NL,NL422,Midden-Limburg,lake,,12,10,osm:w113181634,Dagstrand De Grote Hegge,photo_gate,imgs_0
NL,NL422,Midden-Limburg,lake,,12,10,osm:w113229825,Jachthaven de Maasterp,photo_gate,imgs_0
NL,NL422,Midden-Limburg,lake,,12,10,osm:w1366974129,de Maasterp,photo_gate,imgs_0
NL,NL422,Midden-Limburg,lake,,12,10,osm:r1585680,Schroevendaalse Plas,photo_gate,imgs_0
NL,NL422,Midden-Limburg,lake,,12,10,osm:w113284225,Teggerse Plas,photo_gate,imgs_0
NL,NL422,Midden-Limburg,lake,,12,10,osm:w513245117,Camping van Ass Roermond,photo_gate,imgs_0
NL,NL221,Veluwe,lake,,12,10,wd:Q943170,Nuldernauw,photo_gate,imgs_3
NL,NL221,Veluwe,lake,,12,10,osm:w60283373,Het Bussloo,photo_gate,imgs_2
NL,NL221,Veluwe,lake,,12,10,osm:w372157713,'t Wolbos,photo_gate,imgs_0
NL,NL221,Veluwe,lake,,12,10,osm:w372154195,De Bleunink,photo_gate,imgs_0
NL,NL221,Veluwe,lake,,12,10,osm:w372154197,De Paal,photo_gate,imgs_0
NL,NL221,Veluwe,lake,,12,10,osm:w372157717,De Robbenkamp,photo_gate,imgs_0
NL,NL221,Veluwe,lake,,12,10,osm:w372157718,De Strönk,photo_gate,imgs_0
NL,NL221,Veluwe,lake,,12,10,wd:Q2770673,Uddelermeer,photo_gate,imgs_1
NL,NL224,Zuidwest-Gelderland,lake,,10,10,osm:w1197645955,De Zandmeren,photo_gate,imgs_3
NL,NL224,Zuidwest-Gelderland,lake,,10,10,osm:w183210613,Jachthaven Kerkdriel,photo_gate,imgs_2
NL,NL224,Zuidwest-Gelderland,lake,,10,10,osm:w1340704449,Zandmeren Noord,photo_gate,imgs_3
NL,NL224,Zuidwest-Gelderland,lake,,10,10,osm:w670675324,Vakantiepark het Eiland van Maurik,photo_gate,imgs_0
NL,NL224,Zuidwest-Gelderland,lake,,10,10,osm:r13928232,Eiland van Maurik,photo_gate,imgs_0
NL,NL224,Zuidwest-Gelderland,lake,,10,10,osm:w1340700929,Zandmeren West,photo_gate,imgs_3
NL,NL224,Zuidwest-Gelderland,lake,,10,10,osm:w76667308,Galgenwiel,photo_gate,imgs_0
NL,NL224,Zuidwest-Gelderland,lake,,10,10,osm:r1168171,De Goudenham,photo_gate,imgs_0
NL,NL224,Zuidwest-Gelderland,lake,,10,10,osm:r1189049,Gat van Sientje,photo_gate,imgs_0
NL,NL224,Zuidwest-Gelderland,lake,,10,10,osm:w76620161,De Rotonde,photo_gate,imgs_0
NL,NL225,Achterhoek,lake,,10,10,osm:w949709097,Vakantiepark De Byvanck,photo_gate,imgs_0
NL,NL225,Achterhoek,lake,,10,10,osm:w1063396574,Vakantiepark de Italiaanse Meren,photo_gate,imgs_0
NL,NL225,Achterhoek,lake,,10,10,wd:Q35707159,Het Hilgelo,photo_gate,imgs_0
NL,NL225,Achterhoek,lake,,10,10,wd:Q2148207,Slingeplas,photo_gate,imgs_1
NL,NL225,Achterhoek,lake,,10,10,osm:w971153809,'t Hilgelo,photo_gate,imgs_0
NL,NL225,Achterhoek,lake,,10,10,osm:w777256490,Camping Vreehorst,photo_gate,imgs_0
NL,NL225,Achterhoek,lake,,10,10,osm:w817453180,'t Hilgelo,photo_gate,imgs_0
NL,NL225,Achterhoek,lake,,10,10,osm:w59138455,Stroombroek,photo_gate,imgs_1
NL,NL225,Achterhoek,lake,,10,10,osm:w58256251,Hilgerszand,photo_gate,imgs_0
NL,NL225,Achterhoek,lake,,10,10,osm:w137006654,Vakantiepark De Twee Bruggen,photo_gate,imgs_0
NL,NL226,Arnhem/Nijmegen,lake,,12,10,osm:w1460038112,Overnachtingshaven Tuindorp,photo_gate,imgs_0
NL,NL226,Arnhem/Nijmegen,lake,,12,10,osm:w1459384427,1. Meersteiger,photo_gate,imgs_0
NL,NL226,Arnhem/Nijmegen,lake,,12,10,wd:Q26722546,Bisonbaai,photo_gate,imgs_1
NL,NL226,Arnhem/Nijmegen,lake,,12,10,osm:w59106470,Lathumse Plas,photo_gate,imgs_2
NL,NL226,Arnhem/Nijmegen,lake,,12,10,osm:r911971,Valeplas,photo_gate,imgs_0
NL,NL226,Arnhem/Nijmegen,lake,,12,10,osm:w1503605876,Grand Café Rutgers,photo_gate,imgs_2
NL,NL226,Arnhem/Nijmegen,lake,,12,10,wd:Q112669157,Wylerbergmeer,photo_gate,imgs_2
NL,NL226,Arnhem/Nijmegen,lake,,12,10,osm:w614479970,Spiegelwaal,photo_gate,imgs_1
NL,NL226,Arnhem/Nijmegen,lake,,12,10,osm:w1503620859,Jachthaven 't Eiland,photo_gate,imgs_0
NL,NL226,Arnhem/Nijmegen,lake,,12,10,wd:Q49301428,De Bijland,photo_gate,imgs_1
NL,NL321,Kop van Noord-Holland,lake,,11,10,wd:Q1813641,Amstelmeer,photo_gate,imgs_2
NL,NL321,Kop van Noord-Holland,lake,,11,10,osm:w276415294,Recreatiebad Enkhuizerzand,photo_gate,imgs_3
NL,NL321,Kop van Noord-Holland,lake,,11,10,osm:w45137961,Hoge Oude Veer,photo_gate,imgs_0
NL,NL321,Kop van Noord-Holland,lake,,11,10,osm:r3686970,Vlietstroom,photo_gate,imgs_0
NL,NL321,Kop van Noord-Holland,lake,,11,10,osm:w177303364,Sprookjeswonderland,photo_gate,imgs_0
NL,NL321,Kop van Noord-Holland,lake,,11,10,osm:r1327850,Kleine Vliet,photo_gate,imgs_0
NL,NL321,Kop van Noord-Holland,lake,,11,10,wd:Q2221301,Schager Wiel,photo_gate,imgs_1
NL,NL321,Kop van Noord-Holland,lake,,11,10,wd:Q56425554,Meer van Dirkshorn,photo_gate,imgs_2
NL,NL321,Kop van Noord-Holland,lake,,11,10,wd:Q112797018,De Rijd,photo_gate,imgs_1
NL,NL341,Zeeuwsch-Vlaanderen,lake,,10,10,osm:w45051029,Canisvlietsche Kreek,photo_gate,imgs_0
NL,NL341,Zeeuwsch-Vlaanderen,lake,,10,10,osm:w1272992817,Pereboomsgatkreek,photo_gate,imgs_0
NL,NL341,Zeeuwsch-Vlaanderen,lake,,10,10,osm:r19654179,Stierskreek,photo_gate,imgs_0
NL,NL341,Zeeuwsch-Vlaanderen,lake,,10,10,osm:w1230326269,De Vogel,photo_gate,imgs_0
NL,NL341,Zeeuwsch-Vlaanderen,lake,,10,10,osm:w943452747,De Vogel,photo_gate,imgs_0
NL,NL341,Zeeuwsch-Vlaanderen,lake,,10,10,osm:w263501094,Naaktstrand,photo_gate,imgs_0
NL,NL341,Zeeuwsch-Vlaanderen,lake,,10,10,osm:w1332176191,De Zwinhoeve,photo_gate,imgs_0
NL,NL341,Zeeuwsch-Vlaanderen,lake,,10,10,osm:w1333919324,Hoogduin,photo_gate,imgs_0
NL,NL341,Zeeuwsch-Vlaanderen,lake,,10,10,wd:Q1929960,Braakmankreek,photo_gate,imgs_0
NL,NL341,Zeeuwsch-Vlaanderen,lake,,10,10,osm:w506168675,Walendijk,photo_gate,imgs_0
RO,RO411,Dolj,lake,,10,10,osm:w1532951236,Plaja Maglavit,photo_gate,imgs_0
RO,RO411,Dolj,lake,,10,10,osm:w1532951523,Plaja Cetate,photo_gate,imgs_0
RO,RO411,Dolj,lake,,10,10,osm:w703344380,Balta Arcerului,photo_gate,imgs_0
RO,RO411,Dolj,lake,,10,10,osm:w703344029,Balta Arcerului,photo_gate,imgs_0
RO,RO411,Dolj,lake,,10,10,osm:w703346771,Balta Lată,photo_gate,imgs_0
RO,RO411,Dolj,lake,,10,10,osm:w1532951236,Plaja Maglavit,photo_gate,imgs_0
RO,RO411,Dolj,lake,,10,10,osm:w461112004,Plaja Debarcader,photo_gate,imgs_0
RO,RO411,Dolj,lake,,10,10,osm:w474013841,Strada Tunelul Mare,photo_gate,imgs_0
RO,RO411,Dolj,lake,,10,10,wd:Q18539162,Complexul lacustru Preajba-Făcăi,photo_gate,imgs_0
RO,RO411,Dolj,lake,,10,10,wd:Q18547410,Rezervația Balta Neagră,photo_gate,imgs_1
PT,PT1C4,Alentejo Central,lake,,13,10,wd:Q18616171,Alqueva Reservoir,photo_gate,imgs_3
PT,PT1C4,Alentejo Central,lake,,13,10,wd:Q34919282,Alvito Reservoir,photo_gate,imgs_2
PT,PT1C4,Alentejo Central,lake,,13,10,osm:w1379142015,Praia Fluvial de Alqueva,photo_gate,imgs_0
PT,PT1C4,Alentejo Central,lake,,13,10,osm:w1072712263,Praia Fluvial de Azenhas d'El Rei,photo_gate,imgs_0
PT,PT1C4,Alentejo Central,lake,,13,10,osm:r15410718,Albufeira da Vigia,photo_gate,imgs_0
PT,PT1C4,Alentejo Central,lake,,13,10,wd:Q108094410,Fonte e Lago do Gadanha,photo_gate,imgs_3
PT,PT1C4,Alentejo Central,lake,,13,10,wd:Q133295700,Lago dos Cardeais,photo_gate,imgs_3
RO,RO223,Constanţa,lake,,12,10,wd:Q665510,Lake Siutghiol,photo_gate,imgs_3
RO,RO223,Constanţa,lake,,12,10,osm:w23010932,Lacul Neptun II,photo_gate,imgs_2
RO,RO223,Constanţa,lake,,12,10,osm:w32534117,Plaja Júpiter,photo_gate,imgs_3
RO,RO223,Constanţa,lake,,12,10,osm:w38229459,Tismana,photo_gate,imgs_0
RO,RO223,Constanţa,lake,,12,10,osm:r3544235,Tăbăcăriei Lake,photo_gate,imgs_0
RO,RO223,Constanţa,lake,,12,10,wd:Q5551525,Lake Tașaul,floor_pool,score_5.0_below_5.4
RO,RO223,Constanţa,lake,,12,10,wd:Q641189,Lake Sinoe,photo_gate,imgs_0
PT,PT150,Algarve,lake,,14,10,osm:w185269208,Esteiro da Carrasqueira,floor_pool,score_4.0_below_5.4
PT,PT150,Algarve,lake,,14,10,osm:w185206493,Esteiro da Leziria,photo_gate,imgs_0
PT,PT150,Algarve,lake,,14,10,wd:Q10360443,Ria de Alvor,photo_gate,imgs_3
PT,PT150,Algarve,lake,,14,10,osm:r17744685,Ria Formosa,photo_gate,imgs_3
PT,PT150,Algarve,lake,,14,10,osm:w450048113,Marina de Vilamoura,photo_gate,imgs_3
PT,PT150,Algarve,lake,,14,10,wd:Q1969741,Ria Formosa,photo_gate,imgs_2
PL,PL812,Chełmsko-zamojski,lake,,11,10,osm:r17064248,Żółtańce,photo_gate,imgs_1
PL,PL812,Chełmsko-zamojski,lake,,11,10,osm:r5382894,Zalew Bojary,photo_gate,imgs_0
PL,PL812,Chełmsko-zamojski,lake,,11,10,osm:w176939370,Maczuły,photo_gate,imgs_0
PL,PL812,Chełmsko-zamojski,lake,,11,10,osm:w606000352,Molo,photo_gate,imgs_0
PL,PL812,Chełmsko-zamojski,lake,,11,10,osm:w606000354,Molo,photo_gate,imgs_0
PL,PL812,Chełmsko-zamojski,lake,,11,10,osm:r6169802,Stawy Echo,photo_gate,imgs_3
PL,PL812,Chełmsko-zamojski,lake,,11,10,osm:w33027710,Zalew Rudka,photo_gate,imgs_0
PL,PL812,Chełmsko-zamojski,lake,,11,10,osm:r4249794,Zalew,photo_gate,imgs_0
PL,PL515,Jeleniogórski,lake,,12,10,osm:w26715296,Mały Staw,photo_gate,imgs_3
PL,PL515,Jeleniogórski,lake,,12,10,osm:w47195119,Zbiornik wodny Niedów,photo_gate,imgs_2
PL,PL515,Jeleniogórski,lake,,12,10,wd:Q3508724,Mały Staw,photo_gate,imgs_2
PL,PL515,Jeleniogórski,lake,,12,10,wd:Q380417,Lake Leśnia,photo_gate,imgs_3
PL,PL515,Jeleniogórski,lake,,12,10,wd:Q2390796,Złotnickie Lake,photo_gate,imgs_2
PL,PL515,Jeleniogórski,lake,,12,10,wd:Q9339741,Sosnówka (lake),floor_pool,score_5.0_below_5.4
PL,PL515,Jeleniogórski,lake,,12,10,wd:Q1474303,Zapora na Łomnicy,floor_pool,score_4.4_below_5.4
PL,PL515,Jeleniogórski,lake,,12,10,wd:Q9395709,Śnieżne Stawki,floor_pool,score_4.4_below_5.4
PL,PL515,Jeleniogórski,lake,,12,10,wd:Q11726142,Bukówka Lake,floor_pool,score_4.2_below_5.4
SK,SK021,Trnavský kraj,lake,,13,10,osm:w782376773,Letné kúpalisko Zlatnícka dolina,photo_gate,imgs_1
SK,SK021,Trnavský kraj,lake,,13,10,osm:r13677206,Štrkovisko Adamov č. 1,photo_gate,imgs_2
SK,SK021,Trnavský kraj,lake,,13,10,osm:r13677182,Štrkovisko Adamov č. 2,photo_gate,imgs_2
SK,SK021,Trnavský kraj,lake,,13,10,wd:Q11923268,Vodní nádrž Kostolnica,photo_gate,imgs_1
SK,SK021,Trnavský kraj,lake,,13,10,osm:r9460901,Štrkovisko Boričky I.,photo_gate,imgs_0
SK,SK021,Trnavský kraj,lake,,13,10,osm:r9458418,Štrkovisko Boričky II.,photo_gate,imgs_0
SK,SK021,Trnavský kraj,lake,,13,10,osm:r9458510,Štrkovisko Velký Unín,photo_gate,imgs_0
SK,SK021,Trnavský kraj,lake,,13,10,osm:w51037160,Vanděrák,photo_gate,imgs_0
SK,SK021,Trnavský kraj,lake,,13,10,osm:w783605649,Išpánsky Dunaj,photo_gate,imgs_0
SK,SK021,Trnavský kraj,lake,,13,10,osm:w242839559,Medveďovské rameno,photo_gate,imgs_0
GB,TLF22,Leicestershire CC and Rutland,lake,,10,10,wd:Q822190,Rutland Water,photo_gate,imgs_3
GB,TLF22,Leicestershire CC and Rutland,lake,,10,10,osm:w37221328,Loughborough University Swimming Pool,photo_gate,imgs_1
GB,TLF22,Leicestershire CC and Rutland,lake,,10,10,osm:w372221143,Sykes Lane Car Park,photo_gate,imgs_1
GB,TLF22,Leicestershire CC and Rutland,lake,,10,10,wd:Q2351615,Stoney Cove,floor_pool,score_4.4_below_5.4
GB,TLF22,Leicestershire CC and Rutland,lake,,10,10,wd:Q880715,Blackbrook Reservoir,photo_gate,imgs_3
GB,TLM01,Clackmannanshire and Fife,lake,,10,10,wd:Q1992114,Loch Ore,photo_gate,imgs_1
GB,TLM01,Clackmannanshire and Fife,lake,,10,10,wd:Q15242584,Loch Gelly,photo_gate,imgs_1
GB,TLM01,Clackmannanshire and Fife,lake,,10,10,wd:Q6406668,Kilconquhar Loch,photo_gate,imgs_4
GB,TLM01,Clackmannanshire and Fife,lake,,10,10,wd:Q865806,Birnie Loch,photo_gate,imgs_2
GB,TLM01,Clackmannanshire and Fife,lake,,10,10,wd:Q24643293,Loch Fitty,photo_gate,imgs_3
GB,TLM01,Clackmannanshire and Fife,lake,,10,10,wd:Q6552602,Lindores Loch,score_gate,score_3.7_below_5.4
GB,TLM33,"Inverclyde, East Renfrewshire, and Renfrewshire",lake,,10,10,osm:w508461250,Bodden Boo,photo_gate,imgs_2
GB,TLM33,"Inverclyde, East Renfrewshire, and Renfrewshire",lake,,10,10,wd:Q1049507,Castle Semple Loch,floor_pool,score_5.1_below_5.4
GB,TLM33,"Inverclyde, East Renfrewshire, and Renfrewshire",lake,,10,10,wd:Q4267500,Loch Thom,photo_gate,imgs_1
GB,TLM33,"Inverclyde, East Renfrewshire, and Renfrewshire",lake,,10,10,wd:Q14932180,Long Loch,score_gate,score_3.6_below_5.4
GB,TLM33,"Inverclyde, East Renfrewshire, and Renfrewshire",lake,,10,10,wd:Q5612398,Gryffe Reservoirs,photo_gate,imgs_2
GB,TLM33,"Inverclyde, East Renfrewshire, and Renfrewshire",lake,,10,10,wd:Q6664943,Loch Libo,photo_gate,imgs_3
GB,TLM91,Scottish Borders,lake,,10,10,wd:Q8053026,Yetholm Loch,photo_gate,imgs_2
GB,TLM91,Scottish Borders,lake,,10,10,wd:Q6873085,Mire Loch,photo_gate,imgs_1
GB,TLM91,Scottish Borders,lake,,10,10,wd:Q338446,St Mary's Loch,score_gate,score_3.8_below_5.4
GB,TLM91,Scottish Borders,lake,,10,10,wd:Q6808981,Megget Reservoir,photo_gate,imgs_1
GB,TLM91,Scottish Borders,lake,,10,10,wd:Q4716078,Alemoor Reservoir,score_gate,score_3.3_below_5.4
GB,TLM91,Scottish Borders,lake,,10,10,wd:Q7334604,Talla Reservoir,photo_gate,imgs_2
CZ,CZ041,Karlovarský kraj,lake,,12,9,wd:Q939293,Údolní nádrž Skalka,photo_gate,imgs_3
CZ,CZ041,Karlovarský kraj,lake,,12,9,osm:w50937797,Lido,photo_gate,imgs_0
CZ,CZ041,Karlovarský kraj,lake,,12,9,wd:Q16963182,Tatrovice Reservoir,photo_gate,imgs_2
CZ,CZ041,Karlovarský kraj,lake,,12,9,wd:Q119846815,Lom Dasnice,photo_gate,imgs_3
CZ,CZ041,Karlovarský kraj,lake,,12,9,wd:Q12036281,Medard,floor_pool,score_5.3_below_5.4
CZ,CZ041,Karlovarský kraj,lake,,12,9,wd:Q11924107,Žlutice Reservoir,floor_pool,score_5.3_below_5.4
CZ,CZ041,Karlovarský kraj,lake,,12,9,wd:Q11923601,Podhora Reservoir,floor_pool,score_5.1_below_5.4
CZ,CZ041,Karlovarský kraj,lake,,12,9,wd:Q11923705,Stanovice Reservoir,photo_gate,imgs_3
CZ,CZ041,Karlovarský kraj,lake,,12,9,wd:Q2390800,Horka Reservoir,photo_gate,imgs_3
CZ,CZ042,Ústecký kraj,lake,,13,9,wd:Q12036095,Lake Matylda,photo_gate,imgs_2
CZ,CZ042,Ústecký kraj,lake,,13,9,wd:Q1558921,Kamencové jezero,photo_gate,imgs_2
CZ,CZ042,Ústecký kraj,lake,,13,9,wd:Q3491130,Lake Milada,photo_gate,imgs_4
CZ,CZ042,Ústecký kraj,lake,,13,9,wd:Q8230561,Barbora Lake,photo_gate,imgs_2
CZ,CZ042,Ústecký kraj,lake,,13,9,wd:Q11126022,Benedikt Lake,photo_gate,imgs_4
CZ,CZ042,Ústecký kraj,lake,,13,9,wd:Q18006367,Kadaň Reservoir,photo_gate,imgs_3
CZ,CZ042,Ústecký kraj,lake,,13,9,wd:Q105695113,Elizabeth Lake,photo_gate,imgs_3
CZ,CZ042,Ústecký kraj,lake,,13,9,wd:Q2390828,Jirkov Reservoir,photo_gate,imgs_5
CZ,CZ042,Ústecký kraj,lake,,13,9,wd:Q1275673,Újezd Reservoir,floor_pool,score_4.7_below_5.4
CZ,CZ072,Zlínský kraj,lake,,10,9,wd:Q1553929,Luhačovická přehrada,photo_gate,imgs_3
CZ,CZ072,Zlínský kraj,lake,,10,9,wd:Q11922921,Bystřička Reservoir,photo_gate,imgs_2
CZ,CZ072,Zlínský kraj,lake,,10,9,wd:Q96158664,Kunovská tabule,photo_gate,imgs_2
CZ,CZ072,Zlínský kraj,lake,,10,9,osm:w530638380,v. n. Bystřička,photo_gate,imgs_2
CZ,CZ072,Zlínský kraj,lake,,10,9,osm:w50241269,rekreační středisko Pahrbek,photo_gate,imgs_2
CZ,CZ072,Zlínský kraj,lake,,10,9,wd:Q107694879,Balaton,photo_gate,imgs_3
CZ,CZ072,Zlínský kraj,lake,,10,9,osm:w51267485,Albatros,photo_gate,imgs_0
CZ,CZ072,Zlínský kraj,lake,,10,9,wd:Q96161278,Těžební jezero,photo_gate,imgs_1
CZ,CZ072,Zlínský kraj,lake,,10,9,wd:Q96158662,Vodárenská nádrž,photo_gate,imgs_1
DE,DEE05,Anhalt-Bitterfeld,lake,,10,9,osm:w91787597,Edderitzer See,photo_gate,imgs_3
DE,DE932,Cuxhaven,lake,,10,9,wd:Q1157436,Dahlemer See,floor_pool,score_4.7_below_5.4
DE,DEA1B,Kleve,lake,,10,9,osm:r11335984,Blaue Lagune,photo_gate,imgs_0
DE,DEA1B,Kleve,lake,,10,9,wd:Q2480125,Wylermeer,photo_gate,imgs_5
DE,DEA1B,Kleve,lake,,10,9,osm:w296990813,Netterdenschen Kanal,photo_gate,imgs_3
DE,DE148,Ravensburg,lake,,10,9,wd:Q799691,Badsee,photo_gate,imgs_3
DE,DE501,"Bremen, Kreisfreie Stadt",lake,,9,9,wd:Q1301867,Unisee,photo_gate,imgs_3
DE,DE501,"Bremen, Kreisfreie Stadt",lake,,9,9,osm:r27523,Werdersee,photo_gate,imgs_2
DE,DE21N,Weilheim-Schongau,lake,,9,9,wd:Q895525,Osterseen,photo_gate,imgs_2
DE,DE21N,Weilheim-Schongau,lake,,9,9,wd:Q1411058,Fichtsee,photo_gate,imgs_1
ES,ES120,Asturias,lake,,12,9,wd:Q5553336,Ría de Villaviciosa,photo_gate,imgs_3
ES,ES120,Asturias,lake,,12,9,wd:Q5195553,Lake Enol,photo_gate,imgs_3
ES,ES120,Asturias,lake,,12,9,wd:Q8775319,Doiras HPP,photo_gate,imgs_1
ES,ES120,Asturias,lake,,12,9,wd:Q659299,Embalse de Salime,floor_pool,score_4.9_below_5.4
ES,ES120,Asturias,lake,,12,9,wd:Q966940,Arbón dam,photo_gate,imgs_1
ES,ES120,Asturias,lake,,12,9,wd:Q3381178,La Barca Dam,photo_gate,imgs_1
ES,ES425,Toledo,lake,,10,9,wd:Q30278314,Cazalegas Reservoir,photo_gate,imgs_1
ES,ES425,Toledo,lake,,10,9,wd:Q10929672,Rosarito Reservoir,photo_gate,imgs_3
ES,ES425,Toledo,lake,,10,9,wd:Q5969258,Laguna de Tirez,photo_gate,imgs_0
ES,ES425,Toledo,lake,,10,9,wd:Q19428713,Castrejón Reservoir,photo_gate,imgs_3
ES,ES425,Toledo,lake,,10,9,wd:Q97172824,Navalcán Reservoir,photo_gate,imgs_1
ES,ES425,Toledo,lake,,10,9,wd:Q81418400,Azután Reservoir,photo_gate,imgs_3
ES,ES425,Toledo,lake,,10,9,wd:Q23985091,Laguna Larga,floor_pool,score_4.9_below_5.4
ES,ES425,Toledo,lake,,10,9,wd:Q52673428,"La Portiña Reservoir, Talavera de la Reina",photo_gate,imgs_1
ES,ES113,Ourense,lake,,9,9,osm:r17067996,Encoro de Castrelo de Miño,photo_gate,imgs_2
ES,ES113,Ourense,lake,,9,9,wd:Q130299065,As Conchas Reservoir,photo_gate,imgs_1
ES,ES113,Ourense,lake,,9,9,wd:Q130267138,O Vao Reservoir,photo_gate,imgs_2
ES,ES113,Ourense,lake,,9,9,wd:Q101897658,Chandrexa Reservoir,photo_gate,imgs_3
ES,ES113,Ourense,lake,,9,9,osm:w70926595,Encoro de Prada,photo_gate,imgs_1
ES,ES113,Ourense,lake,,9,9,wd:Q97219595,Velle Reservoir,photo_gate,imgs_1
ES,ES113,Ourense,lake,,9,9,wd:Q5830543,Peñarrubia Reservoir,photo_gate,imgs_2
ES,ES113,Ourense,lake,,9,9,wd:Q3399193,Lagoa de Antela,photo_gate,imgs_0
ES,ES113,Ourense,lake,,9,9,wd:Q130299006,Salas River Reservoir,photo_gate,imgs_1
ES,ES421,Albacete,lake,,10,9,wd:Q23980406,Laguna San Pedro,photo_gate,imgs_1
ES,ES421,Albacete,lake,,10,9,wd:Q37798156,El Molinar Reservoir,photo_gate,imgs_3
ES,ES421,Albacete,lake,,10,9,wd:Q5969300,Laguna del Arquillo,photo_gate,imgs_3
ES,ES421,Albacete,lake,,10,9,wd:Q5969226,Pétrola Lagoon,photo_gate,imgs_3
ES,ES421,Albacete,lake,,10,9,wd:Q23982223,Los Ojos de Villaverde Lake,photo_gate,imgs_1
ES,ES421,Albacete,lake,,10,9,wd:Q28101460,Cenajo Reservoir,photo_gate,imgs_1
ES,ES421,Albacete,lake,,10,9,wd:Q30908875,Camarillas Reservoir,floor_pool,score_4.9_below_5.4
ES,ES421,Albacete,lake,,10,9,wd:Q81535748,Fuensanta Reservoir,photo_gate,imgs_2
ES,ES421,Albacete,lake,,10,9,wd:Q5830460,Talave Reservoir,photo_gate,imgs_1
ES,ES241,Huesca,lake,,15,9,wd:Q3427764,Respomuso Reservoir,photo_gate,imgs_2
ES,ES241,Huesca,lake,,15,9,wd:Q2791494,Ibón de Tebarray,photo_gate,imgs_1
ES,ES241,Huesca,lake,,15,9,wd:Q12221153,reservoir of La Sotonera,photo_gate,imgs_3
ES,ES241,Huesca,lake,,15,9,wd:Q3376327,Pantà de Santa Anna,photo_gate,imgs_3
ES,ES241,Huesca,lake,,15,9,osm:w42421752,Embalse de Respomuso,photo_gate,imgs_1
ES,ES241,Huesca,lake,,15,9,osm:w40709797,Embalse de Campo Plano,photo_gate,imgs_0
ES,ES241,Huesca,lake,,15,9,osm:w40709773,Lago de Pecico,photo_gate,imgs_0
ES,ES241,Huesca,lake,,15,9,osm:w123851254,Íbon de Arriel Alto,photo_gate,imgs_0
ES,ES241,Huesca,lake,,15,9,osm:w40953821,Ibon de Astun (Truchas),photo_gate,imgs_2
DE,DEF07,Nordfriesland,lake,,9,9,wd:Q20622,Rantum Basin,photo_gate,imgs_3
DE,DEF07,Nordfriesland,lake,,9,9,wd:Q894922,Bottschlotter-See,photo_gate,imgs_1
DE,DEF07,Nordfriesland,lake,,9,9,wd:Q27554878,Rudbøl Lake,photo_gate,imgs_3
FR,FRC14,Yonne,lake,,10,9,osm:w415518853,Camping Municipal de Mailly le Château,photo_gate,imgs_0
FR,FRC14,Yonne,lake,,10,9,osm:w1133841508,Le Flow,photo_gate,imgs_0
FR,FRC14,Yonne,lake,,10,9,osm:w150913880,Lac du Bourdon,photo_gate,imgs_1
FR,FRC14,Yonne,lake,,10,9,osm:w1280139610,River bathing area,photo_gate,imgs_0
FR,FRC14,Yonne,lake,,10,9,osm:w55857010,Place Louis Dubost,photo_gate,imgs_0
FR,FRC14,Yonne,lake,,10,9,osm:w223191180,Camping de l'Armançon,photo_gate,imgs_0
FR,FRC14,Yonne,lake,,10,9,osm:w839711549,Camping Le Bourgogne,photo_gate,imgs_0
FR,FRD11,Calvados ,lake,,10,9,osm:r17444207,La Seulles,photo_gate,imgs_2
FR,FRD11,Calvados ,lake,,10,9,osm:r17703759,Avant-Port,photo_gate,imgs_1
FR,FRD11,Calvados ,lake,,10,9,osm:w69693083,Donjon de Lars,photo_gate,imgs_0
FR,FRD11,Calvados ,lake,,10,9,osm:w549942307,Plage de Villers-sur-Mer,photo_gate,imgs_1
FR,FRD11,Calvados ,lake,,10,9,osm:w142409571,Camping La Capricieuse,photo_gate,imgs_0
FR,FRE23,Somme,lake,,9,9,osm:w576402920,Camping Municipal d'Onival,photo_gate,imgs_2
FR,FRE23,Somme,lake,,9,9,osm:w215271216,La Falaise,photo_gate,imgs_3
FR,FRE23,Somme,lake,,9,9,osm:w916266358,Place Pierre Lefort,photo_gate,imgs_1
FR,FRE23,Somme,lake,,9,9,osm:w49166632,Kiosque à musique,photo_gate,imgs_1
FR,FRE23,Somme,lake,,9,9,osm:w265983981,Camping La Vieille Eglise,photo_gate,imgs_0
FR,FRE23,Somme,lake,,9,9,osm:w924446298,Dune Fleurie,photo_gate,imgs_0
FR,FRE23,Somme,lake,,9,9,osm:w274652901,Place de Picardie,photo_gate,imgs_0
FR,FRE23,Somme,lake,,9,9,osm:w239716194,Camping Le Bois Dormant,photo_gate,imgs_0
FR,FRD12,Manche ,lake,,10,9,osm:w182462655,Plage de Donville,photo_gate,imgs_0
FR,FRD12,Manche ,lake,,10,9,osm:w837616142,Plage surveillée de l'Ermitage,photo_gate,imgs_0
FR,FRD12,Manche ,lake,,10,9,osm:w167862348,Camping des Dunes,photo_gate,imgs_0
FR,FRD12,Manche ,lake,,10,9,osm:w1536530116,Bassin d'évolution,photo_gate,imgs_0
FR,FRD12,Manche ,lake,,10,9,osm:w264441666,Les Logis du Cotentin,photo_gate,imgs_0
FR,FRB02,Eure-et-Loir,lake,,9,9,osm:r6579864,Étang de la Balastière,photo_gate,imgs_0
FR,FRB02,Eure-et-Loir,lake,,9,9,osm:w232757616,Centre Nautique des 3 Rivières,photo_gate,imgs_0
FR,FRB02,Eure-et-Loir,lake,,9,9,osm:w674162564,Espace aquatique des Vauroux,photo_gate,imgs_0
FR,FRB02,Eure-et-Loir,lake,,9,9,osm:w166710716,Parking Odysée,photo_gate,imgs_0
FR,FRB02,Eure-et-Loir,lake,,9,9,osm:w438302770,Camping municipal des Viennes,photo_gate,imgs_0
FR,FRB02,Eure-et-Loir,lake,,9,9,osm:w813927682,Huttopia,photo_gate,imgs_0
FR,FRB02,Eure-et-Loir,lake,,9,9,osm:w121005695,Étang de Badouleau,photo_gate,imgs_0
FR,FRB02,Eure-et-Loir,lake,,9,9,wd:Q110965782,plan d'eau de Mézières-Écluzelles,floor_pool,score_5.0_below_5.4
ES,ES512,Girona,lake,,10,9,wd:Q1369765,Lake of Banyoles,photo_gate,imgs_3
ES,ES512,Girona,lake,,10,9,wd:Q50583274,Lake of La Poma,photo_gate,imgs_3
ES,ES512,Girona,lake,,10,9,wd:Q11920913,Estanyol del Vilar,photo_gate,imgs_0
ES,ES512,Girona,lake,,10,9,wd:Q20106278,Estanyol d'en Sisó,photo_gate,imgs_1
ES,ES512,Girona,lake,,10,9,wd:Q11920914,Estanyol de la Cendra,photo_gate,imgs_1
ES,ES512,Girona,lake,,10,9,wd:Q18005156,Embassament de Núria,photo_gate,imgs_2
ES,ES512,Girona,lake,,10,9,wd:Q7131953,Susqueda Reservoir,photo_gate,imgs_3
ES,ES512,Girona,lake,,10,9,wd:Q17603103,Estany de Puigcerdà,floor_pool,score_5.3_below_5.4
ES,ES512,Girona,lake,,10,9,wd:Q7131955,Pantà del Pasteral,photo_gate,imgs_1
ES,ES620,Murcia,lake,,9,9,osm:w307367311,Playa de Bolnuevo,photo_gate,imgs_3
ES,ES620,Murcia,lake,,9,9,osm:w164048183,Playa de Levante,photo_gate,imgs_0
ES,ES620,Murcia,lake,,9,9,osm:w233738957,Playa de las Delicias,photo_gate,imgs_0
ES,ES620,Murcia,lake,,9,9,osm:w544142806,Playa de Colón,photo_gate,imgs_1
ES,ES620,Murcia,lake,,9,9,osm:w1458555582,Playa de Poniente,photo_gate,imgs_0
ES,ES620,Murcia,lake,,9,9,osm:w124540464,Camping El Portús,photo_gate,imgs_1
ES,ES620,Murcia,lake,,9,9,wd:Q16627897,Saladar de Lo Poyo,photo_gate,imgs_1
ES,ES620,Murcia,lake,,9,9,wd:Q2391001,Puentes dam,photo_gate,imgs_1
ES,ES620,Murcia,lake,,9,9,wd:Q5476272,Santomera Reservoir,photo_gate,imgs_3
ES,ES513,Lleida,lake,,17,9,wd:Q18005399,Pantà dels Terradets,photo_gate,imgs_2
ES,ES513,Lleida,lake,,17,9,wd:Q11947235,Sant Maurici d'Espot,photo_gate,imgs_3
ES,ES513,Lleida,lake,,17,9,osm:w33920137,Estany del Port,photo_gate,imgs_1
ES,ES513,Lleida,lake,,17,9,osm:w121018502,Estany del Port d'Aulà,photo_gate,imgs_0
ES,ES513,Lleida,lake,,17,9,osm:w89996692,Estany Blanc,photo_gate,imgs_2
ES,ES513,Lleida,lake,,17,9,osm:r14131411,Estany d'Estats,photo_gate,imgs_1
ES,ES513,Lleida,lake,,17,9,osm:w33918178,Estany de Mariola,photo_gate,imgs_1
ES,ES513,Lleida,lake,,17,9,osm:w54293135,Estany d'Areste,photo_gate,imgs_1
ES,ES513,Lleida,lake,,17,9,osm:r14336670,Estany de Certascan,photo_gate,imgs_2
HU,HU233,Tolna,lake,,9,9,osm:r186278,Duna,photo_gate,imgs_0
HU,HU233,Tolna,lake,,9,9,osm:w228350623,Szálkai víztározó,photo_gate,imgs_0
HU,HU233,Tolna,lake,,9,9,osm:r186280,Duna,photo_gate,imgs_1
HU,HU233,Tolna,lake,,9,9,osm:r186278,Duna,photo_gate,imgs_0
HU,HU233,Tolna,lake,,9,9,osm:w599944454,Truncated Tower,photo_gate,imgs_1
HU,HU233,Tolna,lake,,9,9,osm:w1046952297,Buszparkoló,photo_gate,imgs_0
HU,HU233,Tolna,lake,,9,9,osm:w397558604,Egykori uszoda,photo_gate,imgs_0
HU,HU233,Tolna,lake,,9,9,osm:w372036465,MVM Paksi Atomerőmű Zrt. Tanuszoda,photo_gate,imgs_0
HU,HU233,Tolna,lake,,9,9,osm:w1103583399,Főiskola uszoda,photo_gate,imgs_0
HR,HR036,Istarska županija,lake,,10,9,osm:w822646079,Kupalište Stoja,photo_gate,imgs_0
HR,HR036,Istarska županija,lake,,10,9,osm:w125452901,Camping Ulika,photo_gate,imgs_3
HR,HR036,Istarska županija,lake,,10,9,osm:w481824675,Camping Kanegra FKK,photo_gate,imgs_0
HR,HR036,Istarska županija,lake,,10,9,osm:w137871056,Lanterna,photo_gate,imgs_1
HR,HR036,Istarska županija,lake,,10,9,osm:w87724191,Naturist Park Koversada,photo_gate,imgs_3
HR,HR036,Istarska županija,lake,,10,9,osm:w294547716,Camping Orsera,photo_gate,imgs_1
HR,HR036,Istarska županija,lake,,10,9,osm:w345295624,Kažela,photo_gate,imgs_1
HR,HR036,Istarska županija,lake,,10,9,osm:w69760500,Porto Sole,photo_gate,imgs_0
HR,HR036,Istarska županija,lake,,10,9,wd:Q16115608,Jezero Butoniga,floor_pool,score_4.2_below_5.4
FR,FRL03,Alpes-Maritimes,lake,,10,9,wd:Q3215455,Lac de Graveirette,photo_gate,imgs_1
FR,FRL03,Alpes-Maritimes,lake,,10,9,wd:Q3214720,Lac Autier,photo_gate,imgs_3
FR,FRL03,Alpes-Maritimes,lake,,10,9,wd:Q3215094,Lac Niré,photo_gate,imgs_2
FR,FRL03,Alpes-Maritimes,lake,,10,9,wd:Q3215565,Lac de Trécolpas,photo_gate,imgs_3
FR,FRL03,Alpes-Maritimes,lake,,10,9,wd:Q3215437,Lac de Fenestre,photo_gate,imgs_3
FR,FRL03,Alpes-Maritimes,lake,,10,9,wd:Q26805823,Lac Fer,photo_gate,imgs_2
FR,FRL03,Alpes-Maritimes,lake,,10,9,wd:Q48759140,Lac d'Estenc,photo_gate,imgs_2
FR,FRL03,Alpes-Maritimes,lake,,10,9,osm:w476319928,Plage Hawaï,photo_gate,imgs_0
FR,FRL03,Alpes-Maritimes,lake,,10,9,osm:w42267165,Lac de Rabuons,floor_pool,score_4.0_below_5.4
HR,HR025,Osječko-baranjska županija,lake,,9,9,osm:w555978571,Kopika,photo_gate,imgs_2
HR,HR025,Osječko-baranjska županija,lake,,9,9,osm:w1088142939,Gradski bazeni,photo_gate,imgs_0
HR,HR025,Osječko-baranjska županija,lake,,9,9,osm:w406087098,Bistrinačka plaža,photo_gate,imgs_0
HR,HR025,Osječko-baranjska županija,lake,,9,9,osm:w70204033,Bizovački Bajer,photo_gate,imgs_0
HR,HR025,Osječko-baranjska županija,lake,,9,9,osm:w1356294571,ŠRC Copacabana,photo_gate,imgs_0
HR,HR025,Osječko-baranjska županija,lake,,9,9,osm:w555978569,Želja,photo_gate,imgs_0
HR,HR025,Osječko-baranjska županija,lake,,9,9,wd:Q6476572,Lake Lapovac,photo_gate,imgs_0
HR,HR025,Osječko-baranjska županija,lake,,9,9,wd:Q26224042,Jezero Borovik,photo_gate,imgs_2
HR,HR025,Osječko-baranjska županija,lake,,9,9,wd:Q25295427,Kopačevsko jezero,photo_gate,imgs_1
FR,FRI33,Deux-Sèvres,lake,,9,9,osm:w74562111,Plan d'eau de Cherveux,photo_gate,imgs_0
FR,FRI33,Deux-Sèvres,lake,,9,9,osm:w206262219,Camping des Trois Vallées,photo_gate,imgs_0
FR,FRI33,Deux-Sèvres,lake,,9,9,osm:w129266657,Plan d'eau de Verruyes,photo_gate,imgs_0
FR,FRI33,Deux-Sèvres,lake,,9,9,osm:w141271537,Le Martin Pecheur,photo_gate,imgs_0
FR,FRI33,Deux-Sèvres,lake,,9,9,osm:w425194768,Piscine du Pré Leroy,photo_gate,imgs_1
FR,FRI33,Deux-Sèvres,lake,,9,9,osm:w1520886783,Piscine du Pré-Leroy,photo_gate,imgs_1
FR,FRI33,Deux-Sèvres,lake,,9,9,osm:w182144150,Lac d'Hautibus,photo_gate,imgs_0
FR,FRI33,Deux-Sèvres,lake,,9,9,osm:w74522992,Aquadel,photo_gate,imgs_0
FR,FRI14,Lot-et-Garonne,lake,,9,9,osm:w206094461,Lac du Moulineau,photo_gate,imgs_0
FR,FRI14,Lot-et-Garonne,lake,,9,9,wd:Q16653028,lac de Casteljaloux,photo_gate,imgs_3
FR,FRI14,Lot-et-Garonne,lake,,9,9,osm:w176660785,Lac de Clarens,photo_gate,imgs_0
FR,FRI14,Lot-et-Garonne,lake,,9,9,osm:w125809096,Lac de Passeligne,photo_gate,imgs_0
FR,FRI14,Lot-et-Garonne,lake,,9,9,osm:w441925027,Camping de Clairac,photo_gate,imgs_0
FR,FRI14,Lot-et-Garonne,lake,,9,9,osm:w440024651,Camping de Gazaille,photo_gate,imgs_0
FR,FRI14,Lot-et-Garonne,lake,,9,9,osm:w131734800,Plage de Gazaille,photo_gate,imgs_0
FR,FRI14,Lot-et-Garonne,lake,,9,9,wd:Q110471246,Caussade lake,photo_gate,imgs_2
FR,FRJ24,Gers,lake,,10,9,wd:Q27942016,Lac de Thoux St-Cricq,photo_gate,imgs_1
FR,FRJ24,Gers,lake,,10,9,wd:Q2788029,Lac de la Gimone,photo_gate,imgs_3
FR,FRJ24,Gers,lake,,10,9,osm:r1059863,Lac de l'Uby,photo_gate,imgs_0
FR,FRJ24,Gers,lake,,10,9,osm:w410504676,Camping Le Lac de Thoux - Ciela Village - Gers,photo_gate,imgs_0
FR,FRJ24,Gers,lake,,10,9,osm:w372770564,Lac de Thoux Saint-Cricq,photo_gate,imgs_0
FR,FRJ24,Gers,lake,,10,9,osm:w177284376,Lac de Lupiac,photo_gate,imgs_0
FR,FRJ24,Gers,lake,,10,9,wd:Q18169973,Lac de l'Astarac,photo_gate,imgs_3
IT,ITG2G,Oristano,lake,,10,9,osm:w116625259,Spiaggia di Santa Caterina,photo_gate,imgs_2
IT,ITG2G,Oristano,lake,,10,9,osm:w113500748,Spiaggia della Balena,photo_gate,imgs_2
IT,ITG2G,Oristano,lake,,10,9,wd:Q21995943,laguna di Mistras,photo_gate,imgs_0
IT,ITG2G,Oristano,lake,,10,9,osm:w1472238264,Camping Bella Sardinia,photo_gate,imgs_2
IT,ITG2G,Oristano,lake,,10,9,osm:w113749019,Is Arenas,photo_gate,imgs_1
IT,ITG2G,Oristano,lake,,10,9,osm:w120064260,Spiaggia di Arborea,photo_gate,imgs_0
IT,ITG2G,Oristano,lake,,10,9,osm:w1217204495,Campeggio Nurapolis,photo_gate,imgs_0
IT,ITH57,Ravenna,lake,,9,9,osm:w675869420,Romea,photo_gate,imgs_2
IT,ITH57,Ravenna,lake,,9,9,osm:w638766896,Bagno Azzurro,photo_gate,imgs_0
IT,ITH57,Ravenna,lake,,9,9,osm:w640592033,Bagno Nettuno,photo_gate,imgs_0
IT,ITH57,Ravenna,lake,,9,9,osm:w675869421,Camping Reno,photo_gate,imgs_0
IT,ITH57,Ravenna,lake,,9,9,osm:w675869419,Pineta,photo_gate,imgs_0
IT,ITH57,Ravenna,lake,,9,9,osm:w200877919,Classe,photo_gate,imgs_0
IT,ITH57,Ravenna,lake,,9,9,osm:w810718525,Bagno Controvento,photo_gate,imgs_0
IT,ITF46,Foggia,lake,,9,9,wd:Q1129358,Lake Lesina,photo_gate,imgs_2
IT,ITF46,Foggia,lake,,9,9,wd:Q949581,Lago Salso,photo_gate,imgs_3
IT,ITF46,Foggia,lake,,9,9,osm:w26310089,Foce Varano,photo_gate,imgs_1
IT,ITF46,Foggia,lake,,9,9,osm:w1489688148,Camping Village Touring,photo_gate,imgs_0
IT,ITF46,Foggia,lake,,9,9,osm:w1489688151,Le Diomedee,photo_gate,imgs_0
IT,ITF46,Foggia,lake,,9,9,wd:Q511180,Lago di Varano,photo_gate,imgs_5
HU,HU323,Szabolcs-Szatmár-Bereg,lake,,10,9,osm:w33235406,Sóstó,photo_gate,imgs_2
HU,HU323,Szabolcs-Szatmár-Bereg,lake,,10,9,osm:w680652604,Eissmann Városi Uszoda,photo_gate,imgs_0
HU,HU323,Szabolcs-Szatmár-Bereg,lake,,10,9,osm:w299696961,Tanuszoda,photo_gate,imgs_0
HU,HU323,Szabolcs-Szatmár-Bereg,lake,,10,9,osm:r11741410,Rétközi-tó,photo_gate,imgs_0
HU,HU323,Szabolcs-Szatmár-Bereg,lake,,10,9,osm:r2594558,Leveleki Víztározó,photo_gate,imgs_0
HU,HU323,Szabolcs-Szatmár-Bereg,lake,,10,9,osm:r7302413,Csónakázó-tó,photo_gate,imgs_0
HU,HU323,Szabolcs-Szatmár-Bereg,lake,,10,9,osm:w33235542,Leveleki Víztározó,photo_gate,imgs_0
HU,HU323,Szabolcs-Szatmár-Bereg,lake,,10,9,osm:w296880315,Parkfürdő 50 m-es versenyuszoda,photo_gate,imgs_1
HU,HU323,Szabolcs-Szatmár-Bereg,lake,,10,9,wd:Q1321615,Tiszavasvári Fehér-szik Természetvédelmi Terület,photo_gate,imgs_1
PL,PL227,Rybnicki,lake,,9,9,osm:w121024573,Rybnickie Lake,photo_gate,imgs_1
PL,PL227,Rybnicki,lake,,9,9,osm:w32846667,Zalew Pniowiec,photo_gate,imgs_0
PL,PL227,Rybnicki,lake,,9,9,osm:w1374976205,Plaża miejska nad Jeziorem Rybnickim,photo_gate,imgs_0
PL,PL227,Rybnicki,lake,,9,9,osm:w145401097,MOSiR Rybnik Kamień Kąpielisko,photo_gate,imgs_2
PL,PL227,Rybnicki,lake,,9,9,osm:w42726871,Staw Śmieszek,photo_gate,imgs_0
PL,PL227,Rybnicki,lake,,9,9,osm:w350399499,"Ośrodek wypoczynkowy ""OLZA""",photo_gate,imgs_1
PL,PL227,Rybnicki,lake,,9,9,osm:w216534111,Plaża miejska,photo_gate,imgs_0
PL,PL227,Rybnicki,lake,,9,9,osm:w215558611,Wypożyczalnia sprzętu wodnego. MOSiR Żory,photo_gate,imgs_0
PL,PL228,Bytomski,lake,,9,9,wd:Q11726166,Chechło Lake,photo_gate,imgs_2
PL,PL228,Bytomski,lake,,9,9,wd:Q2334353,Kozłowa Góra Lake,photo_gate,imgs_2
PL,PL228,Bytomski,lake,,9,9,osm:w197895710,Stowki,photo_gate,imgs_0
PL,PL228,Bytomski,lake,,9,9,osm:r3583376,Staw Posmyk,photo_gate,imgs_0
PL,PL228,Bytomski,lake,,9,9,osm:r1740064,Zielona górna,photo_gate,imgs_0
PL,PL228,Bytomski,lake,,9,9,osm:r1740065,Zielona dolna,photo_gate,imgs_0
PL,PL228,Bytomski,lake,,9,9,osm:w489934934,Basen kryty,photo_gate,imgs_0
PL,PL228,Bytomski,lake,,9,9,osm:w74411118,Głęboki Dół,photo_gate,imgs_1
NL,NL416,Noordoost-Noord-Brabant,lake,,11,9,wd:Q2934319,IJzeren Man,photo_gate,imgs_3
NL,NL416,Noordoost-Noord-Brabant,lake,,11,9,wd:Q2024867,Oosterplas,photo_gate,imgs_5
NL,NL416,Noordoost-Noord-Brabant,lake,,11,9,wd:Q2126790,Zuiderplas,photo_gate,imgs_2
NL,NL416,Noordoost-Noord-Brabant,lake,,11,9,wd:Q2024525,Rosmalense Plas,photo_gate,imgs_1
NL,NL416,Noordoost-Noord-Brabant,lake,,11,9,osm:w61156428,Watersportvereniging De Pettelaer,photo_gate,imgs_0
NL,NL416,Noordoost-Noord-Brabant,lake,,11,9,osm:w769951259,Watersportcamping 't Loo,photo_gate,imgs_0
NL,NL416,Noordoost-Noord-Brabant,lake,,11,9,osm:r13286238,Kraaijenbergse Plassen,photo_gate,imgs_0
NL,NL416,Noordoost-Noord-Brabant,lake,,11,9,wd:Q1994914,Waterplas,photo_gate,imgs_0
NL,NL133,Zuidwest-Drenthe,lake,,9,9,wd:Q2020030,Blauwe Meer,photo_gate,imgs_2
NL,NL133,Zuidwest-Drenthe,lake,,9,9,osm:w88016683,Schoonhoven (recreatiegebied) - Zwemplas,photo_gate,imgs_1
NL,NL133,Zuidwest-Drenthe,lake,,9,9,osm:r1319711,De Westerse Koele,photo_gate,imgs_0
NL,NL133,Zuidwest-Drenthe,lake,,9,9,osm:w89881326,Recreatieplas Tussenboerslanden,photo_gate,imgs_0
NL,NL133,Zuidwest-Drenthe,lake,,9,9,osm:w722342734,P1,photo_gate,imgs_0
NL,NL133,Zuidwest-Drenthe,lake,,9,9,wd:Q106415479,Strand Nijstad,photo_gate,imgs_0
NL,NL133,Zuidwest-Drenthe,lake,,9,9,osm:w88016601,Visvijver Hollandscheveld,photo_gate,imgs_0
NL,NL133,Zuidwest-Drenthe,lake,,9,9,osm:w338553372,Molecaten Park Het Landschap,photo_gate,imgs_0
NL,NL133,Zuidwest-Drenthe,lake,,9,9,osm:w1415923441,P2,photo_gate,imgs_0
NL,NL414,Zuidoost-Noord-Brabant,lake,,10,9,wd:Q2933818,Zwartven,photo_gate,imgs_4
NL,NL414,Zuidoost-Noord-Brabant,lake,,10,9,wd:Q2774846,Berkendonk,photo_gate,imgs_5
NL,NL414,Zuidoost-Noord-Brabant,lake,,10,9,wd:Q2112355,IJzeren Man,photo_gate,imgs_2
NL,NL414,Zuidoost-Noord-Brabant,lake,,10,9,osm:w84063483,Aquabest,photo_gate,imgs_0
NL,NL414,Zuidoost-Noord-Brabant,lake,,10,9,wd:Q2078684,Karpendonkse plas,photo_gate,imgs_3
NL,NL414,Zuidoost-Noord-Brabant,lake,,10,9,wd:Q130708019,Buntven,photo_gate,imgs_2
NL,NL414,Zuidoost-Noord-Brabant,lake,,10,9,osm:w839886945,IJzeren Man,photo_gate,imgs_0
NL,NL414,Zuidoost-Noord-Brabant,lake,,10,9,wd:Q131370098,De Flaes,photo_gate,imgs_2
NL,NL414,Zuidoost-Noord-Brabant,lake,,10,9,osm:w77487481,Spartelvijver,photo_gate,imgs_0
RO,RO312,Călăraşi,lake,,9,9,osm:r2849143,Canalul Dorobanțu,photo_gate,imgs_0
RO,RO312,Călăraşi,lake,,9,9,osm:r11953727,Lacul Belciugatele,photo_gate,imgs_0
RO,RO312,Călăraşi,lake,,9,9,osm:w75137160,Plaja Tineretului,photo_gate,imgs_0
RO,RO312,Călăraşi,lake,,9,9,osm:w789314681,Plaja Mare,photo_gate,imgs_0
RO,RO312,Călăraşi,lake,,9,9,osm:w1481121241,Bazin de înot,photo_gate,imgs_0
RO,RO312,Călăraşi,lake,,9,9,wd:Q12731866,Lacul Gălățui,photo_gate,imgs_0
RO,RO312,Călăraşi,lake,,9,9,wd:Q18539789,Dorobanț Lake,photo_gate,imgs_2
RO,RO312,Călăraşi,lake,,9,9,wd:Q12731886,Lake Sărulești,photo_gate,imgs_1
RO,RO312,Călăraşi,lake,,9,9,osm:w105140636,Acumularea Iezerul Mostiștei,photo_gate,imgs_0
RO,RO322,Ilfov,lake,,10,9,osm:w1244012652,Parcare în Otopeni SRL,photo_gate,imgs_0
RO,RO322,Ilfov,lake,,10,9,osm:w118166547,Water Park Otopeni,photo_gate,imgs_0
RO,RO322,Ilfov,lake,,10,9,wd:Q3214854,Lake Dâmbovița,photo_gate,imgs_2
RO,RO322,Ilfov,lake,,10,9,wd:Q12731843,Lake Buftea,floor_pool,score_5.0_below_5.4
RO,RO322,Ilfov,lake,,10,9,wd:Q23827023,Lacul Dobroești,photo_gate,imgs_5
RO,RO322,Ilfov,lake,,10,9,wd:Q18541229,Lake Căldărușani,floor_pool,score_4.8_below_5.4
RO,RO322,Ilfov,lake,,10,9,wd:Q35734087,Lake Pantelimon,photo_gate,imgs_3
RO,RO322,Ilfov,lake,,10,9,wd:Q12731880,Lacul Pantelimon,floor_pool,score_4.8_below_5.4
RO,RO322,Ilfov,lake,,10,9,osm:w490750220,Mihăilești,photo_gate,imgs_0
RO,RO213,Iaşi,lake,,10,9,osm:w970948917,Lacul Gorban,photo_gate,imgs_0
RO,RO213,Iaşi,lake,,10,9,osm:w33708757,Iazul Grozești,photo_gate,imgs_0
RO,RO213,Iaşi,lake,,10,9,osm:r1250922,Lacul Ciric II,photo_gate,imgs_0
RO,RO213,Iaşi,lake,,10,9,osm:w220036780,debarcader,photo_gate,imgs_0
RO,RO213,Iaşi,lake,,10,9,osm:w27160003,Lacul Veneția,photo_gate,imgs_0
RO,RO213,Iaşi,lake,,10,9,osm:w27159624,Lacul Ciric I,photo_gate,imgs_0
RO,RO213,Iaşi,lake,,10,9,osm:w1069375115,Brizo,photo_gate,imgs_0
RO,RO213,Iaşi,lake,,10,9,wd:Q12731855,Ciurbești Lake,floor_pool,score_4.9_below_5.4
RO,RO213,Iaşi,lake,,10,9,osm:w84151899,Eleșteele Jijiei și Miletinului,photo_gate,imgs_0
PL,PL824,Tarnobrzeski,lake,,9,9,wd:Q6477976,Lake Tarnobrzeg,photo_gate,imgs_0
PL,PL824,Tarnobrzeski,lake,,9,9,osm:w288170500,Plaża Jezioro Tarnobrzeskie,photo_gate,imgs_0
PL,PL824,Tarnobrzeski,lake,,9,9,osm:r2098185,Zalew Podwolina,photo_gate,imgs_0
PL,PL824,Tarnobrzeski,lake,,9,9,osm:w166861967,Czyste,photo_gate,imgs_0
PL,PL824,Tarnobrzeski,lake,,9,9,osm:w853042690,"Kąpielisko ""Czyste""",photo_gate,imgs_0
PL,PL824,Tarnobrzeski,lake,,9,9,osm:w1298714308,Teren kąpielowy B,photo_gate,imgs_0
PL,PL824,Tarnobrzeski,lake,,9,9,osm:w778091335,Parking P4,photo_gate,imgs_0
PL,PL824,Tarnobrzeski,lake,,9,9,osm:w1295716043,Teren kąpielowy A,photo_gate,imgs_0
PL,PL824,Tarnobrzeski,lake,,9,9,osm:w703948415,Zalew Czyste,photo_gate,imgs_0
PL,PL524,Opolski,lake,,11,9,osm:r18097231,Kamionka Bolko,photo_gate,imgs_2
PL,PL524,Opolski,lake,,11,9,osm:r3173063,Dębowa,photo_gate,imgs_3
PL,PL524,Opolski,lake,,11,9,osm:w208494324,Fontanna Ceres,photo_gate,imgs_2
PL,PL524,Opolski,lake,,11,9,osm:r17678417,Jezioro Srebrne,photo_gate,imgs_1
PL,PL524,Opolski,lake,,11,9,osm:r6409556,Jezioro Średnie,photo_gate,imgs_0
PL,PL524,Opolski,lake,,11,9,wd:Q138665761,Zbiornik Kluczbork,photo_gate,imgs_2
SK,SK022,Trenčiansky kraj,lake,,10,9,osm:r12906973,Zelená voda,photo_gate,imgs_4
SK,SK022,Trenčiansky kraj,lake,,10,9,wd:Q130229572,Štrkovisko Dlhé kusy,photo_gate,imgs_1
SK,SK022,Trenčiansky kraj,lake,,10,9,osm:w1310492911,Pláž Koliba,photo_gate,imgs_0
SK,SK022,Trenčiansky kraj,lake,,10,9,osm:w60807487,Kočkovský kanál,photo_gate,imgs_1
SK,SK022,Trenčiansky kraj,lake,,10,9,osm:w833438238,Kúpalisko Letka Nová Dubnica,photo_gate,imgs_3
SK,SK022,Trenčiansky kraj,lake,,10,9,osm:w1369581844,Ing. Juraj Galovský - JAG,photo_gate,imgs_0
SK,SK022,Trenčiansky kraj,lake,,10,9,osm:w52011880,Krytá plaváreň,photo_gate,imgs_0
SK,SK022,Trenčiansky kraj,lake,,10,9,osm:w206812043,Odhanka 2,photo_gate,imgs_0
SK,SK022,Trenčiansky kraj,lake,,10,9,osm:w206812042,Odhanka 3,photo_gate,imgs_0
GB,TLD62,Cheshire East,lake,,9,9,osm:w22928998,Pick Mere,photo_gate,imgs_2
GB,TLD62,Cheshire East,lake,,9,9,osm:w35478134,Nantwich Swimming Pool,photo_gate,imgs_1
GB,TLD62,Cheshire East,lake,,9,9,osm:w544720912,Lyme View Marina,photo_gate,imgs_0
GB,TLD62,Cheshire East,lake,,9,9,osm:w8071363,Lamaload Reservoir,photo_gate,imgs_3
GB,TLD62,Cheshire East,lake,,9,9,osm:w30456818,Bosley Reservoir,photo_gate,imgs_1
GB,TLE12,East Riding of Yorkshire,lake,,9,9,osm:w53104183,Harbour Car Park,photo_gate,imgs_3
GB,TLE12,East Riding of Yorkshire,lake,,9,9,wd:Q5904525,Hornsea Mere,photo_gate,imgs_2
GB,TLE12,East Riding of Yorkshire,lake,,9,9,osm:w26184438,Memorial Gardens Trust Car Park,photo_gate,imgs_0
GB,TLE44,Calderdale and Kirklees,lake,,9,9,osm:w127297836,Sports Centre Lower Car Park,photo_gate,imgs_0
GB,TLE44,Calderdale and Kirklees,lake,,9,9,osm:w127297839,Todmorden Sports Centre,photo_gate,imgs_0
GB,TLE44,Calderdale and Kirklees,lake,,9,9,osm:w4694903,Gaddings Dam,photo_gate,imgs_2
GB,TLE44,Calderdale and Kirklees,lake,,9,9,osm:w140504100,Cellars Clough Mill Pond,photo_gate,imgs_0
GB,TLE44,Calderdale and Kirklees,lake,,9,9,osm:w29351067,Sands Car Park,photo_gate,imgs_0
GB,TLF13,South and West Derbyshire,lake,,10,9,wd:Q7348277,Toddbrook Reservoir,photo_gate,imgs_1
GB,TLF13,South and West Derbyshire,lake,,10,9,wd:Q933452,Carsington Water,photo_gate,imgs_4
GB,TLF13,South and West Derbyshire,lake,,10,9,wd:Q13359459,Derwent Reservoir,photo_gate,imgs_3
GB,TLF13,South and West Derbyshire,lake,,10,9,wd:Q1631956,Howden Reservoir,floor_pool,score_4.4_below_5.4
GB,TLF13,South and West Derbyshire,lake,,10,9,wd:Q7338071,Torside Reservoir,photo_gate,imgs_3
GB,TLF15,North Nottinghamshire,lake,,9,9,osm:w1137862037,The Beach,photo_gate,imgs_1
GB,TLF15,North Nottinghamshire,lake,,9,9,osm:w354202465,Subtropical Swimming Paradise,photo_gate,imgs_0
GB,TLF15,North Nottinghamshire,lake,,9,9,osm:w116709646,Water Meadows,photo_gate,imgs_0
GB,TLF15,North Nottinghamshire,lake,,9,9,osm:w44052998,River Trent,photo_gate,imgs_2
GB,TLF15,North Nottinghamshire,lake,,9,9,osm:r6466128,Railway Lake,photo_gate,imgs_1
GB,TLG13,Warwickshire CC,lake,,9,9,wd:Q3715180,Draycote Water,photo_gate,imgs_2
GB,TLG13,Warwickshire CC,lake,,9,9,osm:w4985727,Windmill Pool,photo_gate,imgs_2
GB,TLG13,Warwickshire CC,lake,,9,9,osm:w419530891,Sainsbury's,photo_gate,imgs_0
GB,TLG13,Warwickshire CC,lake,,9,9,osm:r8281237,River Leam,photo_gate,imgs_0
GB,TLG13,Warwickshire CC,lake,,9,9,osm:w261883882,Parade Square,photo_gate,imgs_0
GB,TLG24,Staffordshire CC,lake,,10,9,osm:w952309620,Chase Open Water Swimming,photo_gate,imgs_3
GB,TLG24,Staffordshire CC,lake,,10,9,osm:r17501889,Tittesworth Reservoir,photo_gate,imgs_2
GB,TLG24,Staffordshire CC,lake,,10,9,osm:r2205310,Trentham Lake,photo_gate,imgs_1
GB,TLG24,Staffordshire CC,lake,,10,9,wd:Q4782687,Aqualate Mere,photo_gate,imgs_2
GB,TLJ25,West Surrey,lake,,9,9,osm:w5058302,Frensham Great Pond,photo_gate,imgs_1
GB,TLJ25,West Surrey,lake,,9,9,osm:w23218999,Guildford Lido,photo_gate,imgs_2
GB,TLJ25,West Surrey,lake,,9,9,wd:Q7347669,Virginia Water Lake,floor_pool,score_4.9_below_5.4
GB,TLJ25,West Surrey,lake,,9,9,wd:Q7348451,Silent Pool,photo_gate,imgs_0
GB,TLJ25,West Surrey,lake,,9,9,wd:Q7270464,Queen Mary Reservoir,floor_pool,score_4.5_below_5.4
GB,TLJ25,West Surrey,lake,,9,9,osm:w147638018,Queen Elizabeth II Reservoir,photo_gate,imgs_1
GB,TLJ36,Central Hampshire,lake,,10,9,osm:w103426110,Sturt Pond,photo_gate,imgs_3
GB,TLJ36,Central Hampshire,lake,,10,9,osm:w24592192,Testwood Lake,photo_gate,imgs_1
GB,TLJ36,Central Hampshire,lake,,10,9,osm:w95665995,Bath Road,photo_gate,imgs_0
GB,TLJ36,Central Hampshire,lake,,10,9,osm:w186891192,Compton Lock,photo_gate,imgs_2
GB,TLK64,Dorset,lake,,10,9,wd:Q885847,Blue Pool,photo_gate,imgs_2
GB,TLK64,Dorset,lake,,10,9,osm:w127314158,East Beach,photo_gate,imgs_1
GB,TLK64,Dorset,lake,,10,9,osm:w1037134000,Esplanade Car Park,photo_gate,imgs_0
GB,TLK64,Dorset,lake,,10,9,wd:Q3845366,Radipole Lake,photo_gate,imgs_2
GB,TLK72,Wiltshire,lake,,9,9,osm:w38554589,Station Car Park,photo_gate,imgs_2
GB,TLK72,Wiltshire,lake,,9,9,osm:w32929892,Emery Gate Car Park,photo_gate,imgs_0
GB,TLK72,Wiltshire,lake,,9,9,osm:w35041463,Olympiad,photo_gate,imgs_0
GB,TLK72,Wiltshire,lake,,9,9,osm:r16769156,South Lake (32),photo_gate,imgs_0
GB,TLK72,Wiltshire,lake,,9,9,wd:Q5465199,Fonthill Lake,photo_gate,imgs_2
GB,TLL31,Isle of Anglesey,lake,,9,9,wd:Q5058743,Cemlyn Bay and lagoon,photo_gate,imgs_3
GB,TLL31,Isle of Anglesey,lake,,9,9,wd:Q124312,Llyn Cerrig Bach,floor_pool,score_4.3_below_5.4
GB,TLL31,Isle of Anglesey,lake,,9,9,wd:Q3405702,Llyn Llywenan,photo_gate,imgs_2
GB,TLL31,Isle of Anglesey,lake,,9,9,wd:Q20596387,Llyn Traffwll,photo_gate,imgs_1
GB,TLL31,Isle of Anglesey,lake,,9,9,wd:Q3399853,Llyn Alaw,photo_gate,imgs_1
GB,TLL31,Isle of Anglesey,lake,,9,9,wd:Q13129737,Llyn Bodgylched,photo_gate,imgs_1
GB,TLL33,Conwy and Denbighshire,lake,,9,9,wd:Q3405768,Llyn Geirionydd,photo_gate,imgs_1
GB,TLL33,Conwy and Denbighshire,lake,,9,9,wd:Q3401458,Llyn Cowlyd,photo_gate,imgs_3
GB,TLL33,Conwy and Denbighshire,lake,,9,9,wd:Q13129733,Llyn Bochlwyd,photo_gate,imgs_2
GB,TLL33,Conwy and Denbighshire,lake,,9,9,wd:Q3396999,Llyn Brenig,photo_gate,imgs_3
GB,TLL33,Conwy and Denbighshire,lake,,9,9,wd:Q3397923,Llynnau Mymbyr,photo_gate,imgs_3
GB,TLL33,Conwy and Denbighshire,lake,,9,9,wd:Q3398286,Alwen Reservoir,photo_gate,imgs_3
GB,TLN08,"Newry, Mourne and Down",lake,,9,9,wd:Q7331694,Silent Valley Reservoir,score_gate,score_3.9_below_5.4
GB,TLN08,"Newry, Mourne and Down",lake,,9,9,wd:Q6686124,Lough Island Reavy,photo_gate,imgs_3
GB,TLN08,"Newry, Mourne and Down",lake,,9,9,wd:Q7351238,Spelga Reservoir,photo_gate,imgs_1
GB,TLN08,"Newry, Mourne and Down",lake,,9,9,osm:w255230795,Tyrella Beach Parking,photo_gate,imgs_2
GB,TLN08,"Newry, Mourne and Down",lake,,9,9,osm:w601718247,Tyrella Beach,photo_gate,imgs_1
GB,TLN08,"Newry, Mourne and Down",lake,,9,9,osm:w1149354704,Kilclief Beach,photo_gate,imgs_1
GB,TLN08,"Newry, Mourne and Down",lake,,9,9,osm:w1217599632,Kilclief car park,photo_gate,imgs_1
GB,TLN08,"Newry, Mourne and Down",lake,,9,9,osm:w78134741,Downs Road Car Park,floor_pool,score_5.3_below_5.4
GB,TLN08,"Newry, Mourne and Down",lake,,9,9,osm:w178638354,Annalong Cornmill Car Park,photo_gate,imgs_3
AL,AL021,Elbasan,lake,,8,8,wd:Q22009795,Liqeni i Merhojes,photo_gate,imgs_0
AL,AL021,Elbasan,lake,,8,8,wd:Q120801093,Dragostunja Lakes,photo_gate,imgs_1
AL,AL021,Elbasan,lake,,8,8,osm:w1197822242,Balla 2,photo_gate,imgs_0
AL,AL021,Elbasan,lake,,8,8,wd:Q22005029,Liqeni i Dushkut,photo_gate,imgs_1
AL,AL021,Elbasan,lake,,8,8,wd:Q22012223,Liqeni i Belshit,photo_gate,imgs_4
AL,AL021,Elbasan,lake,,8,8,wd:Q22002512,Liqeni i Rajces,photo_gate,imgs_1
AL,AL021,Elbasan,lake,,8,8,wd:Q99519088,Lake Banja,photo_gate,imgs_5
AL,AL021,Elbasan,lake,,8,8,wd:Q22007831,Liqeni i Zavalines,photo_gate,imgs_0
AT,AT126,Wiener Umland/Nordteil,lake,,9,8,wd:Q758419,Aubad,photo_gate,imgs_1
AT,AT126,Wiener Umland/Nordteil,lake,,9,8,osm:w164635881,Badeteich Gerasdorf,photo_gate,imgs_0
AT,AT126,Wiener Umland/Nordteil,lake,,9,8,osm:r16676988,Marchfeldkanal,photo_gate,imgs_0
AT,AT126,Wiener Umland/Nordteil,lake,,9,8,osm:w327111656,Donau-Altarm,photo_gate,imgs_2
AT,AT126,Wiener Umland/Nordteil,lake,,9,8,osm:w30533775,DonauSplash Tulln,photo_gate,imgs_1
AT,AT126,Wiener Umland/Nordteil,lake,,9,8,osm:w179494392,Parkplatz Hallenbad,photo_gate,imgs_0
AT,AT126,Wiener Umland/Nordteil,lake,,9,8,osm:r9684319,Geschirrwasser,photo_gate,imgs_0
AT,AT126,Wiener Umland/Nordteil,lake,,9,8,osm:w8024077,Seeschlacht,photo_gate,imgs_0
BG,BG341,Burgas,lake,,11,8,wd:Q779560,Arkutino,photo_gate,imgs_2
BG,BG341,Burgas,lake,,11,8,wd:Q1346157,Alepu,photo_gate,imgs_2
BG,BG341,Burgas,lake,,11,8,wd:Q1971410,Uzungeren,photo_gate,imgs_1
BG,BG341,Burgas,lake,,11,8,osm:w40922548,North beach,photo_gate,imgs_0
BG,BG341,Burgas,lake,,11,8,wd:Q1503623,Lake Pomorie,photo_gate,imgs_3
BG,BG341,Burgas,lake,,11,8,wd:Q1789433,Lake Mandrensko,photo_gate,imgs_4
BG,BG341,Burgas,lake,,11,8,wd:Q1014783,Lake Burgas,photo_gate,imgs_4
BG,BG341,Burgas,lake,,11,8,wd:Q1563774,Yasna Polyana,photo_gate,imgs_0
BG,BG421,Plovdiv,lake,,8,8,osm:w77092763,Rowing canal,photo_gate,imgs_1
BG,BG421,Plovdiv,lake,,8,8,osm:w410548952,"Плувен комплекс ""Младост""",photo_gate,imgs_0
BG,BG421,Plovdiv,lake,,8,8,osm:w1432459686,Sports Complex VSI,photo_gate,imgs_0
BG,BG421,Plovdiv,lake,,8,8,wd:Q11726676,Pyasachnik Reservoir,photo_gate,imgs_3
BG,BG421,Plovdiv,lake,,8,8,wd:Q12273973,Bryagovo Reservoir,photo_gate,imgs_3
BG,BG421,Plovdiv,lake,,8,8,wd:Q12279004,Dondukovo reservoir,photo_gate,imgs_3
BG,BG421,Plovdiv,lake,,8,8,wd:Q21781983,Domlyan reservoir,photo_gate,imgs_0
BG,BG421,Plovdiv,lake,,8,8,wd:Q12279550,Езерово (язовир),photo_gate,imgs_0
CZ,CZ051,Liberecký kraj,lake,,11,8,wd:Q1517739,Kristýna,photo_gate,imgs_2
CZ,CZ051,Liberecký kraj,lake,,11,8,wd:Q2390775,Fojtka Reservoir,photo_gate,imgs_3
CZ,CZ051,Liberecký kraj,lake,,11,8,osm:w399116567,Pláž Bižuterie,photo_gate,imgs_2
CZ,CZ051,Liberecký kraj,lake,,11,8,wd:Q2390727,Bedřichov Reservoir,photo_gate,imgs_3
CZ,CZ051,Liberecký kraj,lake,,11,8,wd:Q1335621,Horecký rybník,photo_gate,imgs_2
CZ,CZ051,Liberecký kraj,lake,,11,8,osm:w431811381,Plavecký bazén,photo_gate,imgs_1
CZ,CZ051,Liberecký kraj,lake,,11,8,wd:Q601720,Naděje Reservoir,photo_gate,imgs_4
CZ,CZ051,Liberecký kraj,lake,,11,8,wd:Q1166687,Souš Reservoir,photo_gate,imgs_2
CZ,CZ071,Olomoucký kraj,lake,,11,8,wd:Q11923581,Plumlov Reservoir,photo_gate,imgs_2
CZ,CZ071,Olomoucký kraj,lake,,11,8,wd:Q11706445,Bázlerova pískovna,photo_gate,imgs_1
CZ,CZ071,Olomoucký kraj,lake,,11,8,osm:w353800070,Pláž u Lázničků,photo_gate,imgs_0
CZ,CZ071,Olomoucký kraj,lake,,11,8,wd:Q96158439,Jadran,photo_gate,imgs_2
CZ,CZ071,Olomoucký kraj,lake,,11,8,osm:r2081286,Podhradský rybník,photo_gate,imgs_1
CZ,CZ071,Olomoucký kraj,lake,,11,8,osm:w190505573,Autokemp Přehrada,photo_gate,imgs_0
CZ,CZ071,Olomoucký kraj,lake,,11,8,wd:Q96158324,vodní nádrž Krásné,photo_gate,imgs_1
CZ,CZ071,Olomoucký kraj,lake,,11,8,wd:Q11812583,Horní nádrž Dlouhé Stráně,floor_pool,score_5.3_below_5.4
DE,DEE06,Jerichower Land,lake,,8,8,osm:r1141979,Niegripper See,photo_gate,imgs_1
DE,DEE06,Jerichower Land,lake,,8,8,osm:w539076077,Camping Niegripper See,photo_gate,imgs_0
DE,DEB3E,Germersheim,lake,,8,8,osm:r1389590,Scherer I,photo_gate,imgs_0
DE,DEB3E,Germersheim,lake,,8,8,osm:w49209730,Campingplatz Sondernheim,photo_gate,imgs_3
DE,DEB3E,Germersheim,lake,,8,8,osm:w88350796,Badepark Wörth,photo_gate,imgs_2
DE,DEB3I,Rhein-Pfalz-Kreis,lake,,8,8,osm:w157567331,Silbersee,photo_gate,imgs_3
DE,DEB3I,Rhein-Pfalz-Kreis,lake,,8,8,osm:r2004259,Otterstädter Altrhein,photo_gate,imgs_0
DE,DEE0C,Salzlandkreis,lake,,9,8,,,,
DE,DE947,Aurich,lake,,8,8,wd:Q1549188,Großes Meer,photo_gate,imgs_3
DE,DE947,Aurich,lake,,8,8,wd:Q1746745,Kleines Meer,photo_gate,imgs_3
DE,DE914,Gifhorn,lake,,8,8,wd:Q2392876,Tankumsee,photo_gate,imgs_1
DE,DE914,Gifhorn,lake,,8,8,wd:Q826842,Bernsteinsee (Stüde),photo_gate,imgs_1
DE,DEA37,Steinfurt,lake,,8,8,wd:Q962898,Großes Heiliges Meer,floor_pool,score_5.2_below_5.4
DE,DEA37,Steinfurt,lake,,8,8,wd:Q1594268,Heideweiher,photo_gate,imgs_2
DE,DE916,Goslar,lake,,8,8,wd:Q519907,Upper Harz Water Regale,photo_gate,imgs_2
DE,DE916,Goslar,lake,,8,8,wd:Q96176842,Hirschler Teich,photo_gate,imgs_2
DE,DEA47,Paderborn,lake,,9,8,osm:w19073041,Nesthauser See,photo_gate,imgs_1
DE,DE407,Elbe-Elster,lake,,9,8,osm:w164511715,Campingplatz Waldbad Zeischa,photo_gate,imgs_0
DE,DE408,Havelland,lake,,8,8,wd:Q1389185,Gülper See,photo_gate,imgs_1
DE,DE408,Havelland,lake,,8,8,wd:Q1394216,Falkenhagener See,photo_gate,imgs_3
DE,DE22B,Straubing-Bogen,lake,,8,8,osm:w14677736,Münsterfeldweiher 6,photo_gate,imgs_0
DE,DE22B,Straubing-Bogen,lake,,8,8,osm:r14115430,Lieblsee Süd 24,photo_gate,imgs_0
DE,DE237,Neustadt a. d. Waldnaab,lake,,9,8,osm:w29286092,Waldfreibad Neukirchen St. Chr,photo_gate,imgs_0
DE,DE237,Neustadt a. d. Waldnaab,lake,,9,8,wd:Q134088784,Vranečský rybník,photo_gate,imgs_2
DE,DE237,Neustadt a. d. Waldnaab,lake,,9,8,wd:Q2178001,Rußweiher,photo_gate,imgs_3
DE,DE717,Groß-Gerau,lake,,8,8,wd:Q1631334,Riedsee bei Leeheim,photo_gate,imgs_0
DE,DE717,Groß-Gerau,lake,,8,8,wd:Q1796909,Kühkopf-Knoblochsaue,photo_gate,imgs_3
DE,DE279,Neu-Ulm,lake,,8,8,osm:w1302733661,Pfuhler Badesee,photo_gate,imgs_0
DE,DE279,Neu-Ulm,lake,,8,8,osm:w225888565,Pfuhler See,photo_gate,imgs_0
ES,ES300,Madrid,lake,,14,8,wd:Q5830564,San Juan Reservoir,photo_gate,imgs_1
ES,ES300,Madrid,lake,,14,8,wd:Q5969066,Laguna Grande de Peñalara,photo_gate,imgs_2
ES,ES300,Madrid,lake,,14,8,wd:Q8775374,Puentes Viejas Reservoir,photo_gate,imgs_3
ES,ES300,Madrid,lake,,14,8,wd:Q5969295,laguna de los Pájaros,photo_gate,imgs_3
ES,ES300,Madrid,lake,,14,8,wd:Q1329216,La Jarosa Reservoir,floor_pool,score_5.3_below_5.4
ES,ES130,Cantabria,lake,,13,8,wd:Q6114687,Ria of Ajo,photo_gate,imgs_3
ES,ES130,Cantabria,lake,,13,8,wd:Q2179048,Ria of Tina Menor,photo_gate,imgs_3
ES,ES130,Cantabria,lake,,13,8,osm:w73504227,Playa de la Ribera,photo_gate,imgs_1
ES,ES130,Cantabria,lake,,13,8,wd:Q23992456,Ria of Tijero,photo_gate,imgs_2
ES,ES111,A Coruña,lake,,15,8,,,,
ES,ES220,Navarra,lake,,10,8,wd:Q3380147,Embalse de Itoiz,photo_gate,imgs_1
ES,ES220,Navarra,lake,,10,8,osm:w1079761870,Nagoreko hondartza,photo_gate,imgs_0
ES,ES220,Navarra,lake,,10,8,osm:w297819661,Camping Aritzaleku,photo_gate,imgs_0
ES,ES220,Navarra,lake,,10,8,osm:w297820039,Embarcadero,photo_gate,imgs_0
ES,ES220,Navarra,lake,,10,8,wd:Q13049298,Laguna de Lor,photo_gate,imgs_3
ES,ES220,Navarra,lake,,10,8,wd:Q12262263,Leurtza reservoirs,photo_gate,imgs_2
ES,ES220,Navarra,lake,,10,8,wd:Q12257397,Embalse de Eugui,floor_pool,score_4.7_below_5.4
ES,ES220,Navarra,lake,,10,8,wd:Q12259698,Irabia Reservoir,photo_gate,imgs_1
DE,DEF0C,Schleswig-Flensburg,lake,,9,8,wd:Q830453,Selker Noor,photo_gate,imgs_3
DE,DEF0C,Schleswig-Flensburg,lake,,9,8,wd:Q642038,Arenholzer See,photo_gate,imgs_3
DE,DEF0C,Schleswig-Flensburg,lake,,9,8,osm:w14858722,Niehuuser See,photo_gate,imgs_4
EE,EE00A,Kirde-Eesti,lake,,9,8,wd:Q2458214,Narva Reservoir,photo_gate,imgs_3
EE,EE00A,Kirde-Eesti,lake,,9,8,wd:Q6807155,Lake Nõmme,photo_gate,imgs_1
EE,EE00A,Kirde-Eesti,lake,,9,8,wd:Q7371026,Rääkjärv,photo_gate,imgs_1
EE,EE00A,Kirde-Eesti,lake,,9,8,wd:Q12368790,Liivjärv,photo_gate,imgs_0
EE,EE00A,Kirde-Eesti,lake,,9,8,wd:Q7034460,Lake Niinsaare,photo_gate,imgs_2
EE,EE00A,Kirde-Eesti,lake,,9,8,wd:Q3738835,Lake Jaala,photo_gate,imgs_2
EE,EE00A,Kirde-Eesti,lake,,9,8,wd:Q12369952,Lake Martiska,photo_gate,imgs_2
EE,EE00A,Kirde-Eesti,lake,,9,8,wd:Q7371030,Lake Räätsma,photo_gate,imgs_0
FR,FRF12,Haut-Rhin,lake,,10,8,osm:w560518631,Plage de Huningue,photo_gate,imgs_1
FR,FRF12,Haut-Rhin,lake,,10,8,osm:w178883772,Parking de la Piscine,photo_gate,imgs_0
FR,FRF12,Haut-Rhin,lake,,10,8,osm:w112897633,Bassin 1,photo_gate,imgs_0
FR,FRF12,Haut-Rhin,lake,,10,8,osm:w422013176,Parking Novartis,score_gate,score_3.7_below_5.4
FR,FRF12,Haut-Rhin,lake,,10,8,osm:w142063909,Piscine Pierre de Coubertin,photo_gate,imgs_0
FR,FRF12,Haut-Rhin,lake,,10,8,osm:w560518631,Plage de Huningue,photo_gate,imgs_1
FR,FRF12,Haut-Rhin,lake,,10,8,osm:w110691153,Sirenia,photo_gate,imgs_0
FR,FRF12,Haut-Rhin,lake,,10,8,wd:Q931768,Lac de Kruth-Wildenstein,photo_gate,imgs_2
FR,FRD13,Orne,lake,,8,8,wd:Q1438932,lac de Rabodanges,photo_gate,imgs_0
FR,FRD13,Orne,lake,,8,8,osm:r2338336,Lac de la Ferté-Macé,photo_gate,imgs_0
FR,FRD13,Orne,lake,,8,8,osm:w492740630,Étang du Gré,photo_gate,imgs_0
FR,FRD13,Orne,lake,,8,8,osm:w172157285,Centre Aquatique du Pays Fertois,photo_gate,imgs_0
FR,FRD13,Orne,lake,,8,8,osm:w173255747,Piscine municipale,photo_gate,imgs_0
FR,FRD13,Orne,lake,,8,8,osm:w435809839,Base de loisirs du Pays Mêlois,photo_gate,imgs_0
FR,FRD13,Orne,lake,,8,8,osm:w706693132,Étang de Chaumont,photo_gate,imgs_0
FR,FRD13,Orne,lake,,8,8,osm:w447766912,Étang Dais,photo_gate,imgs_0
FR,FRD21,Eure,lake,,8,8,osm:r1407882,Lac des Deux Amants,photo_gate,imgs_0
FR,FRD21,Eure,lake,,8,8,osm:r2719539,Étang de la Noë,photo_gate,imgs_0
FR,FRD21,Eure,lake,,8,8,osm:r10925899,Lac du Mesnil,photo_gate,imgs_0
FR,FRD21,Eure,lake,,8,8,osm:w104317154,Espace nautique de la Grande Garenne,photo_gate,imgs_0
FR,FRD21,Eure,lake,,8,8,osm:w96801537,Piscine de Saint-Marcel,photo_gate,imgs_0
FR,FRD21,Eure,lake,,8,8,osm:w259378541,Caseo,photo_gate,imgs_0
FR,FRD21,Eure,lake,,8,8,osm:w581020346,Centre Nautique - Les Castors,photo_gate,imgs_0
FR,FRD21,Eure,lake,,8,8,osm:w81866186,Bassin de loisirs,photo_gate,imgs_0
FR,FRD22,Seine-Maritime,lake,,10,8,osm:r4496726,Port de Dieppe,photo_gate,imgs_3
FR,FRD22,Seine-Maritime,lake,,10,8,osm:w303992699,Club nautique havrais,photo_gate,imgs_0
FR,FRD22,Seine-Maritime,lake,,10,8,osm:w1165954727,Espace Max Guillochin,photo_gate,imgs_0
FR,FRD22,Seine-Maritime,lake,,10,8,osm:w40669204,Place Fernand Roger,photo_gate,imgs_0
FR,FRD22,Seine-Maritime,lake,,10,8,osm:r14684696,Base de Loisirs de Bédanne,photo_gate,imgs_0
FR,FR104,Essonne,lake,,10,8,osm:r931951,Lac de Port-Sud,photo_gate,imgs_0
FR,FR104,Essonne,lake,,10,8,osm:w527233069,Centre Aquatique des 2 Vallées Alain Bernard,photo_gate,imgs_0
FR,FR104,Essonne,lake,,10,8,osm:w1306522013,Parc des Roches,photo_gate,imgs_0
FR,FR104,Essonne,lake,,10,8,osm:w153194328,La Forêt d'Azalée,photo_gate,imgs_0
FR,FR104,Essonne,lake,,10,8,wd:Q3215576,Lac de Viry-Châtillon,floor_pool,score_4.9_below_5.4
FR,FR104,Essonne,lake,,10,8,wd:Q49316661,Étang de Saclay,photo_gate,imgs_1
HU,HU222,Vas,lake,,8,8,wd:Q66310118,Vadása-tó,photo_gate,imgs_2
HU,HU222,Vas,lake,,8,8,osm:r3564313,Csónakázó-tó,photo_gate,imgs_3
HU,HU222,Vas,lake,,8,8,wd:Q26233522,Hársas-tó,photo_gate,imgs_1
HU,HU222,Vas,lake,,8,8,osm:r3463534,Sárvíz-tó,photo_gate,imgs_0
HU,HU222,Vas,lake,,8,8,osm:w426309762,Vadása-tói strand,photo_gate,imgs_0
HU,HU222,Vas,lake,,8,8,osm:w44806632,Szajki-tavak 6.,photo_gate,imgs_0
HU,HU222,Vas,lake,,8,8,osm:w293952671,Szajki Tavak Camping,photo_gate,imgs_0
HU,HU222,Vas,lake,,8,8,osm:r812704,Csónakázó-tó,photo_gate,imgs_0
HR,HR031,Primorsko-goranska županija,lake,,9,8,osm:r12948475,Kolpa,photo_gate,imgs_0
HR,HR031,Primorsko-goranska županija,lake,,9,8,osm:w998400496,Lipovica,photo_gate,imgs_2
HR,HR031,Primorsko-goranska županija,lake,,9,8,osm:w24872316,Naturist Camp Bunculuka,photo_gate,imgs_1
HR,HR031,Primorsko-goranska županija,lake,,9,8,osm:w24872295,Bunculuka,photo_gate,imgs_1
HR,HR031,Primorsko-goranska županija,lake,,9,8,osm:w1077721591,Plaža Lipovica,photo_gate,imgs_2
HR,HR031,Primorsko-goranska županija,lake,,9,8,osm:w1075467134,Plaža Lipovica,photo_gate,imgs_2
HR,HR031,Primorsko-goranska županija,lake,,9,8,wd:Q3200505,Kupa,photo_gate,imgs_3
HR,HR031,Primorsko-goranska županija,lake,,9,8,wd:Q12640216,Potkoš,photo_gate,imgs_2
HU,HU223,Zala,lake,,10,8,osm:w114036835,Öreg-kavicsbánya-tó,photo_gate,imgs_0
HU,HU223,Zala,lake,,10,8,osm:r183802,Mura,photo_gate,imgs_0
HU,HU223,Zala,lake,,10,8,osm:w646079620,Letenye I. sz. kavicsbánya-tó,photo_gate,imgs_0
HU,HU223,Zala,lake,,10,8,osm:w646079625,Fényesi-tó,photo_gate,imgs_0
HU,HU223,Zala,lake,,10,8,wd:Q1031271,Gébárti Lake,photo_gate,imgs_0
HU,HU223,Zala,lake,,10,8,osm:w203274685,Hévízi-fürdő,photo_gate,imgs_1
HU,HU223,Zala,lake,,10,8,osm:w731785349,Csik Ferenc Tanuszoda,photo_gate,imgs_0
HU,HU223,Zala,lake,,10,8,osm:w201919030,Keszthelyi móló,photo_gate,imgs_3
FR,FRK27,Savoie,lake,,12,8,wd:Q1227366,Lac d'Aiguebelette,photo_gate,imgs_2
FR,FRK27,Savoie,lake,,12,8,wd:Q1336068,Mont Cenis Lake,photo_gate,imgs_2
FR,FRK27,Savoie,lake,,12,8,wd:Q18745276,Lac du Lou,photo_gate,imgs_2
FR,FRK27,Savoie,lake,,12,8,wd:Q3215704,Lac du Chevril,floor_pool,score_4.9_below_5.4
FR,FRK27,Savoie,lake,,12,8,osm:w170473320,Lac de la Sassière,floor_pool,score_4.1_below_5.4
FR,FRK27,Savoie,lake,,12,8,wd:Q55372384,Lake Sommelier,photo_gate,imgs_3
FR,FRK27,Savoie,lake,,12,8,osm:w42279358,Lac de la Bailletta,photo_gate,imgs_0
FR,FRK27,Savoie,lake,,12,8,osm:w88359183,Lac du Grand Méan,photo_gate,imgs_3
FR,FRL06,Vaucluse,lake,,9,8,osm:w28830844,Le Plan d'eau Li Piboulo,photo_gate,imgs_0
FR,FRL06,Vaucluse,lake,,9,8,osm:w147523512,Lac de Monteux Provence,photo_gate,imgs_0
FR,FRL06,Vaucluse,lake,,9,8,osm:w232451360,Parking Beaulieu P1,photo_gate,imgs_0
FR,FRL06,Vaucluse,lake,,9,8,osm:w909530974,Baignade flottante de la Riaille,photo_gate,imgs_0
FR,FRL06,Vaucluse,lake,,9,8,osm:w28799381,Plan d'eau de la Riaille,photo_gate,imgs_0
FR,FRL06,Vaucluse,lake,,9,8,osm:w894400144,Plan d'Eau les Girardes,photo_gate,imgs_0
FR,FRL06,Vaucluse,lake,,9,8,osm:w445169129,Kids Island,photo_gate,imgs_0
FR,FRK23,Drôme,lake,,8,8,osm:w104160014,Lac Pignedoré,photo_gate,imgs_0
FR,FRK23,Drôme,lake,,8,8,osm:w152820483,Lac des Vernets,photo_gate,imgs_0
FR,FRK23,Drôme,lake,,8,8,osm:w698106778,Camping Le Lac Bleu - Ciela Village - Drôme,photo_gate,imgs_0
FR,FRK23,Drôme,lake,,8,8,osm:w5104186,Lac de Champos,photo_gate,imgs_0
FR,FRK23,Drôme,lake,,8,8,osm:w795235560,Domaine du Lac de Champos,photo_gate,imgs_0
FR,FRK23,Drôme,lake,,8,8,osm:w435953636,Piscine municipale,photo_gate,imgs_0
FR,FRK23,Drôme,lake,,8,8,osm:r7254918,Étang des 3 Sources,photo_gate,imgs_0
FR,FRK23,Drôme,lake,,8,8,osm:w239773230,Le village,photo_gate,imgs_0
FR,FRF21,Ardennes,lake,,8,8,osm:r2246491,Semoy,photo_gate,imgs_0
FR,FRF21,Ardennes,lake,,8,8,wd:Q3215691,Lac des Vieilles Forges,photo_gate,imgs_2
FR,FRF21,Ardennes,lake,,8,8,osm:w42271988,Réservoir de Bairon,photo_gate,imgs_3
FR,FRF21,Ardennes,lake,,8,8,osm:w1298877303,Le Lac des Vieilles Forges,photo_gate,imgs_1
FR,FRF21,Ardennes,lake,,8,8,osm:w541880749,Piscine de Sedan,photo_gate,imgs_1
FR,FRF21,Ardennes,lake,,8,8,wd:Q3215351,Lac de Bairon,photo_gate,imgs_3
FR,FRF21,Ardennes,lake,,8,8,osm:w315167048,Étang de la Warenne,photo_gate,imgs_0
FR,FRF21,Ardennes,lake,,8,8,osm:w145467145,Étang de la Motte,photo_gate,imgs_0
FR,FRF22,Aube,lake,,9,8,osm:w23405550,Lac d'Amance,photo_gate,imgs_0
FR,FRF22,Aube,lake,,9,8,osm:w228979970,Le Lac d'Orient,photo_gate,imgs_2
FR,FRF22,Aube,lake,,9,8,osm:w1064810644,Grand bain,photo_gate,imgs_0
FR,FRF22,Aube,lake,,9,8,osm:w1064810643,Petit bain,photo_gate,imgs_0
FR,FRF22,Aube,lake,,9,8,osm:r2832744,Etangs de paisy-Cosdon,photo_gate,imgs_0
FR,FRF22,Aube,lake,,9,8,osm:w1160478411,Les Terres Rouges,photo_gate,imgs_0
FR,FRF22,Aube,lake,,9,8,osm:r3505812,Lac d'Auzon-Temple,photo_gate,imgs_3
FR,FRJ22,Aveyron,lake,,10,8,wd:Q3215481,Lac de Maury,photo_gate,imgs_3
FR,FRJ22,Aveyron,lake,,10,8,wd:Q3215517,Lac de Pont-de-Salars,photo_gate,imgs_3
FR,FRJ22,Aveyron,lake,,10,8,osm:r11573017,Lac du Barrage de Sarrans,photo_gate,imgs_0
FR,FRJ22,Aveyron,lake,,10,8,wd:Q3215534,Lac de Saint-Amans,photo_gate,imgs_2
FR,FRJ22,Aveyron,lake,,10,8,wd:Q2374124,Étang de la Brienne,photo_gate,imgs_1
FR,FRJ22,Aveyron,lake,,10,8,wd:Q3215353,Lac de Bage,photo_gate,imgs_3
LV,LV00A,Rīga,lake,,15,8,wd:Q1576080,Ķīšezers,photo_gate,imgs_4
LV,LV00A,Rīga,lake,,15,8,wd:Q15218746,Bābelītis,photo_gate,imgs_3
LV,LV00A,Rīga,lake,,15,8,wd:Q15220001,Velnezers,photo_gate,imgs_2
LV,LV00A,Rīga,lake,,15,8,wd:Q4191801,Ziemeļupe,photo_gate,imgs_1
LV,LV00A,Rīga,lake,,15,8,wd:Q15218800,Dambjapurva ezers,photo_gate,imgs_0
LV,LV00A,Rīga,lake,,15,8,wd:Q15219343,Mazais Baltezers,photo_gate,imgs_2
LV,LV00A,Rīga,lake,,15,8,wd:Q15218914,Gaiļezers,photo_gate,imgs_3
IT,ITG2D,Sassari,lake,,11,8,osm:r15258708,Stagni di San Teodoro,photo_gate,imgs_0
IT,ITG2D,Sassari,lake,,11,8,osm:w261249381,Marina di Cala Bitta,photo_gate,imgs_0
IT,ITG2D,Sassari,lake,,11,8,osm:w304763235,Caletta,photo_gate,imgs_1
IT,ITG2D,Sassari,lake,,11,8,osm:w467541773,Stagno di Porto Ainu,photo_gate,imgs_0
IT,ITG2D,Sassari,lake,,11,8,wd:Q3215012,Lake Liscia,photo_gate,imgs_2
IT,ITG2H,Sud Sardegna,lake,,11,8,osm:w171961937,Villaggio Camping Spiaggia del Riso,photo_gate,imgs_2
IT,ITG2H,Sud Sardegna,lake,,11,8,osm:w367206115,Spiaggia di Campulongu,photo_gate,imgs_3
IT,ITG2H,Sud Sardegna,lake,,11,8,osm:w117054353,Stagno di Colostrai,photo_gate,imgs_0
IT,ITG2H,Sud Sardegna,lake,,11,8,wd:Q3825732,Lago di Mulargia,photo_gate,imgs_1
IT,ITH32,Vicenza,lake,,8,8,osm:w139600714,Piscine di Vicenza,photo_gate,imgs_2
IT,ITH32,Vicenza,lake,,8,8,osm:w248000717,Piscine di Vicenza,photo_gate,imgs_1
IT,ITH32,Vicenza,lake,,8,8,osm:w263065022,Fiume Brenta,photo_gate,imgs_2
IT,ITH32,Vicenza,lake,,8,8,wd:Q3825951,Lago di Fimon,photo_gate,imgs_3
IT,ITH32,Vicenza,lake,,8,8,osm:r12658320,Astico,photo_gate,imgs_0
IT,ITH32,Vicenza,lake,,8,8,osm:w83127498,Bacchiglione,photo_gate,imgs_1
IT,ITH32,Vicenza,lake,,8,8,osm:w58566871,Tesina,photo_gate,imgs_0
IT,ITH32,Vicenza,lake,,8,8,wd:Q3825569,Laghetto di Ponte Subiolo,photo_gate,imgs_2
IT,ITH56,Ferrara,lake,,10,8,osm:w23012260,Beach of Nations,photo_gate,imgs_2
IT,ITH56,Ferrara,lake,,10,8,osm:w87677952,Camping Village I Tre Moschettieri,photo_gate,imgs_0
IT,ITH56,Ferrara,lake,,10,8,osm:w440864869,Vigna sul Mar Camping Village,photo_gate,imgs_0
IT,ITH56,Ferrara,lake,,10,8,osm:w25330368,Spiaggia del Lido degli Estensi,photo_gate,imgs_2
IT,ITH56,Ferrara,lake,,10,8,osm:r1557431,Canale di Longonovo,photo_gate,imgs_0
IT,ITI17,Pisa,lake,,8,8,osm:w197721605,Via Belvedere,photo_gate,imgs_0
IT,ITI17,Pisa,lake,,8,8,osm:w32767201,Camping Mare e Sole,photo_gate,imgs_0
IT,ITI17,Pisa,lake,,8,8,osm:w238158348,Oasi del Mare,photo_gate,imgs_0
IT,ITI17,Pisa,lake,,8,8,osm:w1297414993,Camping International,photo_gate,imgs_0
IT,ITI17,Pisa,lake,,8,8,osm:w28199929,Piazza Giuseppe Viviani,photo_gate,imgs_1
IT,ITI17,Pisa,lake,,8,8,wd:Q3826039,Lago di Santa Luce,floor_pool,score_5.3_below_5.4
IT,ITI17,Pisa,lake,,8,8,wd:Q3825910,Lago di Bientina,photo_gate,imgs_3
HU,HU312,Heves,lake,,9,8,osm:w208609049,Bitskey Aladár Uszoda,photo_gate,imgs_3
HU,HU312,Heves,lake,,9,8,osm:w289249774,Beach,photo_gate,imgs_1
HU,HU312,Heves,lake,,9,8,osm:w289249781,busz parkoló,photo_gate,imgs_1
HU,HU312,Heves,lake,,9,8,osm:w1236605157,Tavirózsa Kemping,photo_gate,imgs_0
HU,HU312,Heves,lake,,9,8,osm:r15089925,Göbe,photo_gate,imgs_0
HU,HU312,Heves,lake,,9,8,osm:w193633647,Gyerek élménymedence,photo_gate,imgs_0
HU,HU312,Heves,lake,,9,8,wd:Q14915983,Markaz Reservoir,floor_pool,score_5.2_below_5.4
HU,HU312,Heves,lake,,9,8,wd:Q1315111,Sástó,photo_gate,imgs_2
IT,ITC4C,Milano,lake,,10,8,osm:w711269180,Parcheggio Punta dell'Est,photo_gate,imgs_1
IT,ITC4C,Milano,lake,,10,8,osm:w169333659,Piscine Riviera Est,photo_gate,imgs_0
IT,ITC4C,Milano,lake,,10,8,osm:w426205662,Piscine Riviera Est,photo_gate,imgs_0
IT,ITC4C,Milano,lake,,10,8,wd:Q52151329,Niguarda Lake,photo_gate,imgs_3
IT,ITC4C,Milano,lake,,10,8,osm:w426205680,Area Balneabile,photo_gate,imgs_0
IT,ITC4C,Milano,lake,,10,8,osm:w426641176,Parcheggio Riviera Est,photo_gate,imgs_0
HU,HU332,Békés,lake,,9,8,osm:r3171298,Gyopáros-tó,photo_gate,imgs_0
HU,HU332,Békés,lake,,9,8,osm:w283842219,Liget Wellness és Konferencia Hotel,photo_gate,imgs_1
HU,HU332,Békés,lake,,9,8,osm:w112924471,Árpád Gyógy-és Strandfürdő,photo_gate,imgs_1
HU,HU332,Békés,lake,,9,8,osm:w709695998,Szanazugi strand (Doboz),photo_gate,imgs_0
HU,HU332,Békés,lake,,9,8,osm:w233143762,Széchy Tamás Uszoda,photo_gate,imgs_0
HU,HU332,Békés,lake,,9,8,osm:w278644200,Füzesgyarmati Termálkemping,photo_gate,imgs_0
HU,HU332,Békés,lake,,9,8,osm:w622156822,Úszómedence,photo_gate,imgs_0
HU,HU332,Békés,lake,,9,8,osm:r21122770,Hármas-Körös,photo_gate,imgs_0
IE,IE063,Midland,lake,,11,8,wd:Q3545409,Lough Gowna,photo_gate,imgs_1
IE,IE063,Midland,lake,,11,8,osm:w161960246,Co Longford Sports and Leisure Centre,floor_pool,score_5.2_below_5.4
IE,IE063,Midland,lake,,11,8,osm:w27312971,Mullingar Town Park Lake,photo_gate,imgs_2
IE,IE063,Midland,lake,,11,8,osm:w303379332,Mullingar Swimming Pool,floor_pool,score_5.1_below_5.4
IE,IE063,Midland,lake,,11,8,osm:w810032794,Athlone Regional Sports Centre Car Park,photo_gate,imgs_1
IE,IE063,Midland,lake,,11,8,osm:w163290761,Athlone Regional Sports Centre Swimming Pool,photo_gate,imgs_1
IE,IE063,Midland,lake,,11,8,osm:w148900001,Portlaoise Leisure Centre,photo_gate,imgs_2
IE,IE063,Midland,lake,,11,8,wd:Q1586768,Lough Derravaragh,photo_gate,imgs_2
HU,HU333,Csongrád-Csanád,lake,,9,8,osm:w391737156,Foka,photo_gate,imgs_0
HU,HU333,Csongrád-Csanád,lake,,9,8,osm:w839396385,Sziksósfürdő,photo_gate,imgs_0
HU,HU333,Csongrád-Csanád,lake,,9,8,osm:w299378183,Sziksósfürdő kemping,photo_gate,imgs_0
HU,HU333,Csongrád-Csanád,lake,,9,8,osm:w82422771,Sziksóstó,photo_gate,imgs_0
HU,HU333,Csongrád-Csanád,lake,,9,8,osm:w1328417404,Körös-toroki Kemping,photo_gate,imgs_1
HU,HU333,Csongrád-Csanád,lake,,9,8,osm:w801678339,Tiszavirág Sportuszoda,photo_gate,imgs_0
HU,HU333,Csongrád-Csanád,lake,,9,8,osm:w96585418,Tanmedence,photo_gate,imgs_0
HU,HU333,Csongrád-Csanád,lake,,9,8,wd:Q942033,Lake Fehér,photo_gate,imgs_1
NL,NL126,Zuidoost-Friesland,lake,,9,8,wd:Q2348263,De Leijen,photo_gate,imgs_3
NL,NL126,Zuidoost-Friesland,lake,,9,8,wd:Q2682231,Canadameer,photo_gate,imgs_2
NL,NL126,Zuidoost-Friesland,lake,,9,8,osm:w1119977245,Jachthaven Alddjip,photo_gate,imgs_3
NL,NL126,Zuidoost-Friesland,lake,,9,8,wd:Q2584282,Recreatiegebied De Heide,photo_gate,imgs_5
NL,NL126,Zuidoost-Friesland,lake,,9,8,wd:Q2644591,Het Wijde,photo_gate,imgs_1
NL,NL126,Zuidoost-Friesland,lake,,9,8,wd:Q13136290,Het Wijd (Langelille),photo_gate,imgs_4
NL,NL126,Zuidoost-Friesland,lake,,9,8,wd:Q1886564,"Brandemeer, Weststellingwerf",photo_gate,imgs_2
NL,NL126,Zuidoost-Friesland,lake,,9,8,wd:Q2692905,Spokeplas,photo_gate,imgs_1
NL,NL213,Twente,lake,,9,8,osm:r9347443,Oelemars,photo_gate,imgs_0
NL,NL213,Twente,lake,,9,8,osm:w46111981,Bergvennen,photo_gate,imgs_0
NL,NL213,Twente,lake,,9,8,wd:Q2050876,Recreatieterrein Het Rutbeek,photo_gate,imgs_1
NL,NL213,Twente,lake,,9,8,osm:w713667526,P3 Wolbers moat,photo_gate,imgs_0
NL,NL213,Twente,lake,,9,8,osm:w712475187,P1 Jacobsriet,photo_gate,imgs_0
NL,NL213,Twente,lake,,9,8,osm:w46639472,Surfvijver,photo_gate,imgs_0
NL,NL213,Twente,lake,,9,8,osm:w804712643,Camping Twente,photo_gate,imgs_0
NL,NL213,Twente,lake,,9,8,osm:w414569131,Naturistencamping het Slagersmaat,photo_gate,imgs_0
NL,NL32B,Groot-Amsterdam,lake,,14,8,wd:Q23305139,Mooie Nel,photo_gate,imgs_2
NL,NL32B,Groot-Amsterdam,lake,,14,8,osm:w491454899,Watersportcentrum Sloterplas,photo_gate,imgs_1
NL,NL32B,Groot-Amsterdam,lake,,14,8,wd:Q2433204,Westeinderplassen,photo_gate,imgs_3
NL,NL32B,Groot-Amsterdam,lake,,14,8,wd:Q123852726,Purmer Ee,photo_gate,imgs_2
NL,NL350,Utrecht,lake,,11,8,wd:Q1857518,Haarrijnseplas,photo_gate,imgs_2
NL,NL350,Utrecht,lake,,11,8,wd:Q731679,Maarsseveense Plassen,photo_gate,imgs_3
NL,NL350,Utrecht,lake,,11,8,wd:Q2049150,Recreatieplas Cattenbroek,photo_gate,imgs_1
NL,NL350,Utrecht,lake,,11,8,wd:Q307092,Abcoudermeer,photo_gate,imgs_3
NL,NL350,Utrecht,lake,,11,8,osm:r1357685,Noordplas,photo_gate,imgs_0
NL,NL350,Utrecht,lake,,11,8,osm:r13913396,Loosdrechtse Plassen,photo_gate,imgs_0
NL,NL365,Oost-Zuid-Holland,lake,,9,8,osm:w93855919,Surfplas,photo_gate,imgs_0
NL,NL365,Oost-Zuid-Holland,lake,,9,8,wd:Q2789838,Zegerplas,photo_gate,imgs_2
NL,NL365,Oost-Zuid-Holland,lake,,9,8,osm:w93973031,Reeuwijkse Houtwal,photo_gate,imgs_1
NL,NL365,Oost-Zuid-Holland,lake,,9,8,osm:w95245745,Aarkanaal,photo_gate,imgs_2
NL,NL365,Oost-Zuid-Holland,lake,,9,8,osm:r1377811,'s-Gravenbroek,photo_gate,imgs_0
NL,NL365,Oost-Zuid-Holland,lake,,9,8,osm:r1377576,Elfhoeven,photo_gate,imgs_0
NL,NL365,Oost-Zuid-Holland,lake,,9,8,wd:Q49316427,Zuideinderplas,photo_gate,imgs_1
NL,NL365,Oost-Zuid-Holland,lake,,9,8,wd:Q2015330,Nieuwkoopse plassen,floor_pool,score_4.8_below_5.4
NL,NL411,West-Noord-Brabant,lake,,11,8,osm:w26400254,Natuurkampeerterrein De Ottermeerhoeve,photo_gate,imgs_0
NL,NL411,West-Noord-Brabant,lake,,11,8,osm:w71359016,Athena Ossendrecht,photo_gate,imgs_0
NL,NL411,West-Noord-Brabant,lake,,11,8,wd:Q2442499,Binnenschelde,photo_gate,imgs_3
NL,NL411,West-Noord-Brabant,lake,,11,8,wd:Q2202708,Asterdplas,photo_gate,imgs_3
NL,NL411,West-Noord-Brabant,lake,,11,8,osm:w48690854,De Schelp,photo_gate,imgs_1
NL,NL411,West-Noord-Brabant,lake,,11,8,osm:r1434652,Gat van de Noorderklip,photo_gate,imgs_0
NL,NL411,West-Noord-Brabant,lake,,11,8,osm:w95341345,Jachthaven De Turfvaart,photo_gate,imgs_0
NL,NL411,West-Noord-Brabant,lake,,11,8,osm:w6285734,Volkerak,photo_gate,imgs_0
RO,RO317,Teleorman,lake,,8,8,osm:r13030220,Olt,photo_gate,imgs_0
RO,RO317,Teleorman,lake,,8,8,osm:w334704073,Balta Sultan,photo_gate,imgs_0
RO,RO317,Teleorman,lake,,8,8,osm:w338766626,Brațul Belina,photo_gate,imgs_0
RO,RO317,Teleorman,lake,,8,8,osm:w338766629,Brațul Belina,photo_gate,imgs_0
RO,RO317,Teleorman,lake,,8,8,osm:w338766616,Brațul Belina,photo_gate,imgs_0
RO,RO317,Teleorman,lake,,8,8,osm:w338766625,Brațul Pavel,photo_gate,imgs_0
RO,RO317,Teleorman,lake,,8,8,osm:w338766618,Brațul Pavel,photo_gate,imgs_0
RO,RO317,Teleorman,lake,,8,8,osm:w183124153,Plaja Olt,photo_gate,imgs_0
RO,RO113,Cluj,lake,,9,8,wd:Q874738,Lacul Știucilor,photo_gate,imgs_1
RO,RO113,Cluj,lake,,9,8,osm:w38526158,Parking Piața Mihai Viteazu,photo_gate,imgs_2
RO,RO113,Cluj,lake,,9,8,osm:w1516353709,Bazin de înot,photo_gate,imgs_0
RO,RO113,Cluj,lake,,9,8,osm:w763414118,Bazin de înot didactic Turda,photo_gate,imgs_0
RO,RO113,Cluj,lake,,9,8,osm:w949978150,Ștrand Clujana,photo_gate,imgs_0
RO,RO113,Cluj,lake,,9,8,osm:w171275131,Bazin interior,photo_gate,imgs_0
RO,RO113,Cluj,lake,,9,8,osm:w310052936,UTCN Complexul de natație,photo_gate,imgs_0
RO,RO113,Cluj,lake,,9,8,osm:w42454752,Lacul Gheorgheni,floor_pool,score_5.1_below_5.4
RO,RO315,Ialomiţa,lake,,9,8,osm:w254244252,Ștrand,photo_gate,imgs_0
RO,RO315,Ialomiţa,lake,,9,8,osm:w253303936,Bazin de înot,photo_gate,imgs_0
RO,RO315,Ialomiţa,lake,,9,8,wd:Q18547462,Lacul Rodeanu,photo_gate,imgs_0
RO,RO315,Ialomiţa,lake,,9,8,wd:Q18548194,Strachina Lake,photo_gate,imgs_0
RO,RO315,Ialomiţa,lake,,9,8,wd:Q31909340,Balta Jilavei,photo_gate,imgs_0
RO,RO315,Ialomiţa,lake,,9,8,osm:w88364100,Lacul Strachina,photo_gate,imgs_0
RO,RO315,Ialomiţa,lake,,9,8,osm:w88363939,Balta Ratca,photo_gate,imgs_0
RO,RO315,Ialomiţa,lake,,9,8,osm:w13880345,Lacul Fundata,photo_gate,imgs_0
PT,PT1C1,Alentejo Litoral,lake,,11,8,osm:w232239487,Praia da Vieirinha - Vale de Figueiros,photo_gate,imgs_3
PT,PT1C1,Alentejo Litoral,lake,,11,8,wd:Q35724477,Lagoa de Melides,photo_gate,imgs_3
RO,RO212,Botoşani,lake,,8,8,osm:w1124613425,Marea Nordului,photo_gate,imgs_0
RO,RO212,Botoşani,lake,,8,8,osm:w1124613425,Marea Nordului,photo_gate,imgs_0
RO,RO212,Botoşani,lake,,8,8,osm:w633722863,Piscina Imperia,photo_gate,imgs_0
RO,RO212,Botoşani,lake,,8,8,osm:w309463757,Lacul Pârlogeanu,photo_gate,imgs_0
RO,RO212,Botoşani,lake,,8,8,wd:Q130631991,Hăneşti Lake,photo_gate,imgs_0
RO,RO212,Botoşani,lake,,8,8,osm:w319767314,Clubul de pescuit Navodul Star,photo_gate,imgs_0
RO,RO212,Botoşani,lake,,8,8,osm:w309384293,Iaz Lebada,photo_gate,imgs_0
RO,RO212,Botoşani,lake,,8,8,osm:w88374794,Iazul Mare,photo_gate,imgs_0
PL,PL516,Legnicko-głogowski,lake,,8,8,osm:w314901701,Hala sportowo-widowiskowa,photo_gate,imgs_0
PL,PL516,Legnicko-głogowski,lake,,8,8,osm:w440247071,Basen Miejski,photo_gate,imgs_0
PL,PL516,Legnicko-głogowski,lake,,8,8,osm:w153049222,Baseny pływackie,photo_gate,imgs_0
PL,PL516,Legnicko-głogowski,lake,,8,8,osm:r215262,Jezioro Kunickie,photo_gate,imgs_1
PL,PL516,Legnicko-głogowski,lake,,8,8,osm:w24509822,Jezioro Koskowickie,photo_gate,imgs_1
PL,PL516,Legnicko-głogowski,lake,,8,8,osm:w339142483,Baszta Tkaczy,floor_pool,score_4.2_below_5.4
PL,PL516,Legnicko-głogowski,lake,,8,8,osm:w24612592,Jezioro Jaśkowickie,photo_gate,imgs_1
PL,PL516,Legnicko-głogowski,lake,,8,8,wd:Q9397360,Żelazny Most,photo_gate,imgs_1
PL,PL913,Warszawski zachodni,lake,,8,8,osm:w7991490,Jeziorko Bielawskie Górne,photo_gate,imgs_3
PL,PL913,Warszawski zachodni,lake,,8,8,osm:w699369612,Zacisze,photo_gate,imgs_0
PL,PL913,Warszawski zachodni,lake,,8,8,osm:r6029423,Stawy Walczewskiego,photo_gate,imgs_2
PL,PL913,Warszawski zachodni,lake,,8,8,wd:Q11726222,Czersk Lake,photo_gate,imgs_4
PL,PL913,Warszawski zachodni,lake,,8,8,osm:w713938584,P&R Nowy Dwór Mazowiecki,photo_gate,imgs_3
PL,PL913,Warszawski zachodni,lake,,8,8,osm:w33175700,Glinianka Hosera,photo_gate,imgs_1
PL,PL913,Warszawski zachodni,lake,,8,8,osm:w503434937,Koło Polskiego Związku Wędkarskiego nr 15,photo_gate,imgs_0
PL,PL913,Warszawski zachodni,lake,,8,8,osm:w41705210,Pływalnia Wodnik 2000,photo_gate,imgs_0
PL,PL921,Radomski,lake,,9,8,osm:w171351721,Zalew Siczki,photo_gate,imgs_2
PL,PL921,Radomski,lake,,9,8,osm:w32711174,Zalew Domaniowski,photo_gate,imgs_2
PL,PL921,Radomski,lake,,9,8,osm:r18058644,Zalew Borki,photo_gate,imgs_1
PL,PL921,Radomski,lake,,9,8,osm:w189815295,Zalew w Szydłowcu,photo_gate,imgs_0
PL,PL921,Radomski,lake,,9,8,osm:w467281564,Wypożyczalnia Sprzętu Wodnego,photo_gate,imgs_0
PL,PL921,Radomski,lake,,9,8,osm:w57994410,Zalew Karczówka,photo_gate,imgs_2
PL,PL921,Radomski,lake,,9,8,osm:w1080976529,Plaża Miejska w Białobrzegach,photo_gate,imgs_2
PL,PL921,Radomski,lake,,9,8,osm:w31912528,Jezioro Iłżeckie,photo_gate,imgs_0
PL,PL722,Sandomiersko-jędrzejowski,lake,,8,8,osm:r231950,Zalew Pińczowski,photo_gate,imgs_2
PL,PL722,Sandomiersko-jędrzejowski,lake,,8,8,osm:w97690694,Duży Staw,photo_gate,imgs_0
PL,PL722,Sandomiersko-jędrzejowski,lake,,8,8,osm:w238074712,Plaża Chańcza,photo_gate,imgs_3
PL,PL722,Sandomiersko-jędrzejowski,lake,,8,8,osm:r18089617,zbiornik wodny Klekot,photo_gate,imgs_0
PL,PL722,Sandomiersko-jędrzejowski,lake,,8,8,osm:w110054536,Kąpielisko,photo_gate,imgs_0
PL,PL722,Sandomiersko-jędrzejowski,lake,,8,8,osm:w278001589,Kryta Pływalnia LKS Delfin,photo_gate,imgs_0
PL,PL722,Sandomiersko-jędrzejowski,lake,,8,8,osm:w329052430,Pływalnia Miejska,photo_gate,imgs_0
PL,PL722,Sandomiersko-jędrzejowski,lake,,8,8,osm:w352112042,Pływalnia Miejska,photo_gate,imgs_0
GB,TLD14,Westmorland and Furness,lake,,12,8,wd:Q1544320,Rydal Water,floor_pool,score_5.1_below_5.4
GB,TLD14,Westmorland and Furness,lake,,12,8,wd:Q1480495,Haweswater Reservoir,photo_gate,imgs_2
GB,TLD46,East Lancashire,lake,,8,8,osm:w148469616,Penndle Wavelengths,photo_gate,imgs_0
GB,TLD46,East Lancashire,lake,,8,8,osm:w4684147,Barrowford Reservoir,photo_gate,imgs_3
GB,TLD46,East Lancashire,lake,,8,8,osm:w4805850,Cowm Reservoir,photo_gate,imgs_1
GB,TLD46,East Lancashire,lake,,8,8,osm:w5048118,Clowbridge Reservoir,photo_gate,imgs_3
GB,TLD46,East Lancashire,lake,,8,8,wd:Q29015317,Rowley Lake,score_gate,score_3.5_below_5.4
GB,TLE42,Leeds,lake,,8,8,osm:w550725385,Kirkstall Bridge Shopping Park,photo_gate,imgs_3
GB,TLE42,Leeds,lake,,8,8,osm:r15956367,Skelton Lake,photo_gate,imgs_2
GB,TLE42,Leeds,lake,,8,8,osm:w159540047,JCCS Aquatic Centre,floor_pool,score_4.6_below_5.4
GB,TLE42,Leeds,lake,,8,8,osm:r3695758,Yeadon Tarn,floor_pool,score_4.2_below_5.4
GB,TLE42,Leeds,lake,,8,8,osm:w28836555,Leeds Dock,floor_pool,score_4.1_below_5.4
GB,TLF25,North Northamptonshire,lake,,8,8,osm:r1377651,Sandpiper Lake,photo_gate,imgs_0
GB,TLF25,North Northamptonshire,lake,,8,8,osm:r1673154,Alder Lake,photo_gate,imgs_0
GB,TLF25,North Northamptonshire,lake,,8,8,osm:r20292544,Brightwater,photo_gate,imgs_0
GB,TLF25,North Northamptonshire,lake,,8,8,osm:w35905254,London Road Carpark,photo_gate,imgs_0
GB,TLF25,North Northamptonshire,lake,,8,8,osm:w121846110,East Midlands International Swimming Pool,photo_gate,imgs_0
GB,TLF30,Lincolnshire CC,lake,,8,8,osm:w165406792,Eastgate Car Park,photo_gate,imgs_2
GB,TLF30,Lincolnshire CC,lake,,8,8,osm:w591197753,Cloud Bar,photo_gate,imgs_2
GB,TLF30,Lincolnshire CC,lake,,8,8,osm:w110959467,Woodhall Spa Swimming Pool,photo_gate,imgs_1
GB,TLF30,Lincolnshire CC,lake,,8,8,osm:w127552383,Beach Bar Car Park,photo_gate,imgs_1
GB,TLF30,Lincolnshire CC,lake,,8,8,osm:w74412857,anchor,photo_gate,imgs_1
GB,TLF30,Lincolnshire CC,lake,,8,8,osm:w127788948,Broadway Car Park,photo_gate,imgs_0
GB,TLG12,Worcestershire CC,lake,,8,8,osm:w54581216,Heriotts Pool,photo_gate,imgs_2
GB,TLG12,Worcestershire CC,lake,,8,8,osm:w54581217,Bishop's Pool,photo_gate,imgs_1
GB,TLG12,Worcestershire CC,lake,,8,8,osm:w1499410905,Droitwich Spa Lido,photo_gate,imgs_1
GB,TLG12,Worcestershire CC,lake,,8,8,osm:w135997609,Lido Park,photo_gate,imgs_1
GB,TLG12,Worcestershire CC,lake,,8,8,osm:r2976019,Arrow Valley Lake,photo_gate,imgs_1
GB,TLG22,Shropshire,lake,,8,8,wd:Q4940857,Bomere Pool,photo_gate,imgs_1
GB,TLG22,Shropshire,lake,,8,8,wd:Q117937492,Cole Mere,photo_gate,imgs_2
GB,TLG22,Shropshire,lake,,8,8,wd:Q117958150,Oss Mere,photo_gate,imgs_1
GB,TLG22,Shropshire,lake,,8,8,wd:Q65295395,Blakemere,photo_gate,imgs_1
GB,TLG22,Shropshire,lake,,8,8,wd:Q102416264,The Mere,score_gate,score_3.6_below_5.4
GB,TLH51,Norwich and East Norfolk,lake,,8,8,osm:w206754851,Brush Quay,photo_gate,imgs_2
GB,TLH51,Norwich and East Norfolk,lake,,8,8,wd:Q16897670,Wroxham Broad,photo_gate,imgs_2
GB,TLH51,Norwich and East Norfolk,lake,,8,8,wd:Q6744907,Malthouse Broad,floor_pool,score_4.6_below_5.4
GB,TLH51,Norwich and East Norfolk,lake,,8,8,wd:Q7329757,Salhouse Broad,photo_gate,imgs_2
GB,TLH51,Norwich and East Norfolk,lake,,8,8,wd:Q6774636,Martham Broad,photo_gate,imgs_1
GB,TLH51,Norwich and East Norfolk,lake,,8,8,wd:Q7293643,Ranworth Broad,photo_gate,imgs_3
GB,TLH52,North and West Norfolk,lake,,8,8,wd:Q7329742,Hickling Broad,photo_gate,imgs_5
GB,TLH52,North and West Norfolk,lake,,8,8,osm:w372559958,Boating Pond,photo_gate,imgs_1
GB,TLH52,North and West Norfolk,lake,,8,8,wd:Q5906158,Horsey Mere,photo_gate,imgs_2
GB,TLH52,North and West Norfolk,lake,,8,8,wd:Q2886137,Barton Broad,floor_pool,score_4.5_below_5.4
GB,TLH63,East Suffolk,lake,,8,8,osm:w242869786,Southwold Camping and Caravan Site,photo_gate,imgs_2
GB,TLJ14,Oxfordshire CC,lake,,9,8,osm:w262649101,Wolvercote Mill Stream,photo_gate,imgs_0
GB,TLJ14,Oxfordshire CC,lake,,9,8,osm:r1332424,Farmoor Reservoir,photo_gate,imgs_2
GB,TLJ14,Oxfordshire CC,lake,,9,8,osm:w3354166,Addison's Walk,photo_gate,imgs_2
GB,TLJ22,East Sussex CC,lake,,8,8,osm:w42715550,The Sovereign Centre,photo_gate,imgs_3
GB,TLJ22,East Sussex CC,lake,,8,8,osm:w603970474,Newhaven and Seaford Sailing Club,photo_gate,imgs_0
GB,TLJ22,East Sussex CC,lake,,8,8,osm:w894939806,Buckle Car Park,photo_gate,imgs_0
GB,TLJ22,East Sussex CC,lake,,8,8,wd:Q4899761,Bewl Water,photo_gate,imgs_2
GB,TLK62,Somerset,lake,,8,8,osm:w1375708798,Berrow Sands,photo_gate,imgs_1
GB,TLK62,Somerset,lake,,8,8,wd:Q7348416,Wimbleball Lake,photo_gate,imgs_3
GB,TLK62,Somerset,lake,,8,8,wd:Q5089194,Cheddar Reservoir,photo_gate,imgs_2
GB,TLK62,Somerset,lake,,8,8,wd:Q7100228,Orchardleigh Lake,photo_gate,imgs_1
GB,TLM03,Angus and Dundee City,lake,,8,8,wd:Q7349821,Loch Lee,photo_gate,imgs_1
GB,TLM03,Angus and Dundee City,lake,,8,8,wd:Q18736965,Loch of Forfar,floor_pool,score_5.2_below_5.4
GB,TLM03,Angus and Dundee City,lake,,8,8,wd:Q7314956,Rescobie Loch,floor_pool,score_4.3_below_5.4
GB,TLM03,Angus and Dundee City,lake,,8,8,wd:Q68376496,Pitlyal Loch,photo_gate,imgs_3
GB,TLM03,Angus and Dundee City,lake,,8,8,wd:Q68098638,Long Loch,photo_gate,imgs_1
GB,TLM03,Angus and Dundee City,lake,,8,8,wd:Q18736964,Loch Fithie,photo_gate,imgs_0
GB,TLM50,Aberdeen City and Aberdeenshire,lake,,10,8,wd:Q6665031,Loch of Aboyne,floor_pool,score_4.6_below_5.4
GB,TLM50,Aberdeen City and Aberdeenshire,lake,,10,8,wd:Q3850249,Loch of Strathbeg,photo_gate,imgs_2
GB,TLM50,Aberdeen City and Aberdeenshire,lake,,10,8,wd:Q18736996,Loch Callater,floor_pool,score_4.0_below_5.4
GB,TLM50,Aberdeen City and Aberdeenshire,lake,,10,8,wd:Q6665035,Loch of Skene,photo_gate,imgs_2
GB,TLM93,North Ayrshire and East Ayrshire,lake,,8,8,wd:Q6693994,Lowes Loch,photo_gate,imgs_1
GB,TLM93,North Ayrshire and East Ayrshire,lake,,8,8,wd:Q1547670,Loch Doon,photo_gate,imgs_1
GB,TLM93,North Ayrshire and East Ayrshire,lake,,8,8,wd:Q6777288,Martnaham Loch,photo_gate,imgs_1
GB,TLM93,North Ayrshire and East Ayrshire,lake,,8,8,wd:Q6664975,Loch Macaterick,photo_gate,imgs_1
GB,TLM93,North Ayrshire and East Ayrshire,lake,,8,8,wd:Q6394718,Kerse Loch,photo_gate,imgs_1
GB,TLM93,North Ayrshire and East Ayrshire,lake,,8,8,wd:Q24639253,Loch Riecawr,photo_gate,imgs_1
GB,TLM94,South Ayrshire,lake,,8,8,osm:w544398656,Barassie,photo_gate,imgs_0
GB,TLM94,South Ayrshire,lake,,8,8,wd:Q21003882,Loch Dornal,photo_gate,imgs_1
GB,TLM94,South Ayrshire,lake,,8,8,wd:Q24652003,Cornish Loch,photo_gate,imgs_1
GB,TLM94,South Ayrshire,lake,,8,8,wd:Q24638533,Shankston Loch,photo_gate,imgs_2
GB,TLN0B,Mid Ulster,lake,,8,8,wd:Q3776163,Ballysaggart Lough,photo_gate,imgs_0
GB,TLN0B,Mid Ulster,lake,,8,8,osm:w479893674,Ballyronan Marina,photo_gate,imgs_1
GB,TLN0B,Mid Ulster,lake,,8,8,osm:r4817537,Lough Fea,floor_pool,score_5.2_below_5.4
GB,TLN0B,Mid Ulster,lake,,8,8,wd:Q24658730,Lough Sallagh,photo_gate,imgs_0
GB,TLN0B,Mid Ulster,lake,,8,8,osm:w75793222,Brantry Lough,photo_gate,imgs_0
GB,TLN0B,Mid Ulster,lake,,8,8,osm:w196495430,Loughanalbanagh,photo_gate,imgs_0
GB,TLN0B,Mid Ulster,lake,,8,8,osm:w75793224,Lough na Heery,photo_gate,imgs_0
GB,TLN0B,Mid Ulster,lake,,8,8,osm:w75793198,Lough navarad,photo_gate,imgs_0
MD,MD-MD-IA,Ialoveni,lake,,8,8,osm:w30240612,Lacul de acumulare „Costești”,photo_gate,imgs_0
MD,MD-MD-IA,Ialoveni,lake,,8,8,osm:w1192037394,Complexul Turistic „Costești”,photo_gate,imgs_0
MD,MD-MD-IA,Ialoveni,lake,,8,8,osm:w277438450,Iazul Horodca Nr. 3,photo_gate,imgs_2
MD,MD-MD-IA,Ialoveni,lake,,8,8,osm:w29309810,Lacul de acumulare „Ialoveni”,photo_gate,imgs_0
MD,MD-MD-IA,Ialoveni,lake,,8,8,osm:w60205757,Iazul Boieresc,photo_gate,imgs_0
MD,MD-MD-IA,Ialoveni,lake,,8,8,osm:w28685793,Iazul „Răzeni”,photo_gate,imgs_0
MD,MD-MD-IA,Ialoveni,lake,,8,8,osm:w1243425276,Lago Event Park,photo_gate,imgs_0
MD,MD-MD-IA,Ialoveni,lake,,8,8,osm:w1192789671,Pensiunea „Turnul Alb”,photo_gate,imgs_0
AT,AT223,Östliche Obersteiermark,lake,,8,7,wd:Q5612902,Grüner See,photo_gate,imgs_3
AT,AT223,Östliche Obersteiermark,lake,,8,7,wd:Q50616493,Trabocher See,photo_gate,imgs_1
AT,AT223,Östliche Obersteiermark,lake,,8,7,wd:Q21868103,Hubertussee,photo_gate,imgs_3
AT,AT223,Östliche Obersteiermark,lake,,8,7,osm:w232794940,Campingplatz Erlaufsee,photo_gate,imgs_1
AT,AT223,Östliche Obersteiermark,lake,,8,7,osm:w103204294,Mur,photo_gate,imgs_1
AT,AT223,Östliche Obersteiermark,lake,,8,7,osm:w191297595,Camping Rosskogler,photo_gate,imgs_0
AT,AT223,Östliche Obersteiermark,lake,,8,7,osm:r3344733,Badeteich Seebach,photo_gate,imgs_0
AT,AT322,Pinzgau-Pongau,lake,,8,7,wd:Q131389092,Goldegger See,photo_gate,imgs_3
AT,AT322,Pinzgau-Pongau,lake,,8,7,wd:Q2155364,Ritzensee,photo_gate,imgs_1
AT,AT322,Pinzgau-Pongau,lake,,8,7,wd:Q131737547,Gasteiner Badesee,photo_gate,imgs_2
AT,AT322,Pinzgau-Pongau,lake,,8,7,wd:Q21874869,Seebachsee,photo_gate,imgs_3
AT,AT322,Pinzgau-Pongau,lake,,8,7,wd:Q21874862,Klammsee,photo_gate,imgs_2
AT,AT322,Pinzgau-Pongau,lake,,8,7,wd:Q2334720,Stausee Mooserboden,floor_pool,score_5.1_below_5.4
AT,AT322,Pinzgau-Pongau,lake,,8,7,wd:Q21863432,Tauernmoossee,floor_pool,score_5.1_below_5.4
AT,AT312,Linz-Wels,lake,,8,7,wd:Q2092165,Pichlinger See,photo_gate,imgs_5
AT,AT312,Linz-Wels,lake,,8,7,osm:w3870488,Großer Weikerlsee,photo_gate,imgs_0
AT,AT312,Linz-Wels,lake,,8,7,osm:w83741138,Badesee Steyregg,photo_gate,imgs_2
AT,AT312,Linz-Wels,lake,,8,7,wd:Q1402712,Feldkirchner Badeseen,photo_gate,imgs_0
AT,AT312,Linz-Wels,lake,,8,7,osm:w30111765,Indoor swimming,photo_gate,imgs_0
AT,AT312,Linz-Wels,lake,,8,7,osm:w340129011,Sandstrand,photo_gate,imgs_0
AT,AT312,Linz-Wels,lake,,8,7,osm:w30111842,Freibecken,photo_gate,imgs_0
BE,BE224,Arr. Hasselt,lake,,8,7,osm:w93244889,Paalse Plas,photo_gate,imgs_0
BE,BE224,Arr. Hasselt,lake,,8,7,osm:w232143263,Heidestrand,photo_gate,imgs_1
BE,BE224,Arr. Hasselt,lake,,8,7,osm:w120459124,Bronnenvijver,photo_gate,imgs_0
BE,BE224,Arr. Hasselt,lake,,8,7,osm:r3116706,Groot Wijven,photo_gate,imgs_0
BE,BE224,Arr. Hasselt,lake,,8,7,osm:w1105556869,Roeivijver,photo_gate,imgs_0
BE,BE224,Arr. Hasselt,lake,,8,7,osm:w166991461,Zwemvijver,photo_gate,imgs_0
BE,BE224,Arr. Hasselt,lake,,8,7,osm:w12379134,Surfplas Papendaalheide,photo_gate,imgs_0
BE,BE234,Arr. Gent,lake,,8,7,osm:r12399642,Krekenplas,photo_gate,imgs_0
BE,BE234,Arr. Gent,lake,,8,7,osm:w595841743,Sportstrand,photo_gate,imgs_0
BE,BE234,Arr. Gent,lake,,8,7,osm:w89705568,Urban Gardens,photo_gate,imgs_0
BE,BE234,Arr. Gent,lake,,8,7,osm:w89718102,Parking Oost,photo_gate,imgs_0
BE,BE234,Arr. Gent,lake,,8,7,osm:w241798610,Jachthaven Sneppebrug,photo_gate,imgs_0
BE,BE234,Arr. Gent,lake,,8,7,osm:w45737278,Noordelijke Leie,photo_gate,imgs_0
BE,BE234,Arr. Gent,lake,,8,7,wd:Q2347208,Damvallei,floor_pool,score_5.2_below_5.4
BG,BG311,Vidin,lake,,7,7,osm:w830818449,Pri Ivan Pool,photo_gate,imgs_0
BG,BG311,Vidin,lake,,7,7,osm:w1375100541,Градски плаж,photo_gate,imgs_0
BG,BG311,Vidin,lake,,7,7,osm:w1111141884,"Язовир ""Божурица""",photo_gate,imgs_0
BG,BG311,Vidin,lake,,7,7,wd:Q6477472,Lake Rabisha,photo_gate,imgs_3
BG,BG311,Vidin,lake,,7,7,wd:Q19705965,Kula Lake,photo_gate,imgs_0
BG,BG311,Vidin,lake,,7,7,wd:Q12279144,Drenovets,photo_gate,imgs_0
BG,BG311,Vidin,lake,,7,7,wd:Q12277803,Делейна,photo_gate,imgs_0
CH,CH012,Valais / Wallis,lake,,11,7,wd:Q672967,Riffelsee,photo_gate,imgs_3
CH,CH012,Valais / Wallis,lake,,11,7,wd:Q671159,Lac de Derborence,photo_gate,imgs_3
CH,CH012,Valais / Wallis,lake,,11,7,wd:Q677258,Märjelensee,photo_gate,imgs_1
CH,CH012,Valais / Wallis,lake,,11,7,wd:Q680976,lake Mattmark,photo_gate,imgs_3
CH,CH012,Valais / Wallis,lake,,11,7,wd:Q3215494,Lac de Morgins,photo_gate,imgs_2
CH,CH012,Valais / Wallis,lake,,11,7,wd:Q3215563,Lake Taney,photo_gate,imgs_2
CH,CH012,Valais / Wallis,lake,,11,7,wd:Q870046,Lac de Moiry,photo_gate,imgs_3
DE,DE126,"Mannheim, Stadtkreis",lake,,7,7,osm:w32998159,Stollenwörthweiher,photo_gate,imgs_1
DE,DE126,"Mannheim, Stadtkreis",lake,,7,7,osm:w34284816,Strandbad,photo_gate,imgs_2
DE,DE128,Rhein-Neckar-Kreis,lake,,7,7,osm:w386849546,Camping Kollersee,photo_gate,imgs_0
DE,DE128,Rhein-Neckar-Kreis,lake,,7,7,osm:w157469260,Badesee Heddesheim,photo_gate,imgs_0
DE,DE11D,Ostalbkreis,lake,,7,7,osm:r18746554,Waldhäuser See,photo_gate,imgs_3
DE,DE11D,Ostalbkreis,lake,,7,7,osm:w466320826,Campingplatz Fuchs,photo_gate,imgs_0
DE,DE927,Nienburg (Weser),lake,,7,7,osm:w52907056,Wellier Kolk,photo_gate,imgs_1
DE,DE927,Nienburg (Weser),lake,,7,7,osm:w14815433,Parkplatz Wesavi Theater,photo_gate,imgs_0
DE,DE931,Celle,lake,,7,7,osm:r113336,Hüttensee,photo_gate,imgs_0
DE,DE931,Celle,lake,,7,7,osm:w109372749,Campingpark Hüttensee,photo_gate,imgs_0
DE,DE933,Harburg,lake,,7,7,osm:w157397032,See im Großen Moor,photo_gate,imgs_1
DE,DE933,Harburg,lake,,7,7,osm:w64497048,Badeteich,photo_gate,imgs_0
DE,DEE09,Harz,lake,,7,7,osm:w112301531,Birnbaumteich,photo_gate,imgs_3
DE,DEE09,Harz,lake,,7,7,osm:w34880084,Bremer Teich,photo_gate,imgs_3
DE,DEE0D,Stendal,lake,,7,7,osm:w101926332,Kamernscher See,photo_gate,imgs_0
DE,DEE0D,Stendal,lake,,7,7,osm:w810486564,Badestelle Kamernscher See,photo_gate,imgs_0
DE,DE938,Heidekreis,lake,,7,7,osm:w77809914,Düshorner See,photo_gate,imgs_1
DE,DE938,Heidekreis,lake,,7,7,osm:w97532890,Badeteich,photo_gate,imgs_0
DE,DE94A,Friesland (DE),lake,,7,7,osm:w1177536453,Sander See,photo_gate,imgs_2
DE,DE94B,Grafschaft Bentheim,lake,,7,7,osm:w33758792,Badesee - Wilsumer Berge,photo_gate,imgs_0
DE,DE94B,Grafschaft Bentheim,lake,,7,7,osm:w153967548,Wilsumer Berge,photo_gate,imgs_0
DE,DE94B,Grafschaft Bentheim,lake,,7,7,osm:w575279814,Kiesgrube Wielen,photo_gate,imgs_0
DE,DE94B,Grafschaft Bentheim,lake,,7,7,osm:w87830035,Laascher Bruch,photo_gate,imgs_0
DE,DE94B,Grafschaft Bentheim,lake,,7,7,osm:w1298591492,Grenzaa,photo_gate,imgs_0
DE,DE94C,Leer,lake,,7,7,osm:w33132564,Idasee,photo_gate,imgs_1
DE,DE94D,"Oldenburg, Landkreis",lake,,7,7,osm:w104496450,Badesee Westrittrum,photo_gate,imgs_1
DE,DE94D,"Oldenburg, Landkreis",lake,,7,7,osm:r18317659,Badesee Westerholt,photo_gate,imgs_0
DE,DEA36,Recklinghausen,lake,,8,7,osm:w77211521,Badeweiher,photo_gate,imgs_0
DE,DE94E,"Osnabrück, Landkreis",lake,,7,7,wd:Q1166534,Darnsee,photo_gate,imgs_3
DE,DE94E,"Osnabrück, Landkreis",lake,,7,7,wd:Q1552126,Grüner See,photo_gate,imgs_3
DE,DEA1C,Mettmann,lake,,7,7,osm:w4754024,Großer Krämersee,photo_gate,imgs_0
DE,DEA1C,Mettmann,lake,,7,7,osm:w6768423,Wasserski Camping Langenfeld,photo_gate,imgs_0
DE,DEA1D,Rhein-Kreis Neuss,lake,,8,7,osm:w24524213,Kaarster See,photo_gate,imgs_1
DE,DEA1E,Viersen,lake,,8,7,osm:w35044256,De Wittsee,photo_gate,imgs_2
DE,DE27D,Donau-Ries,lake,,7,7,osm:w145565737,Riedlinger Seen,photo_gate,imgs_0
DE,DE27D,Donau-Ries,lake,,7,7,osm:w145565736,Riedlinger Seen,photo_gate,imgs_0
DE,DE23A,Tirschenreuth,lake,,7,7,osm:w29117515,Odelteich,photo_gate,imgs_0
DE,DE23A,Tirschenreuth,lake,,7,7,osm:w225625880,Kipp,photo_gate,imgs_0
DE,DE23A,Tirschenreuth,lake,,7,7,osm:w29227773,Erlenweiher,photo_gate,imgs_0
DE,DE600,Hamburg,lake,,9,7,,,,
DE,DE21E,Landsberg am Lech,lake,,7,7,wd:Q265336,Ammersee,photo_gate,imgs_3
DE,DE21E,Landsberg am Lech,lake,,7,7,osm:w38252408,Campingplatz Utting,photo_gate,imgs_2
DE,DE21J,Pfaffenhofen a. d. Ilm,lake,,7,7,osm:r6880036,Feilenmoos,photo_gate,imgs_0
DE,DE21J,Pfaffenhofen a. d. Ilm,lake,,7,7,osm:w30021915,Kreisweiher,photo_gate,imgs_0
DE,DE21K,"Rosenheim, Landkreis",lake,,8,7,wd:Q1297140,Egelsee,photo_gate,imgs_2
DE,DE21K,"Rosenheim, Landkreis",lake,,8,7,osm:w25928315,Schindlberger See,photo_gate,imgs_0
DE,DE21K,"Rosenheim, Landkreis",lake,,8,7,wd:Q315443,Simssee,photo_gate,imgs_3
DE,DE277,Dillingen a.d. Donau,lake,,7,7,osm:w1164896444,Blindheimer Badesee,photo_gate,imgs_0
DE,DE277,Dillingen a.d. Donau,lake,,7,7,osm:w173228168,Josefsee,photo_gate,imgs_0
DE,DE278,Günzburg,lake,,7,7,osm:r6539315,Lutzenberger See,photo_gate,imgs_0
DE,DE278,Günzburg,lake,,7,7,osm:r1422987,Oberrieder Weiher,photo_gate,imgs_1
ES,ES413,León,lake,,9,7,wd:Q8775382,Riaño Reservoir,photo_gate,imgs_2
ES,ES413,León,lake,,9,7,wd:Q5830421,Campañana Reservoir,photo_gate,imgs_1
ES,ES413,León,lake,,9,7,wd:Q3373938,Reservoir of Barrios de Luna,photo_gate,imgs_2
ES,ES413,León,lake,,9,7,wd:Q20619327,Ausente Lake,photo_gate,imgs_2
ES,ES413,León,lake,,9,7,wd:Q5830589,Villameca Reservoir,photo_gate,imgs_1
ES,ES413,León,lake,,9,7,wd:Q10916042,Lago de Truchillas,photo_gate,imgs_2
ES,ES413,León,lake,,9,7,wd:Q5830604,Casares Reservoir,photo_gate,imgs_2
DE,DEG0K,Saale-Orla-Kreis,lake,,8,7,osm:w118759482,Campingplatz Neumannshof,photo_gate,imgs_0
DK,DK013,Nordsjælland,lake,,12,7,wd:Q1368515,Lake Esrum,photo_gate,imgs_2
DK,DK013,Nordsjælland,lake,,12,7,wd:Q699572,Arresø,photo_gate,imgs_3
DK,DK013,Nordsjælland,lake,,12,7,wd:Q12304649,Buresø,photo_gate,imgs_2
DK,DK013,Nordsjælland,lake,,12,7,wd:Q3049999,Farum Sø,photo_gate,imgs_2
DK,DK013,Nordsjælland,lake,,12,7,wd:Q23749517,Bøgeholm Sø,photo_gate,imgs_1
DK,DK013,Nordsjælland,lake,,12,7,wd:Q113955812,Lake of Humlebæk Cemetery,photo_gate,imgs_1
DK,DK021,Østsjælland,lake,,8,7,wd:Q23736551,Store Kattinge Sø,photo_gate,imgs_1
DK,DK021,Østsjælland,lake,,8,7,osm:w173297437,Vigen Strandpark,photo_gate,imgs_0
DK,DK021,Østsjælland,lake,,8,7,osm:r3770551,Himmelsøen,photo_gate,imgs_0
DK,DK021,Østsjælland,lake,,8,7,osm:w87375055,Lyngager Sø,photo_gate,imgs_0
DK,DK021,Østsjælland,lake,,8,7,osm:w807725264,MTB Easy,photo_gate,imgs_0
DK,DK021,Østsjælland,lake,,8,7,osm:w1423688388,Himmelsøen,photo_gate,imgs_0
DK,DK021,Østsjælland,lake,,8,7,osm:w238197789,Badesøen,photo_gate,imgs_0
EE,EE001,Põhja-Eesti,lake,,13,7,wd:Q621853,Lake Harku,photo_gate,imgs_3
EE,EE001,Põhja-Eesti,lake,,13,7,wd:Q1808999,Lake Maardu,photo_gate,imgs_2
EE,EE001,Põhja-Eesti,lake,,13,7,wd:Q3743604,Lake Klooga,photo_gate,imgs_3
EE,EE001,Põhja-Eesti,lake,,13,7,wd:Q18625154,Vahejärv,photo_gate,imgs_4
EE,EE001,Põhja-Eesti,lake,,13,7,wd:Q6477054,Lake Männiku,photo_gate,imgs_2
EE,EE001,Põhja-Eesti,lake,,13,7,wd:Q12378316,Vaskjala Reservoir,photo_gate,imgs_0
EE,EE001,Põhja-Eesti,lake,,13,7,wd:Q16409926,Kaunissaare Reservoir,photo_gate,imgs_3
FR,FRE21,Aisne,lake,,8,7,osm:w95525829,Étang de la Lobiette,photo_gate,imgs_0
FR,FRE21,Aisne,lake,,8,7,osm:w39321635,Bassin de Monampteuil,photo_gate,imgs_0
FR,FRE21,Aisne,lake,,8,7,osm:w174808922,Plan d'eau de la Frette,photo_gate,imgs_0
FR,FRE21,Aisne,lake,,8,7,osm:w173515595,Axo'Plage,photo_gate,imgs_0
FR,FRE21,Aisne,lake,,8,7,osm:w40029406,Parking de la Frette,photo_gate,imgs_0
FR,FRE21,Aisne,lake,,8,7,osm:w360749095,Plage d'Isle,photo_gate,imgs_3
FR,FRE21,Aisne,lake,,8,7,osm:r3847118,Étang d'Isle,photo_gate,imgs_0
FR,FRC12,Nièvre,lake,,12,7,osm:w250506696,Étang de Baye,photo_gate,imgs_0
FR,FRC12,Nièvre,lake,,12,7,osm:w699962969,Camping Plage du Midi,photo_gate,imgs_0
FR,FRC12,Nièvre,lake,,12,7,wd:Q3215413,Lac de Chaumeçon,photo_gate,imgs_3
FR,FRC21,Doubs,lake,,10,7,wd:Q671274,Lac de Moron,photo_gate,imgs_3
FR,FRC21,Doubs,lake,,10,7,wd:Q48756885,Lac de Biaufond,photo_gate,imgs_3
FR,FRC21,Doubs,lake,,10,7,osm:r4656546,Cours du Doubs,photo_gate,imgs_2
FR,FRC21,Doubs,lake,,10,7,wd:Q498738,Lac de Saint-Point,photo_gate,imgs_3
FR,FRC21,Doubs,lake,,10,7,wd:Q120304620,base de loisirs du lac d'Osselle,photo_gate,imgs_3
FR,FRC21,Doubs,lake,,10,7,wd:Q6468008,Lac de l'Entonnoir,photo_gate,imgs_3
FR,FRC21,Doubs,lake,,10,7,wd:Q49316598,Étang de Frasne,photo_gate,imgs_2
ES,ES611,Almería,lake,,10,7,osm:w186053975,Playa La Romanilla,photo_gate,imgs_0
ES,ES611,Almería,lake,,10,7,osm:w30801265,Playa de Levante,photo_gate,imgs_0
ES,ES611,Almería,lake,,10,7,wd:Q5969225,Laguna de Puerto Rey,photo_gate,imgs_1
ES,ES611,Almería,lake,,10,7,wd:Q3375816,Benínar Reservoir,photo_gate,imgs_3
ES,ES611,Almería,lake,,10,7,wd:Q5830436,Cuevas del Almanzora Reservoir,photo_gate,imgs_4
ES,ES611,Almería,lake,,10,7,wd:Q107264761,Balsa de la Chanata,photo_gate,imgs_1
ES,ES613,Córdoba,lake,,9,7,wd:Q5369448,La Breña Reservoir,photo_gate,imgs_2
ES,ES613,Córdoba,lake,,9,7,wd:Q5369433,Bembézar Reservoir,photo_gate,imgs_3
ES,ES613,Córdoba,lake,,9,7,wd:Q5369459,Sierra Boyera Reservoir,photo_gate,imgs_2
ES,ES613,Córdoba,lake,,9,7,wd:Q5369457,San Rafael de Navallana Reservoir,photo_gate,imgs_2
ES,ES613,Córdoba,lake,,9,7,wd:Q5369443,Guadalmellato Reservoir,photo_gate,imgs_0
ES,ES613,Córdoba,lake,,9,7,wd:Q24943741,Laguna de Zóñar,photo_gate,imgs_1
ES,ES613,Córdoba,lake,,9,7,wd:Q5830576,Vadomojón reservoir,photo_gate,imgs_1
ES,ES523,Valencia/València,lake,,11,7,wd:Q8775299,Embalse de Buseo,photo_gate,imgs_1
ES,ES523,Valencia/València,lake,,11,7,wd:Q11681438,Embalse de Benagéber,photo_gate,imgs_2
ES,ES523,Valencia/València,lake,,11,7,wd:Q8775356,Loriguilla Reservoir,photo_gate,imgs_1
ES,ES523,Valencia/València,lake,,11,7,wd:Q8775337,Forata Reservoir,photo_gate,imgs_1
ES,ES523,Valencia/València,lake,,11,7,wd:Q5670515,Embassament de Bellús,photo_gate,imgs_1
ES,ES523,Valencia/València,lake,,11,7,wd:Q84165268,Albufera of Valencia,floor_pool,score_4.4_below_5.4
FR,FRK12,Cantal,lake,,9,7,wd:Q26265729,Lac de Grandval,photo_gate,imgs_2
FR,FRK12,Cantal,lake,,9,7,osm:w170585374,Le Garoustel,photo_gate,imgs_0
FR,FRK12,Cantal,lake,,9,7,osm:w1426361300,Plage de Rénac,photo_gate,imgs_0
FR,FRK12,Cantal,lake,,9,7,osm:w30433700,Lac d'Enchanet,photo_gate,imgs_0
FR,FRK12,Cantal,lake,,9,7,osm:r3479194,Lac de Lastioulles,photo_gate,imgs_1
FR,FRK12,Cantal,lake,,9,7,wd:Q92253182,Lac du Pêcher,photo_gate,imgs_1
HR,HR065,Zagrebačka županija,lake,,7,7,wd:Q16115512,Čiče,photo_gate,imgs_4
HR,HR065,Zagrebačka županija,lake,,7,7,osm:w634642781,Gradski bazen Velika Gorica,photo_gate,imgs_1
HR,HR065,Zagrebačka županija,lake,,7,7,osm:w139717051,Športsko rekreativni centar Vugrinščak,photo_gate,imgs_0
HR,HR065,Zagrebačka županija,lake,,7,7,osm:w29167077,Zajarki - malo jezero,photo_gate,imgs_0
HR,HR065,Zagrebačka županija,lake,,7,7,osm:w29378830,Ježevo,photo_gate,imgs_0
HR,HR065,Zagrebačka županija,lake,,7,7,osm:r2201307,Kupa,photo_gate,imgs_0
HR,HR065,Zagrebačka županija,lake,,7,7,wd:Q8082912,Šumbar Lake,photo_gate,imgs_0
FR,FRM02,Haute-Corse,lake,,11,7,wd:Q2509175,Lac du Rotondu,photo_gate,imgs_3
FR,FRM02,Haute-Corse,lake,,11,7,wd:Q11651642,Lac de l'Argentella,photo_gate,imgs_1
FR,FRM02,Haute-Corse,lake,,11,7,wd:Q685410,Lac de Nino,floor_pool,score_4.8_below_5.4
HU,HU212,Komárom-Esztergom,lake,,10,7,osm:r2970359,Lóga-tó,photo_gate,imgs_3
HU,HU212,Komárom-Esztergom,lake,,10,7,osm:w150928080,Aquasziget,photo_gate,imgs_2
HU,HU212,Komárom-Esztergom,lake,,10,7,osm:w41664350,Nipl Stefánia Uszoda,photo_gate,imgs_1
HU,HU212,Komárom-Esztergom,lake,,10,7,osm:w41672724,Palatinus-Tófürdő,photo_gate,imgs_1
HU,HU212,Komárom-Esztergom,lake,,10,7,osm:w41664351,Úszómedence,photo_gate,imgs_0
HU,HU212,Komárom-Esztergom,lake,,10,7,osm:w432648265,Úszómedence,photo_gate,imgs_0
HU,HU212,Komárom-Esztergom,lake,,10,7,osm:w32986530,Mini Lógató,photo_gate,imgs_0
FR,FRJ25,Lot,lake,,8,7,wd:Q3215263,Lac Vert,photo_gate,imgs_1
FR,FRJ25,Lot,lake,,8,7,osm:r5502839,Plan d'eau de Tauriac,photo_gate,imgs_2
FR,FRJ25,Lot,lake,,8,7,osm:w626338627,Camping du Port,photo_gate,imgs_0
FR,FRJ25,Lot,lake,,8,7,osm:r17804408,Le Lot,photo_gate,imgs_0
FR,FRJ25,Lot,lake,,8,7,osm:w1106674845,Le Célé,photo_gate,imgs_2
FR,FRJ25,Lot,lake,,8,7,osm:w97704049,Célé,photo_gate,imgs_1
FR,FRJ25,Lot,lake,,8,7,osm:w167895290,Les Berges de Caïx,photo_gate,imgs_0
FR,FRJ27,Tarn,lake,,9,7,wd:Q3215717,Lac du Laouzas,photo_gate,imgs_3
FR,FRJ27,Tarn,lake,,9,7,osm:w370695233,Camping Tohapi Rieumontagné,photo_gate,imgs_0
FR,FRJ27,Tarn,lake,,9,7,osm:w1304977121,Base nautique de Laguépie,photo_gate,imgs_0
FR,FRJ27,Tarn,lake,,9,7,osm:w370695235,Les Rives du Lac,photo_gate,imgs_0
FR,FRJ27,Tarn,lake,,9,7,osm:w839960144,Aire naturelle de camping,photo_gate,imgs_0
FR,FRJ27,Tarn,lake,,9,7,wd:Q78780659,Galaube Lake,photo_gate,imgs_1
FR,FRI31,Charente,lake,,8,7,osm:w39827880,Camping des Lacs,photo_gate,imgs_0
FR,FRI31,Charente,lake,,8,7,osm:w315178909,Plan d'Eau des Gours,photo_gate,imgs_0
FR,FRI31,Charente,lake,,8,7,osm:w39827879,Plage de la Guerlie,photo_gate,imgs_0
FR,FRI31,Charente,lake,,8,7,osm:w516497190,plan d'eau des Gours,photo_gate,imgs_0
FR,FRI31,Charente,lake,,8,7,osm:w310918050,Plan d'eau,photo_gate,imgs_0
FR,FRI31,Charente,lake,,8,7,osm:w310918330,Piscine à Vagues,photo_gate,imgs_0
FR,FRI31,Charente,lake,,8,7,wd:Q3215722,Lac du Mas Chaban,floor_pool,score_4.9_below_5.4
FR,FRF24,Haute-Marne,lake,,8,7,wd:Q3215639,Lac de Villegusien,photo_gate,imgs_2
FR,FRF24,Haute-Marne,lake,,8,7,osm:w1080396829,Yelloh! en Champagne,photo_gate,imgs_0
FR,FRF24,Haute-Marne,lake,,8,7,wd:Q3215412,Lac de Charmes,photo_gate,imgs_3
FR,FRF24,Haute-Marne,lake,,8,7,osm:w178927957,Camping du Lac,photo_gate,imgs_0
FR,FRF24,Haute-Marne,lake,,8,7,osm:w963963784,Centre Aquatique Palestra,photo_gate,imgs_0
FR,FRF24,Haute-Marne,lake,,8,7,osm:w85385216,Piscine d'été du Cavalier,photo_gate,imgs_0
FR,FRF24,Haute-Marne,lake,,8,7,osm:w38030666,Réservoir de la Mouche,photo_gate,imgs_0
FR,FRI15,Pyrénées-Atlantiques,lake,,13,7,osm:r158713,Bidasoa ibaia,photo_gate,imgs_2
FR,FRI15,Pyrénées-Atlantiques,lake,,13,7,osm:w133398950,Lac d'Arlet,photo_gate,imgs_1
FR,FRI15,Pyrénées-Atlantiques,lake,,13,7,wd:Q3214742,Lac Bersau,photo_gate,imgs_1
FR,FRI15,Pyrénées-Atlantiques,lake,,13,7,wd:Q3215864,Lacs d'Arrémoulit,photo_gate,imgs_2
FR,FRI15,Pyrénées-Atlantiques,lake,,13,7,wd:Q3215316,Lac d'Arrious,photo_gate,imgs_3
FR,FRI15,Pyrénées-Atlantiques,lake,,13,7,wd:Q3215398,Lac de Castet,photo_gate,imgs_1
IT,ITH31,Verona,lake,,9,7,wd:Q6414,Lake Garda,photo_gate,imgs_2
IT,ITH31,Verona,lake,,9,7,osm:w1316152331,Camping Bergamini,photo_gate,imgs_0
IT,ITH31,Verona,lake,,9,7,osm:w55510911,San Benedetto-Vecchio Mulino,photo_gate,imgs_0
IT,ITH31,Verona,lake,,9,7,osm:w362955672,Lido ai Pioppi,photo_gate,imgs_0
IT,ITH31,Verona,lake,,9,7,osm:w35584309,Piani di Clodia,photo_gate,imgs_0
IT,ITH31,Verona,lake,,9,7,osm:w33430792,Bella Italia,photo_gate,imgs_0
IT,ITI14,Firenze,lake,,8,7,osm:r9185816,Cassa di espansione dei Renai,photo_gate,imgs_0
IT,ITI14,Firenze,lake,,8,7,osm:w675560399,Vingone,photo_gate,imgs_1
IT,ITI14,Firenze,lake,,8,7,osm:r5445123,Lago Casanuova,photo_gate,imgs_0
IT,ITI14,Firenze,lake,,8,7,osm:w43971946,Arno,photo_gate,imgs_0
IT,ITI14,Firenze,lake,,8,7,osm:r15517493,Bisenzio,photo_gate,imgs_0
IT,ITI14,Firenze,lake,,8,7,wd:Q56258571,Lago sul torrente Moscia,photo_gate,imgs_2
IT,ITI14,Firenze,lake,,8,7,wd:Q16570993,lago di Peretola,photo_gate,imgs_1
IT,ITI16,Livorno,lake,,7,7,osm:w240633465,Stagnone della Capraia,photo_gate,imgs_0
IT,ITI16,Livorno,lake,,7,7,wd:Q3825568,laghetto delle Conche,photo_gate,imgs_1
IT,ITI16,Livorno,lake,,7,7,wd:Q3825574,laghetto di Terra Nera,photo_gate,imgs_2
IT,ITI16,Livorno,lake,,7,7,osm:w481723610,SAMA Centro Balneare,photo_gate,imgs_0
IT,ITI16,Livorno,lake,,7,7,osm:w1074522998,Ardenza Small Harbour,photo_gate,imgs_2
IT,ITI16,Livorno,lake,,7,7,osm:w1241460093,Circolo Nautico Nazario Sauro,photo_gate,imgs_1
IT,ITI16,Livorno,lake,,7,7,osm:w421601890,Chioma Small Harbour,photo_gate,imgs_1
IT,ITC20,Valle d’Aosta/Vallée d’Aoste,lake,,9,7,osm:w136500016,Lago di Verney,score_gate,score_3.7_below_5.4
IT,ITC20,Valle d’Aosta/Vallée d’Aoste,lake,,9,7,osm:r1688941,Laghi Di Bellacomba,photo_gate,imgs_0
IT,ITC20,Valle d’Aosta/Vallée d’Aoste,lake,,9,7,osm:w87405870,Lac du Vuert / Lac du Vuert,photo_gate,imgs_0
IT,ITC20,Valle d’Aosta/Vallée d’Aoste,lake,,9,7,osm:r10890941,Lago di San Grato,photo_gate,imgs_0
IT,ITC20,Valle d’Aosta/Vallée d’Aoste,lake,,9,7,wd:Q3661928,Lac Bleu,photo_gate,imgs_2
IT,ITC20,Valle d’Aosta/Vallée d’Aoste,lake,,9,7,wd:Q3825848,Miage lake,photo_gate,imgs_2
IT,ITC20,Valle d’Aosta/Vallée d’Aoste,lake,,9,7,wd:Q3825830,Lake of Arpy,photo_gate,imgs_3
IT,ITC47,Brescia,lake,,10,7,wd:Q3825834,Lago d'Arno,photo_gate,imgs_1
IT,ITC47,Brescia,lake,,10,7,wd:Q3825624,Lake Baitone,photo_gate,imgs_1
IT,ITC47,Brescia,lake,,10,7,wd:Q3825634,Lago Aviolo,photo_gate,imgs_3
IT,ITC47,Brescia,lake,,10,7,wd:Q1800436,Lake Valvestino,photo_gate,imgs_3
IT,ITC47,Brescia,lake,,10,7,wd:Q3825894,Lago della Vacca,photo_gate,imgs_3
IT,ITC11,Torino,lake,,11,7,wd:Q962918,Lago della Vecchia,photo_gate,imgs_1
IT,ITC11,Torino,lake,,11,7,osm:w356733386,Valle Stretta,photo_gate,imgs_3
IT,ITC11,Torino,lake,,11,7,osm:w195738132,Lago Serrù,photo_gate,imgs_2
IT,ITC11,Torino,lake,,11,7,osm:w40933497,Lago della Rossa,score_gate,score_3.5_below_5.4
IT,ITC11,Torino,lake,,11,7,osm:w547636609,Lago Rascià,photo_gate,imgs_2
IT,ITC11,Torino,lake,,11,7,wd:Q16570946,Lago Nero,photo_gate,imgs_2
IT,ITC11,Torino,lake,,11,7,wd:Q3825709,Lake Gurzia,photo_gate,imgs_1
IS,IS001,Höfuðborgarsvæði,lake,,8,7,wd:Q16420392,Bakkatjörn,photo_gate,imgs_4
IS,IS001,Höfuðborgarsvæði,lake,,8,7,osm:w713708484,Sundlaug Kópavogs,photo_gate,imgs_1
IS,IS001,Höfuðborgarsvæði,lake,,8,7,osm:w758084598,Sundhöll Hafnarfjarðar,photo_gate,imgs_2
IS,IS001,Höfuðborgarsvæði,lake,,8,7,wd:Q1568141,Hafravatn,photo_gate,imgs_4
IS,IS001,Höfuðborgarsvæði,lake,,8,7,wd:Q27468402,Vífilsstaðavatn,photo_gate,imgs_4
IS,IS001,Höfuðborgarsvæði,lake,,8,7,osm:w210856114,Laugardalslaug,photo_gate,imgs_0
IS,IS001,Höfuðborgarsvæði,lake,,8,7,osm:w232718095,Salalaug,photo_gate,imgs_0
PL,PL22B,Sosnowiecki,lake,,7,7,osm:r2271996,Sosina,photo_gate,imgs_1
PL,PL22B,Sosnowiecki,lake,,7,7,osm:w34261695,Pogoria 3,photo_gate,imgs_3
PL,PL22B,Sosnowiecki,lake,,7,7,osm:w34261796,Pogoria 1,photo_gate,imgs_1
PL,PL22B,Sosnowiecki,lake,,7,7,osm:w955989821,Jawor,photo_gate,imgs_1
PL,PL22B,Sosnowiecki,lake,,7,7,osm:w30972511,Rogoźnik I,photo_gate,imgs_1
PL,PL22B,Sosnowiecki,lake,,7,7,osm:r1066615,Zbiornik Kuźnica Warężyńska,photo_gate,imgs_2
PL,PL22B,Sosnowiecki,lake,,7,7,osm:w198468509,Molo,photo_gate,imgs_0
NL,NL115,Overig Groningen,lake,,10,7,wd:Q2687212,Schildmeer,photo_gate,imgs_2
NL,NL115,Overig Groningen,lake,,10,7,osm:r450321,Nieuwe Robbengat,photo_gate,imgs_0
NL,NL115,Overig Groningen,lake,,10,7,wd:Q525364,Lauwersmeer,photo_gate,imgs_3
NL,NL115,Overig Groningen,lake,,10,7,wd:Q111975066,Wolddeelen,photo_gate,imgs_3
NL,NL115,Overig Groningen,lake,,10,7,osm:r5924692,Woldmeer,photo_gate,imgs_0
NL,NL115,Overig Groningen,lake,,10,7,wd:Q124539643,Lettelberterplas,photo_gate,imgs_0
NL,NL115,Overig Groningen,lake,,10,7,wd:Q2775483,Piccardthofplas,photo_gate,imgs_1
NL,NL364,Zuidoost-Zuid-Holland,lake,,7,7,osm:r21167020,Lammetjes Wiel,photo_gate,imgs_0
NL,NL364,Zuidoost-Zuid-Holland,lake,,7,7,osm:w133329319,Lammetjeswiel - strand,photo_gate,imgs_0
NL,NL364,Zuidoost-Zuid-Holland,lake,,7,7,osm:w1102563991,Het Wiel,photo_gate,imgs_0
NL,NL364,Zuidoost-Zuid-Holland,lake,,7,7,osm:w77058371,Vluchthaven,photo_gate,imgs_3
NL,NL364,Zuidoost-Zuid-Holland,lake,,7,7,osm:w1387607155,Waal-en Weidebad,photo_gate,imgs_0
NL,NL364,Zuidoost-Zuid-Holland,lake,,7,7,osm:w972101835,Waal,photo_gate,imgs_0
NL,NL364,Zuidoost-Zuid-Holland,lake,,7,7,osm:w92721091,Buiten de Waterpoort,photo_gate,imgs_1
RO,RO414,Olt,lake,,7,7,osm:w1201693865,Plaja Celei,photo_gate,imgs_0
RO,RO414,Olt,lake,,7,7,osm:w88006004,Plaja Ibiza,photo_gate,imgs_0
RO,RO414,Olt,lake,,7,7,osm:r2435464,Olt,photo_gate,imgs_1
RO,RO414,Olt,lake,,7,7,osm:w1201693865,Plaja Celei,photo_gate,imgs_0
RO,RO414,Olt,lake,,7,7,osm:w88006004,Plaja Ibiza,photo_gate,imgs_0
RO,RO414,Olt,lake,,7,7,osm:w556549390,Bazin Didactic Slatina,photo_gate,imgs_0
RO,RO414,Olt,lake,,7,7,wd:Q12731872,Lacul Izbiceni,photo_gate,imgs_0
RO,RO221,Brăila,lake,,7,7,osm:w208301090,Ștrand Brăila,photo_gate,imgs_3
RO,RO221,Brăila,lake,,7,7,osm:w903643556,Lacul Sărat,photo_gate,imgs_0
RO,RO221,Brăila,lake,,7,7,osm:w1191469840,Alma Health and Fun,photo_gate,imgs_0
RO,RO221,Brăila,lake,,7,7,osm:w1126645631,Camping Rebis,photo_gate,imgs_0
RO,RO221,Brăila,lake,,7,7,osm:w1126645630,Plaja Lacu Sarat,photo_gate,imgs_0
RO,RO221,Brăila,lake,,7,7,osm:w1191472546,Plaja Perla,photo_gate,imgs_0
RO,RO221,Brăila,lake,,7,7,osm:w92732252,Debarcader,photo_gate,imgs_0
PT,PT1C3,Alto Alentejo,lake,,11,7,osm:w157028312,Albufeira do Abrilongo,photo_gate,imgs_0
PT,PT1C3,Alto Alentejo,lake,,11,7,osm:r19609822,Rio Guadiana,photo_gate,imgs_0
PT,PT1C3,Alto Alentejo,lake,,11,7,osm:r7684323,Albufeira de Montargil,photo_gate,imgs_3
PT,PT1C3,Alto Alentejo,lake,,11,7,osm:w217597949,Parque de Campismo da Albufeira do Maranhão,photo_gate,imgs_1
PT,PT1C3,Alto Alentejo,lake,,11,7,osm:r2431470,Albufeira de Belver,photo_gate,imgs_0
PT,PT1C3,Alto Alentejo,lake,,11,7,osm:w35910868,Piscinas Municipais,photo_gate,imgs_0
PT,PT1C3,Alto Alentejo,lake,,11,7,osm:w1376728279,Piscina José Vicente Abreu,photo_gate,imgs_0
RO,RO424,Timiş,lake,,7,7,wd:Q12731887,Surduc Lake,photo_gate,imgs_2
RO,RO424,Timiş,lake,,7,7,osm:w961643675,La Luma,photo_gate,imgs_0
RO,RO424,Timiş,lake,,7,7,osm:w1081584055,Plaja Paradis,photo_gate,imgs_0
RO,RO424,Timiş,lake,,7,7,osm:w222810827,Ștrandul Sun Beach,photo_gate,imgs_0
RO,RO424,Timiş,lake,,7,7,osm:w1081437773,Ștrandul Termal Deta,photo_gate,imgs_0
RO,RO424,Timiş,lake,,7,7,osm:w470153852,Ștrandul UMT,photo_gate,imgs_0
RO,RO424,Timiş,lake,,7,7,osm:w1304585705,Periam Port,photo_gate,imgs_0
RO,RO126,Sibiu,lake,,7,7,wd:Q794973,Bâlea Lak,photo_gate,imgs_3
RO,RO126,Sibiu,lake,,7,7,wd:Q29939935,Lake Auster,photo_gate,imgs_4
RO,RO126,Sibiu,lake,,7,7,wd:Q29939954,Lacul cu Nămol,photo_gate,imgs_4
RO,RO126,Sibiu,lake,,7,7,wd:Q30625613,Lake Avram Iancu-Ocnița,photo_gate,imgs_4
RO,RO126,Sibiu,lake,,7,7,wd:Q29939942,Lake Brâncoveanu,photo_gate,imgs_4
RO,RO126,Sibiu,lake,,7,7,wd:Q29939953,Lake Gura Minei,photo_gate,imgs_4
RO,RO126,Sibiu,lake,,7,7,wd:Q29939947,Lake Rândunica,photo_gate,imgs_4
PL,PL842,Łomżyński,lake,,7,7,osm:w220168648,Zalew II,photo_gate,imgs_1
PL,PL842,Łomżyński,lake,,7,7,osm:w220168646,Zalew I,photo_gate,imgs_0
PL,PL842,Łomżyński,lake,,7,7,osm:w965446501,Wieża widokowa Waniewo,photo_gate,imgs_3
PL,PL842,Łomżyński,lake,,7,7,osm:w1144192415,Cypel,photo_gate,imgs_0
PL,PL842,Łomżyński,lake,,7,7,osm:w220168647,Zalew III,photo_gate,imgs_1
PL,PL842,Łomżyński,lake,,7,7,osm:w83714908,Zalew Repczyce,photo_gate,imgs_2
PL,PL842,Łomżyński,lake,,7,7,osm:w40822465,Zalew Bachmaty,photo_gate,imgs_0
PT,PT192,Região de Coimbra,lake,,9,7,osm:r2665375,Albufeira do Cabril,photo_gate,imgs_0
PT,PT192,Região de Coimbra,lake,,9,7,osm:w212896667,Praia do Forte,photo_gate,imgs_2
PT,PT192,Região de Coimbra,lake,,9,7,osm:w182454933,Piscina Fluvial de Pomares,photo_gate,imgs_3
PT,PT192,Região de Coimbra,lake,,9,7,osm:w590882712,Espelho de Água,photo_gate,imgs_0
PT,PT192,Região de Coimbra,lake,,9,7,osm:w168456392,Praia do Palheirão,photo_gate,imgs_0
PT,PT192,Região de Coimbra,lake,,9,7,osm:w590882711,Espelho de Água,photo_gate,imgs_0
PT,PT192,Região de Coimbra,lake,,9,7,wd:Q9019924,Lagoa da Vela,floor_pool,score_4.9_below_5.4
PL,PL613,Bydgosko-toruński,lake,,12,7,osm:r3185314,Zalew Koronowski,photo_gate,imgs_3
PL,PL613,Bydgosko-toruński,lake,,12,7,osm:w964304478,Port jachtowy Tazbirowo,photo_gate,imgs_0
PL,PL613,Bydgosko-toruński,lake,,12,7,osm:w22919430,Jezioro Kamionkowskie,photo_gate,imgs_1
PL,PL613,Bydgosko-toruński,lake,,12,7,osm:w450117215,Przystań Kręgiel,photo_gate,imgs_1
PL,PL713,Piotrkowski,lake,,8,7,osm:w10610254,Zalew na Drzewiczce,photo_gate,imgs_3
PL,PL713,Piotrkowski,lake,,8,7,osm:w47080066,Zbiornik Słok,photo_gate,imgs_3
PL,PL713,Piotrkowski,lake,,8,7,osm:r319145,Jezioro Bugaj,photo_gate,imgs_1
PL,PL713,Piotrkowski,lake,,8,7,osm:r2984883,Wawrzkowizna,photo_gate,imgs_0
PL,PL713,Piotrkowski,lake,,8,7,osm:w188608630,Zalew Wąglanka - Miedzna,photo_gate,imgs_0
PL,PL713,Piotrkowski,lake,,8,7,osm:r3541906,Zalew Cieszanowice,photo_gate,imgs_1
PL,PL713,Piotrkowski,lake,,8,7,osm:w158656583,Patyki,photo_gate,imgs_0
PL,PL925,Siedlecki,lake,,7,7,osm:r3222560,Zalew Węgrowski,photo_gate,imgs_1
PL,PL925,Siedlecki,lake,,7,7,osm:w394219633,Zbiornik retencyjny Niewiadoma,photo_gate,imgs_0
PL,PL925,Siedlecki,lake,,7,7,osm:w1037197496,Amazonia - Przeprawy Tratwami,photo_gate,imgs_0
PL,PL925,Siedlecki,lake,,7,7,osm:w299731354,Jezioro Mamucie,photo_gate,imgs_0
PL,PL925,Siedlecki,lake,,7,7,osm:w223329043,Parking Farma Iluzji,photo_gate,imgs_0
PL,PL925,Siedlecki,lake,,7,7,osm:w1037197495,Zatoka Piratów,photo_gate,imgs_0
PL,PL925,Siedlecki,lake,,7,7,osm:w249207565,Pływalnia Miejska „Garwolanka”,photo_gate,imgs_0
PL,PL721,Kielecki,lake,,9,7,wd:Q11726732,Lake Rejów,photo_gate,imgs_2
PL,PL721,Kielecki,lake,,9,7,wd:Q9388474,Lake Brody,photo_gate,imgs_1
PL,PL721,Kielecki,lake,,9,7,wd:Q14489850,Wąchock Reservoir,photo_gate,imgs_3
PL,PL721,Kielecki,lake,,9,7,osm:r229557,Jezioro Sielpińskie,photo_gate,imgs_2
PL,PL721,Kielecki,lake,,9,7,osm:w819435851,Camping 140,photo_gate,imgs_0
PL,PL721,Kielecki,lake,,9,7,wd:Q9386395,Lake Starachowice,photo_gate,imgs_2
PL,PL721,Kielecki,lake,,9,7,wd:Q9376016,Wiory,photo_gate,imgs_3
SK,SK042,Košický kraj,lake,,9,7,osm:r3704583,Kechnec,photo_gate,imgs_3
SK,SK042,Košický kraj,lake,,9,7,osm:w34311411,Izra,photo_gate,imgs_2
SK,SK042,Košický kraj,lake,,9,7,osm:r19996593,Lánec,photo_gate,imgs_0
SK,SK042,Košický kraj,lake,,9,7,osm:w895295589,Krivá lúka,photo_gate,imgs_0
SK,SK042,Košický kraj,lake,,9,7,osm:w4429564,Starý Bodrog,photo_gate,imgs_0
SK,SK042,Košický kraj,lake,,9,7,osm:w4429566,Ostrov,photo_gate,imgs_0
SK,SK042,Košický kraj,lake,,9,7,wd:Q189395,Zemplínska šírava,photo_gate,imgs_3
SK,SK032,Banskobystrický kraj,lake,,10,7,osm:w4429483,Vodná nádrž Petrovec,photo_gate,imgs_0
SK,SK032,Banskobystrický kraj,lake,,10,7,wd:Q13407127,Dolnohodrušský tajch,photo_gate,imgs_2
SK,SK032,Banskobystrický kraj,lake,,10,7,wd:Q7331154,Richňava,photo_gate,imgs_0
SK,SK032,Banskobystrický kraj,lake,,10,7,wd:Q12766677,Halčiansky tajch,photo_gate,imgs_1
SK,SK032,Banskobystrický kraj,lake,,10,7,wd:Q12777216,Tajch Červená studňa,photo_gate,imgs_2
SK,SK032,Banskobystrický kraj,lake,,10,7,wd:Q12020175,Horný Hodrušský tajch,photo_gate,imgs_5
SK,SK032,Banskobystrický kraj,lake,,10,7,wd:Q12778735,Teplý Vrch Reservoir,photo_gate,imgs_0
SI,SI032,Podravska,lake,,8,7,osm:w451858077,Plački vrh,photo_gate,imgs_2
SI,SI032,Podravska,lake,,8,7,osm:w734422177,Kamp Terme Ptuj,photo_gate,imgs_3
SI,SI032,Podravska,lake,,8,7,osm:w171236272,Termalni park Terme Ptuj,photo_gate,imgs_2
SI,SI032,Podravska,lake,,8,7,osm:w1347427913,Termalni park Terme Ptuj,photo_gate,imgs_2
SI,SI032,Podravska,lake,,8,7,osm:r2303560,Gramoznica Duplek,photo_gate,imgs_3
SI,SI032,Podravska,lake,,8,7,osm:w167317896,Bazen Ruše,photo_gate,imgs_2
SI,SI032,Podravska,lake,,8,7,osm:w170808453,Gramoznica Pleterje,photo_gate,imgs_0
SK,SK010,Bratislavský kraj,lake,,11,7,osm:w365846676,Vydrická pláž,photo_gate,imgs_0
SK,SK010,Bratislavský kraj,lake,,11,7,osm:w723376365,Anjelská pláž,photo_gate,imgs_0
SK,SK010,Bratislavský kraj,lake,,11,7,osm:r8212282,Stará Morava,photo_gate,imgs_0
SK,SK010,Bratislavský kraj,lake,,11,7,osm:r11535476,Komprzí,photo_gate,imgs_0
SK,SK010,Bratislavský kraj,lake,,11,7,osm:w970558079,Stará Morava,photo_gate,imgs_0
SK,SK010,Bratislavský kraj,lake,,11,7,osm:w307405261,Rudavské jazero,photo_gate,imgs_0
SK,SK010,Bratislavský kraj,lake,,11,7,osm:w151466288,Stará Morava,photo_gate,imgs_0
SE,SE214,Gotlands län,lake,,8,7,wd:Q166402,Lake Bästeträsk,photo_gate,imgs_3
SE,SE214,Gotlands län,lake,,8,7,osm:w1071031578,Ljugarns Camping och Semesterby,photo_gate,imgs_0
SE,SE214,Gotlands län,lake,,8,7,wd:Q890553,Bogeviken,photo_gate,imgs_1
SE,SE214,Gotlands län,lake,,8,7,wd:Q2435780,Tingstäde träsk,floor_pool,score_5.2_below_5.4
SE,SE214,Gotlands län,lake,,8,7,wd:Q838709,Paviken,photo_gate,imgs_3
SE,SE214,Gotlands län,lake,,8,7,wd:Q1396522,Fardume lake,photo_gate,imgs_2
SE,SE214,Gotlands län,lake,,8,7,wd:Q2285479,Sigvaldeträsk,photo_gate,imgs_0
GB,TLC41,Durham,lake,,7,7,osm:w755753014,Seaham Marina car park,photo_gate,imgs_3
GB,TLC41,Durham,lake,,7,7,wd:Q5597522,Grassholme Reservoir,photo_gate,imgs_1
GB,TLC41,Durham,lake,,7,7,osm:w4261288,Derwent Reservoir,photo_gate,imgs_3
GB,TLC41,Durham,lake,,7,7,osm:w84965473,Balderhead Reservoir,photo_gate,imgs_2
GB,TLC41,Durham,lake,,7,7,wd:Q7348484,Selset Reservoir,photo_gate,imgs_2
GB,TLD13,Cumberland,lake,,9,7,wd:Q934551,Derwentwater,photo_gate,imgs_2
GB,TLD13,Cumberland,lake,,9,7,wd:Q1018122,Buttermere,photo_gate,imgs_2
GB,TLD13,Cumberland,lake,,9,7,wd:Q514635,Wast Water,photo_gate,imgs_4
GB,TLD13,Cumberland,lake,,9,7,wd:Q1480464,Thirlmere,photo_gate,imgs_0
GB,TLD13,Cumberland,lake,,9,7,wd:Q649329,Ennerdale Water,floor_pool,score_4.5_below_5.4
GB,TLD37,Greater Manchester North East,lake,,7,7,osm:w4787917,Elton Reservoir,photo_gate,imgs_2
GB,TLD37,Greater Manchester North East,lake,,7,7,osm:w76145242,Dove Stone Reservoir,photo_gate,imgs_2
GB,TLD37,Greater Manchester North East,lake,,7,7,osm:w1116963216,247Hotel.com Car Park,photo_gate,imgs_0
GB,TLD37,Greater Manchester North East,lake,,7,7,osm:w1116963219,OMC Motorgroup Car Park,photo_gate,imgs_0
GB,TLD37,Greater Manchester North East,lake,,7,7,wd:Q3888942,Hollingworth Lake,photo_gate,imgs_3
GB,TLD63,Cheshire West and Chester,lake,,7,7,osm:w9966813,Memorial Hall Car Park,photo_gate,imgs_0
GB,TLD63,Cheshire West and Chester,lake,,7,7,osm:r5551076,Nunsmere,photo_gate,imgs_2
GB,TLD63,Cheshire West and Chester,lake,,7,7,osm:w4954522,Hatchmere,photo_gate,imgs_2
GB,TLD63,Cheshire West and Chester,lake,,7,7,osm:w8135897,Manchester Ship Canal,photo_gate,imgs_0
GB,TLD63,Cheshire West and Chester,lake,,7,7,osm:w511703853,Oakwood Marina,photo_gate,imgs_0
GB,TLE45,Wakefield,lake,,7,7,osm:w229489968,Racecourse Retail Park,photo_gate,imgs_2
GB,TLE45,Wakefield,lake,,7,7,osm:w860034243,Racecourse Retail Park,photo_gate,imgs_2
GB,TLE45,Wakefield,lake,,7,7,osm:w901475505,Aspire at The Park,photo_gate,imgs_1
GB,TLE45,Wakefield,lake,,7,7,osm:w171795326,Pontefract Park,photo_gate,imgs_1
GB,TLE45,Wakefield,lake,,7,7,osm:w229489964,Wickes,photo_gate,imgs_0
GB,TLF16,South Nottinghamshire,lake,,7,7,osm:w49532503,Rushcliffe Arena Car Park,photo_gate,imgs_3
GB,TLF16,South Nottinghamshire,lake,,7,7,osm:w12344607,rg:active Open Water Swimming,photo_gate,imgs_2
GB,TLF16,South Nottinghamshire,lake,,7,7,osm:w39606868,Holme Pierrepont Country Park,floor_pool,score_5.0_below_5.4
GB,TLF16,South Nottinghamshire,lake,,7,7,osm:r60995,Beeston Pond,photo_gate,imgs_2
GB,TLF16,South Nottinghamshire,lake,,7,7,osm:w12344504,Regatta Lake,photo_gate,imgs_1
GB,TLF24,West Northamptonshire,lake,,7,7,osm:w147359936,Danes Camp,photo_gate,imgs_1
GB,TLF24,West Northamptonshire,lake,,7,7,osm:w390040481,Mereway Tesco Car Park,photo_gate,imgs_0
GB,TLF24,West Northamptonshire,lake,,7,7,osm:w1046964090,Dunchurch Pools Marina,photo_gate,imgs_2
GB,TLF24,West Northamptonshire,lake,,7,7,osm:w4761379,Pitsford Water,photo_gate,imgs_3
GB,TLF24,West Northamptonshire,lake,,7,7,wd:Q118745198,Boddington Reservoir,photo_gate,imgs_1
GB,TLH27,South West Hertfordshire,lake,,7,7,osm:w165421069,Westminster Lodge Leisure Centre,photo_gate,imgs_0
GB,TLH27,South West Hertfordshire,lake,,7,7,osm:w8059124,Bury Lake,photo_gate,imgs_3
GB,TLH27,South West Hertfordshire,lake,,7,7,osm:w3296922,Hilfield Park Reservoir,photo_gate,imgs_2
GB,TLH27,South West Hertfordshire,lake,,7,7,osm:w503838533,Knox Johnston Leisure Centre,photo_gate,imgs_0
GB,TLH27,South West Hertfordshire,lake,,7,7,osm:r2896891,Stocker's Lake,photo_gate,imgs_0
GB,TLH53,Breckland and South Norfolk,lake,,7,7,osm:w111518696,Lynford Water,photo_gate,imgs_2
GB,TLH53,Breckland and South Norfolk,lake,,7,7,osm:w125800709,Waveney River Centre Campground,photo_gate,imgs_2
GB,TLH53,Breckland and South Norfolk,lake,,7,7,osm:r179864,Whitlingham Great Broad,photo_gate,imgs_0
GB,TLH53,Breckland and South Norfolk,lake,,7,7,osm:w38109711,Whitlingham Little Broad,photo_gate,imgs_0
GB,TLH53,Breckland and South Norfolk,lake,,7,7,wd:Q24679151,Scoulton Mere,photo_gate,imgs_1
GB,TLJ27,West Sussex (South West),lake,,7,7,osm:w3353382,Chichester Marina,photo_gate,imgs_3
GB,TLJ27,West Sussex (South West),lake,,7,7,osm:w332176063,Chichester Canal,photo_gate,imgs_0
GB,TLJ27,West Sussex (South West),lake,,7,7,osm:w219747317,Beach House East Car Park,photo_gate,imgs_1
GB,TLJ27,West Sussex (South West),lake,,7,7,osm:w219747318,Beach House West Car Park,photo_gate,imgs_1
GB,TLL52,Cardiff and Vale of Glamorgan,lake,,7,7,osm:w1493543074,Cardiff Bay,photo_gate,imgs_3
GB,TLL52,Cardiff and Vale of Glamorgan,lake,,7,7,osm:w808147616,Cardiff Bay Yacht Club,photo_gate,imgs_0
GB,TLL52,Cardiff and Vale of Glamorgan,lake,,7,7,wd:Q107716399,Roath Basin,photo_gate,imgs_3
GB,TLL52,Cardiff and Vale of Glamorgan,lake,,7,7,wd:Q107676781,Roath Park Lake,floor_pool,score_4.0_below_5.4
GB,TLL52,Cardiff and Vale of Glamorgan,lake,,7,7,wd:Q20596673,Lisvane Reservoir,score_gate,score_3.9_below_5.4
GB,TLL52,Cardiff and Vale of Glamorgan,lake,,7,7,wd:Q107716400,Cosmeston Lakes (East),photo_gate,imgs_2
GB,TLM11,East Lothian and Midlothian,lake,,7,7,wd:Q5568275,Glencorse Reservoir,floor_pool,score_4.9_below_5.4
GB,TLM11,East Lothian and Midlothian,lake,,7,7,wd:Q6667276,Loganlea Reservoir,floor_pool,score_4.0_below_5.4
GB,TLM11,East Lothian and Midlothian,lake,,7,7,wd:Q5337772,Edgelaw Reservoir,photo_gate,imgs_1
GB,TLM11,East Lothian and Midlothian,lake,,7,7,wd:Q5566250,Gladhouse Reservoir,photo_gate,imgs_2
GB,TLM11,East Lothian and Midlothian,lake,,7,7,wd:Q7241674,Pressmennan Lake,photo_gate,imgs_3
GB,TLM11,East Lothian and Midlothian,lake,,7,7,wd:Q19297406,North Esk Reservoir,photo_gate,imgs_1
GB,TLN07,"Armagh City, Banbridge and Craigavon",lake,,7,7,wd:Q21995563,Lough Gullion,photo_gate,imgs_0
GB,TLN07,"Armagh City, Banbridge and Craigavon",lake,,7,7,wd:Q5130427,Clea Lake,photo_gate,imgs_1
GB,TLN07,"Armagh City, Banbridge and Craigavon",lake,,7,7,osm:w457738783,Kinnego Marina,photo_gate,imgs_2
GB,TLN07,"Armagh City, Banbridge and Craigavon",lake,,7,7,osm:w687872226,Craigavon Leisure Centre,photo_gate,imgs_0
GB,TLN07,"Armagh City, Banbridge and Craigavon",lake,,7,7,osm:w91781297,Orchard Leisure Centre,photo_gate,imgs_0
GB,TLN07,"Armagh City, Banbridge and Craigavon",lake,,7,7,osm:w23499527,Lough Shark,photo_gate,imgs_1
GB,TLN07,"Armagh City, Banbridge and Craigavon",lake,,7,7,osm:w23499525,Corbet Lough,photo_gate,imgs_0
GB,TLN0C,Causeway Coast and Glens,lake,,7,7,osm:w114732412,Beach Road,photo_gate,imgs_2
GB,TLN0C,Causeway Coast and Glens,lake,,7,7,osm:w298770228,Runkerry Stand (Bushfoot),photo_gate,imgs_1
GB,TLN0C,Causeway Coast and Glens,lake,,7,7,osm:w200831671,East Strand Car Park,photo_gate,imgs_2
GB,TLN0C,Causeway Coast and Glens,lake,,7,7,osm:w25598296,Castlerock Beach,floor_pool,score_4.9_below_5.4
GB,TLN0C,Causeway Coast and Glens,lake,,7,7,osm:w708586823,Ballintoy Harbour,photo_gate,imgs_2
GB,TLN0C,Causeway Coast and Glens,lake,,7,7,osm:w1408833743,Portnahapple Car Park,photo_gate,imgs_0
GB,TLN0C,Causeway Coast and Glens,lake,,7,7,osm:w443193943,Atlantic Circle,photo_gate,imgs_0
FO,FO-FRO,Faroe Islands,lake,,8,7,osm:w762997214,Svimjihøllin í Leirvík,photo_gate,imgs_0
FO,FO-FRO,Faroe Islands,lake,,8,7,wd:Q476699,Fjallavatn,photo_gate,imgs_1
FO,FO-FRO,Faroe Islands,lake,,8,7,osm:w66990272,Gøtusandur,photo_gate,imgs_0
FO,FO-FRO,Faroe Islands,lake,,8,7,osm:w1179830546,Krabbisurðin,photo_gate,imgs_0
FO,FO-FRO,Faroe Islands,lake,,8,7,osm:w62313203,Sandagerð,photo_gate,imgs_0
FO,FO-FRO,Faroe Islands,lake,,8,7,osm:w44703028,Klaksvikar Svimjihøll,photo_gate,imgs_0
FO,FO-FRO,Faroe Islands,lake,,8,7,osm:w835553511,Slúsan,photo_gate,imgs_0
AL,AL012,Durrës,lake,,6,6,osm:w270111016,Plazhi i Gjirit të Lalëzit,photo_gate,imgs_0
AL,AL012,Durrës,lake,,6,6,osm:w237926963,Beach of Durrës,photo_gate,imgs_1
AL,AL012,Durrës,lake,,6,6,osm:w356914535,Vila Verde,photo_gate,imgs_0
AL,AL012,Durrës,lake,,6,6,osm:w150540952,Pishina,photo_gate,imgs_0
AL,AL012,Durrës,lake,,6,6,osm:w1118469712,Ammos Beach,photo_gate,imgs_0
AL,AL012,Durrës,lake,,6,6,osm:w27553722,Liqeni i Durrësit,photo_gate,imgs_0
AL,AL033,Gjirokastër,lake,,6,6,osm:w173114020,Vjosë,photo_gate,imgs_0
AL,AL033,Gjirokastër,lake,,6,6,osm:r9709285,Viroi Lake,photo_gate,imgs_3
AL,AL033,Gjirokastër,lake,,6,6,osm:w173306165,Rezervuari Doftisë,photo_gate,imgs_0
AL,AL033,Gjirokastër,lake,,6,6,osm:w173308507,Rezervuar,photo_gate,imgs_0
AL,AL033,Gjirokastër,lake,,6,6,osm:w132861514,Rezervuar,photo_gate,imgs_0
AL,AL033,Gjirokastër,lake,,6,6,osm:w173306163,Rezervuar,photo_gate,imgs_0
AL,AL022,Tiranë,lake,,8,6,osm:w237926967,Plazhi i Golemit,photo_gate,imgs_3
AL,AL022,Tiranë,lake,,8,6,osm:w335713840,Spille Beach,photo_gate,imgs_0
AL,AL022,Tiranë,lake,,8,6,wd:Q22009774,Ujembledhesi i Manskurise,photo_gate,imgs_3
AL,AL022,Tiranë,lake,,8,6,osm:w1372663501,Golems Beach,photo_gate,imgs_2
AL,AL022,Tiranë,lake,,8,6,osm:w736586283,Family Beach,photo_gate,imgs_1
AL,AL022,Tiranë,lake,,8,6,osm:w736586282,Kastrati Beach,photo_gate,imgs_0
AT,AT121,Mostviertel-Eisenwurzen,lake,,7,6,osm:r68228,Donausee Weitenegg,photo_gate,imgs_2
AT,AT121,Mostviertel-Eisenwurzen,lake,,7,6,osm:w272827104,Freizeitzentrum Weitenegg,photo_gate,imgs_2
AT,AT121,Mostviertel-Eisenwurzen,lake,,7,6,osm:w111152975,Wachau Camping Schönbühel,photo_gate,imgs_3
AT,AT121,Mostviertel-Eisenwurzen,lake,,7,6,osm:w176995811,Altarm,photo_gate,imgs_0
AT,AT121,Mostviertel-Eisenwurzen,lake,,7,6,osm:w31021430,Donauarm,photo_gate,imgs_0
AT,AT121,Mostviertel-Eisenwurzen,lake,,7,6,osm:r10213284,Ybbs,photo_gate,imgs_0
AT,AT224,Oststeiermark,lake,,7,6,osm:w29511864,Hallenbad und Freibad Feldbach,photo_gate,imgs_2
AT,AT224,Oststeiermark,lake,,7,6,osm:w142283607,Familien-Bad Lafnitz,photo_gate,imgs_0
AT,AT224,Oststeiermark,lake,,7,6,osm:r15764772,Röcksee,photo_gate,imgs_0
AT,AT224,Oststeiermark,lake,,7,6,osm:w1446244890,Camping Resort Riegersburg,photo_gate,imgs_0
AT,AT224,Oststeiermark,lake,,7,6,osm:w981323515,Freibad Gersdorf,photo_gate,imgs_0
AT,AT224,Oststeiermark,lake,,7,6,osm:w27714077,Seebad Riegersburg,photo_gate,imgs_0
AT,AT225,West- und Südsteiermark,lake,,7,6,osm:w232745921,Sulm,photo_gate,imgs_1
AT,AT225,West- und Südsteiermark,lake,,7,6,osm:w614113141,Sulm,photo_gate,imgs_1
AT,AT225,West- und Südsteiermark,lake,,7,6,osm:w1052989682,Campingplatz Leibnitz,photo_gate,imgs_2
AT,AT225,West- und Südsteiermark,lake,,7,6,osm:w27305497,Städtisches Bad Leibnitz,photo_gate,imgs_2
AT,AT225,West- und Südsteiermark,lake,,7,6,wd:Q26245992,Sulmsee,photo_gate,imgs_0
AT,AT225,West- und Südsteiermark,lake,,7,6,osm:w613949697,Laßnitz,photo_gate,imgs_0
AT,AT130,Wien,lake,,8,6,wd:Q435520,Old Danube,photo_gate,imgs_3
AT,AT130,Wien,lake,,8,6,wd:Q37947346,Schillerwasser,photo_gate,imgs_1
AT,AT130,Wien,lake,,8,6,osm:r32484,Donau,photo_gate,imgs_3
AT,AT130,Wien,lake,,8,6,osm:r18444,Neue Donau,photo_gate,imgs_2
AT,AT130,Wien,lake,,8,6,wd:Q21875117,Toter Grund,photo_gate,imgs_1
AT,AT130,Wien,lake,,8,6,wd:Q110741921,Mühlwasser,photo_gate,imgs_3
AT,AT221,Graz,lake,,7,6,wd:Q21879283,Thaler See,photo_gate,imgs_4
AT,AT221,Graz,lake,,7,6,osm:w29718112,Kumbergsee,photo_gate,imgs_1
AT,AT221,Graz,lake,,7,6,osm:w137614564,WellWelt Camping,photo_gate,imgs_3
AT,AT221,Graz,lake,,7,6,osm:w27950677,Weihermühle,photo_gate,imgs_1
AT,AT221,Graz,lake,,7,6,osm:w1426437310,Whirlpool,photo_gate,imgs_0
AT,AT221,Graz,lake,,7,6,osm:w115650190,Kratochwillteich,photo_gate,imgs_0
BE,BE212,Arr. Mechelen,lake,,6,6,wd:Q1993163,Hazewinkel,photo_gate,imgs_3
BE,BE212,Arr. Mechelen,lake,,6,6,wd:Q2632521,De Nekker,photo_gate,imgs_0
BE,BE212,Arr. Mechelen,lake,,6,6,osm:w1451805843,LAGO Lier De Waterperels,photo_gate,imgs_4
BE,BE212,Arr. Mechelen,lake,,6,6,osm:w446982793,Dungelhoeff P10,photo_gate,imgs_1
BE,BE212,Arr. Mechelen,lake,,6,6,osm:w159989175,Dungelhoeff,photo_gate,imgs_1
BE,BE212,Arr. Mechelen,lake,,6,6,wd:Q2475871,Eglegemvijver,photo_gate,imgs_5
BE,BE255,Arr. Oostende,lake,,8,6,osm:w331095708,Spioenkop,photo_gate,imgs_2
BE,BE255,Arr. Oostende,lake,,8,6,osm:w126552461,Wielingenbad,photo_gate,imgs_0
BE,BE255,Arr. Oostende,lake,,8,6,osm:w1157058300,'t Massenhof,photo_gate,imgs_0
BE,BE255,Arr. Oostende,lake,,8,6,osm:w1157058299,Polderzicht,photo_gate,imgs_0
BE,BE255,Arr. Oostende,lake,,8,6,osm:w105194619,Duinzicht,photo_gate,imgs_0
BE,BE255,Arr. Oostende,lake,,8,6,osm:w127980697,Royal North Sea Yacht Club,photo_gate,imgs_0
BE,BE258,Arr. Veurne,lake,,6,6,osm:w132801927,Militair Vakantiekamp,photo_gate,imgs_0
BE,BE258,Arr. Veurne,lake,,6,6,osm:w118518363,Polderdyk,photo_gate,imgs_0
BE,BE258,Arr. Veurne,lake,,6,6,osm:w390659157,C,photo_gate,imgs_0
BE,BE258,Arr. Veurne,lake,,6,6,osm:w390688633,D,photo_gate,imgs_0
BE,BE258,Arr. Veurne,lake,,6,6,osm:w1215139733,D,photo_gate,imgs_0
BE,BE258,Arr. Veurne,lake,,6,6,osm:w1215139735,D,photo_gate,imgs_0
BE,BE236,Arr. Sint-Niklaas,lake,,6,6,osm:w41596527,De Ster Noord,photo_gate,imgs_0
BE,BE236,Arr. Sint-Niklaas,lake,,6,6,osm:w505802955,Roeibootjes,photo_gate,imgs_0
BE,BE236,Arr. Sint-Niklaas,lake,,6,6,osm:w505802960,Waterfietsen,photo_gate,imgs_0
BE,BE236,Arr. Sint-Niklaas,lake,,6,6,osm:w10445445,Zeil- & roeivijver,photo_gate,imgs_0
BE,BE236,Arr. Sint-Niklaas,lake,,6,6,osm:w505802941,Botenbaan,photo_gate,imgs_0
BE,BE236,Arr. Sint-Niklaas,lake,,6,6,osm:w525572212,Botenbaan,photo_gate,imgs_0
BE,BE242,Arr. Leuven,lake,,6,6,osm:w60581408,Meer van Rotselaar,photo_gate,imgs_1
BE,BE242,Arr. Leuven,lake,,6,6,osm:w439518935,Zwemzone 'de Plas',photo_gate,imgs_0
BE,BE242,Arr. Leuven,lake,,6,6,osm:w1422548249,Shallow Swimming Area,photo_gate,imgs_0
BE,BE242,Arr. Leuven,lake,,6,6,osm:w1422548250,Floating Pontoon Platform,photo_gate,imgs_0
BE,BE242,Arr. Leuven,lake,,6,6,osm:w1422548251,Wheelchair ramp,photo_gate,imgs_0
BE,BE242,Arr. Leuven,lake,,6,6,osm:w25166121,Ploeterbad,photo_gate,imgs_0
BE,BE251,Arr. Brugge,lake,,8,6,wd:Q47001258,Meer van Heist,photo_gate,imgs_2
BE,BE251,Arr. Brugge,lake,,8,6,wd:Q56234934,Zegemeer,photo_gate,imgs_3
BE,BE251,Arr. Brugge,lake,,8,6,osm:w827012307,Beachvolleybalterrein Drogenbrood,photo_gate,imgs_0
BE,BE251,Arr. Brugge,lake,,8,6,osm:w1257513822,Zwembad Drogenbrood,photo_gate,imgs_0
BE,BE251,Arr. Brugge,lake,,8,6,osm:w87979242,Klein Strand,photo_gate,imgs_0
BE,BE251,Arr. Brugge,lake,,8,6,osm:w551103080,Klein Strand,photo_gate,imgs_0
BG,BG312,Montana,lake,,7,6,osm:w615811097,Плувен комплекс,photo_gate,imgs_0
BG,BG312,Montana,lake,,7,6,osm:w689620634,Комплекс Аугуста,photo_gate,imgs_0
BG,BG312,Montana,lake,,7,6,osm:w304948677,Градски минерален басейн,photo_gate,imgs_0
BG,BG312,Montana,lake,,7,6,wd:Q113125259,Srechenska bara reservoir,photo_gate,imgs_0
BG,BG312,Montana,lake,,7,6,osm:w615592732,яз. Мишковец,photo_gate,imgs_0
BG,BG312,Montana,lake,,7,6,wd:Q113125570,Shishmanov val reservoir,photo_gate,imgs_0
BG,BG313,Vratsa,lake,,6,6,osm:w627501655,Kids Swiming Pool,photo_gate,imgs_0
BG,BG313,Vratsa,lake,,6,6,osm:w609925540,"Басейн ""Нати""",photo_gate,imgs_0
BG,BG313,Vratsa,lake,,6,6,osm:w914966402,Dabnika Dam,photo_gate,imgs_0
BG,BG313,Vratsa,lake,,6,6,osm:w25236713,яз. Влашки дол,photo_gate,imgs_0
BG,BG313,Vratsa,lake,,6,6,osm:w25236717,Bradkovets,photo_gate,imgs_0
BG,BG313,Vratsa,lake,,6,6,osm:w25236701,Велчов Лъг,photo_gate,imgs_0
BG,BG413,Blagoevgrad,lake,,6,6,wd:Q12273061,Bezbozhko Lake,photo_gate,imgs_3
BG,BG413,Blagoevgrad,lake,,6,6,wd:Q3364168,Popovo Lake,photo_gate,imgs_3
BG,BG413,Blagoevgrad,lake,,6,6,wd:Q20498447,Dautovo Lake,photo_gate,imgs_1
BG,BG413,Blagoevgrad,lake,,6,6,wd:Q7348099,Sinanishko Lake,photo_gate,imgs_3
BG,BG413,Blagoevgrad,lake,,6,6,wd:Q12291315,Prevalski Lakes,photo_gate,imgs_1
BG,BG413,Blagoevgrad,lake,,6,6,wd:Q12285760,Malokamenishki lakes,photo_gate,imgs_5
BG,BG415,Kyustendil,lake,,6,6,wd:Q1661327,Seven Rila Lakes,photo_gate,imgs_1
BG,BG415,Kyustendil,lake,,6,6,wd:Q12292353,Ribni Ezera,photo_gate,imgs_1
BG,BG415,Kyustendil,lake,,6,6,wd:Q12278969,The Lower Lake,photo_gate,imgs_1
BG,BG415,Kyustendil,lake,,6,6,wd:Q12294095,Smradlivo Lake,photo_gate,imgs_1
BG,BG415,Kyustendil,lake,,6,6,wd:Q12274059,The Kidney,photo_gate,imgs_4
BG,BG415,Kyustendil,lake,,6,6,wd:Q12292355,Fish Lake,photo_gate,imgs_5
CH,CH021,Bern / Berne,lake,,11,6,wd:Q14426,Lake Thun,photo_gate,imgs_3
CH,CH021,Bern / Berne,lake,,11,6,wd:Q5347747,Egelsee,photo_gate,imgs_2
CH,CH021,Bern / Berne,lake,,11,6,wd:Q677862,Gelmersee,photo_gate,imgs_2
CH,CH021,Bern / Berne,lake,,11,6,wd:Q676659,Lake Wohlen,photo_gate,imgs_4
CH,CH021,Bern / Berne,lake,,11,6,wd:Q222022,Grimselsee,floor_pool,score_5.3_below_5.4
CH,CH021,Bern / Berne,lake,,11,6,wd:Q689873,Blausee,floor_pool,score_5.0_below_5.4
DE,DEB23,Eifelkreis Bitburg-Prüm,lake,,6,6,osm:r4435248,Auwer Stausee,photo_gate,imgs_0
DE,DEB23,Eifelkreis Bitburg-Prüm,lake,,6,6,osm:w135863300,Campingpark Freibad Echternacherbrück,photo_gate,imgs_1
DE,DEB23,Eifelkreis Bitburg-Prüm,lake,,6,6,osm:w29033904,Stausee Bitburg,score_gate,score_3.7_below_5.4
DE,DEB23,Eifelkreis Bitburg-Prüm,lake,,6,6,osm:w135863300,Campingpark Freibad Echternacherbrück,photo_gate,imgs_1
DE,DEB23,Eifelkreis Bitburg-Prüm,lake,,6,6,osm:w101319628,Freibad Bollendorf,photo_gate,imgs_1
DE,DEB23,Eifelkreis Bitburg-Prüm,lake,,6,6,osm:w138563466,Camping-Altschmiede,photo_gate,imgs_0
DE,DEE03,"Magdeburg, Kreisfreie Stadt",lake,,6,6,wd:Q808319,Barleber See I,photo_gate,imgs_2
DE,DEE03,"Magdeburg, Kreisfreie Stadt",lake,,6,6,osm:w30097260,Campingplatz Barleber See,photo_gate,imgs_1
DE,DEE07,Börde,lake,,6,6,osm:r2468208,Gröninger See,photo_gate,imgs_0
DE,DEE07,Börde,lake,,6,6,osm:w837848100,Camping-Oase Steinbruchsee Süplingen,photo_gate,imgs_0
DE,DEB38,"Speyer, Kreisfreie Stadt",lake,,6,6,osm:r2108284,Angelhofer Altrhein,photo_gate,imgs_0
DE,DEB38,"Speyer, Kreisfreie Stadt",lake,,6,6,osm:w4376687,Biersiedersee,photo_gate,imgs_1
DE,DE935,"Lüneburg, Landkreis",lake,,6,6,osm:w39857357,Reihersee,photo_gate,imgs_0
DE,DE935,"Lüneburg, Landkreis",lake,,6,6,osm:w23039924,Barumer See,photo_gate,imgs_1
DE,DE937,Rotenburg (Wümme),lake,,6,6,osm:w30957743,Weichelsee,photo_gate,imgs_1
DE,DE937,Rotenburg (Wümme),lake,,6,6,wd:Q1639384,Huvenhoops-See,photo_gate,imgs_1
DE,DEE0B,Saalekreis,lake,,7,6,wd:Q134974409,Hasse-See,photo_gate,imgs_2
DE,DEA2A,Oberbergischer Kreis,lake,,7,6,osm:r6520948,Brucher Talsperre,photo_gate,imgs_2
DE,DEA2C,Rhein-Sieg-Kreis,lake,,6,6,osm:w9403067,Rotter See,photo_gate,imgs_0
DE,DEA2C,Rhein-Sieg-Kreis,lake,,6,6,wd:Q88399380,Berggeistweiher,photo_gate,imgs_2
DE,DEA38,Warendorf,lake,,6,6,osm:r1061620,Feldmarksee,photo_gate,imgs_0
DE,DEA38,Warendorf,lake,,6,6,osm:w52333197,Strandbad Sassenberg,photo_gate,imgs_0
DE,DEA42,Gütersloh,lake,,6,6,osm:w317708108,Waldbad,photo_gate,imgs_0
DE,DEA42,Gütersloh,lake,,6,6,osm:w159547744,Campingpark Sonnensee,photo_gate,imgs_0
DE,DE91A,Peine,lake,,7,6,osm:w1302788812,Badesee Wipshausen,photo_gate,imgs_0
DE,DE94H,Wittmund,lake,,6,6,wd:Q1383196,Ewiges Meer,floor_pool,score_4.9_below_5.4
DE,DEA12,"Duisburg, Kreisfreie Stadt",lake,,8,6,,,,
DE,DED42,Erzgebirgskreis,lake,,7,6,osm:w44220305,Hotelparkplatz Hotel am Fichtelberg,photo_gate,imgs_0
DE,DED42,Erzgebirgskreis,lake,,7,6,osm:w98366923,Freibad Rittersgrün,photo_gate,imgs_0
DE,DED42,Erzgebirgskreis,lake,,7,6,osm:r1416067,Talsperre Carlsfeld - Weiterswiese,photo_gate,imgs_1
DE,DED42,Erzgebirgskreis,lake,,7,6,osm:w319709246,Campingpark Greifensteine,photo_gate,imgs_0
DE,DEA45,Lippe,lake,,6,6,osm:r5459143,Schiedersee,photo_gate,imgs_2
DE,DEA45,Lippe,lake,,6,6,wd:Q1997939,Norderteich,photo_gate,imgs_2
DE,DEA46,Minden-Lübbecke,lake,,6,6,osm:w148241268,Großer Weserbogen,photo_gate,imgs_0
DE,DEA46,Minden-Lübbecke,lake,,6,6,wd:Q1654445,Oberlübber Bergsee,photo_gate,imgs_0
DE,DED43,Mittelsachsen,lake,,6,6,osm:r7404703,Talsperre Rauschenbach,photo_gate,imgs_4
DE,DED43,Mittelsachsen,lake,,6,6,osm:w291637224,"Naturbad ""Erzengler Teich""",photo_gate,imgs_2
DE,DED43,Mittelsachsen,lake,,6,6,osm:r3872724,Erzengler Teich,photo_gate,imgs_2
DE,DE922,Diepholz,lake,,6,6,wd:Q688459,Dümmer,photo_gate,imgs_4
DE,DE922,Diepholz,lake,,6,6,osm:w376940347,BSC,photo_gate,imgs_0
DE,DE27E,Oberallgäu,lake,,7,6,osm:w25205149,Seealpsee,photo_gate,imgs_2
DE,DE27E,Oberallgäu,lake,,7,6,osm:r1311889,Schrecksee,floor_pool,score_4.0_below_5.4
DE,DE27E,Oberallgäu,lake,,7,6,osm:w27851840,Schlappoldsee,photo_gate,imgs_2
DE,DE27E,Oberallgäu,lake,,7,6,osm:w42896858,Rappensee,photo_gate,imgs_2
DE,DE27E,Oberallgäu,lake,,7,6,osm:w94480889,Kleiner Rappensee,photo_gate,imgs_3
DE,DE27E,Oberallgäu,lake,,7,6,osm:w131671410,Eibelesee,photo_gate,imgs_1
DE,DE40H,Teltow-Fläming,lake,,9,6,,,,
DE,DE238,"Regensburg, Landkreis",lake,,7,6,osm:w5148156,Guggenberger See,photo_gate,imgs_1
DE,DE264,"Aschaffenburg, Landkreis",lake,,6,6,wd:Q66643604,Freigericht-Ost,photo_gate,imgs_1
DE,DE264,"Aschaffenburg, Landkreis",lake,,6,6,osm:w50294609,Campingplatz Kahl,photo_gate,imgs_0
DE,DE715,Bergstraße,lake,,6,6,osm:w152024352,Biedensand Bäder,photo_gate,imgs_1
DE,DE715,Bergstraße,lake,,6,6,osm:w61321490,Freizeitsee Biblis,photo_gate,imgs_2
DE,DE719,Main-Kinzig-Kreis,lake,,6,6,wd:Q66643497,Freigericht-West,photo_gate,imgs_2
DE,DE719,Main-Kinzig-Kreis,lake,,6,6,osm:w4275769,Kinzigsee,photo_gate,imgs_0
DE,DE71C,"Offenbach, Landkreis",lake,,6,6,osm:w25030164,Knochensee,photo_gate,imgs_0
DE,DE71C,"Offenbach, Landkreis",lake,,6,6,osm:w148610933,Langener Waldsee,photo_gate,imgs_2
DE,DE21I,Neuburg-Schrobenhausen,lake,,6,6,osm:w23052423,Leitnerweiher,photo_gate,imgs_0
DE,DE21I,Neuburg-Schrobenhausen,lake,,6,6,osm:w23052427,Leitnerweiher,photo_gate,imgs_0
DE,DE721,"Gießen, Landkreis",lake,,6,6,osm:w293558366,Strandbad Wißmarer See,photo_gate,imgs_0
DE,DE721,"Gießen, Landkreis",lake,,6,6,osm:w293558362,Camping Wißmarer See,photo_gate,imgs_0
DE,DE21M,Traunstein,lake,,7,6,wd:Q2396539,Taubensee,photo_gate,imgs_1
DE,DE21M,Traunstein,lake,,7,6,wd:Q4138,Chiemsee,photo_gate,imgs_3
DE,DE21M,Traunstein,lake,,7,6,wd:Q2386792,Tachinger See,photo_gate,imgs_1
DE,DE256,"Ansbach, Landkreis",lake,,6,6,osm:w210262196,Naturfreibad Weißbachmühle,photo_gate,imgs_0
DE,DE256,"Ansbach, Landkreis",lake,,6,6,osm:r19775644,Badeweiher Binzwangen,photo_gate,imgs_0
ES,ES423,Cuenca,lake,,9,6,wd:Q5969324,Laguna del Tobar,photo_gate,imgs_2
ES,ES423,Cuenca,lake,,9,6,wd:Q23995855,Pantano de La Toba,photo_gate,imgs_1
ES,ES423,Cuenca,lake,,9,6,wd:Q109314586,Reserva natural de la laguna de El Hito,photo_gate,imgs_1
ES,ES423,Cuenca,lake,,9,6,wd:Q5969350,Lagunas de Cañada del Hoyo,photo_gate,imgs_3
ES,ES423,Cuenca,lake,,9,6,wd:Q5969264,Laguna de Uña,photo_gate,imgs_2
ES,ES423,Cuenca,lake,,9,6,wd:Q23987350,Laguna de El Hito,photo_gate,imgs_1
ES,ES243,Zaragoza,lake,,9,6,wd:Q1345950,Yesa Reservoir,photo_gate,imgs_2
ES,ES243,Zaragoza,lake,,9,6,wd:Q16561603,La Loteta reservoir,photo_gate,imgs_2
ES,ES243,Zaragoza,lake,,9,6,osm:r20353654,La Loteta,photo_gate,imgs_0
ES,ES243,Zaragoza,lake,,9,6,osm:w168522221,Piscinas exteriores.,photo_gate,imgs_0
ES,ES243,Zaragoza,lake,,9,6,osm:r11555623,Canal Imperial de Aragón,photo_gate,imgs_0
ES,ES243,Zaragoza,lake,,9,6,wd:Q8963325,Galacho de Juslibol,photo_gate,imgs_2
ES,ES212,Gipuzkoa,lake,,7,6,osm:w723169573,Zarauzko hondartza,photo_gate,imgs_2
ES,ES212,Gipuzkoa,lake,,7,6,osm:w25298152,Malkorbe hondartza,photo_gate,imgs_2
ES,ES212,Gipuzkoa,lake,,7,6,osm:w332924971,Zarauzko portua,photo_gate,imgs_0
ES,ES212,Gipuzkoa,lake,,7,6,osm:w4745716,Zarauzko hondartza,photo_gate,imgs_1
ES,ES212,Gipuzkoa,lake,,7,6,osm:w8818723,Mutrikuko portua,photo_gate,imgs_3
ES,ES212,Gipuzkoa,lake,,7,6,osm:w26546139,Igerileku naturala,photo_gate,imgs_1
ES,ES112,Lugo,lake,,10,6,osm:w55943250,Praia de Arealonga,photo_gate,imgs_3
ES,ES112,Lugo,lake,,10,6,wd:Q11986800,Os Peares reservoir,photo_gate,imgs_3
ES,ES112,Lugo,lake,,10,6,osm:w155155210,Praia de Sacido,photo_gate,imgs_3
ES,ES112,Lugo,lake,,10,6,wd:Q12391489,Lagoa de Cospeito,photo_gate,imgs_2
ES,ES112,Lugo,lake,,10,6,wd:Q110955592,Sequeiros Reservoir,photo_gate,imgs_2
ES,ES112,Lugo,lake,,10,6,wd:Q130301453,Montefurado Reservoir,photo_gate,imgs_1
ES,ES114,Pontevedra,lake,,10,6,osm:w173032643,Praia de Baltar,photo_gate,imgs_3
ES,ES114,Pontevedra,lake,,10,6,osm:w363886467,Praia de Arealonga,photo_gate,imgs_2
ES,ES114,Pontevedra,lake,,10,6,wd:Q20543834,Pontillón de Castro Reservoir,photo_gate,imgs_2
ES,ES114,Pontevedra,lake,,10,6,wd:Q20550349,Castiñeiras Lake,photo_gate,imgs_3
ES,ES114,Pontevedra,lake,,10,6,wd:Q22970072,Zamáns Reservoir,photo_gate,imgs_3
ES,ES114,Pontevedra,lake,,10,6,osm:w165537320,Piscinas Municipais de Tui,photo_gate,imgs_2
ES,ES242,Teruel,lake,,7,6,wd:Q11681446,Arquillo de San Blas reservoir,photo_gate,imgs_3
ES,ES242,Teruel,lake,,7,6,osm:w1058068900,Toll de la Caseta,photo_gate,imgs_1
ES,ES242,Teruel,lake,,7,6,osm:r18080567,La Estanca de Alcañiz,photo_gate,imgs_0
ES,ES242,Teruel,lake,,7,6,wd:Q25112699,Calanda reservoir,floor_pool,score_5.0_below_5.4
ES,ES242,Teruel,lake,,7,6,wd:Q84766196,Gallipuén Reservoir,floor_pool,score_4.8_below_5.4
ES,ES242,Teruel,lake,,7,6,wd:Q23993686,Embalse de Pena,photo_gate,imgs_2
DE,DEG0L,Greiz,lake,,6,6,osm:r3184413,Talsperre Zeulenroda,photo_gate,imgs_3
DE,DEG0L,Greiz,lake,,6,6,osm:w1304479027,Badestelle am Zeulenrodaer Meer,photo_gate,imgs_0
GR,EL411,"Lesvos, Limnos",lake,,6,6,wd:Q5105247,Chortarolimni,photo_gate,imgs_1
GR,EL411,"Lesvos, Limnos",lake,,6,6,osm:w251823840,Tsamakia beach,photo_gate,imgs_0
GR,EL411,"Lesvos, Limnos",lake,,6,6,osm:w269139068,Tarti Beach,photo_gate,imgs_1
GR,EL411,"Lesvos, Limnos",lake,,6,6,osm:w425393410,Molivos,photo_gate,imgs_0
DE,DEG0M,Altenburger Land,lake,,6,6,wd:Q109433032,Pahnaer Lake,photo_gate,imgs_3
DE,DEG0M,Altenburger Land,lake,,6,6,osm:w205396214,Hainbergsee,photo_gate,imgs_0
GR,EL541,"Arta, Preveza",lake,,6,6,osm:w25976585,Piso Krioneri,photo_gate,imgs_0
GR,EL541,"Arta, Preveza",lake,,6,6,osm:w25976305,Krioneri,photo_gate,imgs_0
GR,EL541,"Arta, Preveza",lake,,6,6,osm:w1380228093,Nissos,photo_gate,imgs_0
GR,EL541,"Arta, Preveza",lake,,6,6,wd:Q2106785,Pournari lake,photo_gate,imgs_1
GR,EL541,"Arta, Preveza",lake,,6,6,wd:Q15057373,Louros reservoir,photo_gate,imgs_4
GR,EL541,"Arta, Preveza",lake,,6,6,wd:Q12880039,Lake Ziros,photo_gate,imgs_1
DE,DEF03,"Lübeck, Kreisfreie Stadt",lake,,6,6,osm:w4243377,Krähenteich,photo_gate,imgs_3
DE,DEF03,"Lübeck, Kreisfreie Stadt",lake,,6,6,osm:r10765056,Pötenitzer Wiek,photo_gate,imgs_1
DE,DEF0D,Segeberg,lake,,7,6,wd:Q1675385,Itzstedter See,photo_gate,imgs_1
DE,DEF0D,Segeberg,lake,,7,6,wd:Q893993,Bornhöveder See,photo_gate,imgs_2
DE,DEG01,"Erfurt, Kreisfreie Stadt",lake,,6,6,osm:w23447257,Nordstrand,photo_gate,imgs_1
DE,DEG01,"Erfurt, Kreisfreie Stadt",lake,,6,6,osm:w26258535,Stotternheimer See,photo_gate,imgs_0
GR,EL522,Thessaloniki,lake,,7,6,wd:Q117663686,Angelochori Lagoon,photo_gate,imgs_3
GR,EL522,Thessaloniki,lake,,7,6,osm:w1382668177,Sand Dunes Nudist Beach,photo_gate,imgs_1
GR,EL522,Thessaloniki,lake,,7,6,osm:w471793547,Akti Siamo,photo_gate,imgs_0
GR,EL522,Thessaloniki,lake,,7,6,wd:Q1472501,Lake Koroneia,photo_gate,imgs_3
GR,EL522,Thessaloniki,lake,,7,6,wd:Q132099,Lake Volvi,photo_gate,imgs_2
GR,EL522,Thessaloniki,lake,,7,6,wd:Q117608239,Salt-pan of Epanomi,photo_gate,imgs_3
EE,EE009,Kesk-Eesti,lake,,11,6,wd:Q7371153,Väinjärv,photo_gate,imgs_2
EE,EE009,Kesk-Eesti,lake,,11,6,wd:Q4538633,Lake Järlepa,photo_gate,imgs_2
EE,EE009,Kesk-Eesti,lake,,11,6,wd:Q4062126,Lake Alesti,photo_gate,imgs_3
EE,EE009,Kesk-Eesti,lake,,11,6,wd:Q7371188,Pikkjärv,photo_gate,imgs_5
EE,EE009,Kesk-Eesti,lake,,11,6,wd:Q25405638,Pühajärv,photo_gate,imgs_1
EE,EE009,Kesk-Eesti,lake,,11,6,wd:Q6352616,Kalijärv,photo_gate,imgs_0
DE,DEG0C,Gotha,lake,,6,6,osm:w596826434,Am Schwimmbad,photo_gate,imgs_0
DE,DEG0C,Gotha,lake,,6,6,osm:w227766620,Sportbecken,photo_gate,imgs_0
ES,ES532,Mallorca,lake,,8,6,wd:Q2052009,S'Albufera de Mallorca Natural Park,photo_gate,imgs_2
ES,ES532,Mallorca,lake,,8,6,osm:w100010935,Platja de Muro,photo_gate,imgs_3
ES,ES532,Mallorca,lake,,8,6,wd:Q18006559,Es Salobrar,photo_gate,imgs_1
ES,ES532,Mallorca,lake,,8,6,osm:w100001874,platja dels Francesos,photo_gate,imgs_0
ES,ES532,Mallorca,lake,,8,6,osm:w583995195,Cala Mesquida,photo_gate,imgs_2
ES,ES532,Mallorca,lake,,8,6,osm:w45392738,Cala Esmeralda,photo_gate,imgs_2
ES,ES431,Badajoz,lake,,10,6,wd:Q11681443,embalse de Orellana,photo_gate,imgs_3
ES,ES431,Badajoz,lake,,10,6,wd:Q8775426,Zújar Reservoir,photo_gate,imgs_3
ES,ES431,Badajoz,lake,,10,6,wd:Q60330051,Proserpina reservoir,photo_gate,imgs_3
ES,ES431,Badajoz,lake,,10,6,wd:Q95457282,Cornalvo reservoir,photo_gate,imgs_2
ES,ES431,Badajoz,lake,,10,6,wd:Q16561606,Nogales Reservoir,photo_gate,imgs_0
ES,ES431,Badajoz,lake,,10,6,wd:Q16561620,Villalba de los Barros Reservoir,photo_gate,imgs_1
ES,ES616,Jaén,lake,,8,6,wd:Q61429367,Embalse del Encinarejo,photo_gate,imgs_2
ES,ES616,Jaén,lake,,8,6,wd:Q2837200,Embalse de El Tranco de Beas,photo_gate,imgs_2
ES,ES616,Jaén,lake,,8,6,wd:Q20922325,Embalse del Giribaile,photo_gate,imgs_3
ES,ES616,Jaén,lake,,8,6,wd:Q126207021,Embalse del Guadalmena,photo_gate,imgs_2
ES,ES616,Jaén,lake,,8,6,wd:Q23984862,Jándula Reservoir,photo_gate,imgs_1
ES,ES616,Jaén,lake,,8,6,wd:Q29892450,Embalse de La Fernandina,photo_gate,imgs_2
ES,ES522,Castellón/Castelló,lake,,8,6,wd:Q3373943,Embalse de Sichar,photo_gate,imgs_1
ES,ES522,Castellón/Castelló,lake,,8,6,osm:w64062455,Platja de les Fonts,photo_gate,imgs_3
ES,ES522,Castellón/Castelló,lake,,8,6,osm:w37561596,Camping Azahar,photo_gate,imgs_0
ES,ES522,Castellón/Castelló,lake,,8,6,wd:Q3376336,Arenós Reservoir,photo_gate,imgs_3
ES,ES522,Castellón/Castelló,lake,,8,6,wd:Q5554646,Embalse de Onda,photo_gate,imgs_1
ES,ES522,Castellón/Castelló,lake,,8,6,wd:Q18006197,Embalse del Regajo,photo_gate,imgs_3
HU,HU213,Veszprém,lake,,7,6,wd:Q15054321,Belső-tó,photo_gate,imgs_3
HU,HU213,Veszprém,lake,,7,6,wd:Q1126452,Outer lake (Tihany),photo_gate,imgs_3
HU,HU213,Veszprém,lake,,7,6,osm:w230187779,Plage 18,photo_gate,imgs_0
HU,HU213,Veszprém,lake,,7,6,osm:w980246934,BaHart Tihanyi kikötő,photo_gate,imgs_0
HU,HU213,Veszprém,lake,,7,6,osm:w1297160281,Kisfaludy strand,photo_gate,imgs_1
HU,HU213,Veszprém,lake,,7,6,osm:w1263289035,Hajógyári kikötő,photo_gate,imgs_0
HR,HR034,Šibensko-kninska županija,lake,,7,6,wd:Q1254195,Zmajevo oko,photo_gate,imgs_3
HR,HR034,Šibensko-kninska županija,lake,,7,6,wd:Q25301398,Vela Solina,photo_gate,imgs_0
HR,HR034,Šibensko-kninska županija,lake,,7,6,wd:Q111472100,Visovac Lake,photo_gate,imgs_2
HR,HR034,Šibensko-kninska županija,lake,,7,6,wd:Q2474730,Cetina,photo_gate,imgs_2
HR,HR034,Šibensko-kninska županija,lake,,7,6,wd:Q3511202,Skradinski buk,floor_pool,score_4.3_below_5.4
HR,HR034,Šibensko-kninska županija,lake,,7,6,wd:Q25287057,Jezero Visovac,photo_gate,imgs_0
FR,FRK26,Rhône,lake,,8,6,wd:Q3215684,Lac des Sapins,photo_gate,imgs_3
FR,FRK26,Rhône,lake,,8,6,osm:r5290883,Canal de Jonage,photo_gate,imgs_2
FR,FRK26,Rhône,lake,,8,6,osm:w256472564,Plage de l'Atol',photo_gate,imgs_0
FR,FRK26,Rhône,lake,,8,6,osm:w175408714,Plage du Morlet,photo_gate,imgs_0
FR,FRK26,Rhône,lake,,8,6,osm:w256472563,Plage de l'Atol',photo_gate,imgs_0
FR,FRK26,Rhône,lake,,8,6,wd:Q17156468,Tête d'Or Lake,photo_gate,imgs_3
FR,FRL01,Alpes-de-Haute-Provence,lake,,11,6,wd:Q56310747,Lac du Lauzet,photo_gate,imgs_3
FR,FRL01,Alpes-de-Haute-Provence,lake,,11,6,wd:Q3215721,Lac du Lauzanier,photo_gate,imgs_2
FR,FRL01,Alpes-de-Haute-Provence,lake,,11,6,wd:Q3215707,Lac du Crachet,photo_gate,imgs_1
FR,FRL01,Alpes-de-Haute-Provence,lake,,11,6,osm:w70378246,Lac des Neuf Couleurs,floor_pool,score_4.0_below_5.4
FR,FRL01,Alpes-de-Haute-Provence,lake,,11,6,osm:w122392574,Lac de l'Orrenaye,photo_gate,imgs_0
FR,FRL01,Alpes-de-Haute-Provence,lake,,11,6,osm:w70841254,Lac du Lauzanier,photo_gate,imgs_2
HR,HR027,Karlovačka županija,lake,,6,6,wd:Q16116893,Jezero Sabljaki,photo_gate,imgs_1
HR,HR027,Karlovačka županija,lake,,6,6,osm:w1218535553,Kupalište Jambrić,photo_gate,imgs_0
HR,HR027,Karlovačka županija,lake,,6,6,osm:w530773551,Kolpa,photo_gate,imgs_2
HR,HR027,Karlovačka županija,lake,,6,6,osm:r4443049,Mrežnica,photo_gate,imgs_2
HR,HR027,Karlovačka županija,lake,,6,6,osm:r18183112,Kolpa,photo_gate,imgs_1
HR,HR027,Karlovačka županija,lake,,6,6,osm:w1061869455,"Kupalište ""Jukin Vir""",photo_gate,imgs_0
IT,ITG2E,Nuoro,lake,,9,6,osm:w230017597,Stagno Mattanosa,photo_gate,imgs_1
IT,ITG2E,Nuoro,lake,,9,6,osm:w82013514,Spiaggia Cala Ginepro,photo_gate,imgs_0
IT,ITG2E,Nuoro,lake,,9,6,osm:w123908205,Posada Beach,photo_gate,imgs_3
IT,ITG2E,Nuoro,lake,,9,6,osm:r2410427,Stagno Longu di Posada,photo_gate,imgs_3
IT,ITG2E,Nuoro,lake,,9,6,osm:w82013468,Spiaggia Sa Mattanosa,photo_gate,imgs_0
IT,ITG2F,Cagliari,lake,,6,6,osm:r12624640,Saline,photo_gate,imgs_3
IT,ITG2F,Cagliari,lake,,6,6,wd:Q3968028,Stagno di Cagliari,photo_gate,imgs_2
IT,ITG2F,Cagliari,lake,,6,6,osm:w142006632,Spiaggia di Solanas,photo_gate,imgs_1
IT,ITG2F,Cagliari,lake,,6,6,osm:w179174889,Spiaggia di Mari Pintau,photo_gate,imgs_1
IT,ITG2F,Cagliari,lake,,6,6,osm:w142027862,Cann'e Sisa,photo_gate,imgs_0
IT,ITG2F,Cagliari,lake,,6,6,osm:w367227822,La Scogliera,photo_gate,imgs_0
IT,ITF65,Reggio Calabria,lake,,7,6,osm:w1217981084,San Francesco,photo_gate,imgs_2
IT,ITF65,Reggio Calabria,lake,,7,6,osm:w389851522,Spiaggia di Marinella,photo_gate,imgs_0
IT,ITF65,Reggio Calabria,lake,,7,6,osm:w431400989,Lido comunale,photo_gate,imgs_0
IT,ITF65,Reggio Calabria,lake,,7,6,wd:Q776498,Lago Costantino,photo_gate,imgs_1
IT,ITF65,Reggio Calabria,lake,,7,6,wd:Q3825774,Lago Rumia,photo_gate,imgs_3
IT,ITI12,Lucca,lake,,6,6,wd:Q1800435,Lago di Vagli,photo_gate,imgs_2
IT,ITI12,Lucca,lake,,6,6,osm:w702791690,Bagno Rossella,photo_gate,imgs_0
IT,ITI12,Lucca,lake,,6,6,wd:Q3825961,Lago di Gramolazzo,photo_gate,imgs_2
IT,ITI12,Lucca,lake,,6,6,osm:w129748191,Bagno Conchiglia Beach,photo_gate,imgs_1
IT,ITI12,Lucca,lake,,6,6,osm:w130632945,Bagno Biancamano,photo_gate,imgs_0
IT,ITI12,Lucca,lake,,6,6,osm:w129748190,Bagno Dlamazia Fabrizio,photo_gate,imgs_0
IT,ITH37,Rovigo,lake,,6,6,osm:w398676482,Ghebo,photo_gate,imgs_0
IT,ITH37,Rovigo,lake,,6,6,osm:w503991573,Bagno Tamerici,photo_gate,imgs_0
IT,ITH37,Rovigo,lake,,6,6,osm:w1452604916,Campeggio Vittoria,photo_gate,imgs_0
IT,ITH37,Rovigo,lake,,6,6,osm:w503986942,Bagno Bellarosa,photo_gate,imgs_0
IT,ITH37,Rovigo,lake,,6,6,osm:w503991581,Bagno Belvedere,photo_gate,imgs_0
IT,ITH37,Rovigo,lake,,6,6,osm:w503991572,Bagno Tamerici Dog,photo_gate,imgs_0
IT,ITG17,Catania,lake,,6,6,osm:w335514174,Porto Ulisse,photo_gate,imgs_2
IT,ITG17,Catania,lake,,6,6,osm:w35745308,Spiaggia della Plaia,photo_gate,imgs_1
IT,ITG17,Catania,lake,,6,6,osm:w351477677,Spiaggetta Lognina,photo_gate,imgs_0
IT,ITG17,Catania,lake,,6,6,osm:w148451346,Spiaggia di Fondachello,photo_gate,imgs_0
IT,ITG17,Catania,lake,,6,6,wd:Q3825994,Lago di Nicito,photo_gate,imgs_0
IT,ITG17,Catania,lake,,6,6,wd:Q3825801,Lago Trearie,photo_gate,imgs_2
IT,ITC46,Bergamo,lake,,8,6,wd:Q917288,Lake Endine,photo_gate,imgs_2
IT,ITC46,Bergamo,lake,,8,6,wd:Q3825906,Lago di Aviasco,photo_gate,imgs_3
IT,ITC46,Bergamo,lake,,8,6,wd:Q3825674,Lago Casere,photo_gate,imgs_2
IT,ITC46,Bergamo,lake,,8,6,wd:Q3825742,Lago Nero,photo_gate,imgs_2
IT,ITC46,Bergamo,lake,,8,6,wd:Q1147433,Lago delle Trote,photo_gate,imgs_3
IT,ITC46,Bergamo,lake,,8,6,wd:Q3825844,Lago del Barbellino,floor_pool,score_4.1_below_5.4
IT,ITF51,Potenza,lake,,7,6,wd:Q3825790,Lago Sirino,photo_gate,imgs_3
IT,ITF51,Potenza,lake,,7,6,osm:w352951827,Mara Ranch,photo_gate,imgs_0
IT,ITF51,Potenza,lake,,7,6,osm:w1457465131,L'approdo,photo_gate,imgs_0
IT,ITF51,Potenza,lake,,7,6,wd:Q29110140,lago di Monte Cotugno,photo_gate,imgs_1
IT,ITF51,Potenza,lake,,7,6,wd:Q3825897,Lago di Acerenza,photo_gate,imgs_1
IT,ITF51,Potenza,lake,,7,6,wd:Q3825765,Lago Remmo,photo_gate,imgs_1
IT,ITC44,Sondrio,lake,,9,6,wd:Q656674,Lago di Lei,floor_pool,score_5.2_below_5.4
IT,ITC44,Sondrio,lake,,9,6,osm:w91126544,Lago Azzurro,photo_gate,imgs_1
IT,ITC44,Sondrio,lake,,9,6,wd:Q1502960,Lago di Mezzola,photo_gate,imgs_3
IT,ITC44,Sondrio,lake,,9,6,wd:Q105089950,Lago Publino,photo_gate,imgs_1
IT,ITC44,Sondrio,lake,,9,6,wd:Q656674,Lago di Lei,floor_pool,score_5.3_below_5.4
IT,ITC44,Sondrio,lake,,9,6,wd:Q105085474,Lago di Venina,photo_gate,imgs_1
IT,ITC4B,Mantova,lake,,6,6,osm:r3318151,Laghi di Mantova,photo_gate,imgs_3
IT,ITC4B,Mantova,lake,,6,6,osm:w16499597,Lago Superiore,photo_gate,imgs_3
IT,ITC4B,Mantova,lake,,6,6,osm:r1354423,Lago Inferiore,photo_gate,imgs_1
IT,ITC4B,Mantova,lake,,6,6,osm:w237727709,Palazzo Te,photo_gate,imgs_2
IT,ITC4B,Mantova,lake,,6,6,osm:w226523826,Piscina comunale Eugenio Dugoni,photo_gate,imgs_0
IT,ITC4B,Mantova,lake,,6,6,osm:r6909718,Lago di Mezzo,photo_gate,imgs_0
HU,HU313,Nógrád,lake,,7,6,osm:w117987592,Nyírjesi I. tó,photo_gate,imgs_3
HU,HU313,Nógrád,lake,,7,6,osm:w616602173,Balassagyarmati strand,photo_gate,imgs_0
HU,HU313,Nógrád,lake,,7,6,osm:w1165466444,Illés Rudolf Tanuszoda,photo_gate,imgs_0
HU,HU313,Nógrád,lake,,7,6,osm:w848845554,Rétsági tanuszoda,photo_gate,imgs_0
HU,HU313,Nógrád,lake,,7,6,osm:w943905918,Gagarin Általános Iskola Tanuszodája,photo_gate,imgs_0
HU,HU313,Nógrád,lake,,7,6,wd:Q20439946,Jenői-tó,photo_gate,imgs_0
IE,IE052,South-East ,lake,,7,6,wd:Q6469864,Lady's Island Lake,photo_gate,imgs_1
IE,IE052,South-East ,lake,,7,6,wd:Q26715337,Tacumshin Lake,photo_gate,imgs_1
IE,IE052,South-East ,lake,,7,6,osm:w324102278,Clubhouse Hotel,photo_gate,imgs_2
IE,IE052,South-East ,lake,,7,6,osm:w510043140,Kilmore Quay Marina,floor_pool,score_5.3_below_5.4
IE,IE052,South-East ,lake,,7,6,osm:w143475053,Active Tribe,photo_gate,imgs_0
IE,IE052,South-East ,lake,,7,6,osm:w143475072,Leisure Centre Car Park,photo_gate,imgs_0
IT,ITF31,Caserta,lake,,6,6,osm:w369637768,Spiaggia Baia Domizia,photo_gate,imgs_1
IT,ITF31,Caserta,lake,,6,6,osm:w985442320,Lido Scalzone,photo_gate,imgs_0
IT,ITF31,Caserta,lake,,6,6,osm:w489080693,Scalzone,photo_gate,imgs_0
IT,ITF31,Caserta,lake,,6,6,osm:w388843079,Garigliano,photo_gate,imgs_1
IT,ITF31,Caserta,lake,,6,6,osm:w1433380314,Lido Cosida,photo_gate,imgs_0
IT,ITF31,Caserta,lake,,6,6,osm:w1433380304,Lido Mare Blu,photo_gate,imgs_0
IT,ITF35,Salerno,lake,,7,6,osm:w1158538284,Arco Naturale Club,photo_gate,imgs_1
IT,ITF35,Salerno,lake,,7,6,osm:w147039603,Spiaggia Grande,photo_gate,imgs_1
IT,ITF35,Salerno,lake,,7,6,osm:w325664949,spiaggia Marinella,photo_gate,imgs_0
IT,ITF35,Salerno,lake,,7,6,osm:w147039298,Castiglione,photo_gate,imgs_3
IT,ITF35,Salerno,lake,,7,6,osm:w47886964,Parcheggio,photo_gate,imgs_0
IT,ITF35,Salerno,lake,,7,6,osm:w325686771,Parcheggio,photo_gate,imgs_0
PL,PL22A,Katowicki,lake,,7,6,osm:w22745620,Stawiki,photo_gate,imgs_3
PL,PL22A,Katowicki,lake,,7,6,osm:w22745636,Hubertus 3,photo_gate,imgs_5
PL,PL22A,Katowicki,lake,,7,6,osm:r7497435,Borki,photo_gate,imgs_4
PL,PL22A,Katowicki,lake,,7,6,osm:w177033222,Hubertus 4,photo_gate,imgs_3
PL,PL22A,Katowicki,lake,,7,6,osm:w832957893,Hubertus Wake&Fun,photo_gate,imgs_3
PL,PL22A,Katowicki,lake,,7,6,wd:Q1235597,Valley of Three Ponds,photo_gate,imgs_2
NL,NL423,Zuid-Limburg,lake,,6,6,osm:w75720874,Camping Cottesserhoeve,photo_gate,imgs_0
NL,NL423,Zuid-Limburg,lake,,6,6,wd:Q2345097,Pietersplas,photo_gate,imgs_2
NL,NL423,Zuid-Limburg,lake,,6,6,osm:w75720873,Camping De Oosterdriessen,photo_gate,imgs_0
NL,NL423,Zuid-Limburg,lake,,6,6,osm:w50946161,Watersportclub Treech'42,photo_gate,imgs_0
NL,NL423,Zuid-Limburg,lake,,6,6,osm:w722752737,WSV MCC,photo_gate,imgs_0
NL,NL423,Zuid-Limburg,lake,,6,6,wd:Q108309515,ENCI-meer,photo_gate,imgs_1
NL,NL131,Noord-Drenthe,lake,,10,6,wd:Q2229943,'t Nije Hemelriek,photo_gate,imgs_2
NL,NL131,Noord-Drenthe,lake,,10,6,osm:w816971178,Speelvijver 't Gasselterveld,photo_gate,imgs_3
NL,NL131,Noord-Drenthe,lake,,10,6,wd:Q28102981,Ieberenplas,photo_gate,imgs_1
NL,NL131,Noord-Drenthe,lake,,10,6,wd:Q19853466,Baggelhuizerplas,photo_gate,imgs_1
NL,NL131,Noord-Drenthe,lake,,10,6,wd:Q2135674,Leekstermeergebied,photo_gate,imgs_1
NL,NL230,Flevoland,lake,,11,6,wd:Q47104891,Noorderplassen,photo_gate,imgs_2
NL,NL230,Flevoland,lake,,11,6,wd:Q969046,Vossemeer,photo_gate,imgs_1
NL,NL230,Flevoland,lake,,11,6,wd:Q202929,Drontermeer,photo_gate,imgs_3
NL,NL230,Flevoland,lake,,11,6,wd:Q231747,Zwarte Meer,floor_pool,score_4.7_below_5.4
NL,NL230,Flevoland,lake,,11,6,wd:Q2294145,Vollenhovermeer,photo_gate,imgs_1
NL,NL323,IJmond,lake,,7,6,wd:Q2773823,Alkmaardermeer,photo_gate,imgs_2
NL,NL323,IJmond,lake,,7,6,osm:w614452361,Westbroekplas,photo_gate,imgs_0
NL,NL323,IJmond,lake,,7,6,wd:Q2667071,IJ,photo_gate,imgs_0
NL,NL323,IJmond,lake,,7,6,osm:r1493011,Westbroekplas,photo_gate,imgs_0
NL,NL323,IJmond,lake,,7,6,wd:Q2497165,Uitgeestermeer,photo_gate,imgs_1
NL,NL323,IJmond,lake,,7,6,osm:w1431934650,Peddelpoel Spaarnwoude,photo_gate,imgs_0
NL,NL328,Alkmaar en omgeving,lake,,6,6,wd:Q27959422,Geestmerambacht,photo_gate,imgs_2
NL,NL328,Alkmaar en omgeving,lake,,6,6,osm:w988702178,Zomerdel Geestmerambacht,photo_gate,imgs_1
NL,NL328,Alkmaar en omgeving,lake,,6,6,osm:w71601977,Zwembaai 5,photo_gate,imgs_0
NL,NL328,Alkmaar en omgeving,lake,,6,6,osm:w502770182,Zwembaai 7,photo_gate,imgs_0
NL,NL328,Alkmaar en omgeving,lake,,6,6,osm:w1394397232,Zwembaai 4 (naaktstrand),photo_gate,imgs_1
NL,NL328,Alkmaar en omgeving,lake,,6,6,osm:w1394396178,Zwembaai 8,photo_gate,imgs_0
RS,RS127,Sremska oblast,lake,,6,6,osm:w15939678,Danube,photo_gate,imgs_3
RS,RS127,Sremska oblast,lake,,6,6,osm:w73173192,Венеција,photo_gate,imgs_0
RS,RS127,Sremska oblast,lake,,6,6,osm:w250105719,Плажа,photo_gate,imgs_0
RS,RS127,Sremska oblast,lake,,6,6,wd:Q31182634,Бешеновачко језеро,photo_gate,imgs_3
RS,RS127,Sremska oblast,lake,,6,6,wd:Q3444519,Zasavica,photo_gate,imgs_3
RS,RS127,Sremska oblast,lake,,6,6,wd:Q31182637,Љуковско језеро,photo_gate,imgs_0
RO,RO111,Bihor,lake,,6,6,osm:w33236055,Ferma de Crap,photo_gate,imgs_0
RO,RO111,Bihor,lake,,6,6,osm:w228387330,Lac Frontiera Borș - Borsi horgásztó,photo_gate,imgs_1
RO,RO111,Bihor,lake,,6,6,osm:w41350393,Ștrandul Apollo,photo_gate,imgs_0
RO,RO111,Bihor,lake,,6,6,osm:w353945010,Platou Camping,photo_gate,imgs_0
RO,RO111,Bihor,lake,,6,6,osm:w189057454,Plajă,photo_gate,imgs_0
RO,RO111,Bihor,lake,,6,6,osm:w189057453,Plajă,photo_gate,imgs_0
RO,RO313,Dâmboviţa,lake,,7,6,osm:w450848707,Piscina Green Heaven,photo_gate,imgs_0
RO,RO313,Dâmboviţa,lake,,7,6,osm:r1308445,Ialomița,photo_gate,imgs_0
RO,RO313,Dâmboviţa,lake,,7,6,wd:Q12731842,Bolboci Reservoir,floor_pool,score_4.6_below_5.4
RO,RO313,Dâmboviţa,lake,,7,6,osm:w31030987,Lacul de acumulare Pucioasa,photo_gate,imgs_2
RO,RO313,Dâmboviţa,lake,,7,6,osm:r12635332,Farlow Pike Arena,photo_gate,imgs_0
RO,RO313,Dâmboviţa,lake,,7,6,osm:w16207398,Lacul Buftea,photo_gate,imgs_0
RO,RO314,Giurgiu,lake,,7,6,osm:w23491558,Bazinul Veriga,photo_gate,imgs_0
RO,RO314,Giurgiu,lake,,7,6,osm:w1425532886,Lacul Lung,photo_gate,imgs_0
RO,RO314,Giurgiu,lake,,7,6,osm:w427068492,Bazin înot,photo_gate,imgs_0
RO,RO314,Giurgiu,lake,,7,6,osm:w578310079,Bazinul de înot,photo_gate,imgs_0
RO,RO314,Giurgiu,lake,,7,6,osm:w23491438,Canalul Plantelor,photo_gate,imgs_0
RO,RO314,Giurgiu,lake,,7,6,osm:w23598783,Balta Făcău,photo_gate,imgs_0
RO,RO316,Prahova,lake,,6,6,osm:w646065257,Bazinul de înot didactic Câmpina,photo_gate,imgs_3
RO,RO316,Prahova,lake,,6,6,osm:w302070787,Parcare Bazinul de Înot Câmpina,photo_gate,imgs_3
RO,RO316,Prahova,lake,,6,6,osm:w412837833,Parcare,photo_gate,imgs_0
RO,RO316,Prahova,lake,,6,6,osm:w41981620,piscină,photo_gate,imgs_0
RO,RO316,Prahova,lake,,6,6,osm:w74662863,Complexul „Vega”,photo_gate,imgs_0
RO,RO316,Prahova,lake,,6,6,osm:w1079047024,Parcare 2 Ramatuelle by MRS,photo_gate,imgs_0
PT,PT196,Beiras e Serra da Estrela,lake,,7,6,osm:w301178688,Praia Fluvial de Valhelhas,photo_gate,imgs_1
PT,PT196,Beiras e Serra da Estrela,lake,,7,6,osm:w954079010,Valhelhas Camping,photo_gate,imgs_2
PT,PT196,Beiras e Serra da Estrela,lake,,7,6,osm:r1710157,Albufeira do Caldeirão,photo_gate,imgs_3
PT,PT196,Beiras e Serra da Estrela,lake,,7,6,osm:r9648303,Albufeira de Alfaiates,photo_gate,imgs_0
PT,PT196,Beiras e Serra da Estrela,lake,,7,6,osm:w694242767,Praia Fluvial de Alfaiates,photo_gate,imgs_0
PT,PT196,Beiras e Serra da Estrela,lake,,7,6,osm:w1168253777,Praia Fluvial de Loriga,photo_gate,imgs_1
RO,RO122,Braşov,lake,,6,6,osm:w272866468,Paradisul Acvatic,photo_gate,imgs_0
RO,RO122,Braşov,lake,,6,6,osm:w218122565,Paradisul Acvatic,photo_gate,imgs_0
RO,RO122,Braşov,lake,,6,6,osm:w86379543,Ștrand Codlea,photo_gate,imgs_0
RO,RO122,Braşov,lake,,6,6,wd:Q12731902,Țigănești Lake,photo_gate,imgs_2
RO,RO122,Braşov,lake,,6,6,wd:Q111079690,Urlea Lake,photo_gate,imgs_1
RO,RO122,Braşov,lake,,6,6,osm:w27470103,Acumularea Viștea,photo_gate,imgs_0
RO,RO216,Vaslui,lake,,6,6,osm:w88371777,Lacul Cuibul Vulturilor,photo_gate,imgs_0
RO,RO216,Vaslui,lake,,6,6,osm:w88372958,Acumularea Miriești,photo_gate,imgs_0
RO,RO216,Vaslui,lake,,6,6,osm:w226744107,Lacul de acumulare Tăcuta,photo_gate,imgs_0
RO,RO216,Vaslui,lake,,6,6,osm:w32534885,Lacul Solești,photo_gate,imgs_0
RO,RO216,Vaslui,lake,,6,6,osm:w88373226,Negrești,photo_gate,imgs_0
RO,RO216,Vaslui,lake,,6,6,osm:w226744559,Rediu-Galiani,photo_gate,imgs_0
RS,RS121,Zapadnobačka oblast ,lake,,6,6,osm:w174003792,Nagyforgó,photo_gate,imgs_0
RS,RS121,Zapadnobačka oblast ,lake,,6,6,osm:w174093800,Купусински Дунавац,photo_gate,imgs_0
RS,RS121,Zapadnobačka oblast ,lake,,6,6,osm:r2324048,Барачки дунавац,photo_gate,imgs_0
RS,RS121,Zapadnobačka oblast ,lake,,6,6,osm:r9149421,Mirni Dunav,photo_gate,imgs_0
RS,RS121,Zapadnobačka oblast ,lake,,6,6,osm:w339393759,Градски базен,photo_gate,imgs_0
RS,RS121,Zapadnobačka oblast ,lake,,6,6,osm:w174093800,Купусински Дунавац,photo_gate,imgs_0
RS,RS122,Južnobanatska oblast,lake,,6,6,osm:w38757879,Главно језеро,photo_gate,imgs_0
RS,RS122,Južnobanatska oblast,lake,,6,6,osm:w163697248,Шаранско језеро,photo_gate,imgs_0
RS,RS122,Južnobanatska oblast,lake,,6,6,osm:w501601770,Kamp Bela Crkva,photo_gate,imgs_0
RS,RS122,Južnobanatska oblast,lake,,6,6,osm:w1306551601,Плажа на Шљункари,photo_gate,imgs_0
RS,RS122,Južnobanatska oblast,lake,,6,6,osm:r192695,Шљункара,photo_gate,imgs_0
RS,RS122,Južnobanatska oblast,lake,,6,6,osm:w38757680,Ново језеро,photo_gate,imgs_0
RO,RO224,Galaţi,lake,,6,6,osm:w88371024,Lacul Sovârca,photo_gate,imgs_0
RO,RO224,Galaţi,lake,,6,6,osm:w88371044,Lacul Pochina,photo_gate,imgs_0
RO,RO224,Galaţi,lake,,6,6,wd:Q12731850,Brateș Lake,photo_gate,imgs_3
RO,RO224,Galaţi,lake,,6,6,osm:w1289744004,Brateș beach,photo_gate,imgs_0
RO,RO224,Galaţi,lake,,6,6,osm:w1548719743,Delfinul,photo_gate,imgs_0
RO,RO224,Galaţi,lake,,6,6,osm:w13469576,Valurile Dunării,photo_gate,imgs_0
PT,PT1D3,Lezíria do Tejo,lake,,8,6,osm:w399127972,Praia Fluvial de Coruche,photo_gate,imgs_2
PT,PT1D3,Lezíria do Tejo,lake,,8,6,osm:r17055409,Lago do Parque,photo_gate,imgs_1
PT,PT1D3,Lezíria do Tejo,lake,,8,6,osm:w158084844,Complexo de Piscinas Municipais,photo_gate,imgs_0
PT,PT1D3,Lezíria do Tejo,lake,,8,6,osm:r19797461,Rio Tejo,photo_gate,imgs_2
PT,PT1D3,Lezíria do Tejo,lake,,8,6,osm:r4128888,Tagus River,photo_gate,imgs_0
PT,PT1D3,Lezíria do Tejo,lake,,8,6,osm:w627822203,Rio Sorraia,photo_gate,imgs_1
PT,PT200,Região Autónoma dos Açores,lake,,8,6,wd:Q1515751,Sete Cidades Massif,photo_gate,imgs_1
PT,PT200,Região Autónoma dos Açores,lake,,8,6,wd:Q1800480,Lagoa do Fogo,photo_gate,imgs_2
PT,PT200,Região Autónoma dos Açores,lake,,8,6,wd:Q1526881,Lagoa das Sete Cidades,photo_gate,imgs_2
PT,PT200,Região Autónoma dos Açores,lake,,8,6,wd:Q1800473,Lagoa do Caldeirão,photo_gate,imgs_1
PT,PT200,Região Autónoma dos Açores,lake,,8,6,wd:Q10315783,Lagoa do Caiado,photo_gate,imgs_1
PT,PT200,Região Autónoma dos Açores,lake,,8,6,wd:Q1369105,Lagoa da Fajã de Santo Cristo,photo_gate,imgs_3
RS,RS126,Srednjobanatska oblast,lake,,6,6,osm:w115278448,Пескара,photo_gate,imgs_0
RS,RS126,Srednjobanatska oblast,lake,,6,6,osm:w135743469,Чепел,photo_gate,imgs_0
RS,RS126,Srednjobanatska oblast,lake,,6,6,wd:Q2940431,Carska Bara,photo_gate,imgs_3
RS,RS126,Srednjobanatska oblast,lake,,6,6,osm:w583441760,Купалиште Пескара,photo_gate,imgs_0
RS,RS126,Srednjobanatska oblast,lake,,6,6,osm:w135743470,Мало језеро,photo_gate,imgs_0
RS,RS126,Srednjobanatska oblast,lake,,6,6,osm:w960161166,Јована Трајковића,photo_gate,imgs_0
PT,PT11E,Terras de Trás-os-Montes,lake,,8,6,osm:w47916216,Albufeira de Miranda,photo_gate,imgs_1
PT,PT11E,Terras de Trás-os-Montes,lake,,8,6,osm:w184403223,Praia do Azibo,photo_gate,imgs_2
PT,PT11E,Terras de Trás-os-Montes,lake,,8,6,osm:w184403254,Praia Fluvial da Fraga da Pegada,photo_gate,imgs_2
PT,PT11E,Terras de Trás-os-Montes,lake,,8,6,osm:w532512559,Praia Fluvial de Mirandela,photo_gate,imgs_3
PT,PT11E,Terras de Trás-os-Montes,lake,,8,6,osm:w98669182,Parque de Campismo de Vila Flor,photo_gate,imgs_2
PT,PT11E,Terras de Trás-os-Montes,lake,,8,6,osm:w98668179,Albufeira do Peneireiro,photo_gate,imgs_1
PL,PL523,Nyski,lake,,8,6,wd:Q966371,Paczkowski Lake,photo_gate,imgs_1
PL,PL523,Nyski,lake,,8,6,osm:w399860282,Camping Pietrowice Głubczyckie nr 240,photo_gate,imgs_3
PL,PL523,Nyski,lake,,8,6,osm:w690783098,Centrum Turystyki i Rekreacji „Delfin”,photo_gate,imgs_0
PL,PL523,Nyski,lake,,8,6,osm:w262382703,Delfin,photo_gate,imgs_0
PL,PL523,Nyski,lake,,8,6,osm:w230548034,Aquapark,photo_gate,imgs_0
PL,PL523,Nyski,lake,,8,6,osm:w564435123,Kryta pływalnia,photo_gate,imgs_0
PL,PL841,Białostocki,lake,,8,6,osm:w972605158,Kąpielisko,photo_gate,imgs_0
PL,PL841,Białostocki,lake,,8,6,osm:w702273974,Ośrodek Sportów Wodnych Dojlidy,photo_gate,imgs_0
PL,PL841,Białostocki,lake,,8,6,osm:w221211426,Plaża Miejska,photo_gate,imgs_0
PL,PL841,Białostocki,lake,,8,6,osm:w61819815,Czapielówka,photo_gate,imgs_1
PL,PL841,Białostocki,lake,,8,6,osm:w229586200,Zalew Sokólski,photo_gate,imgs_1
PL,PL841,Białostocki,lake,,8,6,osm:w41531785,Zalew Zajma,photo_gate,imgs_0
PL,PL712,Łódzki,lake,,7,6,osm:w38591101,Rochna,photo_gate,imgs_2
PL,PL712,Łódzki,lake,,7,6,osm:w1186919834,Plac parasoli,photo_gate,imgs_0
PL,PL712,Łódzki,lake,,7,6,osm:w27775459,Malinka,photo_gate,imgs_1
PL,PL712,Łódzki,lake,,7,6,osm:w119237093,Malinka,photo_gate,imgs_1
PL,PL712,Łódzki,lake,,7,6,osm:w501000219,Centrum Sportu i Rekreacji w Konstantynowie Łódzkim,photo_gate,imgs_2
PL,PL712,Łódzki,lake,,7,6,osm:r18089627,Lewityn,photo_gate,imgs_0
PL,PL926,Żyrardowski,lake,,6,6,osm:w698232511,Kemping nad Pilicą,photo_gate,imgs_0
PL,PL926,Żyrardowski,lake,,6,6,osm:w707597768,Parking Kąpielisko Zalew Żyrardowski,photo_gate,imgs_0
PL,PL926,Żyrardowski,lake,,6,6,osm:w439922940,Town beach,photo_gate,imgs_0
PL,PL926,Żyrardowski,lake,,6,6,osm:w1188371752,Przystań na Winiarach,photo_gate,imgs_0
PL,PL926,Żyrardowski,lake,,6,6,osm:w903713182,Zalew Żyrardowski,photo_gate,imgs_0
PL,PL926,Żyrardowski,lake,,6,6,osm:w1007311235,Biuro Turystyki Kajakowej „Spływanie”,photo_gate,imgs_0
PL,PL814,Lubelski,lake,,11,6,wd:Q6475844,Lake Firlej,photo_gate,imgs_2
PL,PL814,Lubelski,lake,,11,6,wd:Q10315636,Jezioro Piaseczno,photo_gate,imgs_3
PL,PL814,Lubelski,lake,,11,6,wd:Q1523683,Kunów Lake,photo_gate,imgs_0
PL,PL814,Lubelski,lake,,11,6,wd:Q9210680,Dratów Lake,floor_pool,score_4.4_below_5.4
GB,TLD36,Greater Manchester North West,lake,,6,6,osm:w278308669,Harrogate Street Car Park,photo_gate,imgs_2
GB,TLD36,Greater Manchester North West,lake,,6,6,osm:w782081187,Rodney Street Car Park,photo_gate,imgs_2
GB,TLD36,Greater Manchester North West,lake,,6,6,osm:w140746599,The Jason Kenny,photo_gate,imgs_1
GB,TLD36,Greater Manchester North West,lake,,6,6,osm:w782081186,Millgate,photo_gate,imgs_0
GB,TLD36,Greater Manchester North West,lake,,6,6,osm:w34962778,Red Pond,photo_gate,imgs_0
GB,TLD44,Lancaster and Wyre,lake,,6,6,osm:r11844260,Boating Lake,photo_gate,imgs_1
GB,TLD44,Lancaster and Wyre,lake,,6,6,osm:w591837180,North Promenade,floor_pool,score_5.0_below_5.4
GB,TLD44,Lancaster and Wyre,lake,,6,6,osm:w160184385,Model Boat Lake,floor_pool,score_4.9_below_5.4
GB,TLD44,Lancaster and Wyre,lake,,6,6,osm:w160316618,Sunken Car Park,photo_gate,imgs_0
GB,TLD44,Lancaster and Wyre,lake,,6,6,osm:w810208725,Stone Jetty,photo_gate,imgs_2
GB,TLD45,Mid Lancashire,lake,,6,6,osm:w99523657,St Annes YMCA Pool and Gym,photo_gate,imgs_3
GB,TLD45,Mid Lancashire,lake,,6,6,osm:r1424316,Fairhaven Lake,photo_gate,imgs_2
GB,TLD45,Mid Lancashire,lake,,6,6,osm:w43083660,St Anne's Pier,photo_gate,imgs_1
GB,TLD45,Mid Lancashire,lake,,6,6,osm:w99503072,Stanner Bank Car Park,photo_gate,imgs_0
GB,TLD45,Mid Lancashire,lake,,6,6,osm:w712995551,River Ribble,photo_gate,imgs_0
GB,TLD47,Chorley and West Lancashire,lake,,6,6,wd:Q4763409,Anglezarke Reservoir,photo_gate,imgs_1
GB,TLD47,Chorley and West Lancashire,lake,,6,6,osm:w166689142,Park Pool,photo_gate,imgs_0
GB,TLD47,Chorley and West Lancashire,lake,,6,6,osm:w166689140,Park Pool Car Park,photo_gate,imgs_0
GB,TLD47,Chorley and West Lancashire,lake,,6,6,wd:Q6776181,Martin Mere,photo_gate,imgs_1
GB,TLD47,Chorley and West Lancashire,lake,,6,6,wd:Q7336653,Yarrow Reservoir,photo_gate,imgs_1
GB,TLE32,Sheffield,lake,,6,6,osm:w1056490411,Ponds Forge Olympic Swimming Pool,photo_gate,imgs_1
GB,TLE32,Sheffield,lake,,6,6,osm:w134387727,Heeley Swimming Baths,photo_gate,imgs_0
GB,TLE32,Sheffield,lake,,6,6,osm:w72711205,Heeley Swimming Baths,photo_gate,imgs_0
GB,TLE32,Sheffield,lake,,6,6,osm:w1198517884,MEPS,photo_gate,imgs_0
GB,TLE32,Sheffield,lake,,6,6,wd:Q5210406,Dale Dike Reservoir,photo_gate,imgs_1
GB,TLE41,Bradford,lake,,6,6,osm:w141046486,The Goit,photo_gate,imgs_2
GB,TLE41,Bradford,lake,,6,6,osm:w1062124455,Lidl,photo_gate,imgs_2
GB,TLE41,Bradford,lake,,6,6,osm:w370552446,Bingley Swimming Pool,photo_gate,imgs_0
GB,TLE41,Bradford,lake,,6,6,osm:w96053595,Ilkley Swimming Pool and Lido Car Park,photo_gate,imgs_2
GB,TLE41,Bradford,lake,,6,6,osm:w4985162,Booths,photo_gate,imgs_0
GB,TLH35,West Essex,lake,,6,6,osm:w785123340,Waltham Abbey Leisure Centre,photo_gate,imgs_2
GB,TLH35,West Essex,lake,,6,6,osm:r13041038,Luxborough Lake,photo_gate,imgs_1
GB,TLH35,West Essex,lake,,6,6,osm:w1289226296,Stort Beach,photo_gate,imgs_0
GB,TLH35,West Essex,lake,,6,6,osm:w969276017,Luxborough Lakes,photo_gate,imgs_0
GB,TLH35,West Essex,lake,,6,6,osm:w84657073,Gilwell Park Scout Activity Centre,photo_gate,imgs_1
GB,TLI74,Harrow and Hillingdon,lake,,6,6,osm:r12525313,Harefield No. 2 Lake,floor_pool,score_5.1_below_5.4
GB,TLI74,Harrow and Hillingdon,lake,,6,6,osm:w517736771,Hatch End Swimming Pool,photo_gate,imgs_0
GB,TLI74,Harrow and Hillingdon,lake,,6,6,osm:r18680803,Harefield Lake,photo_gate,imgs_2
GB,TLI74,Harrow and Hillingdon,lake,,6,6,osm:r2896888,Savay Lake,photo_gate,imgs_0
GB,TLI74,Harrow and Hillingdon,lake,,6,6,osm:w3871200,Ruislip Lido,photo_gate,imgs_3
GB,TLJ13,Buckinghamshire,lake,,6,6,osm:w1318169551,Bourne End Marina,photo_gate,imgs_3
GB,TLJ13,Buckinghamshire,lake,,6,6,osm:w26451430,The Dyke,photo_gate,imgs_1
GB,TLJ13,Buckinghamshire,lake,,6,6,osm:w4575672,Aqua Vale Car Park,photo_gate,imgs_1
GB,TLJ13,Buckinghamshire,lake,,6,6,osm:w4575670,Aqua Vale Swimming & Fitness Centre,photo_gate,imgs_0
GB,TLJ13,Buckinghamshire,lake,,6,6,osm:r2919119,Dorney Lake,photo_gate,imgs_2
GB,TLJ15,Berkshire East,lake,,6,6,osm:w836101030,Swim Heron,photo_gate,imgs_0
GB,TLJ15,Berkshire East,lake,,6,6,osm:w148093844,Heron Lake,photo_gate,imgs_0
GB,TLJ15,Berkshire East,lake,,6,6,osm:w186214077,County Ditch,photo_gate,imgs_0
GB,TLJ15,Berkshire East,lake,,6,6,osm:w223261881,Bray Marina,photo_gate,imgs_3
GB,TLJ15,Berkshire East,lake,,6,6,osm:w610296655,Romney Lock,photo_gate,imgs_2
GB,TLJ46,West Kent,lake,,6,6,osm:w4188066,Longford Lake,photo_gate,imgs_2
GB,TLJ46,West Kent,lake,,6,6,osm:w223380935,Tonbridge Swimming Pool,photo_gate,imgs_2
GB,TLJ46,West Kent,lake,,6,6,osm:r3964225,East Lake,photo_gate,imgs_3
GB,TLJ46,West Kent,lake,,6,6,osm:w253309467,TMBC Visitor Car Park,photo_gate,imgs_0
GB,TLJ46,West Kent,lake,,6,6,osm:r18855883,Bough Beech Reservoir,photo_gate,imgs_3
GB,TLM13,City of Edinburgh,lake,,6,6,wd:Q7352059,Threipmuir Reservoir,floor_pool,score_4.8_below_5.4
GB,TLM13,City of Edinburgh,lake,,6,6,wd:Q1263637,Duddingston Loch,floor_pool,score_4.7_below_5.4
GB,TLM13,City of Edinburgh,lake,,6,6,wd:Q24661167,Bonaly Reservoir,photo_gate,imgs_2
GB,TLM13,City of Edinburgh,lake,,6,6,wd:Q24661168,Clubbiedean Reservoir,photo_gate,imgs_2
GB,TLM13,City of Edinburgh,lake,,6,6,wd:Q5658453,Harlaw Reservoir,floor_pool,score_4.2_below_5.4
GB,TLM13,City of Edinburgh,lake,,6,6,wd:Q4327251,Nor Loch,photo_gate,imgs_2
GB,TLM31,East Dunbartonshire and West Dunbartonshire,lake,,6,6,osm:w152142865,Bishopbriggs Leisuredrome,floor_pool,score_4.9_below_5.4
GB,TLM31,East Dunbartonshire and West Dunbartonshire,lake,,6,6,wd:Q15242585,Loch Humphrey,photo_gate,imgs_2
GB,TLM31,East Dunbartonshire and West Dunbartonshire,lake,,6,6,wd:Q572069,Antermony Loch,floor_pool,score_4.0_below_5.4
GB,TLM31,East Dunbartonshire and West Dunbartonshire,lake,,6,6,osm:r1274187,Kilmardinny Loch,photo_gate,imgs_1
GB,TLM31,East Dunbartonshire and West Dunbartonshire,lake,,6,6,wd:Q24651760,Cochno Loch,photo_gate,imgs_0
GB,TLM34,North Lanarkshire,lake,,6,6,osm:w124796707,Broadwood Loch,photo_gate,imgs_1
GB,TLM34,North Lanarkshire,lake,,6,6,wd:Q5763047,Hillend Reservoir,floor_pool,score_4.7_below_5.4
GB,TLM34,North Lanarkshire,lake,,6,6,wd:Q5516403,Gadloch,floor_pool,score_4.6_below_5.4
GB,TLM34,North Lanarkshire,lake,,6,6,osm:r338545,Strathclyde Loch,photo_gate,imgs_1
GB,TLM34,North Lanarkshire,lake,,6,6,osm:w56922801,Aquatec Motherwell,photo_gate,imgs_0
GB,TLM95,South Lanarkshire,lake,,6,6,osm:w509713370,Freds Pond (Lime Quarry),photo_gate,imgs_0
GB,TLM95,South Lanarkshire,lake,,6,6,osm:r1288901,River Clyde,photo_gate,imgs_2
GB,TLM95,South Lanarkshire,lake,,6,6,osm:w100681102,River Clyde,photo_gate,imgs_0
GB,TLM95,South Lanarkshire,lake,,6,6,wd:Q111039084,Camps Reservoir,score_gate,score_3.4_below_5.4
GB,TLM95,South Lanarkshire,lake,,6,6,osm:w1265286399,Centre West Multi-Storey (closed),photo_gate,imgs_3
MD,MD-MD-CU,Chisinau,lake,,8,6,wd:Q4103149,Valea Morilor lake,photo_gate,imgs_3
MD,MD-MD-CU,Chisinau,lake,,8,6,osm:w37954907,Plaja Ghidighici,photo_gate,imgs_0
MD,MD-MD-CU,Chisinau,lake,,8,6,osm:w1240768165,Bază de odihnă,photo_gate,imgs_0
MD,MD-MD-CU,Chisinau,lake,,8,6,osm:w664543783,Râșcani Lake,photo_gate,imgs_0
MD,MD-MD-CU,Chisinau,lake,,8,6,osm:w89610961,Plaja „La Izvor”,photo_gate,imgs_0
MD,MD-MD-CU,Chisinau,lake,,8,6,osm:r58162,Lake No. 1,photo_gate,imgs_0
MD,MD-MD-CR,Criuleni,lake,,6,6,osm:w1537196479,Baza de odihnă „Căsuța Pescarului”,photo_gate,imgs_0
MD,MD-MD-CR,Criuleni,lake,,6,6,osm:w1537196464,Baza de odihnă „La Umbra Nucului”,photo_gate,imgs_0
MD,MD-MD-CR,Criuleni,lake,,6,6,osm:w1524304190,Plaja „Onițcani”,photo_gate,imgs_0
MD,MD-MD-CR,Criuleni,lake,,6,6,osm:w1342931521,Bază de odihnă „Șapovalov”,photo_gate,imgs_0
MD,MD-MD-CR,Criuleni,lake,,6,6,osm:w118692346,Plaja Criuleni,photo_gate,imgs_0
MD,MD-MD-CR,Criuleni,lake,,6,6,osm:w1534270489,Bază de odihnă,photo_gate,imgs_0
MD,MD-MD-UN,Ungheni,lake,,6,6,osm:r11576346,Delia,photo_gate,imgs_0
MD,MD-MD-UN,Ungheni,lake,,6,6,osm:w26776725,Delia Beach,photo_gate,imgs_0
MD,MD-MD-UN,Ungheni,lake,,6,6,osm:w30097180,Iazul Odăița,photo_gate,imgs_0
MD,MD-MD-UN,Ungheni,lake,,6,6,osm:w324948385,Iazul Flutura,photo_gate,imgs_0
MD,MD-MD-UN,Ungheni,lake,,6,6,osm:w28080375,Lacul de acumulare „Zagarancea”,photo_gate,imgs_0
MD,MD-MD-UN,Ungheni,lake,,6,6,osm:w24700593,Iazul „Floreni”,photo_gate,imgs_0
MD,MD-MD-OR,Orhei,lake,,6,6,osm:w40437341,Centrul de instruire S.A. „Moldtelecom”,photo_gate,imgs_0
MD,MD-MD-OR,Orhei,lake,,6,6,osm:w913262869,Tabăra de odihnă pentru copii „Andrieș”,photo_gate,imgs_0
MD,MD-MD-OR,Orhei,lake,,6,6,osm:r10436876,Lacul Ivancea,photo_gate,imgs_0
MD,MD-MD-OR,Orhei,lake,,6,6,osm:w1289624786,Tabăra de odihnă pentru copii „Miorița”,photo_gate,imgs_0
MD,MD-MD-OR,Orhei,lake,,6,6,osm:w995418058,Tabără de odihnă pentru copii Î.C. „DumbravaCoop”,photo_gate,imgs_0
MD,MD-MD-OR,Orhei,lake,,6,6,osm:r15476816,Reut,photo_gate,imgs_0
AL,AL032,Fier,lake,,6,5,osm:w977778133,Samuel King seaside,photo_gate,imgs_0
AL,AL032,Fier,lake,,6,5,osm:w10228257,Semani,photo_gate,imgs_0
AL,AL032,Fier,lake,,6,5,osm:w534521503,Liqeni i Godullës së Veçmës,photo_gate,imgs_0
AL,AL032,Fier,lake,,6,5,wd:Q22009607,Godulla e Karavastase,photo_gate,imgs_0
AL,AL032,Fier,lake,,6,5,wd:Q22009609,Liqeni i Karavastase,photo_gate,imgs_0
AT,AT226,Westliche Obersteiermark,lake,,6,5,wd:Q1475179,Furtner Teich,photo_gate,imgs_3
AT,AT226,Westliche Obersteiermark,lake,,6,5,wd:Q21864019,Wildsee,photo_gate,imgs_2
AT,AT226,Westliche Obersteiermark,lake,,6,5,wd:Q21868931,Lavantsee,photo_gate,imgs_2
AT,AT226,Westliche Obersteiermark,lake,,6,5,wd:Q21869024,Lindersee,photo_gate,imgs_1
AT,AT226,Westliche Obersteiermark,lake,,6,5,wd:Q21874023,Etrachsee,floor_pool,score_5.0_below_5.4
AT,AT127,Wiener Umland/Südteil,lake,,6,5,osm:w85273524,Thermalbad Vöslau,photo_gate,imgs_2
AT,AT127,Wiener Umland/Südteil,lake,,6,5,osm:w138786280,Seebad Vösendorf,photo_gate,imgs_0
AT,AT127,Wiener Umland/Südteil,lake,,6,5,osm:w13504241,See Vösendorf,photo_gate,imgs_0
AT,AT127,Wiener Umland/Südteil,lake,,6,5,osm:w369127255,Erlebnisbecken,photo_gate,imgs_0
AT,AT127,Wiener Umland/Südteil,lake,,6,5,osm:w13853545,Windradlteich,photo_gate,imgs_0
AT,AT222,Liezen,lake,,10,5,wd:Q473229,Grundlsee,photo_gate,imgs_3
AT,AT222,Liezen,lake,,10,5,wd:Q434688,Altausseer See,photo_gate,imgs_2
AT,AT222,Liezen,lake,,10,5,wd:Q605796,Lake Toplitz,photo_gate,imgs_3
AT,AT222,Liezen,lake,,10,5,wd:Q14638565,Ostersee,photo_gate,imgs_1
AT,AT222,Liezen,lake,,10,5,wd:Q1468791,Putterersee,photo_gate,imgs_3
BE,BE223,Arr. Tongeren,lake,,5,5,wd:Q67604479,Ven onder de Berg,photo_gate,imgs_0
BE,BE223,Arr. Tongeren,lake,,5,5,osm:w211728251,Jocomo-Parc,photo_gate,imgs_0
BE,BE223,Arr. Tongeren,lake,,5,5,osm:w457768622,San Lanaco,photo_gate,imgs_0
BE,BE223,Arr. Tongeren,lake,,5,5,osm:w29550670,Zonnevijver,photo_gate,imgs_0
BE,BE223,Arr. Tongeren,lake,,5,5,osm:w218162858,Zwembad Prinsenpark,photo_gate,imgs_0
BE,BE233,Arr. Eeklo,lake,,5,5,osm:w45048479,Grote Geul,photo_gate,imgs_3
BE,BE233,Arr. Eeklo,lake,,5,5,osm:w45048178,Rode Geul,photo_gate,imgs_3
BE,BE233,Arr. Eeklo,lake,,5,5,osm:w45355797,Boerenkreek,photo_gate,imgs_1
BE,BE233,Arr. Eeklo,lake,,5,5,osm:w142299785,Sint-Annazwembad,photo_gate,imgs_0
BE,BE233,Arr. Eeklo,lake,,5,5,osm:w547926289,Eurohal,photo_gate,imgs_0
BG,BG314,Pleven,lake,,6,5,wd:Q113125604,Gorni Dabnik reservoir,photo_gate,imgs_0
BG,BG314,Pleven,lake,,6,5,osm:w567806205,"Плувен комплекс ""Рай""",photo_gate,imgs_0
BG,BG314,Pleven,lake,,6,5,osm:w25239126,âzovir Totlebenov Val,photo_gate,imgs_0
BG,BG314,Pleven,lake,,6,5,osm:w581835315,яз. Еница,photo_gate,imgs_0
BG,BG314,Pleven,lake,,6,5,wd:Q21778197,Телиш,photo_gate,imgs_0
BE,BE345,Arr. Virton,lake,,5,5,osm:w25789282,Lac de Conchibois,photo_gate,imgs_0
BE,BE345,Arr. Virton,lake,,5,5,osm:w837098923,Plage du lac de Conchibois,photo_gate,imgs_0
BE,BE345,Arr. Virton,lake,,5,5,osm:w1532019017,Zone de baignade de Lacuisine,photo_gate,imgs_0
BE,BE345,Arr. Virton,lake,,5,5,osm:w1532019018,Plage de Lacuisine,photo_gate,imgs_0
BE,BE345,Arr. Virton,lake,,5,5,osm:w476089686,Étang Remy,photo_gate,imgs_0
BE,BE351,Arr. Dinant,lake,,5,5,osm:w1531768777,Zone de baignade de Vresse-sur-Semois,photo_gate,imgs_2
BE,BE351,Arr. Dinant,lake,,5,5,osm:w836148992,plage de Alle,photo_gate,imgs_2
BE,BE351,Arr. Dinant,lake,,5,5,osm:w1531906880,Zone de baignade de Membre,photo_gate,imgs_1
BE,BE351,Arr. Dinant,lake,,5,5,osm:w836776258,Plage de Membre (herbe),photo_gate,imgs_1
BE,BE351,Arr. Dinant,lake,,5,5,osm:w560123981,Meuse,photo_gate,imgs_1
BG,BG331,Varna,lake,,7,5,osm:w702968330,Lotos Beach,photo_gate,imgs_2
BG,BG331,Varna,lake,,7,5,osm:w702968335,Ривиера,photo_gate,imgs_0
BG,BG331,Varna,lake,,7,5,wd:Q1070423,Lake Varna,photo_gate,imgs_1
BG,BG331,Varna,lake,,7,5,osm:w705015376,Ривиера,photo_gate,imgs_0
BG,BG331,Varna,lake,,7,5,osm:w631969000,Морска гара,photo_gate,imgs_0
BG,BG332,Dobrich,lake,,6,5,wd:Q12279229,Durankulak lake,photo_gate,imgs_2
BG,BG332,Dobrich,lake,,6,5,wd:Q12272915,Balchishka Tuzla,photo_gate,imgs_2
BG,BG332,Dobrich,lake,,6,5,wd:Q1133271,Lake Shabla,photo_gate,imgs_2
BG,BG332,Dobrich,lake,,6,5,wd:Q12287686,Наневска тузла,photo_gate,imgs_0
BG,BG332,Dobrich,lake,,6,5,osm:w154007633,ез.,photo_gate,imgs_0
BG,BG344,Stara Zagora,lake,,6,5,osm:w1362831284,Плувен басейн,photo_gate,imgs_0
BG,BG344,Stara Zagora,lake,,6,5,osm:w75849464,"Комплекс ""Арт""",photo_gate,imgs_0
BG,BG344,Stara Zagora,lake,,6,5,wd:Q20498160,Ovcharitsa Reservoir,photo_gate,imgs_2
BG,BG344,Stara Zagora,lake,,6,5,wd:Q12280267,Zagorka,photo_gate,imgs_0
BG,BG344,Stara Zagora,lake,,6,5,wd:Q20497991,Rozov Kladenets,photo_gate,imgs_1
BG,BG334,Targovishte,lake,,5,5,osm:w180852118,Рай,photo_gate,imgs_0
BG,BG334,Targovishte,lake,,5,5,osm:w177943017,ез. Борово Око,photo_gate,imgs_0
BG,BG334,Targovishte,lake,,5,5,wd:Q12299810,Yastrebino reservoir,photo_gate,imgs_2
BG,BG334,Targovishte,lake,,5,5,wd:Q12295835,Saedinenie,photo_gate,imgs_0
BG,BG334,Targovishte,lake,,5,5,wd:Q113125253,Fisek reservoir,photo_gate,imgs_0
BG,BG412,Sofia,lake,,7,5,wd:Q7353771,Topolnitsa Reservoir,photo_gate,imgs_0
BG,BG412,Sofia,lake,,7,5,wd:Q12282528,Канарско езеро,photo_gate,imgs_1
BG,BG412,Sofia,lake,,7,5,wd:Q2334710,Dushantsi Reservoir,floor_pool,score_5.3_below_5.4
BG,BG412,Sofia,lake,,7,5,wd:Q20497268,Ravnichalsko lake,photo_gate,imgs_1
BG,BG412,Sofia,lake,,7,5,wd:Q52503687,Bebresh Dam,floor_pool,score_5.0_below_5.4
BG,BG422,Haskovo,lake,,5,5,wd:Q6098603,Ivaylovgrad reservoir,photo_gate,imgs_2
BG,BG422,Haskovo,lake,,5,5,osm:w529678062,Градски плажен басейн,photo_gate,imgs_0
BG,BG422,Haskovo,lake,,5,5,osm:w1212048460,Закрит плувен басейн „Хасково“,photo_gate,imgs_0
BG,BG422,Haskovo,lake,,5,5,wd:Q12296829,Trakiets Reservoir,photo_gate,imgs_3
BG,BG422,Haskovo,lake,,5,5,wd:Q61140047,Изворово,photo_gate,imgs_0
CH,CH011,Vaud,lake,,7,5,wd:Q870058,Lac de Bret,photo_gate,imgs_3
CH,CH011,Vaud,lake,,7,5,wd:Q2741337,Lac de Sauvabelin,photo_gate,imgs_1
CH,CH011,Vaud,lake,,7,5,wd:Q970497,Lac Lioson,photo_gate,imgs_4
CH,CH011,Vaud,lake,,7,5,wd:Q3034609,Lac du Vernex,floor_pool,score_5.2_below_5.4
CH,CH011,Vaud,lake,,7,5,wd:Q5819181,Lac Coffy,photo_gate,imgs_1
DE,DE145,Alb-Donau-Kreis,lake,,5,5,osm:w10105081,Badesee Erbach,photo_gate,imgs_3
DE,DE145,Alb-Donau-Kreis,lake,,5,5,osm:w40408286,Heppenäckersee,photo_gate,imgs_0
DE,DE136,Schwarzwald-Baar-Kreis,lake,,5,5,osm:w26443749,Riedsee II,photo_gate,imgs_0
DE,DE136,Schwarzwald-Baar-Kreis,lake,,5,5,osm:r6049674,Riedsee,photo_gate,imgs_1
DE,DE132,Breisgau-Hochschwarzwald,lake,,7,5,wd:Q700097,Titisee,photo_gate,imgs_3
DE,DE132,Breisgau-Hochschwarzwald,lake,,7,5,osm:r20106482,Burkheimer Baggersee,photo_gate,imgs_2
DE,DE132,Breisgau-Hochschwarzwald,lake,,7,5,osm:w4870538,Hartheimer Baggersee,photo_gate,imgs_0
DE,DE132,Breisgau-Hochschwarzwald,lake,,7,5,osm:w4440542,Kiesgrube Grießheim,photo_gate,imgs_0
DE,DE132,Breisgau-Hochschwarzwald,lake,,7,5,osm:w144834574,Grißheimer Baggersee,photo_gate,imgs_0
DE,DEE02,"Halle (Saale), Kreisfreie Stadt",lake,,5,5,osm:r5685530,Heidesee,photo_gate,imgs_3
DE,DEE02,"Halle (Saale), Kreisfreie Stadt",lake,,5,5,wd:Q1634040,Hufeisensee,photo_gate,imgs_1
DE,DEB12,Ahrweiler,lake,,5,5,wd:Q549267,Laacher See,photo_gate,imgs_3
DE,DEB12,Ahrweiler,lake,,5,5,osm:w1393581444,Lydia-Turm,photo_gate,imgs_2
DE,DEE08,Burgenlandkreis,lake,,5,5,osm:w195427902,Mondsee,photo_gate,imgs_0
DE,DEE08,Burgenlandkreis,lake,,5,5,wd:Q139619116,lake Penkwitz,photo_gate,imgs_3
DE,DE934,Lüchow-Dannenberg,lake,,5,5,osm:r5739089,Gartower See,photo_gate,imgs_2
DE,DE934,Lüchow-Dannenberg,lake,,5,5,osm:w110533228,Campingpark Gartow,photo_gate,imgs_2
DE,DEB1B,Westerwaldkreis,lake,,6,5,osm:w9245448,Krombachstausee,photo_gate,imgs_0
DE,DEE0A,Mansfeld-Südharz,lake,,5,5,wd:Q1544606,Süßer See,photo_gate,imgs_2
DE,DEE0A,Mansfeld-Südharz,lake,,5,5,wd:Q863628,Bindersee,photo_gate,imgs_2
DE,DE93A,Uelzen,lake,,5,5,osm:w25395638,Hardausee,photo_gate,imgs_1
DE,DE93A,Uelzen,lake,,5,5,osm:w6832066,Oldenstädter See,photo_gate,imgs_1
DE,DE93B,Verden,lake,,6,5,,,,
DE,DE946,Ammerland,lake,,5,5,wd:Q59578,Zwischenahner Meer,photo_gate,imgs_3
DE,DE946,Ammerland,lake,,5,5,osm:w27378152,Karlshofer See,photo_gate,imgs_0
DE,DEA34,Borken,lake,,6,5,osm:r9547,Dreiländersee,photo_gate,imgs_1
DE,DEA35,Coesfeld,lake,,5,5,osm:w23602640,Klutensee,photo_gate,imgs_2
DE,DEA35,Coesfeld,lake,,5,5,osm:w28785999,Klutensee-Bad,photo_gate,imgs_0
DE,DE911,"Braunschweig, Kreisfreie Stadt",lake,,5,5,osm:w116808984,Freibad Kennel,photo_gate,imgs_2
DE,DE911,"Braunschweig, Kreisfreie Stadt",lake,,5,5,osm:w4463573,Spielmannsteich,photo_gate,imgs_0
DE,DED2F,Sächsische Schweiz-Osterzgebirge,lake,,5,5,osm:r7827092,Hochwasserrückhaltebecken Mordgrundbach,floor_pool,score_4.5_below_5.4
DE,DED2F,Sächsische Schweiz-Osterzgebirge,lake,,5,5,osm:w25863075,Taubenteich,photo_gate,imgs_0
DE,DED2F,Sächsische Schweiz-Osterzgebirge,lake,,5,5,osm:w625120164,Weifbergturm,floor_pool,score_4.0_below_5.4
DE,DED2F,Sächsische Schweiz-Osterzgebirge,lake,,5,5,osm:w136060823,Strandbad Seifersdorf,photo_gate,imgs_0
DE,DED2F,Sächsische Schweiz-Osterzgebirge,lake,,5,5,osm:w153270378,Campingplatz Paulsdorf,photo_gate,imgs_0
DE,DEA11,"Düsseldorf, Kreisfreie Stadt",lake,,6,5,osm:w24535784,Camping Nordstrand,photo_gate,imgs_0
DE,DEA23,"Köln, Kreisfreie Stadt",lake,,6,5,wd:Q1643593,Höhenfelder See,photo_gate,imgs_4
DE,DED44,Vogtlandkreis,lake,,6,5,osm:w66723568,Naturbad Bad Elster,photo_gate,imgs_2
DE,DED44,Vogtlandkreis,lake,,6,5,osm:w32986252,Großer Teich,photo_gate,imgs_0
DE,DED44,Vogtlandkreis,lake,,6,5,osm:r3633598,Talsperre Pirk,photo_gate,imgs_3
DE,DED45,Zwickau,lake,,5,5,osm:r2847529,Stausee Oberwald,photo_gate,imgs_1
DE,DED45,Zwickau,lake,,5,5,osm:w1259753015,Nichtschwimmerbereich,photo_gate,imgs_0
DE,DE925,Hildesheim,lake,,6,5,osm:r332013,Giftener See,photo_gate,imgs_0
DE,DEA27,Rhein-Erft-Kreis,lake,,8,5,,,,
DE,DEA5B,Soest,lake,,6,5,osm:w284191757,Strandbad Uferlos,photo_gate,imgs_2
DE,DE27C,Unterallgäu,lake,,5,5,osm:w27449504,Rothdachweiher,photo_gate,imgs_0
DE,DE27C,Unterallgäu,lake,,5,5,wd:Q41762275,Toteisloch bei Herbisried,photo_gate,imgs_2
DE,DE804,"Schwerin, Kreisfreie Stadt",lake,,5,5,wd:Q1398428,Fauler See,photo_gate,imgs_5
DE,DE804,"Schwerin, Kreisfreie Stadt",lake,,5,5,wd:Q1689557,Neumühler See,photo_gate,imgs_2
DE,DE804,"Schwerin, Kreisfreie Stadt",lake,,5,5,wd:Q778066,Burgsee,photo_gate,imgs_3
DE,DE404,"Potsdam, Kreisfreie Stadt",lake,,7,5,wd:Q883094,Templiner See,photo_gate,imgs_3
DE,DE234,Amberg-Sulzbach,lake,,5,5,osm:w31571985,Frankenalb-Camping Etzelwang,photo_gate,imgs_1
DE,DE234,Amberg-Sulzbach,lake,,5,5,osm:w1417602583,An der Hasenleite,photo_gate,imgs_0
DE,DE235,Cham,lake,,6,5,osm:w28972038,Kleiner Arbersee,floor_pool,score_4.3_below_5.4
DE,DE235,Cham,lake,,6,5,osm:w1050544104,Campingplatz Waldmünchen,photo_gate,imgs_0
DE,DE147,Bodenseekreis,lake,,8,5,wd:Q319041,Obersee,photo_gate,imgs_1
DE,DE147,Bodenseekreis,lake,,8,5,wd:Q319041,Obersee,photo_gate,imgs_1
DE,DE149,Sigmaringen,lake,,6,5,wd:Q322070,Baggersee Lutz,photo_gate,imgs_1
DE,DE211,"Ingolstadt, Kreisfreie Stadt",lake,,5,5,osm:w146982685,Baggersee,photo_gate,imgs_1
DE,DE211,"Ingolstadt, Kreisfreie Stadt",lake,,5,5,osm:r65990,Auwaldsee,photo_gate,imgs_1
DE,DE212,"München, Kreisfreie Stadt",lake,,7,5,wd:Q96464958,Feldmochinger See,photo_gate,imgs_3
DE,DE267,Haßberge,lake,,5,5,osm:r2023347,Sander Baggersee,photo_gate,imgs_3
DE,DE267,Haßberge,lake,,5,5,osm:w260805312,Horhäuser Baggersee,photo_gate,imgs_1
DE,DE21B,Freising,lake,,5,5,osm:w148389083,Isarkiessee,photo_gate,imgs_0
DE,DE21B,Freising,lake,,5,5,osm:r5324252,Moosburger Stausee,photo_gate,imgs_1
DE,DE245,"Bamberg, Landkreis",lake,,5,5,osm:w35285043,Camping Ebing,photo_gate,imgs_1
DE,DE245,"Bamberg, Landkreis",lake,,5,5,osm:w137847246,Ebinger See,photo_gate,imgs_0
DE,DE26B,"Schweinfurt, Landkreis",lake,,5,5,osm:w24722931,Grafenrheinfelder Naturbadesee,photo_gate,imgs_0
DE,DE26B,"Schweinfurt, Landkreis",lake,,5,5,osm:w24722926,Leirer See,photo_gate,imgs_0
DE,DE275,Aichach-Friedberg,lake,,5,5,wd:Q405956,Aindlinger Baggersee,photo_gate,imgs_1
DE,DE275,Aichach-Friedberg,lake,,5,5,wd:Q1456386,Friedberger Baggersee,photo_gate,imgs_2
DE,DE24C,Lichtenfels,lake,,6,5,osm:w161311485,Parken Badesee,photo_gate,imgs_0
DE,DE725,Vogelsbergkreis,lake,,5,5,osm:w151354810,Parkplatz „Pfordter See“,photo_gate,imgs_0
DE,DE725,Vogelsbergkreis,lake,,5,5,osm:w17459556,Pfordter See,photo_gate,imgs_0
DE,DE27B,Ostallgäu,lake,,9,5,osm:w26815399,Auwaldpfad,photo_gate,imgs_0
DE,DE27B,Ostallgäu,lake,,9,5,osm:w606841425,Floß,photo_gate,imgs_0
DE,DE27B,Ostallgäu,lake,,9,5,osm:w25412268,Alpseebad,photo_gate,imgs_1
DE,DE27B,Ostallgäu,lake,,9,5,osm:w25410842,Mittersee,photo_gate,imgs_2
DE,DE27B,Ostallgäu,lake,,9,5,osm:r2557494,Obersee,photo_gate,imgs_2
ES,ES411,Ávila,lake,,7,5,wd:Q6083854,Pozo de las Paredes,photo_gate,imgs_2
ES,ES411,Ávila,lake,,7,5,wd:Q2841616,Embalse del Castro de las Cogotas,photo_gate,imgs_3
ES,ES411,Ávila,lake,,7,5,wd:Q5830608,Charco del Cura Reservoir,photo_gate,imgs_2
ES,ES411,Ávila,lake,,7,5,wd:Q5830570,Embalse de Serones,photo_gate,imgs_2
ES,ES411,Ávila,lake,,7,5,wd:Q64006803,Laguna de los Caballeros,photo_gate,imgs_1
ES,ES414,Palencia,lake,,5,5,wd:Q11681437,Aguilar Reservoir,photo_gate,imgs_2
ES,ES414,Palencia,lake,,5,5,wd:Q11681439,Reservoir of Ruesga,photo_gate,imgs_2
ES,ES414,Palencia,lake,,5,5,wd:Q5969274,Laguna de la Nava,photo_gate,imgs_3
ES,ES414,Palencia,lake,,5,5,osm:w346071788,Piscina Municipal,photo_gate,imgs_0
ES,ES414,Palencia,lake,,5,5,wd:Q8775311,Reservoir of Compuerto,photo_gate,imgs_3
GR,EL653,"Lakonia, Messinia",lake,,6,5,wd:Q24910881,Gialova Lagoon,photo_gate,imgs_1
GR,EL653,"Lakonia, Messinia",lake,,6,5,osm:w404927220,Megali Ammos,photo_gate,imgs_0
GR,EL653,"Lakonia, Messinia",lake,,6,5,osm:w716719695,Mavrovouni Beach,photo_gate,imgs_0
GR,EL653,"Lakonia, Messinia",lake,,6,5,osm:w300965745,Oasi,photo_gate,imgs_0
GR,EL653,"Lakonia, Messinia",lake,,6,5,osm:w225189056,Foneas beach,photo_gate,imgs_0
ES,ES417,Soria,lake,,6,5,osm:w697594521,Piscinas Municipales de San Leonardo de Yagüe,photo_gate,imgs_3
ES,ES417,Soria,lake,,6,5,osm:w366389272,Camping Urbión,photo_gate,imgs_0
ES,ES417,Soria,lake,,6,5,osm:w514773046,Piscina Municipal,photo_gate,imgs_0
ES,ES417,Soria,lake,,6,5,wd:Q5969113,Black Lake of Urbión,photo_gate,imgs_3
ES,ES417,Soria,lake,,6,5,wd:Q5969201,laguna de Judes,photo_gate,imgs_2
ES,ES213,Bizkaia,lake,,6,5,wd:Q128441844,Barbadungo Itsasadarra / Ría del Barbadun,photo_gate,imgs_2
ES,ES213,Bizkaia,lake,,6,5,osm:w1184032970,Plentzia beach,photo_gate,imgs_3
ES,ES213,Bizkaia,lake,,6,5,osm:w18892941,Ereaga,photo_gate,imgs_3
ES,ES213,Bizkaia,lake,,6,5,osm:w1302832452,Laidatxu,photo_gate,imgs_1
ES,ES213,Bizkaia,lake,,6,5,osm:w30088787,Laidatxu,photo_gate,imgs_1
ES,ES418,Valladolid,lake,,5,5,wd:Q5830471,Embalse de Encinas de Esgueva,photo_gate,imgs_1
ES,ES418,Valladolid,lake,,5,5,osm:w537440533,Piscina Municipal de Portillo,photo_gate,imgs_3
ES,ES418,Valladolid,lake,,5,5,wd:Q2880183,Lagoon of Laguna de Duero,photo_gate,imgs_2
ES,ES418,Valladolid,lake,,5,5,osm:w61755548,Playa de las Moreras,photo_gate,imgs_1
ES,ES418,Valladolid,lake,,5,5,osm:w325984327,Aparcamiento de Emergencia Vialidad Invernal Tordesillas,photo_gate,imgs_0
ES,ES230,La Rioja,lake,,6,5,osm:w1274520422,Playa del ebro,photo_gate,imgs_2
ES,ES230,La Rioja,lake,,6,5,osm:w598402658,Parque La Playa,photo_gate,imgs_1
ES,ES230,La Rioja,lake,,6,5,osm:w869714152,Camping La Playa,photo_gate,imgs_1
ES,ES230,La Rioja,lake,,6,5,osm:w40960702,Aparcamiento de Las Norias,photo_gate,imgs_0
ES,ES230,La Rioja,lake,,6,5,osm:w96105697,Río Tirón,photo_gate,imgs_2
GR,EL631,Aitoloakarnania,lake,,8,5,wd:Q1553955,Lake Lysimachia,photo_gate,imgs_3
GR,EL631,Aitoloakarnania,lake,,8,5,wd:Q2987510,Ozeros,photo_gate,imgs_4
GR,EL631,Aitoloakarnania,lake,,8,5,wd:Q1365911,Kastraki lake,photo_gate,imgs_2
GR,EL631,Aitoloakarnania,lake,,8,5,wd:Q15057313,Voulkaria,photo_gate,imgs_3
GR,EL631,Aitoloakarnania,lake,,8,5,wd:Q1479231,Stratos lake,photo_gate,imgs_2
GR,EL527,Chalkidiki,lake,,5,5,wd:Q117352522,"Mavrobara, Polychrono",photo_gate,imgs_1
GR,EL527,Chalkidiki,lake,,5,5,osm:w623153166,Blue Dream,photo_gate,imgs_0
GR,EL527,Chalkidiki,lake,,5,5,osm:w79447222,Bousoulas,photo_gate,imgs_0
GR,EL527,Chalkidiki,lake,,5,5,osm:w185501495,Portes Beach,photo_gate,imgs_1
GR,EL527,Chalkidiki,lake,,5,5,osm:w166071778,Livari Beach,photo_gate,imgs_0
DE,DEF05,Dithmarschen,lake,,5,5,wd:Q1791011,Kudensee,photo_gate,imgs_2
DK,DK011,Byen København,lake,,8,5,osm:r2365410,Sydhavnen,photo_gate,imgs_2
DK,DK011,Byen København,lake,,8,5,osm:r174,Stadsgraven,photo_gate,imgs_3
DK,DK011,Byen København,lake,,8,5,wd:Q116195107,Fælledsøen,photo_gate,imgs_2
DK,DK011,Byen København,lake,,8,5,wd:Q31928189,Sankt Jørgens Sø,photo_gate,imgs_2
DK,DK011,Byen København,lake,,8,5,wd:Q12307086,Damhus Lake,photo_gate,imgs_3
DK,DK012,Københavns omegn,lake,,6,5,wd:Q116193033,Fuglesangssøen,photo_gate,imgs_1
DK,DK012,Københavns omegn,lake,,6,5,osm:w549190776,Hvidovre Havn,photo_gate,imgs_0
DK,DK012,Københavns omegn,lake,,6,5,osm:w629829821,Hvidovre strand,photo_gate,imgs_0
DK,DK012,Københavns omegn,lake,,6,5,osm:r11154660,Fortgraven,photo_gate,imgs_0
DK,DK012,Københavns omegn,lake,,6,5,wd:Q41476757,Kildesø,photo_gate,imgs_2
DE,DEF09,Pinneberg,lake,,5,5,wd:Q1790251,Krupunder See,photo_gate,imgs_2
DE,DEF09,Pinneberg,lake,,5,5,osm:w572721249,Nordstrand,photo_gate,imgs_0
DE,DEF0F,Stormarn,lake,,7,5,,,,
DE,DEG07,Nordhausen,lake,,5,5,osm:w138125042,Bielener Kiesgewässer,photo_gate,imgs_0
DE,DEG07,Nordhausen,lake,,5,5,osm:w24660535,Bielener See,photo_gate,imgs_0
DE,DEG0D,Sömmerda,lake,,5,5,osm:w89689967,Königsecke,photo_gate,imgs_0
DE,DEG0D,Sömmerda,lake,,5,5,osm:w970453694,ThürKies,photo_gate,imgs_0
FR,FRC24,Territoire de Belfort,lake,,7,5,wd:Q3215723,Lac de Malsaucy,photo_gate,imgs_3
FR,FRC24,Territoire de Belfort,lake,,7,5,osm:w442736828,Les Étangs des Ayeux,photo_gate,imgs_0
FR,FRC24,Territoire de Belfort,lake,,7,5,osm:w162596730,Étang Gros Jacques,photo_gate,imgs_0
FR,FRC24,Territoire de Belfort,lake,,7,5,osm:w162596742,Étang Gros Jacques,photo_gate,imgs_0
FR,FRC24,Territoire de Belfort,lake,,7,5,osm:w444876512,Étang Ludwig,photo_gate,imgs_0
FR,FR108,Val-d’Oise,lake,,6,5,osm:w1080775155,Bassin sec n°1,photo_gate,imgs_0
FR,FR108,Val-d’Oise,lake,,6,5,osm:w1080775158,Bassin sec n°1,photo_gate,imgs_0
FR,FR108,Val-d’Oise,lake,,6,5,osm:w807163826,Bassin sec n°2,photo_gate,imgs_0
FR,FR108,Val-d’Oise,lake,,6,5,osm:w24414447,L’Oise,photo_gate,imgs_3
FR,FR108,Val-d’Oise,lake,,6,5,wd:Q3215334,Lac d'Enghien,floor_pool,score_4.9_below_5.4
ES,ES614,Granada,lake,,8,5,wd:Q579709,Los Bermejales Reservoir,photo_gate,imgs_3
ES,ES614,Granada,lake,,8,5,osm:w1127824710,Playa de La Charca,photo_gate,imgs_1
ES,ES614,Granada,lake,,8,5,wd:Q3374703,Béznar Reservoir,photo_gate,imgs_3
ES,ES614,Granada,lake,,8,5,wd:Q5369455,Rules reservoir,photo_gate,imgs_3
ES,ES614,Granada,lake,,8,5,wd:Q5369442,Francisco Abellán Reservoir,photo_gate,imgs_2
ES,ES511,Barcelona,lake,,10,5,wd:Q11940034,Santa Fe Reservoir,photo_gate,imgs_3
ES,ES511,Barcelona,lake,,10,5,wd:Q11940035,Pantà de Vallfornès,photo_gate,imgs_2
ES,ES511,Barcelona,lake,,10,5,wd:Q11697617,Pantà de Foix,floor_pool,score_5.3_below_5.4
ES,ES511,Barcelona,lake,,10,5,wd:Q11940024,Pantà de Can Borrell,floor_pool,score_5.2_below_5.4
ES,ES511,Barcelona,lake,,10,5,wd:Q18007992,Pantà de Serrateix,photo_gate,imgs_1
ES,ES514,Tarragona,lake,,7,5,wd:Q2050030,Ribarroja Reservoir,photo_gate,imgs_1
ES,ES514,Tarragona,lake,,7,5,osm:w42719990,Aquopolis,photo_gate,imgs_1
ES,ES514,Tarragona,lake,,7,5,wd:Q19368054,La Platjola,photo_gate,imgs_0
ES,ES514,Tarragona,lake,,7,5,osm:w1204408724,Zona VIP Waikiki,photo_gate,imgs_0
ES,ES514,Tarragona,lake,,7,5,wd:Q11940028,Reservoir of Flix,floor_pool,score_5.0_below_5.4
FR,FRK13,Haute-Loire,lake,,6,5,osm:w390215648,La Chanterelle,photo_gate,imgs_0
FR,FRK13,Haute-Loire,lake,,6,5,osm:w126098471,Plan d'Eau de La Tour,photo_gate,imgs_0
FR,FRK13,Haute-Loire,lake,,6,5,osm:w39696119,Barrage de Lavalette,photo_gate,imgs_0
FR,FRK13,Haute-Loire,lake,,6,5,osm:w611625833,Parking handicapés,photo_gate,imgs_0
FR,FRK13,Haute-Loire,lake,,6,5,osm:w237382051,Camping des Gorges de l'Allier,photo_gate,imgs_0
HR,HR037,Dubrovačko-neretvanska županija,lake,,8,5,osm:w38589506,Kuti,photo_gate,imgs_1
HR,HR037,Dubrovačko-neretvanska županija,lake,,8,5,wd:Q12644525,Veliko jezero (Mljet),photo_gate,imgs_3
HR,HR037,Dubrovačko-neretvanska županija,lake,,8,5,wd:Q1623907,Salt mine in Ston,photo_gate,imgs_3
HR,HR037,Dubrovačko-neretvanska županija,lake,,8,5,wd:Q865428,Birina,photo_gate,imgs_1
HR,HR037,Dubrovačko-neretvanska županija,lake,,8,5,osm:w199784177,Gradska plaža Banje,photo_gate,imgs_2
HR,HR061,Međimurska županija,lake,,5,5,osm:w217566785,"Gradski bazeni ""Marija Ružić"" Čakovec",photo_gate,imgs_1
HR,HR061,Međimurska županija,lake,,5,5,osm:w949284690,Vanjski bazeni,photo_gate,imgs_0
HR,HR061,Međimurska županija,lake,,5,5,osm:w111872897,Stara Mura,photo_gate,imgs_2
HR,HR061,Međimurska županija,lake,,5,5,osm:w113682743,Poleve,photo_gate,imgs_1
HR,HR061,Međimurska županija,lake,,5,5,osm:w111873715,Mali Balaton,photo_gate,imgs_0
HR,HR062,Varaždinska županija,lake,,5,5,wd:Q4103545,Lake Varaždin,photo_gate,imgs_1
HR,HR062,Varaždinska županija,lake,,5,5,wd:Q124364510,Motičnjak,photo_gate,imgs_1
HR,HR062,Varaždinska županija,lake,,5,5,wd:Q820542,Lake Dubrava,photo_gate,imgs_2
HR,HR062,Varaždinska županija,lake,,5,5,osm:w383771862,Kupalište Drava,photo_gate,imgs_2
HR,HR062,Varaždinska županija,lake,,5,5,osm:w645432309,FKK Aqvacity,photo_gate,imgs_0
HR,HR063,Koprivničko-križevačka županija,lake,,6,5,wd:Q115178781,Kencel,photo_gate,imgs_3
HR,HR063,Koprivničko-križevačka županija,lake,,6,5,wd:Q136760356,Jablanje,photo_gate,imgs_3
HR,HR063,Koprivničko-križevačka županija,lake,,6,5,wd:Q131314058,Gornje Ledine,photo_gate,imgs_3
HR,HR063,Koprivničko-križevačka županija,lake,,6,5,wd:Q131323269,Ribnjak,photo_gate,imgs_4
HR,HR063,Koprivničko-križevačka županija,lake,,6,5,wd:Q115308479,Gabajeva Greda,photo_gate,imgs_2
HR,HR022,Virovitičko-podravska županija,lake,,5,5,osm:w26241044,Orahovačko jezero,photo_gate,imgs_1
HR,HR022,Virovitičko-podravska županija,lake,,5,5,osm:w147851733,Jezero Javorica,photo_gate,imgs_2
HR,HR022,Virovitičko-podravska županija,lake,,5,5,osm:w89343658,1. ribnjak,photo_gate,imgs_0
HR,HR022,Virovitičko-podravska županija,lake,,5,5,osm:w49744736,4. ribnjak,photo_gate,imgs_0
HR,HR022,Virovitičko-podravska županija,lake,,5,5,osm:w993246295,Akumulacija Slanac,photo_gate,imgs_0
IT,ITH55,Bologna,lake,,7,5,osm:w27045405,Piscina Carmen Longo,photo_gate,imgs_1
IT,ITH55,Bologna,lake,,7,5,osm:w260721297,Riva del Setta,photo_gate,imgs_0
IT,ITH55,Bologna,lake,,7,5,osm:r16214453,Fiume Reno,photo_gate,imgs_2
IT,ITH55,Bologna,lake,,7,5,wd:Q3825837,lago del Brasimone,photo_gate,imgs_4
IT,ITH55,Bologna,lake,,7,5,wd:Q3826040,Lago di Santa Maria,photo_gate,imgs_1
IT,ITI45,Frosinone,lake,,5,5,osm:w72353162,Haway Park,photo_gate,imgs_0
IT,ITI45,Frosinone,lake,,5,5,osm:w42089779,Piazza 6 Dicembre,photo_gate,imgs_0
IT,ITI45,Frosinone,lake,,5,5,osm:w182897898,Stadio del Nuoto Frosinone,photo_gate,imgs_0
IT,ITI45,Frosinone,lake,,5,5,osm:w42089781,Piazza San Tommaso d'Aquino,photo_gate,imgs_0
IT,ITI45,Frosinone,lake,,5,5,wd:Q3215397,Lago di Canterno,photo_gate,imgs_3
IT,ITI31,Pesaro e Urbino,lake,,5,5,osm:w1480376285,Bagni Re Sole,photo_gate,imgs_0
IT,ITI31,Pesaro e Urbino,lake,,5,5,osm:w1004140513,Foglia,photo_gate,imgs_0
IT,ITI31,Pesaro e Urbino,lake,,5,5,osm:w243190387,Camping Mare Luna,photo_gate,imgs_0
IT,ITI31,Pesaro e Urbino,lake,,5,5,osm:w751756672,Bagni Carlo,photo_gate,imgs_0
IT,ITI31,Pesaro e Urbino,lake,,5,5,osm:w751756671,Bagni Gabriele,photo_gate,imgs_0
IT,ITH20,Trento,lake,,13,5,,,,
IT,ITH34,Treviso,lake,,5,5,wd:Q3825736,Lago Morto,photo_gate,imgs_1
IT,ITH34,Treviso,lake,,5,5,wd:Q3825605,Lakes of Revine Lago,photo_gate,imgs_1
IT,ITH34,Treviso,lake,,5,5,osm:w157467112,Lago di Lago,photo_gate,imgs_0
IT,ITH34,Treviso,lake,,5,5,osm:w157467113,Lago di Santa Maria,photo_gate,imgs_0
IT,ITH34,Treviso,lake,,5,5,osm:w987173500,Camping al Lago di Lago,photo_gate,imgs_0
IT,ITG14,Agrigento,lake,,6,5,osm:w1178382943,Eraclea Minoa Village,photo_gate,imgs_1
IT,ITG14,Agrigento,lake,,6,5,osm:w567450674,Lido Azzurro,photo_gate,imgs_0
IT,ITG14,Agrigento,lake,,6,5,osm:w383956467,Kamemi Camping Village,photo_gate,imgs_0
IT,ITG14,Agrigento,lake,,6,5,wd:Q3825977,Lago di Magazzolo,photo_gate,imgs_1
IT,ITG14,Agrigento,lake,,6,5,wd:Q3825627,Lago Arancio,floor_pool,score_4.8_below_5.4
IT,ITG19,Siracusa,lake,,7,5,osm:w292768233,Spiaggia Isola delle Correnti,photo_gate,imgs_3
IT,ITG19,Siracusa,lake,,7,5,osm:w436168248,Porto Piccolo,photo_gate,imgs_3
IT,ITG19,Siracusa,lake,,7,5,osm:w116375783,Spiaggia di Calamosche,photo_gate,imgs_2
IT,ITG19,Siracusa,lake,,7,5,osm:w657094729,Spiaggia della Spinazza,photo_gate,imgs_0
IT,ITG19,Siracusa,lake,,7,5,osm:w262261039,Spiaggia di Lido di Noto,photo_gate,imgs_0
IT,ITC34,La Spezia,lake,,5,5,osm:w351818878,Venere Azzurra,photo_gate,imgs_2
IT,ITC34,La Spezia,lake,,5,5,osm:w351818665,Venere Azzurra,photo_gate,imgs_2
IT,ITC34,La Spezia,lake,,5,5,osm:w26651505,Beach Baia Blu,photo_gate,imgs_0
IT,ITC34,La Spezia,lake,,5,5,osm:w1078309615,La Baia Blu,photo_gate,imgs_0
IT,ITC34,La Spezia,lake,,5,5,osm:w1078309616,Baia Blu,photo_gate,imgs_0
IT,ITF61,Cosenza,lake,,8,5,osm:w220920999,Pineta di Sibari,photo_gate,imgs_0
IT,ITF61,Cosenza,lake,,8,5,osm:w662078947,International Camping Village,photo_gate,imgs_0
IT,ITF61,Cosenza,lake,,8,5,wd:Q3825620,Lago di Ariamacina,photo_gate,imgs_2
IT,ITF61,Cosenza,lake,,8,5,wd:Q3826048,Lago di Tarsia,photo_gate,imgs_2
IT,ITF61,Cosenza,lake,,8,5,wd:Q3825814,Lago Votturino,photo_gate,imgs_2
IT,ITF12,Teramo,lake,,5,5,osm:w359782106,Agricampeggio Cilli,photo_gate,imgs_0
IT,ITF12,Teramo,lake,,5,5,osm:w435766580,Agricampig Garden Beach,photo_gate,imgs_0
IT,ITF12,Teramo,lake,,5,5,osm:w204940286,Camping Salinello,photo_gate,imgs_1
IT,ITF12,Teramo,lake,,5,5,osm:w441843511,Alba Beach,photo_gate,imgs_1
IT,ITF12,Teramo,lake,,5,5,osm:w93958554,Stork Family Collection,photo_gate,imgs_0
IT,ITF32,Benevento,lake,,5,5,osm:w823979271,Piscina Acquapetra,photo_gate,imgs_0
IT,ITF32,Benevento,lake,,5,5,osm:w1135951967,Piscine Coocon,photo_gate,imgs_0
IT,ITF32,Benevento,lake,,5,5,osm:w1135951966,Parcheggio Piscine,photo_gate,imgs_0
IT,ITF32,Benevento,lake,,5,5,osm:w868360548,Parcheggio Terme Vecchie,photo_gate,imgs_0
IT,ITF32,Benevento,lake,,5,5,osm:w1084517976,Piscina Seneta,photo_gate,imgs_0
IT,ITC14,Verbano-Cusio-Ossola,lake,,8,5,osm:r1478741,Laghi del Boden,photo_gate,imgs_0
IT,ITC14,Verbano-Cusio-Ossola,lake,,8,5,osm:w531240176,Lago Superiore,photo_gate,imgs_0
IT,ITC14,Verbano-Cusio-Ossola,lake,,8,5,wd:Q1800429,Lago di Morasco,photo_gate,imgs_3
IT,ITC14,Verbano-Cusio-Ossola,lake,,8,5,wd:Q16570990,Lago di Devero,floor_pool,score_5.3_below_5.4
IT,ITC14,Verbano-Cusio-Ossola,lake,,8,5,wd:Q35722552,lago di Campliccioli,photo_gate,imgs_3
IE,IE062,Mid-East,lake,,9,5,wd:Q33285169,Lough Ouler,photo_gate,imgs_2
IE,IE062,Mid-East,lake,,9,5,osm:w60734465,Greystones Park and Ride,photo_gate,imgs_2
IE,IE062,Mid-East,lake,,9,5,wd:Q959556,Lough Sheelin,photo_gate,imgs_3
IE,IE062,Mid-East,lake,,9,5,osm:w24592907,Bray Beach,photo_gate,imgs_3
IE,IE062,Mid-East,lake,,9,5,osm:w113741204,Burnaby Car Park,photo_gate,imgs_2
IT,ITC16,Cuneo,lake,,7,5,osm:w39680583,Lago della Maddalena,photo_gate,imgs_3
IT,ITC16,Cuneo,lake,,7,5,osm:w74389741,Lago inferiore di Valscura,photo_gate,imgs_0
IT,ITC16,Cuneo,lake,,7,5,osm:w199089140,Lago della Perla,photo_gate,imgs_0
IT,ITC16,Cuneo,lake,,7,5,osm:w74175810,Lago di Sant'Anna,photo_gate,imgs_1
IT,ITC16,Cuneo,lake,,7,5,osm:r8050894,Lago del Claus,photo_gate,imgs_1
PL,PL229,Gliwicki,lake,,6,5,wd:Q2334347,Dzierżno Małe Lake,photo_gate,imgs_0
PL,PL229,Gliwicki,lake,,6,5,osm:r1742284,Dzierżno Małe,photo_gate,imgs_1
PL,PL229,Gliwicki,lake,,6,5,osm:w23785041,Jezioro Mały Zalew,photo_gate,imgs_0
PL,PL229,Gliwicki,lake,,6,5,osm:w32444233,Plaża Pławniowice,photo_gate,imgs_0
PL,PL229,Gliwicki,lake,,6,5,osm:r5563508,Czechowice,photo_gate,imgs_0
PL,PL415,Miasto Poznań,lake,,6,5,wd:Q2311941,Lake Malta,photo_gate,imgs_1
PL,PL415,Miasto Poznań,lake,,6,5,osm:w847100634,Przystań Rusałka RafaMarina,photo_gate,imgs_3
PL,PL415,Miasto Poznań,lake,,6,5,wd:Q6979920,Lake Rusałka,photo_gate,imgs_2
PL,PL415,Miasto Poznań,lake,,6,5,osm:w847096065,Rusałka swimming area,photo_gate,imgs_3
PL,PL415,Miasto Poznań,lake,,6,5,osm:w362155252,Plaża Dzika,photo_gate,imgs_0
PL,PL214,Krakowski,lake,,5,5,osm:w1030188989,Kuter Port Nieznanowice,photo_gate,imgs_0
PL,PL214,Krakowski,lake,,5,5,osm:w1521333674,Ośrodek Wypoczynkowy Kłaj Dolina Raby,photo_gate,imgs_1
PL,PL214,Krakowski,lake,,5,5,osm:w177180817,Bobrowe Rozlewisko,photo_gate,imgs_0
PL,PL214,Krakowski,lake,,5,5,osm:w42433021,Wyrobisko Gornicze,photo_gate,imgs_0
PL,PL214,Krakowski,lake,,5,5,osm:w1097634878,Kąpielisko Dolina Raby,photo_gate,imgs_0
PL,PL217,Tarnowski,lake,,6,5,osm:r7726867,Zalew Narożniki,photo_gate,imgs_0
PL,PL217,Tarnowski,lake,,6,5,osm:w165665915,Riviera Radłowska,photo_gate,imgs_0
PL,PL217,Tarnowski,lake,,6,5,osm:w1485869996,Kryta Pływalnia im. Kazimierza Missony w Brzesku,photo_gate,imgs_3
PL,PL217,Tarnowski,lake,,6,5,osm:w45663644,Dwudniaki,photo_gate,imgs_0
PL,PL217,Tarnowski,lake,,6,5,osm:w547200128,Parking parafialny,photo_gate,imgs_0
NL,NL114,Oost-Groningen,lake,,7,5,wd:Q136445175,Beertsterplas,photo_gate,imgs_2
NL,NL114,Oost-Groningen,lake,,7,5,osm:w350877977,Camping 't Plathuis,photo_gate,imgs_0
NL,NL114,Oost-Groningen,lake,,7,5,osm:r13285740,Beetser koeln,photo_gate,imgs_0
NL,NL114,Oost-Groningen,lake,,7,5,osm:w183840649,Natte Horizon,photo_gate,imgs_0
NL,NL114,Oost-Groningen,lake,,7,5,osm:r333562,Zeilplas Langebosch,photo_gate,imgs_0
NL,NL327,Het Gooi en Vechtstreek,lake,,8,5,wd:Q2292178,Naardermeer,photo_gate,imgs_2
NL,NL327,Het Gooi en Vechtstreek,lake,,8,5,wd:Q695258,Loosdrechtse plassen,photo_gate,imgs_5
NL,NL327,Het Gooi en Vechtstreek,lake,,8,5,wd:Q136955423,Vuntus,photo_gate,imgs_1
NL,NL327,Het Gooi en Vechtstreek,lake,,8,5,osm:w1161762806,Zomerkade,photo_gate,imgs_0
NL,NL327,Het Gooi en Vechtstreek,lake,,8,5,wd:Q34802175,Breukeleveense Plas,photo_gate,imgs_0
NL,NL363,Agglomeratie Leiden en Bollenstreek,lake,,8,5,wd:Q3217046,Noord Aa,photo_gate,imgs_2
NL,NL363,Agglomeratie Leiden en Bollenstreek,lake,,8,5,wd:Q97142593,Klinkenbergerplas,photo_gate,imgs_2
NL,NL363,Agglomeratie Leiden en Bollenstreek,lake,,8,5,osm:w526883028,'t Joppe,photo_gate,imgs_0
NL,NL363,Agglomeratie Leiden en Bollenstreek,lake,,8,5,osm:w1055163309,Kagerplassen 't Joppe Westoever,photo_gate,imgs_0
NL,NL363,Agglomeratie Leiden en Bollenstreek,lake,,8,5,osm:r6551706,Vadedoplas,photo_gate,imgs_0
RO,RO311,Argeş,lake,,6,5,osm:w576189765,Acumularea Budeasa,photo_gate,imgs_0
RO,RO311,Argeş,lake,,6,5,osm:w88363380,Acumularea Vâlcele,photo_gate,imgs_0
RO,RO311,Argeş,lake,,6,5,wd:Q18541230,Călțun Lake,floor_pool,score_5.1_below_5.4
RO,RO311,Argeş,lake,,6,5,wd:Q21012755,Învârtita Lake,photo_gate,imgs_2
RO,RO311,Argeş,lake,,6,5,wd:Q113291245,Lacul Turcești,photo_gate,imgs_2
RO,RO412,Gorj,lake,,5,5,osm:w219498427,Ștrandul orășenesc Rovinari,photo_gate,imgs_3
RO,RO412,Gorj,lake,,5,5,osm:w1282928455,Plaja Voinigești,photo_gate,imgs_0
RO,RO412,Gorj,lake,,5,5,osm:w229525143,Parcare,photo_gate,imgs_0
RO,RO412,Gorj,lake,,5,5,wd:Q12714019,Lake Ceauru,photo_gate,imgs_0
RO,RO412,Gorj,lake,,5,5,osm:w232643225,Lac Moi,photo_gate,imgs_0
RO,RO415,Vâlcea,lake,,5,5,osm:w289908196,Parcarea Parc,photo_gate,imgs_0
RO,RO415,Vâlcea,lake,,5,5,osm:w289908199,Pișcină de Adulți și Copiii,photo_gate,imgs_0
RO,RO415,Vâlcea,lake,,5,5,osm:w289908194,Ștrand,photo_gate,imgs_0
RO,RO415,Vâlcea,lake,,5,5,wd:Q10998051,Lacul Călcescu,photo_gate,imgs_3
RO,RO415,Vâlcea,lake,,5,5,wd:Q599713,Vidra Lake,photo_gate,imgs_2
PT,PT1B0,Península de Setúbal,lake,,8,5,osm:w450408045,Praia do Ouro,photo_gate,imgs_3
PT,PT1B0,Península de Setúbal,lake,,8,5,osm:w246545393,Lagoa de Albufeira,photo_gate,imgs_3
PT,PT1B0,Península de Setúbal,lake,,8,5,osm:w194378528,Praia do Meco (Tramagueira),photo_gate,imgs_3
PT,PT1B0,Península de Setúbal,lake,,8,5,osm:w8136034,Lagoa de Albufeira,photo_gate,imgs_3
RO,RO423,Hunedoara,lake,,5,5,wd:Q851764,Bucura Lake,photo_gate,imgs_1
RO,RO423,Hunedoara,lake,,5,5,wd:Q873977,Cinciș Lake,photo_gate,imgs_2
RO,RO423,Hunedoara,lake,,5,5,osm:w98180694,Bazinul De Înnot,photo_gate,imgs_0
RO,RO423,Hunedoara,lake,,5,5,osm:w1322679602,Parcare nr.,photo_gate,imgs_0
RO,RO423,Hunedoara,lake,,5,5,osm:w1322679603,Parcare nr.,photo_gate,imgs_0
RO,RO222,Buzău,lake,,5,5,osm:w170207028,Ștrand Paradis,photo_gate,imgs_0
RO,RO222,Buzău,lake,,5,5,wd:Q18537674,Balta Amară,photo_gate,imgs_0
RO,RO222,Buzău,lake,,5,5,wd:Q31909310,Balta Amara,photo_gate,imgs_0
RO,RO222,Buzău,lake,,5,5,wd:Q6272651,Lake Siriu,floor_pool,score_4.8_below_5.4
RO,RO222,Buzău,lake,,5,5,wd:Q7352102,Nehoiașu Hydro Power Plant,photo_gate,imgs_5
RS,RS110,City of Belgrade,lake,,7,5,wd:Q2321302,Ada Ciganlija,photo_gate,imgs_3
RS,RS110,City of Belgrade,lake,,7,5,wd:Q12758519,Savsko Lake,photo_gate,imgs_4
RS,RS110,City of Belgrade,lake,,7,5,osm:w659201374,Nudist Beach Ada Ciganlija,photo_gate,imgs_2
RS,RS110,City of Belgrade,lake,,7,5,osm:w23710165,СРЦ Ташмајдан,photo_gate,imgs_1
RS,RS110,City of Belgrade,lake,,7,5,wd:Q31181435,Језеро Дубоки Поток,photo_gate,imgs_1
PT,PT1D1,Oeste,lake,,8,5,osm:w1390562189,Praia de Santa Rita Sul,photo_gate,imgs_3
PT,PT1D1,Oeste,lake,,8,5,osm:w531989270,Praia da Foz do Arelho-Lagoa,photo_gate,imgs_3
PT,PT1D1,Oeste,lake,,8,5,osm:w1136476451,Praia do Bom Sucesso,photo_gate,imgs_2
PT,PT1D1,Oeste,lake,,8,5,osm:w25695662,Praia da Física,photo_gate,imgs_2
PT,PT1D1,Oeste,lake,,8,5,osm:w423434913,Rio Alcabrichel,photo_gate,imgs_1
RS,RS123,Južnobačka oblast,lake,,6,5,osm:r11580379,Tikvara,photo_gate,imgs_0
RS,RS123,Južnobačka oblast,lake,,6,5,osm:w287236144,Beach Tikvara,photo_gate,imgs_0
RS,RS123,Južnobačka oblast,lake,,6,5,osm:w146292947,Strand,photo_gate,imgs_3
RS,RS123,Južnobačka oblast,lake,,6,5,osm:w94937999,Штранд,photo_gate,imgs_0
RS,RS123,Južnobačka oblast,lake,,6,5,osm:w146293100,Бећарац,photo_gate,imgs_0
RO,RO211,Bacău,lake,,5,5,osm:w171613872,Bazinul Olimpic de Înot,photo_gate,imgs_1
RO,RO211,Bacău,lake,,5,5,osm:w162870579,Centrul Balnear Parc Măgura Targu Ocna;Ștrand apă sărată,photo_gate,imgs_0
RO,RO211,Bacău,lake,,5,5,osm:w162812411,Ștrandul Salinei,photo_gate,imgs_0
RO,RO211,Bacău,lake,,5,5,osm:r2326216,Lacul de acumulare Bacău I,photo_gate,imgs_3
RO,RO211,Bacău,lake,,5,5,osm:w15514158,Lacul de acumulare Bacău II,photo_gate,imgs_0
PL,PL821,Krośnieński,lake,,5,5,wd:Q1760896,Lake Solina,photo_gate,imgs_3
PL,PL821,Krośnieński,lake,,5,5,wd:Q11726590,Lake Myczkowce,photo_gate,imgs_3
PL,PL821,Krośnieński,lake,,5,5,osm:w292574187,Centrum Wypoczynkowo-Szkoleniowe Unitra,photo_gate,imgs_0
PL,PL821,Krośnieński,lake,,5,5,osm:w537467183,Blue Marine Kemping,photo_gate,imgs_0
PL,PL821,Krośnieński,lake,,5,5,osm:w1412119699,Przystań KOZŻ,photo_gate,imgs_0
PL,PL517,Wałbrzyski,lake,,8,5,osm:w144172888,Aquapark - Wodny Świat,photo_gate,imgs_0
PL,PL517,Wałbrzyski,lake,,8,5,osm:w709269565,Wodny Świat,photo_gate,imgs_0
PL,PL517,Wałbrzyski,lake,,8,5,osm:w29474910,Kamyki,photo_gate,imgs_0
PL,PL517,Wałbrzyski,lake,,8,5,osm:w933235481,Singletrack Glacensis: Za Rzeka,photo_gate,imgs_0
PL,PL517,Wałbrzyski,lake,,8,5,osm:w933774571,Singletrack Glacensis: Źródełko,photo_gate,imgs_0
PL,PL912,Warszawski wschodni,lake,,7,5,osm:w196340716,Pływalnia OSiR,photo_gate,imgs_0
PL,PL912,Warszawski wschodni,lake,,7,5,osm:r6604507,Czarne,photo_gate,imgs_1
PL,PL912,Warszawski wschodni,lake,,7,5,osm:w867533490,Kąpielisko Kąck,photo_gate,imgs_0
PL,PL912,Warszawski wschodni,lake,,7,5,osm:w871129083,Port Nieporęt,floor_pool,score_5.3_below_5.4
PL,PL912,Warszawski wschodni,lake,,7,5,osm:w254530863,Plaża miejska,photo_gate,imgs_0
PT,PT195,Beira Baixa,lake,,6,5,osm:r2643879,Albufeira de Fratel,photo_gate,imgs_0
PT,PT195,Beira Baixa,lake,,6,5,osm:w153813388,Albufeira do Malhadal,photo_gate,imgs_2
PT,PT195,Beira Baixa,lake,,6,5,osm:w158674709,Praia Fluvial do Malhadal,photo_gate,imgs_2
PT,PT195,Beira Baixa,lake,,6,5,osm:w637921784,Praia Fluvial do Açude Pinto,photo_gate,imgs_2
PT,PT195,Beira Baixa,lake,,6,5,osm:w1467852566,Praia Fluvial de Álvaro,photo_gate,imgs_2
PL,PL922,Ciechanowski,lake,,5,5,osm:w494859525,Kąpielisko Krubin,photo_gate,imgs_0
PL,PL922,Ciechanowski,lake,,5,5,osm:r1531423,Zalew Nowomiejski,photo_gate,imgs_3
PL,PL922,Ciechanowski,lake,,5,5,osm:w170662059,Plaża w Pułtusku,photo_gate,imgs_1
PL,PL922,Ciechanowski,lake,,5,5,osm:r6695708,Jeziorko Żwirownia,photo_gate,imgs_0
PL,PL922,Ciechanowski,lake,,5,5,osm:w1217525707,GrillSona,photo_gate,imgs_0
PL,PL923,Płocki,lake,,7,5,wd:Q35714678,Lucieńskie Lake,photo_gate,imgs_2
PL,PL923,Płocki,lake,,7,5,osm:r6814066,Górskie,photo_gate,imgs_2
PL,PL923,Płocki,lake,,7,5,wd:Q110832355,Jezioro Szczutowskie,photo_gate,imgs_0
PL,PL923,Płocki,lake,,7,5,osm:w238135152,Molo im. Tony Halika,photo_gate,imgs_1
PL,PL923,Płocki,lake,,7,5,wd:Q130044738,Soczewka,photo_gate,imgs_3
PL,PL424,Miasto Szczecin,lake,,5,5,osm:w42722027,Jezioro Goplany,photo_gate,imgs_2
PL,PL424,Miasto Szczecin,lake,,5,5,osm:w55962083,Jezioro Głuszec,photo_gate,imgs_1
PL,PL424,Miasto Szczecin,lake,,5,5,wd:Q1158664,Dąbie Lake,photo_gate,imgs_2
PL,PL424,Miasto Szczecin,lake,,5,5,osm:r13402992,Staw Wędkarski,photo_gate,imgs_1
PL,PL424,Miasto Szczecin,lake,,5,5,osm:w179878500,Arkonka,photo_gate,imgs_2
PL,PL714,Sieradzki,lake,,6,5,wd:Q11727063,Jeziorsko,photo_gate,imgs_3
PL,PL714,Sieradzki,lake,,6,5,osm:w168753979,plaża w Uniejowie,photo_gate,imgs_2
PL,PL714,Sieradzki,lake,,6,5,osm:w512331039,Jeziorsko,photo_gate,imgs_3
PL,PL714,Sieradzki,lake,,6,5,osm:w231661588,"Port Jachtowy ""Jeziorsko""",photo_gate,imgs_3
PL,PL714,Sieradzki,lake,,6,5,osm:w682633296,Kajakowy Klub Sportowy,photo_gate,imgs_0
PL,PL715,Skierniewicki,lake,,6,5,osm:w431068512,Aquarium,photo_gate,imgs_0
PL,PL715,Skierniewicki,lake,,6,5,osm:w863324012,Oberwanka,photo_gate,imgs_0
PL,PL715,Skierniewicki,lake,,6,5,osm:w59606187,Zalew Miejski,photo_gate,imgs_0
PL,PL715,Skierniewicki,lake,,6,5,osm:r3058572,Zalew Skierniewicki,photo_gate,imgs_0
PL,PL715,Skierniewicki,lake,,6,5,osm:w480973905,Sezonowe baseny otwarte,photo_gate,imgs_0
PT,PT11A,Área Metropolitana do Porto,lake,,8,5,osm:w691310725,Praia da Granja,photo_gate,imgs_3
PT,PT11A,Área Metropolitana do Porto,lake,,8,5,osm:w691310728,Praia Granja,photo_gate,imgs_3
PT,PT11A,Área Metropolitana do Porto,lake,,8,5,osm:w344746898,Praia de Labruge,photo_gate,imgs_3
PT,PT11A,Área Metropolitana do Porto,lake,,8,5,osm:w1095650697,Piscina Solário Atlântico,photo_gate,imgs_1
PT,PT11A,Área Metropolitana do Porto,lake,,8,5,osm:w1095650696,Balneário Marinho,photo_gate,imgs_0
PT,PT11D,Douro,lake,,7,5,osm:r3688749,Albufeira do Pocinho,photo_gate,imgs_0
PT,PT11D,Douro,lake,,7,5,osm:r20269084,Embalse de Saucelle,photo_gate,imgs_1
PT,PT11D,Douro,lake,,7,5,wd:Q43560800,Saucelle Reservoir,photo_gate,imgs_3
PT,PT11D,Douro,lake,,7,5,wd:Q140371454,Valeira Reservoir,photo_gate,imgs_3
PT,PT11D,Douro,lake,,7,5,osm:w322980174,Rede,photo_gate,imgs_3
SK,SK031,Žilinský kraj,lake,,8,5,osm:r1454833,Orava reservoir,floor_pool,score_4.8_below_5.4
SK,SK031,Žilinský kraj,lake,,8,5,osm:w197459657,Nižné Jamnícke pleso,photo_gate,imgs_1
SK,SK031,Žilinský kraj,lake,,8,5,osm:w181561902,Ťatliakovo jazero,photo_gate,imgs_1
SK,SK031,Žilinský kraj,lake,,8,5,osm:w197459658,Vyšné Jamnícke pleso,photo_gate,imgs_1
SK,SK031,Žilinský kraj,lake,,8,5,osm:w643171487,Zelené pliesko,photo_gate,imgs_1
SI,SI031,Pomurska,lake,,6,5,osm:r1704442,Mura,photo_gate,imgs_0
SI,SI031,Pomurska,lake,,6,5,osm:r11696336,Belovič,photo_gate,imgs_0
SI,SI031,Pomurska,lake,,6,5,osm:r1704442,Mura,photo_gate,imgs_0
SI,SI031,Pomurska,lake,,6,5,osm:w58897989,Kamenšnica Babinci,photo_gate,imgs_0
SI,SI031,Pomurska,lake,,6,5,osm:w172396337,Soboška Kamenščica,photo_gate,imgs_0
GB,TLC43,Tyneside,lake,,5,5,osm:w156399395,Dukes Walk Car Park,photo_gate,imgs_1
GB,TLC43,Tyneside,lake,,5,5,osm:w80208346,Waves,photo_gate,imgs_1
GB,TLC43,Tyneside,lake,,5,5,osm:w126797704,Harbour Drive South Car Park,floor_pool,score_5.2_below_5.4
GB,TLC43,Tyneside,lake,,5,5,osm:w185322555,Herd Sand,photo_gate,imgs_1
GB,TLC43,Tyneside,lake,,5,5,osm:w226982936,Pier Parade,photo_gate,imgs_1
GB,TLD41,Blackburn with Darwen,lake,,5,5,osm:w27880398,Jumbles Reservoir,floor_pool,score_4.1_below_5.4
GB,TLD41,Blackburn with Darwen,lake,,5,5,osm:w4623023,Turton & Entwistle Reservoir,photo_gate,imgs_4
GB,TLD41,Blackburn with Darwen,lake,,5,5,osm:w4623024,Wayoh Reservoir,photo_gate,imgs_3
GB,TLD41,Blackburn with Darwen,lake,,5,5,osm:r7427072,Belmont Reservoir,score_gate,score_3.7_below_5.4
GB,TLD41,Blackburn with Darwen,lake,,5,5,osm:w4617889,Dingle Reservoir,photo_gate,imgs_1
GB,TLE33,Barnsley,lake,,5,5,osm:w173545229,Metrodome Leisure Centre,floor_pool,score_5.1_below_5.4
GB,TLE33,Barnsley,lake,,5,5,osm:w173545358,Metrodome Parking,photo_gate,imgs_0
GB,TLE33,Barnsley,lake,,5,5,osm:w173545357,Metrodome Parking,photo_gate,imgs_0
GB,TLE33,Barnsley,lake,,5,5,osm:w4020819,Scout Dike Reservoir,photo_gate,imgs_3
GB,TLE33,Barnsley,lake,,5,5,osm:w4020820,Ingbirchworth Reservoir,photo_gate,imgs_1
GB,TLE34,Rotherham,lake,,5,5,osm:w684871942,Aston-cum-Aughton Leisure Centre,photo_gate,imgs_2
GB,TLE34,Rotherham,lake,,5,5,osm:r2572455,Manvers Lake,photo_gate,imgs_2
GB,TLE34,Rotherham,lake,,5,5,osm:w155708875,Harthill Reservoir,photo_gate,imgs_2
GB,TLE34,Rotherham,lake,,5,5,osm:r6173418,Rother Valley Lake,floor_pool,score_4.0_below_5.4
GB,TLE34,Rotherham,lake,,5,5,osm:w23083519,Ulley Reservoir,score_gate,score_3.8_below_5.4
GB,TLE35,Doncaster,lake,,5,5,osm:w4300109,Lakeside,photo_gate,imgs_3
GB,TLE35,Doncaster,lake,,5,5,osm:w941076968,Panda Lake,photo_gate,imgs_0
GB,TLE35,Doncaster,lake,,5,5,osm:w1170517330,Sea Lions,photo_gate,imgs_0
GB,TLE35,Doncaster,lake,,5,5,osm:w32428215,Doncaster Dome Car Park,photo_gate,imgs_3
GB,TLE35,Doncaster,lake,,5,5,osm:w60462460,Sprotbrough Flash,photo_gate,imgs_3
GB,TLG11,"Herefordshire, County of",lake,,5,5,osm:w35151636,Hereford Leisure Pool,photo_gate,imgs_0
GB,TLG11,"Herefordshire, County of",lake,,5,5,osm:w54048787,St Katherines Car Park,photo_gate,imgs_0
GB,TLG11,"Herefordshire, County of",lake,,5,5,osm:w152565829,Short Stay,photo_gate,imgs_0
GB,TLG11,"Herefordshire, County of",lake,,5,5,osm:w125510002,Lucksall Caravan and Camping Park,photo_gate,imgs_1
GB,TLG11,"Herefordshire, County of",lake,,5,5,osm:w390249314,Poston Mill C.& C. Park,photo_gate,imgs_3
GB,TLH24,Bedford,lake,,5,5,osm:r9621,Priory Lake,photo_gate,imgs_1
GB,TLH24,Bedford,lake,,5,5,osm:w144565625,Priory Marina,photo_gate,imgs_1
GB,TLH24,Bedford,lake,,5,5,osm:w114020788,River Great Ouse,photo_gate,imgs_3
GB,TLH24,Bedford,lake,,5,5,osm:r1647951,Grebe Lake,photo_gate,imgs_1
GB,TLH24,Bedford,lake,,5,5,osm:w207009348,Camp Site B,photo_gate,imgs_0
GB,TLH25,Central Bedfordshire,lake,,5,5,osm:w398764678,The Beach,photo_gate,imgs_0
GB,TLH25,Central Bedfordshire,lake,,5,5,osm:w1293383608,Subtropical Swimming Paradise,photo_gate,imgs_1
GB,TLH25,Central Bedfordshire,lake,,5,5,osm:w270291679,Eversholt Village Pond,photo_gate,imgs_1
GB,TLH25,Central Bedfordshire,lake,,5,5,osm:w1427124318,Stewartby Lake,floor_pool,score_4.4_below_5.4
GB,TLH25,Central Bedfordshire,lake,,5,5,osm:w88550341,Blue Lagoon,photo_gate,imgs_3
GB,TLH37,Essex Thames Gateway,lake,,5,5,osm:w724008897,Hadleigh Plungers OWS,photo_gate,imgs_1
GB,TLH37,Essex Thames Gateway,lake,,5,5,osm:w480092352,Billericay Swimming Pool,photo_gate,imgs_0
GB,TLH37,Essex Thames Gateway,lake,,5,5,osm:w828780137,Pump Track,photo_gate,imgs_0
GB,TLH37,Essex Thames Gateway,lake,,5,5,osm:w106522753,Thorney Bay Beach,photo_gate,imgs_0
GB,TLH37,Essex Thames Gateway,lake,,5,5,osm:w89814912,Station Car Park,photo_gate,imgs_0
GB,TLH41,Peterborough,lake,,5,5,osm:w26636936,Gunwade Lake,photo_gate,imgs_1
GB,TLH41,Peterborough,lake,,5,5,osm:w1317357819,Disabled,photo_gate,imgs_0
GB,TLH41,Peterborough,lake,,5,5,osm:w1317357822,Minibuses only,photo_gate,imgs_0
GB,TLH41,Peterborough,lake,,5,5,osm:w119440595,Osier Lake,photo_gate,imgs_0
GB,TLH41,Peterborough,lake,,5,5,osm:w138103482,Teardrop Lake,photo_gate,imgs_0
GB,TLJ12,Milton Keynes,lake,,5,5,osm:w236418974,Wolverton Swimming and Fitness Centre,photo_gate,imgs_1
GB,TLJ12,Milton Keynes,lake,,5,5,osm:w378332480,Settlement Lagoon,photo_gate,imgs_0
GB,TLJ12,Milton Keynes,lake,,5,5,wd:Q24673862,Willen Lake,photo_gate,imgs_3
GB,TLJ12,Milton Keynes,lake,,5,5,osm:w34476981,Walton Lake,photo_gate,imgs_2
GB,TLJ12,Milton Keynes,lake,,5,5,wd:Q11963001,Caldecotte Lake,photo_gate,imgs_1
GB,TLJ16,Berkshire West,lake,,6,5,osm:w28963401,Hills Meadow Car Park,photo_gate,imgs_1
GB,TLJ16,Berkshire West,lake,,6,5,osm:w149747314,Thames Lido,photo_gate,imgs_0
GB,TLJ16,Berkshire West,lake,,6,5,osm:r7115534,Thatcham Lake,photo_gate,imgs_2
GB,TLJ16,Berkshire West,lake,,6,5,osm:w955235335,Hambleden Lock,photo_gate,imgs_2
GB,TLJ26,East Surrey,lake,,5,5,osm:r9721759,Park Pit,photo_gate,imgs_0
GB,TLJ26,East Surrey,lake,,5,5,osm:r4027660,Mercer's Lake,photo_gate,imgs_3
GB,TLJ26,East Surrey,lake,,5,5,osm:w510512257,Edenbridge and Oxted Show - HorseBox Park,photo_gate,imgs_0
GB,TLJ26,East Surrey,lake,,5,5,osm:w273858624,Frylands Wood Scout Outdoor Centre,photo_gate,imgs_0
GB,TLJ26,East Surrey,lake,,5,5,osm:w400839923,Ranmore Common Campsite,photo_gate,imgs_3
GB,TLJ28,West Sussex (North East),lake,,5,5,wd:Q4788072,Ardingly Reservoir,photo_gate,imgs_1
GB,TLJ28,West Sussex (North East),lake,,5,5,osm:w529654664,Saint Francis Swimming Pool,photo_gate,imgs_3
GB,TLJ28,West Sussex (North East),lake,,5,5,osm:w123177797,Quiet Garden Pond West,photo_gate,imgs_1
GB,TLJ28,West Sussex (North East),lake,,5,5,osm:w123177798,Quiet Garden Pond East,photo_gate,imgs_0
GB,TLJ28,West Sussex (North East),lake,,5,5,osm:w544485724,APH Airport Parking,photo_gate,imgs_0
GB,TLK61,North Somerset,lake,,6,5,osm:w807597843,Portishead Open Air Pool,photo_gate,imgs_3
GB,TLK61,North Somerset,lake,,6,5,osm:w1136151436,Portishead open air pool,photo_gate,imgs_3
GB,TLK61,North Somerset,lake,,6,5,osm:w207711405,Clevedon Beach,photo_gate,imgs_1
GB,TLL54,Monmouthshire and Newport,lake,,5,5,osm:w167642294,Monmouth Leisure Centre,photo_gate,imgs_2
GB,TLL54,Monmouthshire and Newport,lake,,5,5,osm:w1143476409,Monmouth Canoe Centre,photo_gate,imgs_2
GB,TLL54,Monmouthshire and Newport,lake,,5,5,osm:w143095890,River Wye,photo_gate,imgs_0
GB,TLL54,Monmouthshire and Newport,lake,,5,5,osm:w26339096,Waitrose Car Park,photo_gate,imgs_0
GB,TLL54,Monmouthshire and Newport,lake,,5,5,osm:w762986320,River Monnow,photo_gate,imgs_1
GB,TLM14,West Lothian,lake,,5,5,wd:Q6554472,Linlithgow Loch,floor_pool,score_4.9_below_5.4
GB,TLM14,West Lothian,lake,,5,5,wd:Q5663476,Harperrig Reservoir,photo_gate,imgs_1
GB,TLM14,West Lothian,lake,,5,5,wd:Q5138796,Cobbinshaw Reservoir,photo_gate,imgs_1
GB,TLM14,West Lothian,lake,,5,5,osm:w1090221962,Beecraigs Country Park,photo_gate,imgs_1
GB,TLM14,West Lothian,lake,,5,5,wd:Q24661165,Crosswood Reservoir,photo_gate,imgs_2
GB,TLN0E,Lisburn and Castlereagh,lake,,5,5,wd:Q3777117,Portmore Lough,photo_gate,imgs_2
GB,TLN0E,Lisburn and Castlereagh,lake,,5,5,osm:w26302973,Knockbracken Reservoir,photo_gate,imgs_2
GB,TLN0E,Lisburn and Castlereagh,lake,,5,5,osm:w71927949,Portmore Lough,photo_gate,imgs_1
GB,TLN0E,Lisburn and Castlereagh,lake,,5,5,osm:r19010286,Hillsborough Lake,photo_gate,imgs_0
GB,TLN0E,Lisburn and Castlereagh,lake,,5,5,osm:r4490220,Broadwater,photo_gate,imgs_1
GB,TLN0F,Mid and East Antrim,lake,,5,5,wd:Q3776179,Lough Beg,photo_gate,imgs_1
GB,TLN0F,Mid and East Antrim,lake,,5,5,osm:w629904935,Portmuck Car Park,photo_gate,imgs_3
GB,TLN0F,Mid and East Antrim,lake,,5,5,osm:w370410046,Browns bay walk,photo_gate,imgs_1
GB,TLN0F,Mid and East Antrim,lake,,5,5,osm:w476694678,Wildlife Pond,photo_gate,imgs_0
GB,TLN0F,Mid and East Antrim,lake,,5,5,osm:r7614199,Mill Ponds,photo_gate,imgs_0
MD,MD-MD-GA,Gagauzia,lake,,5,5,wd:Q30247654,Tarakliyskoye Vodokhranilishche,photo_gate,imgs_0
MD,MD-MD-GA,Gagauzia,lake,,5,5,osm:w25466486,Lacul Taraclia,photo_gate,imgs_0
MD,MD-MD-GA,Gagauzia,lake,,5,5,osm:w25466497,Lacul Congaz,photo_gate,imgs_0
MD,MD-MD-GA,Gagauzia,lake,,5,5,osm:r18607420,Lacul Comrat,photo_gate,imgs_0
MD,MD-MD-GA,Gagauzia,lake,,5,5,osm:w38895519,Томайское озеро,photo_gate,imgs_0
MD,MD-MD-HI,Hincesti,lake,,5,5,osm:w40865914,Iazu Nr. 1,photo_gate,imgs_0
MD,MD-MD-HI,Hincesti,lake,,5,5,osm:w44145376,Iazul Horodca Nr. 1,photo_gate,imgs_0
MD,MD-MD-HI,Hincesti,lake,,5,5,osm:w1316369485,Iazul Horodca Nr. 2,photo_gate,imgs_0
MD,MD-MD-HI,Hincesti,lake,,5,5,osm:w51398514,Iazu Nr. 3,photo_gate,imgs_0
MD,MD-MD-HI,Hincesti,lake,,5,5,osm:w45201671,Iazul Tălăiești,photo_gate,imgs_0
MD,MD-MD-AN,Anenii Noi,lake,,5,5,wd:Q12731888,Lake Salas,photo_gate,imgs_1
MD,MD-MD-AN,Anenii Noi,lake,,5,5,osm:w254428548,Iazul Larga,photo_gate,imgs_0
MD,MD-MD-AN,Anenii Noi,lake,,5,5,osm:w36393575,Iazul „Geamăna”,photo_gate,imgs_0
MD,MD-MD-AN,Anenii Noi,lake,,5,5,osm:w24700120,Iazul „Hîrbovăț”,photo_gate,imgs_0
MD,MD-MD-AN,Anenii Noi,lake,,5,5,osm:w36393518,Iazul „Ochiul Roș”,photo_gate,imgs_0
MD,MD-MD-ST,Straseni,lake,,5,5,osm:w70582396,Lacul Romănești,photo_gate,imgs_0
MD,MD-MD-ST,Straseni,lake,,5,5,osm:w183054340,Iazul Dolna,photo_gate,imgs_0
MD,MD-MD-ST,Straseni,lake,,5,5,osm:w1538974357,Baza de odină „Gotur Resort”,photo_gate,imgs_0
MD,MD-MD-ST,Straseni,lake,,5,5,osm:w1539056983,Parcul Verde Eco-Camp,photo_gate,imgs_0
MD,MD-MD-ST,Straseni,lake,,5,5,osm:w892572603,Tabără de odihnă pentru copii (abandonată),photo_gate,imgs_0
AL,AL011,Dibër,lake,,5,4,wd:Q22005345,Liqeni i Lopeve,photo_gate,imgs_2
AL,AL011,Dibër,lake,,5,4,wd:Q22007899,Liqeni i Hotit,photo_gate,imgs_1
AL,AL011,Dibër,lake,,5,4,wd:Q22005350,Liqeni i Luleve,photo_gate,imgs_0
AL,AL011,Dibër,lake,,5,4,wd:Q22005363,Liqeni i Madh,photo_gate,imgs_4
AL,AL014,Lezhë,lake,,4,4,osm:w338110168,Shëngjin Beach,photo_gate,imgs_2
AL,AL014,Lezhë,lake,,4,4,osm:w366443477,Tale Beach,photo_gate,imgs_1
AL,AL014,Lezhë,lake,,4,4,wd:Q22011725,Keneta e Kenalles,photo_gate,imgs_5
AL,AL014,Lezhë,lake,,4,4,wd:Q22009634,Liqeni i Kenalles,photo_gate,imgs_5
AL,AL015,Shkodër,lake,,6,4,wd:Q22012027,Lake Koman,photo_gate,imgs_2
AL,AL015,Shkodër,lake,,6,4,wd:Q22009743,Laguna e Vilunit,photo_gate,imgs_2
AL,AL015,Shkodër,lake,,6,4,osm:w599625297,Velipoja Beach,photo_gate,imgs_3
AL,AL015,Shkodër,lake,,6,4,osm:r186969,Liqeni i Vau i Dejës,photo_gate,imgs_2
AL,AL035,Vlorë,lake,,7,4,osm:w219957228,Drymades Beach,photo_gate,imgs_2
AL,AL035,Vlorë,lake,,7,4,wd:Q22008294,Liqeni i Pasha-limanit,photo_gate,imgs_0
AL,AL035,Vlorë,lake,,7,4,osm:w219958739,Plazhi i Palasës,photo_gate,imgs_0
AL,AL035,Vlorë,lake,,7,4,osm:w1347309879,Plazhi publik,photo_gate,imgs_0
AT,AT212,Oberkärnten,lake,,10,4,wd:Q220241,Millstätter See,photo_gate,imgs_3
AT,AT212,Oberkärnten,lake,,10,4,wd:Q1534303,Goggausee,photo_gate,imgs_2
AT,AT212,Oberkärnten,lake,,10,4,wd:Q21859028,Sandersee,photo_gate,imgs_3
AT,AT212,Oberkärnten,lake,,10,4,wd:Q1394336,Falkertsee,photo_gate,imgs_3
AT,AT321,Lungau,lake,,5,4,wd:Q21864640,Oberer Rotgüldensee,photo_gate,imgs_3
AT,AT321,Lungau,lake,,5,4,wd:Q21868335,Karwassersee,photo_gate,imgs_1
AT,AT321,Lungau,lake,,5,4,wd:Q21873866,Dürrenecksee,photo_gate,imgs_0
AT,AT321,Lungau,lake,,5,4,wd:Q1736793,Unterer Rotgüldensee,floor_pool,score_5.0_below_5.4
AT,AT333,Osttirol,lake,,5,4,wd:Q21864668,Oberseitsee,photo_gate,imgs_2
AT,AT333,Osttirol,lake,,5,4,wd:Q21873085,Alkuser See,photo_gate,imgs_2
AT,AT333,Osttirol,lake,,5,4,wd:Q21863999,Wildensee,photo_gate,imgs_1
AT,AT333,Osttirol,lake,,5,4,wd:Q15123363,Obstanser See,photo_gate,imgs_3
AT,AT313,Mühlviertel,lake,,5,4,wd:Q631713,Ausee,photo_gate,imgs_2
AT,AT313,Mühlviertel,lake,,5,4,osm:w128776322,Campingdorf Ausee,photo_gate,imgs_1
AT,AT313,Mühlviertel,lake,,5,4,osm:w128774198,Ausee,photo_gate,imgs_1
AT,AT313,Mühlviertel,lake,,5,4,osm:w131047777,Freibad Grein,photo_gate,imgs_1
BE,BE328,Arr. Tournai-Mouscron,lake,,4,4,osm:w1426241002,La Plage,photo_gate,imgs_0
BE,BE328,Arr. Tournai-Mouscron,lake,,4,4,osm:w225469472,Parking des Dauphins,photo_gate,imgs_0
BE,BE328,Arr. Tournai-Mouscron,lake,,4,4,osm:w93657899,Grand Large de Péronnes,photo_gate,imgs_0
BE,BE328,Arr. Tournai-Mouscron,lake,,4,4,osm:w94958000,Piscine 'Les Dauphins',photo_gate,imgs_0
BE,BE32A,Arr. Ath,lake,,4,4,osm:w378549052,Bain des Eléphants,photo_gate,imgs_0
BE,BE32A,Arr. Ath,lake,,4,4,osm:w40429753,Nautisport,photo_gate,imgs_0
BE,BE32A,Arr. Ath,lake,,4,4,osm:r7653964,Lac de Bernissart,photo_gate,imgs_1
BE,BE32A,Arr. Ath,lake,,4,4,osm:w8066008,Carrières de Lessines,photo_gate,imgs_3
BE,BE342,Arr. Bastogne,lake,,4,4,osm:w278831136,Lac de Cherapont,photo_gate,imgs_0
BE,BE342,Arr. Bastogne,lake,,4,4,osm:w1531768780,Zone de baignade du lac de Cherapont,photo_gate,imgs_0
BE,BE342,Arr. Bastogne,lake,,4,4,osm:w161592409,Camping du lac de Cherapont,photo_gate,imgs_0
BE,BE342,Arr. Bastogne,lake,,4,4,osm:w46243084,Lac de Cherapont,photo_gate,imgs_0
BE,BE353,Arr. Philippeville,lake,,4,4,osm:w1300451234,Lac du Ry Jaune,photo_gate,imgs_0
BE,BE353,Arr. Philippeville,lake,,4,4,osm:w94905519,Piscine de Couvin,photo_gate,imgs_2
BE,BE353,Arr. Philippeville,lake,,4,4,wd:Q2885430,Lake Ry de Rome,photo_gate,imgs_2
BE,BE353,Arr. Philippeville,lake,,4,4,osm:w232335458,Piscine de Philippeville,photo_gate,imgs_2
BE,BE343,Arr. Marche-en-Famenne,lake,,5,4,osm:w1525712440,Zone de baignade de Hotton,photo_gate,imgs_2
BE,BE343,Arr. Marche-en-Famenne,lake,,5,4,osm:w836761808,Plage de Hotton,photo_gate,imgs_2
BE,BE343,Arr. Marche-en-Famenne,lake,,5,4,osm:w1531906883,Zone de baignade de Maboge,photo_gate,imgs_0
BE,BE343,Arr. Marche-en-Famenne,lake,,5,4,osm:w1531906884,Plage de Maboge,photo_gate,imgs_0
BE,BE332,Arr. Liège,lake,,4,4,osm:w1413912945,Port de Coronmeuse,photo_gate,imgs_2
BE,BE332,Arr. Liège,lake,,4,4,osm:w127030799,Piscine de Visé,photo_gate,imgs_2
BE,BE332,Arr. Liège,lake,,4,4,osm:w24004926,Piscine Olympique de Seraing,photo_gate,imgs_0
BE,BE332,Arr. Liège,lake,,4,4,osm:w30492613,B21 - Education physique et complexe sportif,photo_gate,imgs_0
BG,BG315,Lovech,lake,,4,4,wd:Q12294182,Sopot,photo_gate,imgs_5
BG,BG315,Lovech,lake,,4,4,osm:w589669874,Минерален плаж,photo_gate,imgs_0
BG,BG315,Lovech,lake,,4,4,osm:w857623156,басейн Нира,photo_gate,imgs_0
BG,BG315,Lovech,lake,,4,4,wd:Q21781147,Krapets reservoir,photo_gate,imgs_0
BG,BG322,Gabrovo,lake,,4,4,osm:w497938600,Sky Pool & Bar,photo_gate,imgs_0
BG,BG322,Gabrovo,lake,,4,4,osm:w1053841636,Градски басейн,photo_gate,imgs_0
BG,BG322,Gabrovo,lake,,4,4,wd:Q19707872,Христо Смирненски,photo_gate,imgs_0
BG,BG322,Gabrovo,lake,,4,4,osm:w25238926,яз. Синкевица,photo_gate,imgs_0
BG,BG323,Ruse,lake,,4,4,osm:w152896118,Детски басейн,photo_gate,imgs_0
BG,BG323,Ruse,lake,,4,4,osm:w152896123,Олимпия,photo_gate,imgs_0
BG,BG323,Ruse,lake,,4,4,osm:w24282859,яз. Николово,photo_gate,imgs_0
BG,BG323,Ruse,lake,,4,4,osm:w282845413,Мъртвица Ценово 1,photo_gate,imgs_0
BG,BG343,Yambol,lake,,4,4,wd:Q12285754,Malko Sharkovo Reservoir,photo_gate,imgs_0
BG,BG343,Yambol,lake,,4,4,wd:Q113130851,Dvata chuchura reservoir,photo_gate,imgs_0
BG,BG343,Yambol,lake,,4,4,osm:w49908605,Гребен канал,photo_gate,imgs_0
BG,BG343,Yambol,lake,,4,4,osm:w49908606,Гребен канал,photo_gate,imgs_0
BG,BG424,Smolyan,lake,,4,4,wd:Q12281484,Teshel,photo_gate,imgs_2
BG,BG424,Smolyan,lake,,4,4,osm:w335734546,Persenk Thermal Waterpark,photo_gate,imgs_0
BG,BG424,Smolyan,lake,,4,4,wd:Q104806720,Tsankov Kamak Reservoir,photo_gate,imgs_3
BG,BG424,Smolyan,lake,,4,4,wd:Q12294094,Smolyan Lakes,photo_gate,imgs_3
BG,BG425,Kardzhali,lake,,4,4,wd:Q6369169,Kardzhali Reservoir,photo_gate,imgs_1
BG,BG425,Kardzhali,lake,,4,4,wd:Q21778153,Studen Kladenets reservoir,photo_gate,imgs_0
BG,BG425,Kardzhali,lake,,4,4,wd:Q12284696,Лебедови езера,photo_gate,imgs_0
BG,BG425,Kardzhali,lake,,4,4,wd:Q12273810,Borovitsa Reservoir,photo_gate,imgs_1
BG,BG414,Pernik,lake,,5,4,osm:w509179345,Плувен комплекс,photo_gate,imgs_0
BG,BG414,Pernik,lake,,5,4,osm:w531078167,Комплекс „Съни“,photo_gate,imgs_0
BG,BG414,Pernik,lake,,5,4,osm:w397682713,Минерален басейн Банкя,photo_gate,imgs_0
BG,BG414,Pernik,lake,,5,4,wd:Q113130778,Dikanya dam,photo_gate,imgs_0
CH,CH031,Basel-Stadt,lake,,4,4,osm:w1279129221,Basler Rheinschwimmen,photo_gate,imgs_1
CH,CH031,Basel-Stadt,lake,,4,4,osm:w1279129224,Basler Rheinschwimmen,photo_gate,imgs_1
CH,CH031,Basel-Stadt,lake,,4,4,osm:w748668797,Tinguely,photo_gate,imgs_2
CH,CH031,Basel-Stadt,lake,,4,4,osm:w1279129220,Basler Rheinschwimmen,photo_gate,imgs_2
CH,CH055,St. Gallen,lake,,6,4,osm:r14050428,Alter Rhein,photo_gate,imgs_2
CH,CH055,St. Gallen,lake,,6,4,wd:Q14444,Walensee,photo_gate,imgs_2
CH,CH055,St. Gallen,lake,,6,4,wd:Q18508926,Obersee,photo_gate,imgs_3
CH,CH055,St. Gallen,lake,,6,4,wd:Q5819490,Gübsensee,photo_gate,imgs_2
DE,DE118,"Heilbronn, Landkreis",lake,,4,4,osm:w26633487,Breitenauer See,photo_gate,imgs_3
DE,DE118,"Heilbronn, Landkreis",lake,,4,4,wd:Q564617,Annasee,photo_gate,imgs_1
DE,DE119,Hohenlohekreis,lake,,4,4,osm:w689476388,Campingplatz Künzelsau,photo_gate,imgs_3
DE,DE119,Hohenlohekreis,lake,,4,4,osm:w32282107,Tiroler See,photo_gate,imgs_0
DE,DE122,"Karlsruhe, Stadtkreis",lake,,4,4,osm:w309275585,Grötzinger Baggersee,photo_gate,imgs_0
DE,DE122,"Karlsruhe, Stadtkreis",lake,,4,4,osm:w296314001,Badestelle Grötzinger Baggersee,photo_gate,imgs_0
DE,DE133,Emmendingen,lake,,4,4,osm:w7976698,Badesee Teningen,photo_gate,imgs_1
DE,DE133,Emmendingen,lake,,4,4,osm:w202357663,Wyhler Baggersee,photo_gate,imgs_0
DE,DE141,Reutlingen,lake,,4,4,osm:w105197802,Höhenfreibad Zwiefalten,photo_gate,imgs_3
DE,DE141,Reutlingen,lake,,4,4,osm:w1538462190,Zeltplatz am Höhenfreibad,photo_gate,imgs_0
DE,DE138,Konstanz,lake,,6,4,wd:Q565637,Untersee,photo_gate,imgs_2
DE,DE138,Konstanz,lake,,6,4,osm:w230058034,Parkplatz Rheinuferpark,photo_gate,imgs_0
DE,DE138,Konstanz,lake,,6,4,osm:w230058036,Rheinuferpark Gailingen,photo_gate,imgs_0
DE,DE138,Konstanz,lake,,6,4,osm:w127418843,Hafen Konstanz,photo_gate,imgs_3
DE,DE139,Lörrach,lake,,4,4,osm:w100975021,Freibad Grenzach,photo_gate,imgs_0
DE,DE139,Lörrach,lake,,4,4,osm:w1132287506,Freibad am Rhein,photo_gate,imgs_0
DE,DE139,Lörrach,lake,,4,4,osm:w43975797,Schwimmbadparkplatz,photo_gate,imgs_0
DE,DE139,Lörrach,lake,,4,4,osm:w806758025,Balinea Therme,photo_gate,imgs_0
DE,DE131,"Freiburg im Breisgau, Stadtkreis",lake,,4,4,wd:Q1429604,Flückiger Lake,photo_gate,imgs_3
DE,DE131,"Freiburg im Breisgau, Stadtkreis",lake,,4,4,wd:Q675173,Arlesheimer See,photo_gate,imgs_1
DE,DEA28,Euskirchen,lake,,5,4,wd:Q2551529,Zülpicher See,photo_gate,imgs_3
DE,DEA29,Heinsberg,lake,,4,4,osm:r1587185,Effelder Waldsee,photo_gate,imgs_0
DE,DEA29,Heinsberg,lake,,4,4,osm:w113378316,Effelder Waldsee,photo_gate,imgs_0
DE,DEA29,Heinsberg,lake,,4,4,osm:r1587185,Effelder Waldsee,photo_gate,imgs_0
DE,DEA29,Heinsberg,lake,,4,4,osm:w50670922,Hallenbad Haaren,photo_gate,imgs_0
DE,DEE01,"Dessau-Roßlau, Kreisfreie Stadt",lake,,4,4,osm:r2328948,Kühnauer See,photo_gate,imgs_3
DE,DEE01,"Dessau-Roßlau, Kreisfreie Stadt",lake,,4,4,wd:Q2068408,Pelze,photo_gate,imgs_2
DE,DEA5C,Unna,lake,,4,4,osm:w23331179,Ternscher See,photo_gate,imgs_0
DE,DEA5C,Unna,lake,,4,4,osm:w4088578,Horstmarer See,photo_gate,imgs_1
DE,DE928,Schaumburg,lake,,4,4,osm:r2867955,Doktorsee,photo_gate,imgs_3
DE,DE928,Schaumburg,lake,,4,4,osm:w110730907,Am Weseranger,photo_gate,imgs_0
DE,DEB25,Trier-Saarburg,lake,,4,4,osm:w120521720,Freizeitsee Triolago,photo_gate,imgs_0
DE,DEB25,Trier-Saarburg,lake,,4,4,osm:w41861770,Camping Hochwald,photo_gate,imgs_0
DE,DEB25,Trier-Saarburg,lake,,4,4,osm:w313992974,Opa Schuler,photo_gate,imgs_0
DE,DEB34,"Ludwigshafen am Rhein, Kreisfreie Stadt",lake,,5,4,osm:w35129742,Kief'scher Weiher,photo_gate,imgs_0
DE,DEB3B,Alzey-Worms,lake,,4,4,osm:r11059897,Altrheinsee,photo_gate,imgs_2
DE,DEB3B,Alzey-Worms,lake,,4,4,wd:Q1301817,Eicher See,photo_gate,imgs_1
DE,DE939,Stade,lake,,4,4,wd:Q63109082,Ostesee,photo_gate,imgs_1
DE,DE939,Stade,lake,,4,4,wd:Q769501,Horstsee,photo_gate,imgs_3
DE,DE942,"Emden, Kreisfreie Stadt",lake,,4,4,osm:w22700114,Uphuser Meer,photo_gate,imgs_1
DE,DE942,"Emden, Kreisfreie Stadt",lake,,4,4,osm:r1783479,Emder Hafen,floor_pool,score_4.7_below_5.4
DE,DE942,"Emden, Kreisfreie Stadt",lake,,4,4,osm:r1783479,Emder Hafen,floor_pool,score_4.2_below_5.4
DE,DEA2D,Städteregion Aachen,lake,,4,4,osm:w638185024,Saunadorf Roetgen-Therme,photo_gate,imgs_1
DE,DEA2D,Städteregion Aachen,lake,,4,4,osm:w122108445,Pferdeweiher,photo_gate,imgs_0
DE,DEA2D,Städteregion Aachen,lake,,4,4,osm:w15089901,Vorbecken,photo_gate,imgs_0
DE,DEA2D,Städteregion Aachen,lake,,4,4,wd:Q883062,Blausteinsee,photo_gate,imgs_1
DE,DE948,Cloppenburg,lake,,4,4,osm:r1317389,Thülsfelder Talsperre,photo_gate,imgs_3
DE,DE948,Cloppenburg,lake,,4,4,osm:w90346466,Badesee Halen,photo_gate,imgs_0
DE,DEA33,"Münster, Kreisfreie Stadt",lake,,4,4,wd:Q303434,Aasee,photo_gate,imgs_3
DE,DEA33,"Münster, Kreisfreie Stadt",lake,,4,4,osm:r4081955,Hiltruper See,photo_gate,imgs_3
DE,DE912,"Salzgitter, Kreisfreie Stadt",lake,,4,4,wd:Q2216077,Salzgittersee,photo_gate,imgs_3
DE,DE912,"Salzgitter, Kreisfreie Stadt",lake,,4,4,wd:Q2140148,Reihersee,photo_gate,imgs_1
DE,DE913,"Wolfsburg, Kreisfreie Stadt",lake,,4,4,osm:w24950799,Badeland Wolfsburg,photo_gate,imgs_3
DE,DE913,"Wolfsburg, Kreisfreie Stadt",lake,,4,4,osm:w24976381,Allersee,photo_gate,imgs_2
DE,DE917,Helmstedt,lake,,4,4,osm:w34996205,Waldbad Birkerteich,photo_gate,imgs_0
DE,DE917,Helmstedt,lake,,4,4,osm:w27691034,Roto-Parkplatz,photo_gate,imgs_0
DE,DE918,Northeim,lake,,4,4,osm:w496911897,Badestelle Großer See,photo_gate,imgs_0
DE,DE918,Northeim,lake,,4,4,osm:r105899,Großer See,photo_gate,imgs_0
DE,DEA14,"Krefeld, Kreisfreie Stadt",lake,,4,4,wd:Q1328576,Lake Elfrath,photo_gate,imgs_2
DE,DEA14,"Krefeld, Kreisfreie Stadt",lake,,4,4,osm:w95957962,Sommerbad Neptun,photo_gate,imgs_0
DE,DE91C,Göttingen,lake,,6,4,,,,
DE,DEA56,Ennepe-Ruhr-Kreis,lake,,5,4,osm:w318611168,Naturbadestelle Glörtalsperre,photo_gate,imgs_1
DE,DE923,Hameln-Pyrmont,lake,,5,4,osm:w1112736082,Süntelbad Haddessen,photo_gate,imgs_0
DE,DEA57,Hochsauerlandkreis,lake,,5,4,osm:w11813484,Sorpestalsperre,photo_gate,imgs_0
DE,DEA58,Märkischer Kreis,lake,,4,4,osm:w142972872,Campingplatz Seeblick,photo_gate,imgs_0
DE,DEA58,Märkischer Kreis,lake,,4,4,osm:w142972866,Camping Eckmann,photo_gate,imgs_0
DE,DEA26,Düren,lake,,5,4,osm:r65512,Rur Reservoir,photo_gate,imgs_2
DE,DED51,"Leipzig, Kreisfreie Stadt",lake,,6,4,,,,
DE,DEA59,Olpe,lake,,5,4,osm:w28656301,Listertalsperre,photo_gate,imgs_2
DE,DE257,Erlangen-Höchstadt,lake,,4,4,osm:w78391996,Endsee,photo_gate,imgs_0
DE,DE257,Erlangen-Höchstadt,lake,,4,4,osm:r6573233,Ausee,photo_gate,imgs_0
DE,DE735,Schwalm-Eder-Kreis,lake,,4,4,wd:Q1970018,Stockelache,photo_gate,imgs_1
DE,DE735,Schwalm-Eder-Kreis,lake,,4,4,wd:Q893846,Borkener See,photo_gate,imgs_3
DE,DE736,Waldeck-Frankenberg,lake,,5,4,wd:Q896249,Diemelsee,photo_gate,imgs_2
DE,DE736,Waldeck-Frankenberg,lake,,5,4,wd:Q2299621,Twistesee,photo_gate,imgs_0
DE,DE229,Regen,lake,,4,4,osm:w30803457,Latschensee,photo_gate,imgs_1
DE,DE229,Regen,lake,,4,4,wd:Q896960,Großer Arbersee,photo_gate,imgs_3
DE,DE229,Regen,lake,,4,4,wd:Q1297505,Latschensee,photo_gate,imgs_3
DE,DE401,"Brandenburg an der Havel, Kreisfreie Stadt",lake,,7,4,,,,
DE,DE22A,Rottal-Inn,lake,,4,4,osm:w110562968,Altwasser,photo_gate,imgs_0
DE,DE22A,Rottal-Inn,lake,,4,4,osm:w46482547,Badesee Gstetten,photo_gate,imgs_0
DE,DE22A,Rottal-Inn,lake,,4,4,osm:w110562967,Inn-Altwasser,photo_gate,imgs_0
DE,DE22A,Rottal-Inn,lake,,4,4,osm:w24676160,Waldsee Kirchdorf,photo_gate,imgs_1
DE,DE22C,Dingolfing-Landau,lake,,4,4,osm:w25429089,Mossandlweiher,photo_gate,imgs_0
DE,DE22C,Dingolfing-Landau,lake,,4,4,osm:w77411771,Campingplatz am Mossandlweiher,photo_gate,imgs_0
DE,DE146,Biberach,lake,,5,4,osm:w60000655,Schwarzachtalseen,photo_gate,imgs_1
DE,DE40F,Prignitz,lake,,4,4,osm:w144881085,Rudower See,photo_gate,imgs_1
DE,DE40F,Prignitz,lake,,4,4,osm:w7976738,Friedensteich,photo_gate,imgs_0
DE,DE25C,Weißenburg-Gunzenhausen,lake,,5,4,wd:Q49406,Großer Brombachsee,photo_gate,imgs_3
DE,DE214,Altötting,lake,,4,4,osm:r1606853,Dreieckslacke,photo_gate,imgs_0
DE,DE214,Altötting,lake,,4,4,osm:w26289404,Mastenlacke,photo_gate,imgs_0
DE,DE214,Altötting,lake,,4,4,osm:w124832760,Georg-Miesgang-Hallenbad,photo_gate,imgs_0
DE,DE214,Altötting,lake,,4,4,wd:Q58451723,Toteiskessel Waldweiher NW von Wiesenzart,photo_gate,imgs_1
DE,DE215,Berchtesgadener Land,lake,,5,4,osm:w8090561,Funtensee,photo_gate,imgs_1
DE,DE215,Berchtesgadener Land,lake,,5,4,osm:w25148988,Seeleinsee,photo_gate,imgs_1
DE,DE215,Berchtesgadener Land,lake,,5,4,osm:w287498348,Steinbergsee,photo_gate,imgs_1
DE,DE215,Berchtesgadener Land,lake,,5,4,osm:w8090551,Grünsee,photo_gate,imgs_1
DE,DE502,"Bremerhaven, Kreisfreie Stadt",lake,,4,4,osm:w38097440,Alter Hafen,photo_gate,imgs_2
DE,DE502,"Bremerhaven, Kreisfreie Stadt",lake,,4,4,osm:w153029409,Neuer Hafen,photo_gate,imgs_2
DE,DE712,"Frankfurt am Main, Kreisfreie Stadt",lake,,4,4,osm:w4959935,Offenbacher Mainbogen,photo_gate,imgs_0
DE,DE712,"Frankfurt am Main, Kreisfreie Stadt",lake,,4,4,osm:w19595758,Campingplatz Offenbach-Bürgel,photo_gate,imgs_0
DE,DE21A,Erding,lake,,4,4,osm:w29147412,Baischweiher,photo_gate,imgs_0
DE,DE21A,Erding,lake,,4,4,osm:w15798728,Moosinninger Badeweiher,photo_gate,imgs_0
DE,DE268,Kitzingen,lake,,4,4,osm:w200655349,Camping Katzenkopf,photo_gate,imgs_0
DE,DE268,Kitzingen,lake,,4,4,osm:w34341115,Schiefer Turm,photo_gate,imgs_1
DE,DE269,Miltenberg,lake,,4,4,osm:w4453360,Silbersee,photo_gate,imgs_0
DE,DE269,Miltenberg,lake,,4,4,osm:w4453361,Niedernberger See,photo_gate,imgs_0
DE,DE21C,Fürstenfeldbruck,lake,,4,4,wd:Q58451720,Glaziogene Landschaft SE von Unteralting,photo_gate,imgs_2
DE,DE21C,Fürstenfeldbruck,lake,,4,4,wd:Q43379860,Toteisloch Wolfsgrube,photo_gate,imgs_1
DE,DE26A,Main-Spessart,lake,,4,4,osm:w28301454,Klostersee,photo_gate,imgs_0
DE,DE26A,Main-Spessart,lake,,4,4,osm:w289700031,FKK,photo_gate,imgs_0
DE,DE71E,Wetteraukreis,lake,,4,4,wd:Q1497571,Gederner See,photo_gate,imgs_1
DE,DE71E,Wetteraukreis,lake,,4,4,osm:w143101514,Hallenschwimmbad,photo_gate,imgs_0
DE,DE276,"Augsburg, Landkreis",lake,,4,4,osm:r2933401,Rothsee,photo_gate,imgs_1
DE,DE276,"Augsburg, Landkreis",lake,,4,4,osm:w254439683,Ehemalige Königstherme,photo_gate,imgs_0
DE,DE24D,Wunsiedel i. Fichtelgebirge,lake,,4,4,osm:w30765115,Breiter Teich,photo_gate,imgs_0
DE,DE24D,Wunsiedel i. Fichtelgebirge,lake,,4,4,wd:Q2232874,Pomezní rybník,photo_gate,imgs_1
DE,DE24D,Wunsiedel i. Fichtelgebirge,lake,,4,4,osm:r2243555,Langer Teich (Badeteich),photo_gate,imgs_0
DE,DE24D,Wunsiedel i. Fichtelgebirge,lake,,4,4,osm:w22722732,Weißenstädter See,photo_gate,imgs_1
DE,DE722,Lahn-Dill-Kreis,lake,,4,4,osm:r16611169,Heisterberger Weiher,photo_gate,imgs_2
DE,DE722,Lahn-Dill-Kreis,lake,,4,4,osm:w1410857897,Campingplatz an der Krombachtalsperre,photo_gate,imgs_3
DE,DE224,Deggendorf,lake,,4,4,osm:w34562406,Burgsee,photo_gate,imgs_0
DE,DE224,Deggendorf,lake,,4,4,osm:w34374687,Sattlinger Weiher,photo_gate,imgs_0
ES,ES424,Guadalajara,lake,,7,4,wd:Q5658823,Pálmaces Reservoir,photo_gate,imgs_2
ES,ES424,Guadalajara,lake,,7,4,wd:Q5830412,Beleña Reservoir,photo_gate,imgs_3
ES,ES424,Guadalajara,lake,,7,4,wd:Q5969255,Laguna de Taravilla,photo_gate,imgs_3
ES,ES424,Guadalajara,lake,,7,4,wd:Q8775322,El Vado Reservoir,floor_pool,score_5.2_below_5.4
ES,ES415,Salamanca,lake,,6,4,wd:Q43551868,Aldeadávila Reservoir,photo_gate,imgs_3
ES,ES415,Salamanca,lake,,6,4,osm:w1237121439,Campa de Riofrío,photo_gate,imgs_0
ES,ES415,Salamanca,lake,,6,4,osm:w953938220,Piscina Natural Riofrío,photo_gate,imgs_0
ES,ES415,Salamanca,lake,,6,4,osm:r1613295,Embalse de Almendra,photo_gate,imgs_2
ES,ES416,Segovia,lake,,7,4,osm:w26424922,Embalse de las Vencias,photo_gate,imgs_1
ES,ES416,Segovia,lake,,7,4,wd:Q5830615,Pontón Alto Reservoir,floor_pool,score_5.2_below_5.4
ES,ES416,Segovia,lake,,7,4,wd:Q5830550,reservoir of Puente Alta,photo_gate,imgs_3
ES,ES416,Segovia,lake,,7,4,wd:Q56840106,Vado de las Cabras Reservoir,photo_gate,imgs_2
GR,EL611,"Karditsa, Trikala",lake,,5,4,osm:w797530985,ΜΟΝΟΠΑΤΙ ΠΕΖΟΠΟΡΙΑΣ,photo_gate,imgs_0
GR,EL611,"Karditsa, Trikala",lake,,5,4,wd:Q12880042,Lake Smokovo,photo_gate,imgs_1
GR,EL611,"Karditsa, Trikala",lake,,5,4,osm:w192205492,Acheloos,photo_gate,imgs_0
GR,EL611,"Karditsa, Trikala",lake,,5,4,wd:Q133860914,Λίμνη Στεφανιάδα,photo_gate,imgs_0
GR,EL612,Larisa,lake,,4,4,osm:w429820024,Αγία Παρασκευή,photo_gate,imgs_0
GR,EL612,Larisa,lake,,4,4,osm:w170717598,Πλατιά Άμμος,photo_gate,imgs_0
GR,EL612,Larisa,lake,,4,4,osm:w170922109,Παραλία Στρίντζος,photo_gate,imgs_0
GR,EL612,Larisa,lake,,4,4,osm:w321476849,Παραλία Στομίου,photo_gate,imgs_0
ES,ES211,Araba/Álava,lake,,6,4,wd:Q20894837,Urrunaga Reservoir,photo_gate,imgs_2
ES,ES211,Araba/Álava,lake,,6,4,osm:w53023209,Club Náutico,photo_gate,imgs_1
ES,ES211,Araba/Álava,lake,,6,4,osm:w54895883,Cementerio Landa,photo_gate,imgs_1
ES,ES211,Araba/Álava,lake,,6,4,osm:w54895887,El Pinar-Landa,photo_gate,imgs_1
GR,EL622,Kerkyra,lake,,4,4,wd:Q14213239,Korission Lagoon,photo_gate,imgs_3
GR,EL622,Kerkyra,lake,,4,4,wd:Q24915572,Lake Antiniotissa,photo_gate,imgs_1
GR,EL622,Kerkyra,lake,,4,4,wd:Q12873437,Alyki Lefkimmis,photo_gate,imgs_3
GR,EL622,Kerkyra,lake,,4,4,osm:r19850235,Agios Petros–Ampelakia,photo_gate,imgs_0
ES,ES419,Zamora,lake,,8,4,wd:Q8775401,Valparaíso Dam,photo_gate,imgs_0
ES,ES419,Zamora,lake,,8,4,wd:Q23993005,Ricobayo Reservoir,photo_gate,imgs_3
ES,ES419,Zamora,lake,,8,4,osm:w24189889,Playa de Viquiella,photo_gate,imgs_2
ES,ES419,Zamora,lake,,8,4,osm:w351456332,Playa del Folgoso,photo_gate,imgs_0
GR,EL632,Achaia,lake,,5,4,wd:Q109301707,Asteri Lake,photo_gate,imgs_2
GR,EL632,Achaia,lake,,5,4,wd:Q15057232,Tsivlou lake,photo_gate,imgs_5
GR,EL632,Achaia,lake,,5,4,wd:Q15057228,Papas Lagoon,floor_pool,score_5.1_below_5.4
GR,EL632,Achaia,lake,,5,4,wd:Q12880047,Prókopos,photo_gate,imgs_5
GR,EL633,Ileia,lake,,4,4,wd:Q4208570,Kaiafas Lake,photo_gate,imgs_1
GR,EL633,Ileia,lake,,4,4,wd:Q6434401,Kotychi,photo_gate,imgs_3
GR,EL633,Ileia,lake,,4,4,osm:w498304811,Kounoupelaki,photo_gate,imgs_0
GR,EL633,Ileia,lake,,4,4,osm:w764395022,Παραλία Κουρούτα,photo_gate,imgs_0
GR,EL641,Voiotia,lake,,5,4,osm:w309026170,Άγιος Ισήδωρος,photo_gate,imgs_0
GR,EL641,Voiotia,lake,,5,4,osm:w501193363,Άγιος Νικόλαος,photo_gate,imgs_0
GR,EL641,Voiotia,lake,,5,4,osm:w1189210164,Παραλία Αγριλέζας,photo_gate,imgs_0
GR,EL641,Voiotia,lake,,5,4,osm:w501186572,Λαιμός,photo_gate,imgs_0
DE,DEG0G,Weimarer Land,lake,,4,4,osm:r7886699,Stausee Hohenfelden,photo_gate,imgs_1
DE,DEG0G,Weimarer Land,lake,,4,4,osm:w28181015,Avenida-Therme,photo_gate,imgs_0
GR,EL531,"Grevena, Kozani",lake,,4,4,osm:w1373356021,Λιάπειο Κολυμβητήριο,photo_gate,imgs_0
GR,EL531,"Grevena, Kozani",lake,,4,4,wd:Q12880045,Lake Polyfytos,photo_gate,imgs_5
GR,EL531,"Grevena, Kozani",lake,,4,4,osm:w1151320210,Κλειστό Κολυμβητήριο,photo_gate,imgs_0
GR,EL531,"Grevena, Kozani",lake,,4,4,osm:r7728810,Ilarionas Reservoir Lake,photo_gate,imgs_0
GR,EL421,"Kalymnos, Karpathos, Kasos, Kos, Rodos",lake,,7,4,osm:w332310529,Apella,photo_gate,imgs_1
GR,EL421,"Kalymnos, Karpathos, Kasos, Kos, Rodos",lake,,7,4,osm:w238325665,Galouni Beach,photo_gate,imgs_1
GR,EL421,"Kalymnos, Karpathos, Kasos, Kos, Rodos",lake,,7,4,osm:w182373652,Ixia Beach,photo_gate,imgs_1
GR,EL421,"Kalymnos, Karpathos, Kasos, Kos, Rodos",lake,,7,4,osm:w182373660,Ixia Beach,photo_gate,imgs_0
DE,DEG0Q,Schmalkalden-Meiningen,lake,,4,4,osm:r10110182,Kiessee Breitungen,photo_gate,imgs_1
DE,DEG0Q,Schmalkalden-Meiningen,lake,,4,4,osm:w23482052,Kiessee Grumbach,photo_gate,imgs_1
DE,DEG0R,Wartburgkreis,lake,,4,4,osm:w23192649,Schönsee,photo_gate,imgs_1
DE,DEG0R,Wartburgkreis,lake,,4,4,osm:w34997757,Campingplatz am Schönsee,photo_gate,imgs_0
DE,DEG0T,Ilm-Kreis,lake,,4,4,osm:r18052007,Talsperre Lütsche,photo_gate,imgs_3
DE,DEG0T,Ilm-Kreis,lake,,4,4,osm:w25510446,Freibad Geraberg,photo_gate,imgs_0
GR,EL422,"Andros, Thira, Kea - Kythnos, Milos, Mykonos, Naxos, Paros,  Syros, Tinos",lake,,4,4,osm:w410093157,Batsi,photo_gate,imgs_3
GR,EL422,"Andros, Thira, Kea - Kythnos, Milos, Mykonos, Naxos, Paros,  Syros, Tinos",lake,,4,4,osm:w494228310,Kamares,photo_gate,imgs_3
GR,EL422,"Andros, Thira, Kea - Kythnos, Milos, Mykonos, Naxos, Paros,  Syros, Tinos",lake,,4,4,osm:w384671017,Naxos Marina,photo_gate,imgs_2
GR,EL422,"Andros, Thira, Kea - Kythnos, Milos, Mykonos, Naxos, Paros,  Syros, Tinos",lake,,4,4,osm:w223008306,Galissa beach,photo_gate,imgs_3
DE,DEF02,"Kiel, Kreisfreie Stadt",lake,,4,4,wd:Q2457181,Tröndelsee,photo_gate,imgs_2
DE,DEF02,"Kiel, Kreisfreie Stadt",lake,,4,4,wd:Q2557857,Wellsee,photo_gate,imgs_1
DK,DK014,Bornholm,lake,,4,4,wd:Q5645779,Hammersø,photo_gate,imgs_3
DK,DK014,Bornholm,lake,,4,4,wd:Q56240145,Pyritsøen,photo_gate,imgs_3
DK,DK014,Bornholm,lake,,4,4,osm:w171505169,Hullehavn Camping,photo_gate,imgs_0
DK,DK014,Bornholm,lake,,4,4,wd:Q55138938,Opalsøen,photo_gate,imgs_2
GR,EL511,Evros,lake,,4,4,osm:w61187429,Pachia Ammos Beach,photo_gate,imgs_1
GR,EL511,Evros,lake,,4,4,osm:w302589143,Alexandroupoli Municipal Camping,photo_gate,imgs_0
GR,EL511,Evros,lake,,4,4,osm:w385780592,Aya Yorgi,photo_gate,imgs_0
GR,EL511,Evros,lake,,4,4,osm:w156960008,Vatos Beach,photo_gate,imgs_0
DE,DEF0E,Steinburg,lake,,4,4,osm:w1546004777,Klein Westerland,photo_gate,imgs_0
DE,DEF0E,Steinburg,lake,,4,4,osm:w183184932,Brokdorfer Strand,photo_gate,imgs_0
DE,DEG09,Unstrut-Hainich-Kreis,lake,,4,4,osm:w24366530,Talsperre Seebach,photo_gate,imgs_0
DE,DEG09,Unstrut-Hainich-Kreis,lake,,4,4,osm:w241579965,Freibad Eigenrieden,photo_gate,imgs_0
GR,EL526,Serres,lake,,4,4,osm:w165537966,Strymonas,photo_gate,imgs_1
GR,EL526,Serres,lake,,4,4,osm:w1216288122,Κολυμβητήριο,photo_gate,imgs_0
GR,EL526,Serres,lake,,4,4,wd:Q1739269,Lake Kerkini,photo_gate,imgs_5
GR,EL526,Serres,lake,,4,4,wd:Q42154963,Cercinitis Lake,photo_gate,imgs_0
HR,HR028,Sisačko-moslavačka županija,lake,,4,4,osm:w290677073,Kupalište,photo_gate,imgs_0
HR,HR028,Sisačko-moslavačka županija,lake,,4,4,wd:Q212927,Una,floor_pool,score_4.9_below_5.4
HR,HR028,Sisačko-moslavačka županija,lake,,4,4,osm:w95996549,Petrinjsko kupalište,photo_gate,imgs_0
HR,HR028,Sisačko-moslavačka županija,lake,,4,4,osm:w1310600889,Kupalište Zibel,photo_gate,imgs_0
HR,HR033,Zadarska županija,lake,,6,4,osm:w93655991,Babića jezero,photo_gate,imgs_1
HR,HR033,Zadarska županija,lake,,6,4,wd:Q1625342,Vransko Lake,photo_gate,imgs_3
HR,HR033,Zadarska županija,lake,,6,4,osm:w972611475,Zaton Holiday Resort Beach,photo_gate,imgs_3
HR,HR033,Zadarska županija,lake,,6,4,osm:w304442712,Soline,photo_gate,imgs_1
FR,FRK28,Haute-Savoie,lake,,10,4,osm:r5674727,Lac de la Mouille,photo_gate,imgs_0
FR,FRK28,Haute-Savoie,lake,,10,4,osm:w25796006,Lac d'Arvouin,photo_gate,imgs_1
FR,FRK28,Haute-Savoie,lake,,10,4,wd:Q3215491,Lac de Montriond,photo_gate,imgs_1
FR,FRK28,Haute-Savoie,lake,,10,4,wd:Q3215518,Lac de Pormenaz,photo_gate,imgs_3
HR,HR050,Grad Zagreb,lake,,5,4,wd:Q116192398,Bundek,photo_gate,imgs_2
HR,HR050,Grad Zagreb,lake,,5,4,osm:w991184848,Jarun nudist beach,photo_gate,imgs_2
HR,HR050,Grad Zagreb,lake,,5,4,osm:w170336318,Otok Trešnjevka,photo_gate,imgs_0
HR,HR050,Grad Zagreb,lake,,5,4,osm:w170337059,Veliko jezero,photo_gate,imgs_0
HR,HR026,Vukovarsko-srijemska županija,lake,,4,4,osm:r10156058,Banja,photo_gate,imgs_0
HR,HR026,Vukovarsko-srijemska županija,lake,,4,4,osm:r10156057,Dječje kupalište,photo_gate,imgs_0
HR,HR026,Vukovarsko-srijemska županija,lake,,4,4,osm:w170745261,Plivalište Lenije,photo_gate,imgs_0
HR,HR026,Vukovarsko-srijemska županija,lake,,4,4,osm:w816565487,Plivalište Vukovar,photo_gate,imgs_0
FR,FRF34,Vosges,lake,,8,4,wd:Q603214,Gérardmer Lake,photo_gate,imgs_3
FR,FRF34,Vosges,lake,,8,4,wd:Q2422459,Lac de Blanchemer,photo_gate,imgs_1
FR,FRF34,Vosges,lake,,8,4,wd:Q3215617,Lac de la Moselotte,photo_gate,imgs_0
FR,FRF34,Vosges,lake,,8,4,wd:Q3215612,Lac de la Lande,floor_pool,score_5.0_below_5.4
IT,ITI44,Latina,lake,,7,4,wd:Q3825923,Lago di Caprolace,photo_gate,imgs_1
IT,ITI44,Latina,lake,,7,4,wd:Q3825838,Lago dei Monaci,photo_gate,imgs_0
IT,ITI44,Latina,lake,,7,4,osm:w67398253,Serapo,photo_gate,imgs_2
IT,ITI44,Latina,lake,,7,4,osm:w67404749,Sant'Agostino,photo_gate,imgs_0
IT,ITI33,Macerata,lake,,5,4,wd:Q13403151,Lago di Fiastra,photo_gate,imgs_3
IT,ITI33,Macerata,lake,,5,4,osm:w942107751,Antonio,photo_gate,imgs_0
IT,ITI33,Macerata,lake,,5,4,osm:w936244664,Arturo,photo_gate,imgs_0
IT,ITI33,Macerata,lake,,5,4,wd:Q19819540,Lago di Caccamo,photo_gate,imgs_1
IT,ITI35,Fermo,lake,,4,4,osm:w173956092,Spiaggia Marina Palmense,photo_gate,imgs_0
IT,ITI35,Fermo,lake,,4,4,osm:w1060551620,Camping Verde Mare,photo_gate,imgs_0
IT,ITI35,Fermo,lake,,4,4,osm:w1189871540,Eco Family Village Girasole,photo_gate,imgs_0
IT,ITI35,Fermo,lake,,4,4,osm:w1306310251,Camping Gemma,photo_gate,imgs_0
IT,ITI41,Viterbo,lake,,6,4,osm:w226506691,Camping Tuscia Tirrenica,photo_gate,imgs_0
IT,ITI41,Viterbo,lake,,6,4,osm:w1024576678,Spiaggia di Montefiascone,photo_gate,imgs_0
IT,ITI41,Viterbo,lake,,6,4,osm:w239555111,Camping il Lago,photo_gate,imgs_0
IT,ITI41,Viterbo,lake,,6,4,wd:Q3825987,Lake Monterosi,photo_gate,imgs_4
MK,MK001,Vardarski,lake,,4,4,wd:Q12908695,Lake Mladost,photo_gate,imgs_4
MK,MK001,Vardarski,lake,,4,4,wd:Q50427672,Moklište Lake,photo_gate,imgs_5
MK,MK001,Vardarski,lake,,4,4,wd:Q3086506,Tikveš Lake,floor_pool,score_4.8_below_5.4
MK,MK001,Vardarski,lake,,4,4,wd:Q12908121,Лисиче,photo_gate,imgs_3
IT,ITG12,Palermo,lake,,6,4,osm:w1393458135,Ombelico del Mondo,photo_gate,imgs_0
IT,ITG12,Palermo,lake,,6,4,wd:Q741081,Lago Fanaco,photo_gate,imgs_1
IT,ITG12,Palermo,lake,,6,4,wd:Q1478072,Lago Prizzi,photo_gate,imgs_1
IT,ITG12,Palermo,lake,,6,4,wd:Q3825708,Lago Garcia,floor_pool,score_5.0_below_5.4
IT,ITH58,Forlì-Cesena,lake,,4,4,osm:w509514655,Lungoparcheggio Via Lido Rubicone,photo_gate,imgs_2
IT,ITH58,Forlì-Cesena,lake,,4,4,osm:w509514654,Parcheggio Benelli,photo_gate,imgs_0
IT,ITH58,Forlì-Cesena,lake,,4,4,osm:w682316810,Cesenatico Camping Village,photo_gate,imgs_2
IT,ITH58,Forlì-Cesena,lake,,4,4,osm:w543925272,Fosso Venarella,photo_gate,imgs_0
IT,ITH59,Rimini,lake,,5,4,osm:w258251378,Portoverde Beach,photo_gate,imgs_2
IT,ITH59,Rimini,lake,,5,4,osm:w72755748,Piazzale del Porto,photo_gate,imgs_2
IT,ITH59,Rimini,lake,,5,4,osm:w431102976,Happy Camping Village,photo_gate,imgs_0
IT,ITH59,Rimini,lake,,5,4,osm:w840488870,Bahia Rico's,photo_gate,imgs_0
IT,ITH36,Padova,lake,,4,4,osm:w47421731,Bacino di Finenso,photo_gate,imgs_0
IT,ITH36,Padova,lake,,4,4,osm:r1901364,Busa de Bastianeo,photo_gate,imgs_0
IT,ITH36,Padova,lake,,4,4,osm:w631282963,Cantiere del Centro Nuoto Selvazzano Carlo Pedersoli,photo_gate,imgs_0
IT,ITH36,Padova,lake,,4,4,osm:w59213605,Padovanuoto,photo_gate,imgs_0
IT,ITH41,Pordenone,lake,,5,4,osm:w131243839,Piscina Turistica,photo_gate,imgs_0
IT,ITH41,Pordenone,lake,,5,4,osm:w36092573,Piscina comunale,photo_gate,imgs_0
IT,ITH41,Pordenone,lake,,5,4,wd:Q18785480,Tramonti Lake,photo_gate,imgs_2
IT,ITH41,Pordenone,lake,,5,4,wd:Q3825937,lago di Cà Selva,photo_gate,imgs_1
IT,ITI18,Arezzo,lake,,5,4,osm:w48829905,Piazza Borro di Tonino,photo_gate,imgs_0
IT,ITI18,Arezzo,lake,,5,4,osm:w1316849133,La Chiocciola,photo_gate,imgs_0
IT,ITI18,Arezzo,lake,,5,4,osm:w122317193,Piscine Pincardini,photo_gate,imgs_0
IT,ITI18,Arezzo,lake,,5,4,osm:w855833115,Le Massette,photo_gate,imgs_0
IT,ITH42,Udine,lake,,7,4,osm:w24569030,Lago del Pramollo / Stausee / Lât di Pramuel,photo_gate,imgs_0
IT,ITH42,Udine,lake,,7,4,wd:Q1051808,Lago di Cavazzo,photo_gate,imgs_2
IT,ITH42,Udine,lake,,7,4,wd:Q3826019,Lake Ragogna,photo_gate,imgs_3
IT,ITH42,Udine,lake,,7,4,wd:Q3825650,Lago Bordaglia,photo_gate,imgs_2
IT,ITH43,Gorizia,lake,,7,4,osm:w158852230,Marina Julia Family Camping Village,photo_gate,imgs_2
IT,ITH43,Gorizia,lake,,7,4,osm:w598796460,ASD Windsurfing Marina Julia,photo_gate,imgs_1
IT,ITH43,Gorizia,lake,,7,4,osm:w166163788,Punta Spin,photo_gate,imgs_0
IT,ITH43,Gorizia,lake,,7,4,osm:w1289812698,Spiaggia Principale,photo_gate,imgs_0
IT,ITH51,Piacenza,lake,,4,4,osm:w98849585,UCI Cinema,photo_gate,imgs_0
IT,ITH51,Piacenza,lake,,4,4,osm:w98854631,Parcheggio Polisportivo,photo_gate,imgs_0
IT,ITH51,Piacenza,lake,,4,4,osm:w426142130,Polisportivo,photo_gate,imgs_0
IT,ITH51,Piacenza,lake,,4,4,wd:Q3826060,Lago di Trebecco,floor_pool,score_5.3_below_5.4
IT,ITI1A,Grosseto,lake,,7,4,osm:r7509869,Laguna di Ponente,photo_gate,imgs_3
IT,ITI1A,Grosseto,lake,,7,4,osm:w750231498,Golfo del Sole,photo_gate,imgs_0
IT,ITI1A,Grosseto,lake,,7,4,wd:Q3825652,Lago Boracifero,photo_gate,imgs_1
IT,ITI1A,Grosseto,lake,,7,4,wd:Q3826036,Lago di San Floriano,photo_gate,imgs_1
IT,ITH52,Parma,lake,,5,4,wd:Q3825813,Lake Verde,photo_gate,imgs_1
IT,ITH52,Parma,lake,,5,4,wd:Q27037844,Lago Gemio,photo_gate,imgs_1
IT,ITH52,Parma,lake,,5,4,wd:Q3825786,Lago Santo parmense,floor_pool,score_5.3_below_5.4
IT,ITH52,Parma,lake,,5,4,wd:Q27037871,Lago Pradaccio,photo_gate,imgs_2
IT,ITI21,Perugia,lake,,5,4,osm:w176335219,Listro,photo_gate,imgs_0
IT,ITI21,Perugia,lake,,5,4,osm:w60098972,Piazza Trento e Trieste,photo_gate,imgs_0
IT,ITI21,Perugia,lake,,5,4,osm:w985768733,Sualzo,photo_gate,imgs_0
IT,ITI21,Perugia,lake,,5,4,osm:w1303874925,Camping Village Punta Navaccia,photo_gate,imgs_0
IT,ITF45,Lecce,lake,,6,4,osm:w1000311734,Spiaggetta Santa Caterina,photo_gate,imgs_3
IT,ITF45,Lecce,lake,,6,4,osm:w178428800,Pantano Grande,photo_gate,imgs_0
IT,ITF45,Lecce,lake,,6,4,osm:w439161776,Lido La Sorgente,photo_gate,imgs_0
IT,ITF45,Lecce,lake,,6,4,osm:w745424794,Viale Terme,photo_gate,imgs_3
IT,ITC31,Imperia,lake,,4,4,osm:w628412020,Spiaggia della Marina,photo_gate,imgs_1
IT,ITC31,Imperia,lake,,4,4,osm:w272812886,Torrente Prino,photo_gate,imgs_0
IT,ITC31,Imperia,lake,,4,4,osm:w202617261,Torrente Argentina,photo_gate,imgs_1
IT,ITC31,Imperia,lake,,4,4,osm:w159407610,Torrente San Pietro,photo_gate,imgs_1
IT,ITC32,Savona,lake,,4,4,osm:w328303845,Roma,photo_gate,imgs_2
IT,ITC32,Savona,lake,,4,4,wd:Q24263213,Lago dell'Antenna,photo_gate,imgs_2
IT,ITC32,Savona,lake,,4,4,osm:w146391422,Piscina Comunale Zanelli,photo_gate,imgs_0
IT,ITC32,Savona,lake,,4,4,osm:w90500922,Sansobbia,photo_gate,imgs_0
IT,ITC48,Pavia,lake,,4,4,osm:w1306581985,Aquamore Landriano,photo_gate,imgs_1
IT,ITC48,Pavia,lake,,4,4,osm:w270826849,I Sabbioni,photo_gate,imgs_0
IT,ITC48,Pavia,lake,,4,4,osm:w325326458,Piazzale Istria,photo_gate,imgs_0
IT,ITC48,Pavia,lake,,4,4,osm:w403726056,Piscina Comunale di Pinarolo Po,photo_gate,imgs_0
IT,ITF52,Matera,lake,,5,4,osm:w180826782,Largo Akiris,photo_gate,imgs_0
IT,ITF52,Matera,lake,,5,4,osm:w507654659,Largo Enotria,photo_gate,imgs_0
IT,ITF52,Matera,lake,,5,4,osm:w303680678,Piazzetta Prova d'Orchestra,photo_gate,imgs_0
IT,ITF52,Matera,lake,,5,4,osm:w507654658,Largo Esperia,photo_gate,imgs_0
IT,ITC49,Lodi,lake,,4,4,osm:w452475023,Lanca della Cascinetta,photo_gate,imgs_0
IT,ITC49,Lodi,lake,,4,4,osm:w749206956,Piscina comunale Faustina,photo_gate,imgs_0
IT,ITC49,Lodi,lake,,4,4,osm:w749206940,Piscina coperta,photo_gate,imgs_0
IT,ITC49,Lodi,lake,,4,4,osm:w71533292,Centro Sportivo,photo_gate,imgs_0
IT,ITF62,Crotone,lake,,5,4,osm:w407485735,Centro Vacanze Punta Alice,photo_gate,imgs_1
IT,ITF62,Crotone,lake,,5,4,osm:w474427039,San Leonardo,photo_gate,imgs_0
IT,ITF62,Crotone,lake,,5,4,osm:w247185008,Piazza Beata Vergine Maria,photo_gate,imgs_0
IT,ITF62,Crotone,lake,,5,4,osm:w209978435,Spiaggia Grande,photo_gate,imgs_0
IT,ITF13,Pescara,lake,,4,4,osm:r12726205,Saline,photo_gate,imgs_0
IT,ITF13,Pescara,lake,,4,4,osm:w863488472,Medusa,photo_gate,imgs_0
IT,ITF13,Pescara,lake,,4,4,osm:w1132927902,Istria,photo_gate,imgs_0
IT,ITF13,Pescara,lake,,4,4,osm:w60790093,Piazza America,photo_gate,imgs_0
IT,ITF14,Chieti,lake,,5,4,wd:Q834348,Lago di Bomba,photo_gate,imgs_2
IT,ITF14,Chieti,lake,,5,4,osm:w101386112,Grotta del Saraceno Village,photo_gate,imgs_0
IT,ITF14,Chieti,lake,,5,4,osm:w301861360,Residence Poker,photo_gate,imgs_0
IT,ITF14,Chieti,lake,,5,4,osm:w46767761,Spiaggia di Casalbordino,photo_gate,imgs_0
IT,ITF44,Brindisi,lake,,4,4,osm:w484762138,Apani,photo_gate,imgs_0
IT,ITF44,Brindisi,lake,,4,4,osm:w264288217,rosa marina,photo_gate,imgs_1
IT,ITF44,Brindisi,lake,,4,4,osm:w520574037,Villaggio Le Dune,photo_gate,imgs_0
IT,ITF44,Brindisi,lake,,4,4,osm:w520574030,Il Pilone Camping Villaggio,photo_gate,imgs_0
NO,NO081,Oslo,lake,,11,4,wd:Q2297840,Sognsvann,photo_gate,imgs_1
NO,NO081,Oslo,lake,,11,4,wd:Q1771171,Bogstadvannet,photo_gate,imgs_3
NO,NO081,Oslo,lake,,11,4,osm:w119385302,Sollerudstranda,photo_gate,imgs_1
NO,NO081,Oslo,lake,,11,4,osm:w936040800,Operastranda,photo_gate,imgs_2
PL,PL213,Miasto Kraków,lake,,6,4,wd:Q86660117,Lake Zakrzówek,photo_gate,imgs_3
PL,PL213,Miasto Kraków,lake,,6,4,osm:w700439017,Przystań Brzegi,photo_gate,imgs_0
MK,MK005,Pelagoniski,lake,,5,4,wd:Q204392,Lake Prespa,photo_gate,imgs_3
MK,MK005,Pelagoniski,lake,,5,4,wd:Q12880819,Great Prespa,photo_gate,imgs_2
MK,MK005,Pelagoniski,lake,,5,4,wd:Q204392,Lake Prespa,photo_gate,imgs_3
MK,MK005,Pelagoniski,lake,,5,4,wd:Q12880819,Great Prespa,photo_gate,imgs_1
MK,MK008,Skopski,lake,,4,4,wd:Q259515,Lake Matka,photo_gate,imgs_3
MK,MK008,Skopski,lake,,4,4,osm:w1493028272,Swimming pool Saraj,photo_gate,imgs_1
MK,MK008,Skopski,lake,,4,4,osm:w38084155,Базен Аеродром,photo_gate,imgs_0
MK,MK008,Skopski,lake,,4,4,osm:w28212338,Базен Карпош,photo_gate,imgs_0
NL,NL132,Zuidoost-Drenthe,lake,,6,4,osm:w87940796,Grenzaa,photo_gate,imgs_0
NL,NL132,Zuidoost-Drenthe,lake,,6,4,osm:r9958873,Klinkenvlierse Plas,photo_gate,imgs_0
NL,NL132,Zuidoost-Drenthe,lake,,6,4,wd:Q2519120,Grote Rietplas,photo_gate,imgs_3
NL,NL132,Zuidoost-Drenthe,lake,,6,4,osm:w504320712,Molecaten Park Kuierpad,photo_gate,imgs_0
NL,NL212,Zuidwest-Overijssel,lake,,5,4,osm:w63232689,Munnikenhank,photo_gate,imgs_0
NL,NL212,Zuidwest-Overijssel,lake,,5,4,wd:Q127974593,Lange Kolk,photo_gate,imgs_1
NL,NL212,Zuidwest-Overijssel,lake,,5,4,osm:w63322162,De Lange Kolk,photo_gate,imgs_0
NL,NL212,Zuidwest-Overijssel,lake,,5,4,osm:w312033558,'t Haasje,photo_gate,imgs_0
NL,NL32A,Agglomeratie Haarlem,lake,,6,4,wd:Q126208283,Oosterplas,photo_gate,imgs_1
NL,NL32A,Agglomeratie Haarlem,lake,,6,4,osm:w416324291,Strand Zandvoort,photo_gate,imgs_2
NL,NL32A,Agglomeratie Haarlem,lake,,6,4,wd:Q734615,Veerplas,photo_gate,imgs_4
NL,NL32A,Agglomeratie Haarlem,lake,,6,4,osm:w594717798,'t Wed,photo_gate,imgs_0
NL,NL361,Agglomeratie ’s-Gravenhage,lake,,7,4,wd:Q2529688,Vlietland,photo_gate,imgs_3
NL,NL361,Agglomeratie ’s-Gravenhage,lake,,7,4,osm:w1168280363,Speelvijver,photo_gate,imgs_0
NL,NL361,Agglomeratie ’s-Gravenhage,lake,,7,4,osm:w95707996,Surf beach,photo_gate,imgs_0
NL,NL361,Agglomeratie ’s-Gravenhage,lake,,7,4,osm:w95710755,Swimming beach,photo_gate,imgs_0
RS,RS211,Zlatiborska oblast,lake,,6,4,osm:w414339612,"Gradska Plaža ""Kolovrat""",photo_gate,imgs_0
RS,RS211,Zlatiborska oblast,lake,,6,4,osm:w1530476400,Купалиште „Рача”,photo_gate,imgs_0
RS,RS211,Zlatiborska oblast,lake,,6,4,wd:Q207138,Zlatar Lake,photo_gate,imgs_5
RS,RS211,Zlatiborska oblast,lake,,6,4,osm:w962689319,Градска плажа Ужице,photo_gate,imgs_0
RS,RS218,Šumadijska oblast,lake,,4,4,wd:Q16086083,Šumarice lake,photo_gate,imgs_3
RS,RS218,Šumadijska oblast,lake,,4,4,osm:w167524226,Затворени базен,photo_gate,imgs_0
RS,RS218,Šumadijska oblast,lake,,4,4,wd:Q1551157,Gruža Lake,floor_pool,score_5.2_below_5.4
RS,RS218,Šumadijska oblast,lake,,4,4,wd:Q853607,Garaško Lake,photo_gate,imgs_2
RO,RO114,Maramureş,lake,,4,4,osm:w250236330,Bazinul Olimpic „Gheorghe Demeca”,photo_gate,imgs_0
RO,RO114,Maramureş,lake,,4,4,wd:Q110127459,Lacul Lighet,photo_gate,imgs_3
RO,RO114,Maramureş,lake,,4,4,osm:w88373230,Balta Arinis,photo_gate,imgs_0
RO,RO114,Maramureş,lake,,4,4,osm:w1482847187,Aurul Tailings Pond,photo_gate,imgs_0
RO,RO413,Mehedinţi,lake,,4,4,osm:w973340729,Balta Mare,photo_gate,imgs_0
RO,RO413,Mehedinţi,lake,,4,4,wd:Q1313598,Lake Đerdap,photo_gate,imgs_2
RO,RO413,Mehedinţi,lake,,4,4,osm:w1230120056,Parcare Dunărea,photo_gate,imgs_0
RO,RO413,Mehedinţi,lake,,4,4,osm:w128503851,Bazin de Înot,photo_gate,imgs_0
RO,RO115,Satu Mare,lake,,4,4,osm:w1383934358,Lac agrement,photo_gate,imgs_0
RO,RO115,Satu Mare,lake,,4,4,osm:w88373660,Lacul Apa,photo_gate,imgs_0
RO,RO115,Satu Mare,lake,,4,4,osm:w229640187,Aqua Star,photo_gate,imgs_0
RO,RO115,Satu Mare,lake,,4,4,osm:w418545480,Camping Antonyo,photo_gate,imgs_0
PT,PT1A0,Grande Lisboa,lake,,7,4,osm:w1190126574,Praia da Arriba,photo_gate,imgs_3
PT,PT1A0,Grande Lisboa,lake,,7,4,osm:w1454424731,Azarujinha Beach,photo_gate,imgs_3
PT,PT1A0,Grande Lisboa,lake,,7,4,osm:w27872386,Praia da Parede,photo_gate,imgs_3
PT,PT1A0,Grande Lisboa,lake,,7,4,osm:w157464438,Praia de Carcavelos,photo_gate,imgs_3
RO,RO121,Alba,lake,,4,4,osm:w200190024,Ștrandul din parcul Avram Iancu,photo_gate,imgs_2
RO,RO121,Alba,lake,,4,4,osm:w420207018,Bazinul Olimpic Alba Iulia,photo_gate,imgs_0
RO,RO121,Alba,lake,,4,4,osm:w494982417,Parcare Lidl,photo_gate,imgs_0
RO,RO121,Alba,lake,,4,4,wd:Q106546091,Geamăna Lake,photo_gate,imgs_2
RO,RO422,Caraş-Severin,lake,,5,4,osm:w223966423,Bazinul Olimpic Olimpia,photo_gate,imgs_0
RO,RO422,Caraş-Severin,lake,,5,4,osm:w277991195,Șapte Izvoare,photo_gate,imgs_0
RO,RO422,Caraş-Severin,lake,,5,4,wd:Q28726082,Trei Ape,photo_gate,imgs_1
RO,RO422,Caraş-Severin,lake,,5,4,osm:w88363976,Lacul Mărul,photo_gate,imgs_0
RO,RO123,Covasna,lake,,4,4,wd:Q1253091,Lacul Reci,photo_gate,imgs_4
RO,RO123,Covasna,lake,,4,4,osm:r11952759,Lacul Pădureni,photo_gate,imgs_1
RO,RO123,Covasna,lake,,4,4,osm:w144717903,Ștrandul Municipal,photo_gate,imgs_0
RO,RO123,Covasna,lake,,4,4,osm:w1463677651,Bazin de înot,photo_gate,imgs_0
RO,RO125,Mureş,lake,,4,4,wd:Q1175336,Lake Ursu,photo_gate,imgs_4
RO,RO125,Mureş,lake,,4,4,osm:w1091884167,Canalul Turbinei,photo_gate,imgs_0
RO,RO125,Mureş,lake,,4,4,osm:w173613149,Lacul Aluniș,photo_gate,imgs_0
RO,RO125,Mureş,lake,,4,4,osm:w173613155,Lacul Mierlei,photo_gate,imgs_0
RS,RS124,Severnobanatska oblast,lake,,4,4,osm:w653942171,Strand,photo_gate,imgs_0
RS,RS124,Severnobanatska oblast,lake,,4,4,osm:w1309612191,Сенћанска плажа,photo_gate,imgs_0
RS,RS124,Severnobanatska oblast,lake,,4,4,osm:w61918969,Брекеке,photo_gate,imgs_0
RS,RS124,Severnobanatska oblast,lake,,4,4,osm:w653942179,Gyúgyfürdő Magyarkanizsa,photo_gate,imgs_0
RO,RO226,Vrancea,lake,,4,4,osm:w352574261,Plaja Doaga,photo_gate,imgs_0
RO,RO226,Vrancea,lake,,4,4,osm:w1201615441,Carp Arena Cărpănoaia 2,photo_gate,imgs_0
RO,RO226,Vrancea,lake,,4,4,osm:w886762532,Canalul Siret Bărăgan,photo_gate,imgs_0
RO,RO226,Vrancea,lake,,4,4,osm:w886762531,Canalul Siret Bărăgan,photo_gate,imgs_0
PL,PL822,Przemyski,lake,,4,4,osm:w953273553,Plaża Ostrów,photo_gate,imgs_0
PL,PL822,Przemyski,lake,,4,4,osm:w1279880389,Plaża Ostrów,photo_gate,imgs_0
PL,PL822,Przemyski,lake,,4,4,osm:r14310208,Łopuszka Mała,photo_gate,imgs_0
PL,PL822,Przemyski,lake,,4,4,osm:r3826702,Zbiornik ZEK,photo_gate,imgs_1
PT,PT193,Região de Leiria,lake,,5,4,osm:w771614394,Piscina Flutuante do Cabril,photo_gate,imgs_2
PT,PT193,Região de Leiria,lake,,5,4,osm:w771616833,Praia Fluvial do Cabril,photo_gate,imgs_3
PT,PT193,Região de Leiria,lake,,5,4,osm:w511356030,Praia das Valeiras,photo_gate,imgs_3
PT,PT193,Região de Leiria,lake,,5,4,osm:w208735252,Praia São Pedro de Moel,photo_gate,imgs_1
PT,PT11B,Alto Tâmega e Barroso,lake,,6,4,osm:w136207893,Piscina Municipal de Chaves,photo_gate,imgs_3
PT,PT11B,Alto Tâmega e Barroso,lake,,6,4,osm:r15555725,Albufeira de Salamonde,photo_gate,imgs_1
PT,PT11B,Alto Tâmega e Barroso,lake,,6,4,osm:w165663368,Parque de Campismo do Rabaçal,photo_gate,imgs_0
PT,PT11B,Alto Tâmega e Barroso,lake,,6,4,osm:w971702489,Praia Fluvial do Rabaçal,photo_gate,imgs_0
TR,TR212,Edirne,lake,,4,4,osm:w820385685,Hamzabeyli Tır Parkı,photo_gate,imgs_0
TR,TR212,Edirne,lake,,4,4,osm:r9758245,Lake Dalyan,photo_gate,imgs_0
TR,TR212,Edirne,lake,,4,4,osm:w249738494,Maritsa/Evros/Meriç,photo_gate,imgs_0
TR,TR212,Edirne,lake,,4,4,osm:w249748897,Maritsa/Evros/Meriç,photo_gate,imgs_0
RS,RS226,Pirotska oblast,lake,,4,4,wd:Q166971,Zavoj Lake,photo_gate,imgs_3
RS,RS226,Pirotska oblast,lake,,4,4,wd:Q65199997,Ветренско језеро,photo_gate,imgs_2
RS,RS226,Pirotska oblast,lake,,4,4,wd:Q12750880,Дивљанско језеро,photo_gate,imgs_4
RS,RS226,Pirotska oblast,lake,,4,4,wd:Q65200461,Sukovo Lake,photo_gate,imgs_2
SI,SI036,Posavska,lake,,4,4,osm:r12650207,Sava,photo_gate,imgs_0
SI,SI036,Posavska,lake,,4,4,osm:w227997767,Krka,photo_gate,imgs_1
SI,SI036,Posavska,lake,,4,4,osm:w227997769,Krka,photo_gate,imgs_1
SI,SI036,Posavska,lake,,4,4,osm:w144115461,Bazen Sevnica,photo_gate,imgs_1
SI,SI038,Primorsko-notranjska,lake,,5,4,wd:Q205836,Lake Cerknica,photo_gate,imgs_2
SI,SI038,Primorsko-notranjska,lake,,5,4,osm:w1313100274,Glamping Lake Bloke,photo_gate,imgs_2
SI,SI038,Primorsko-notranjska,lake,,5,4,osm:r9623586,Cerkniško Jezero,photo_gate,imgs_1
SI,SI038,Primorsko-notranjska,lake,,5,4,wd:Q12796983,Mola,photo_gate,imgs_3
SI,SI041,Osrednjeslovenska,lake,,6,4,osm:w331675502,Podpeško Jezero,photo_gate,imgs_1
SI,SI041,Osrednjeslovenska,lake,,6,4,osm:w8119549,Kopališče Tivoli,photo_gate,imgs_1
SI,SI041,Osrednjeslovenska,lake,,6,4,osm:w1369579547,Parkirna hiša Ilirija,photo_gate,imgs_0
SI,SI041,Osrednjeslovenska,lake,,6,4,osm:r14902713,Gruberjev prekop,photo_gate,imgs_1
GB,TLC31,Hartlepool and Stockton-on-Tees,lake,,5,4,osm:w99354272,Old Dairy,photo_gate,imgs_0
GB,TLC31,Hartlepool and Stockton-on-Tees,lake,,5,4,osm:w95516993,The Square,photo_gate,imgs_0
GB,TLC32,South Teesside,lake,,4,4,osm:w4687011,Cat Nab Car Park,photo_gate,imgs_2
GB,TLC32,South Teesside,lake,,4,4,osm:r7452265,Staithes Beck,photo_gate,imgs_0
GB,TLD33,Manchester,lake,,4,4,osm:w187024712,Manchester Aquatics Centre,photo_gate,imgs_2
GB,TLD33,Manchester,lake,,4,4,osm:w178867194,Aquatics Centre Car Park,photo_gate,imgs_3
GB,TLD33,Manchester,lake,,4,4,osm:r2316232,Chorlton Water Park,photo_gate,imgs_0
GB,TLD33,Manchester,lake,,4,4,osm:w67252371,Gorton Lower Reservoir,photo_gate,imgs_1
GB,TLD34,Greater Manchester South West,lake,,4,4,osm:r2443,Sale Water Park,floor_pool,score_5.0_below_5.4
GB,TLD34,Greater Manchester South West,lake,,4,4,osm:w37739405,Mariners Canal,photo_gate,imgs_2
GB,TLD34,Greater Manchester South West,lake,,4,4,osm:w133217967,Erie Basin,floor_pool,score_4.9_below_5.4
GB,TLD34,Greater Manchester South West,lake,,4,4,osm:w976484089,USwim Salford,photo_gate,imgs_3
GB,TLD35,Greater Manchester South East,lake,,4,4,osm:w539482307,Copley Leisure Centre,photo_gate,imgs_2
GB,TLD35,Greater Manchester South East,lake,,4,4,osm:w205316713,Ashton Leisure Pool,photo_gate,imgs_2
GB,TLD35,Greater Manchester South East,lake,,4,4,osm:w36061095,Godley Reservoir,photo_gate,imgs_2
GB,TLD35,Greater Manchester South East,lake,,4,4,osm:w23490864,Walkerwood Reservoir,photo_gate,imgs_1
GB,TLE13,North and North East Lincolnshire,lake,,5,4,osm:w66894600,Cleethorpes Leisure Centre,floor_pool,score_5.3_below_5.4
GB,TLE13,North and North East Lincolnshire,lake,,5,4,osm:w1003732032,Grimsby Leisure Centre Swimming Pool,photo_gate,imgs_2
GB,TLE13,North and North East Lincolnshire,lake,,5,4,osm:w110806435,Central Promenade Car Park,photo_gate,imgs_2
GB,TLE13,North and North East Lincolnshire,lake,,5,4,osm:w147521674,Meridian Car Park,photo_gate,imgs_1
GB,TLG32,Solihull,lake,,4,4,osm:w32607242,NEC Express Parking 1,photo_gate,imgs_2
GB,TLG32,Solihull,lake,,4,4,osm:r4027581,Pendigo Lake,photo_gate,imgs_2
GB,TLG32,Solihull,lake,,4,4,osm:r9703647,Babbs Mill Lake,photo_gate,imgs_2
GB,TLG32,Solihull,lake,,4,4,osm:w4907163,Olton Mere,photo_gate,imgs_0
GB,TLH26,North and East Hertfordshire,lake,,5,4,osm:w1547033248,Herts Young Mariners Base,photo_gate,imgs_1
GB,TLH26,North and East Hertfordshire,lake,,5,4,osm:w1331648987,Glamping at Redricks,photo_gate,imgs_0
GB,TLH26,North and East Hertfordshire,lake,,5,4,osm:w207012474,Redricks Lake,photo_gate,imgs_0
GB,TLH26,North and East Hertfordshire,lake,,5,4,osm:w208844211,1000,photo_gate,imgs_0
GB,TLH34,Essex Haven Gateway,lake,,5,4,wd:Q4663930,Abberton Reservoir,floor_pool,score_4.3_below_5.4
GB,TLH64,West Suffolk,lake,,4,4,osm:w93079127,Knettishall Heath,photo_gate,imgs_1
GB,TLH64,West Suffolk,lake,,4,4,osm:w39750541,The Beach,photo_gate,imgs_0
GB,TLH64,West Suffolk,lake,,4,4,osm:w26386350,Leisure Centre Car Park,photo_gate,imgs_3
GB,TLH64,West Suffolk,lake,,4,4,osm:w26367144,Olding Road Car Park,photo_gate,imgs_2
GB,TLI53,Redbridge and Waltham Forest,lake,,5,4,wd:Q15637830,Highams Park Lake,floor_pool,score_5.3_below_5.4
GB,TLI53,Redbridge and Waltham Forest,lake,,5,4,osm:r6833795,Hollow Pond,photo_gate,imgs_2
GB,TLI53,Redbridge and Waltham Forest,lake,,5,4,osm:r56903,Fairlop Water,photo_gate,imgs_2
GB,TLI53,Redbridge and Waltham Forest,lake,,5,4,osm:r5997820,Warwick Reservoir West,photo_gate,imgs_1
GB,TLJ21,Brighton and Hove,lake,,4,4,osm:w234578346,Brighton Marina Multi Storey Car Park,photo_gate,imgs_3
GB,TLJ21,Brighton and Hove,lake,,4,4,osm:w96624951,Brighton Beach,photo_gate,imgs_1
GB,TLJ21,Brighton and Hove,lake,,4,4,osm:w1198133339,Sea Lanes,photo_gate,imgs_1
GB,TLJ21,Brighton and Hove,lake,,4,4,osm:w1154594989,Saltdean beach,photo_gate,imgs_2
GB,TLJ32,Southampton,lake,,4,4,osm:w132738163,Shirley Pool,photo_gate,imgs_3
GB,TLJ32,Southampton,lake,,4,4,osm:w30063415,The Quays ‘Eddie Read’ Swimming & Diving Complex,photo_gate,imgs_1
GB,TLJ32,Southampton,lake,,4,4,osm:w226705067,Red Lodge Community Pool,photo_gate,imgs_0
GB,TLJ37,North Hampshire,lake,,4,4,osm:w263510031,Car Park 1,photo_gate,imgs_1
GB,TLJ37,North Hampshire,lake,,4,4,osm:w188382640,Aquadrome,photo_gate,imgs_0
GB,TLJ37,North Hampshire,lake,,4,4,osm:w1418770338,Beechdown Health & Fitness,photo_gate,imgs_0
GB,TLJ37,North Hampshire,lake,,4,4,osm:w28061516,Car Park 1,photo_gate,imgs_0
GB,TLJ41,Medway,lake,,4,4,osm:r18505271,Alpha Pool,photo_gate,imgs_2
GB,TLJ41,Medway,lake,,4,4,osm:w5096006,St Andrews Lake,photo_gate,imgs_3
GB,TLJ41,Medway,lake,,4,4,osm:w615535048,Strand Leisure Pool,photo_gate,imgs_1
GB,TLJ41,Medway,lake,,4,4,osm:w91899494,Strand Leisure Pool,photo_gate,imgs_1
GB,TLJ43,Kent Thames Gateway,lake,,4,4,osm:w4973605,Gordon Lake,photo_gate,imgs_2
GB,TLJ43,Kent Thames Gateway,lake,,4,4,osm:w235961174,Gordon Promenade,photo_gate,imgs_2
GB,TLJ43,Kent Thames Gateway,lake,,4,4,osm:w110536063,Gravesend Canal Basin,photo_gate,imgs_2
GB,TLJ43,Kent Thames Gateway,lake,,4,4,osm:w168472207,Shellness Beach,photo_gate,imgs_2
GB,TLJ44,East Kent,lake,,6,4,,,,
GB,TLJ45,Mid Kent,lake,,4,4,osm:w1168460534,The Beach,photo_gate,imgs_0
GB,TLJ45,Mid Kent,lake,,4,4,osm:w771713162,Civic Centre and Stour Centre Car Park (short stay),photo_gate,imgs_1
GB,TLJ45,Mid Kent,lake,,4,4,osm:w28851344,Dover Place Car Park,photo_gate,imgs_1
GB,TLJ45,Mid Kent,lake,,4,4,osm:w28851352,Civic Centre and Stour Centre Car Park,photo_gate,imgs_0
GB,TLK52,Bath & North East Somerset and South Gloucestershire,lake,,4,4,osm:w291450782,Car Park 1,photo_gate,imgs_1
GB,TLK52,Bath & North East Somerset and South Gloucestershire,lake,,4,4,wd:Q3044337,Chew Valley Lake,floor_pool,score_5.3_below_5.4
GB,TLK52,Bath & North East Somerset and South Gloucestershire,lake,,4,4,osm:w17217391,Kingswood Leisure Centre,photo_gate,imgs_2
GB,TLK52,Bath & North East Somerset and South Gloucestershire,lake,,4,4,osm:w368123192,Staff outdoor swimming pool,photo_gate,imgs_0
GB,TLK63,"Bournemouth, Christchurch and Poole",lake,,4,4,osm:w333873808,View Point Carpark (Ham Common),photo_gate,imgs_1
GB,TLK63,"Bournemouth, Christchurch and Poole",lake,,4,4,osm:w48921336,Harbourside 1,photo_gate,imgs_1
GB,TLK63,"Bournemouth, Christchurch and Poole",lake,,4,4,osm:w25956711,Bath Road South,photo_gate,imgs_3
GB,TLK63,"Bournemouth, Christchurch and Poole",lake,,4,4,osm:w761704076,White Pits,photo_gate,imgs_0
GB,TLL34,Flintshire and Wrexham,lake,,4,4,osm:w298861455,Connah's Quay Swimming Pool,photo_gate,imgs_0
GB,TLL34,Flintshire and Wrexham,lake,,4,4,wd:Q107716238,Hanmer Mere,photo_gate,imgs_3
GB,TLL34,Flintshire and Wrexham,lake,,4,4,osm:r18303898,Acton Park Lake,photo_gate,imgs_2
GB,TLL34,Flintshire and Wrexham,lake,,4,4,wd:Q6662924,Llyn Bedydd,photo_gate,imgs_1
GB,TLL43,Swansea,lake,,6,4,osm:w1414450334,Southend Car Park,photo_gate,imgs_1
GB,TLL43,Swansea,lake,,6,4,osm:w89731981,Foreshore Car Park,photo_gate,imgs_0
GB,TLL43,Swansea,lake,,6,4,osm:w14368128,Swansea Marina,photo_gate,imgs_2
GB,TLL44,Neath Port Talbot,lake,,4,4,osm:w803862963,Aberavon Beach,photo_gate,imgs_2
GB,TLL44,Neath Port Talbot,lake,,4,4,osm:w1426596963,Ocean Way Car Park,photo_gate,imgs_1
GB,TLL44,Neath Port Talbot,lake,,4,4,osm:w101570202,Afan Valley Swimming Pool,photo_gate,imgs_0
GB,TLL44,Neath Port Talbot,lake,,4,4,wd:Q107716440,Llyn Fach,photo_gate,imgs_1
GB,TLL51,Central Valleys and Bridgend,lake,,5,4,wd:Q2564713,Llyn Fawr,photo_gate,imgs_3
GB,TLL51,Central Valleys and Bridgend,lake,,5,4,osm:w45853882,Hillsboro Place Car Park,photo_gate,imgs_0
GB,TLL51,Central Valleys and Bridgend,lake,,5,4,osm:w221819704,Pontsticill Reservoir,photo_gate,imgs_1
GB,TLN09,Ards and North Down,lake,,4,4,osm:w38425758,Hibernia Street North,photo_gate,imgs_1
GB,TLN09,Ards and North Down,lake,,4,4,osm:w326784393,Lough Cowey,photo_gate,imgs_2
GB,TLN09,Ards and North Down,lake,,4,4,osm:w625558777,Skippingstone Beach,photo_gate,imgs_0
GB,TLN09,Ards and North Down,lake,,4,4,osm:r19916229,Carrigullian Lough,photo_gate,imgs_0
GB,TLN0A,Derry City and Strabane,lake,,4,4,wd:Q3777215,Enagh Lough,photo_gate,imgs_1
GB,TLN0A,Derry City and Strabane,lake,,4,4,osm:w123524775,Lisnagelvin Sports Centre,photo_gate,imgs_0
GB,TLN0A,Derry City and Strabane,lake,,4,4,osm:r6993857,Lough Foyle,photo_gate,imgs_3
GB,TLN0A,Derry City and Strabane,lake,,4,4,osm:w123393073,Enagh Lough,photo_gate,imgs_1
GB,TLN0D,Antrim and Newtownabbey,lake,,4,4,wd:Q206942,Lough Neagh,photo_gate,imgs_3
GB,TLN0D,Antrim and Newtownabbey,lake,,4,4,osm:r1121118,Lough Neagh,photo_gate,imgs_2
GB,TLN0D,Antrim and Newtownabbey,lake,,4,4,osm:w215327731,Jordanstown Loughshore Car Park,photo_gate,imgs_2
GB,TLN0D,Antrim and Newtownabbey,lake,,4,4,osm:w1548187373,jordanstown beach,photo_gate,imgs_1
UA,UA-74538382B97836372307066,Kiliia,lake,,4,4,osm:r11533873,Mizhkolhospnyi Canal,photo_gate,imgs_0
UA,UA-74538382B97836372307066,Kiliia,lake,,4,4,osm:w288152451,Лісківський ставок №1,photo_gate,imgs_0
UA,UA-74538382B97836372307066,Kiliia,lake,,4,4,osm:w288152450,Лісківський ставок №4,photo_gate,imgs_0
UA,UA-74538382B97836372307066,Kiliia,lake,,4,4,osm:w27093314,Anakin Kut,photo_gate,imgs_0
MD,MD-MD-SV,Stefan Voda,lake,,4,4,osm:w28180627,Lake Hagilar,photo_gate,imgs_0
MD,MD-MD-SV,Stefan Voda,lake,,4,4,osm:w31763420,Lacul putred,photo_gate,imgs_0
MD,MD-MD-SV,Stefan Voda,lake,,4,4,osm:w28162035,Iazul Orășenesc,photo_gate,imgs_0
MD,MD-MD-CS,Causeni,lake,,4,4,osm:w291758859,Городской пляж,photo_gate,imgs_0
MD,MD-MD-CS,Causeni,lake,,4,4,osm:w368438794,Коровий пляж,photo_gate,imgs_0
MD,MD-MD-CS,Causeni,lake,,4,4,osm:w662375261,База отдыха «Сэнэтатя»,photo_gate,imgs_0
MD,MD-MD-CS,Causeni,lake,,4,4,osm:w961890606,Лагерь «Красная звезда»,photo_gate,imgs_0
MD,MD-MD-NI,Nisporeni,lake,,4,4,osm:w24465235,Maiac,photo_gate,imgs_0
MD,MD-MD-NI,Nisporeni,lake,,4,4,osm:w906753945,Baza de odihnă „La Praf”,photo_gate,imgs_0
MD,MD-MD-NI,Nisporeni,lake,,4,4,osm:w664861617,Iazul Băcșeni,photo_gate,imgs_0
MD,MD-MD-NI,Nisporeni,lake,,4,4,osm:w180058665,Iazul Chilișoaia,photo_gate,imgs_0
MD,MD-MD-TE,Telenesti,lake,,4,4,osm:w93799425,Lacul de acumulare „Verejeni”,photo_gate,imgs_0
MD,MD-MD-TE,Telenesti,lake,,4,4,osm:w1336494735,Pensiunea „Trei Păstori”,photo_gate,imgs_0
MD,MD-MD-TE,Telenesti,lake,,4,4,osm:w116107713,Lacul de acumulare „Ghiliceni”,photo_gate,imgs_0
MD,MD-MD-TE,Telenesti,lake,,4,4,osm:w116107712,Lacul de acumulare „Mîndrești”,photo_gate,imgs_0
MD,MD-MD-FL,Floresti,lake,,4,4,osm:r15477095,Raut,photo_gate,imgs_0
MD,MD-MD-FL,Floresti,lake,,4,4,osm:r15479161,Raut,photo_gate,imgs_0
MD,MD-MD-FL,Floresti,lake,,4,4,osm:r15477096,Raut,photo_gate,imgs_1
MD,MD-MD-FL,Floresti,lake,,4,4,osm:w111206516,Iazul Coșernița,photo_gate,imgs_0
AD,AD-AD-02,Canillo,lake,,4,4,wd:Q11979432,Estanys de Juclar,photo_gate,imgs_2
AD,AD-AD-02,Canillo,lake,,4,4,wd:Q21329237,Estany de les Canals Roges,photo_gate,imgs_3
AD,AD-AD-02,Canillo,lake,,4,4,wd:Q21330594,Estany de Baix,photo_gate,imgs_1
AD,AD-AD-02,Canillo,lake,,4,4,wd:Q21329944,Estany dels Meners de la Coma,photo_gate,imgs_4
AL,AL013,Kukës,lake,,5,3,wd:Q6475581,Lake Dash,photo_gate,imgs_5
AL,AL013,Kukës,lake,,5,3,wd:Q140373290,Qarr Water Reservoir,photo_gate,imgs_1
AL,AL013,Kukës,lake,,5,3,wd:Q117126835,Letaj Water Reservoir,photo_gate,imgs_2
AL,AL031,Berat,lake,,3,3,wd:Q22007658,Ujembledhesi i Sadovices,photo_gate,imgs_3
AL,AL031,Berat,lake,,3,3,wd:Q22009787,Ujembledhesi i Mbreshtanit,photo_gate,imgs_0
AL,AL031,Berat,lake,,3,3,wd:Q22008157,Ujembledhesi i Belesoves,photo_gate,imgs_0
AL,AL034,Korcë,lake,,3,3,osm:w913037175,Park Aleksander,photo_gate,imgs_0
AL,AL034,Korcë,lake,,3,3,osm:w696944270,Camping Beach Erlin,photo_gate,imgs_0
AL,AL034,Korcë,lake,,3,3,osm:w1101726265,Erlin,photo_gate,imgs_0
BE,BE32B,Arr. Charleroi,lake,,3,3,osm:w229976509,Lac de Godarville,photo_gate,imgs_1
BE,BE32B,Arr. Charleroi,lake,,3,3,osm:w368803395,Piscine communale de Chapelle-lez-Herlaimont,photo_gate,imgs_0
BE,BE32B,Arr. Charleroi,lake,,3,3,osm:w1359167354,Piscine Hissého,photo_gate,imgs_1
AT,AT113,Südburgenland,lake,,5,3,wd:Q108615941,Badesee Burg,photo_gate,imgs_2
AT,AT113,Südburgenland,lake,,5,3,osm:w30336183,Badesee,photo_gate,imgs_0
AT,AT113,Südburgenland,lake,,5,3,osm:w25343676,Freibad,photo_gate,imgs_1
AT,AT122,Niederösterreich-Süd,lake,,4,3,wd:Q117021433,"Achtersee, Wiener Neustadt",photo_gate,imgs_4
AT,AT122,Niederösterreich-Süd,lake,,4,3,osm:w30511229,"Zillingdorfer See, Bruch 1",photo_gate,imgs_0
AT,AT122,Niederösterreich-Süd,lake,,4,3,osm:w62190788,Knollteich,photo_gate,imgs_1
AT,AT311,Innviertel,lake,,5,3,wd:Q1607811,Heratinger See,photo_gate,imgs_3
AT,AT311,Innviertel,lake,,5,3,wd:Q1644057,Höllerersee,photo_gate,imgs_3
AT,AT311,Innviertel,lake,,5,3,osm:w115782436,Camping Seewirt,photo_gate,imgs_0
AT,AT211,Klagenfurt-Villach,lake,,10,3,wd:Q595522,Faaker See,photo_gate,imgs_3
AT,AT211,Klagenfurt-Villach,lake,,10,3,wd:Q2133487,Rauschelesee,photo_gate,imgs_3
AT,AT211,Klagenfurt-Villach,lake,,10,3,wd:Q812702,Baßgeigensee,photo_gate,imgs_1
AT,AT213,Unterkärnten,lake,,6,3,wd:Q687150,Klopeiner See,photo_gate,imgs_3
AT,AT213,Unterkärnten,lake,,6,3,wd:Q38251439,Soboth Reservoir,photo_gate,imgs_3
AT,AT213,Unterkärnten,lake,,6,3,wd:Q876658,Gösselsdorfer See,photo_gate,imgs_3
AT,AT334,Tiroler Oberland,lake,,6,3,wd:Q1658291,Pipurger Speicher,photo_gate,imgs_3
AT,AT334,Tiroler Oberland,lake,,6,3,wd:Q21034656,Drachensee,photo_gate,imgs_3
AT,AT334,Tiroler Oberland,lake,,6,3,wd:Q449184,Gepatschspeicher,photo_gate,imgs_5
AT,AT341,Bludenz-Bregenzer Wald,lake,,7,3,wd:Q15907147,Kalbelesee,photo_gate,imgs_2
AT,AT341,Bludenz-Bregenzer Wald,lake,,7,3,wd:Q877073,Körbersee,photo_gate,imgs_1
AT,AT341,Bludenz-Bregenzer Wald,lake,,7,3,wd:Q1621639,Hochalpsee,photo_gate,imgs_1
AT,AT342,Rheintal-Bodenseegebiet,lake,,8,3,osm:w162016922,Seecamping Bregenz,photo_gate,imgs_2
AT,AT342,Rheintal-Bodenseegebiet,lake,,8,3,osm:w83209979,Seecamping,photo_gate,imgs_0
AT,AT342,Rheintal-Bodenseegebiet,lake,,8,3,osm:w590770289,Hörnlebad,photo_gate,imgs_0
BE,BE310,Arr. Nivelles,lake,,4,3,osm:w23089469,Étang de Renipont,photo_gate,imgs_0
BE,BE310,Arr. Nivelles,lake,,4,3,osm:w464561552,Plage de Rénipont,photo_gate,imgs_0
BE,BE310,Arr. Nivelles,lake,,4,3,wd:Q764863,Lake Genval,photo_gate,imgs_3
BE,BE323,Arr. Mons,lake,,5,3,osm:w105842411,LAGO Mons,photo_gate,imgs_1
BE,BE323,Arr. Mons,lake,,5,3,osm:w229934632,Boussu City Swimming Pool,photo_gate,imgs_1
BE,BE323,Arr. Mons,lake,,5,3,osm:w830286651,Parking de la Maison Quevy,photo_gate,imgs_0
BE,BE231,Arr. Aalst,lake,,3,3,osm:w572466883,Gaverplas,photo_gate,imgs_0
BE,BE231,Arr. Aalst,lake,,3,3,osm:w186004561,Domein de Gavers,photo_gate,imgs_0
BE,BE231,Arr. Aalst,lake,,3,3,osm:w572466882,Poelaertplas,photo_gate,imgs_0
BE,BE232,Arr. Dendermonde,lake,,4,3,osm:w1080000418,Zwemvijver Nieuwdonk,photo_gate,imgs_0
BE,BE232,Arr. Dendermonde,lake,,4,3,osm:w483244329,Schelde,photo_gate,imgs_2
BE,BE232,Arr. Dendermonde,lake,,4,3,osm:w100394848,Binnenzwembad De Warande,photo_gate,imgs_1
BE,BE241,Arr. Halle-Vilvoorde,lake,,3,3,osm:w1531233092,ijsestrand,photo_gate,imgs_0
BE,BE241,Arr. Halle-Vilvoorde,lake,,3,3,osm:w95046579,Begijntjesbad,photo_gate,imgs_0
BE,BE241,Arr. Halle-Vilvoorde,lake,,3,3,osm:w34301080,Strandzone,photo_gate,imgs_0
BE,BE252,Arr. Diksmuide,lake,,3,3,osm:w644533680,Centrumparking Station,photo_gate,imgs_0
BE,BE252,Arr. Diksmuide,lake,,3,3,osm:w1193920072,De Pluimen,photo_gate,imgs_0
BE,BE252,Arr. Diksmuide,lake,,3,3,osm:w151075570,De Kupe,photo_gate,imgs_0
BE,BE336,Bezirk Verviers — Deutschsprachige Gemeinschaft,lake,,3,3,wd:Q470432,Lake Bütgenbach,photo_gate,imgs_2
BE,BE336,Bezirk Verviers — Deutschsprachige Gemeinschaft,lake,,3,3,osm:r6710464,Etangs de Recht,photo_gate,imgs_0
BE,BE336,Bezirk Verviers — Deutschsprachige Gemeinschaft,lake,,3,3,osm:w1531906881,Zone de baignade des Étangs de Recht,photo_gate,imgs_0
BE,BE344,Arr. Neufchâteau,lake,,4,3,osm:w1531930843,Plage de Herbeumont,photo_gate,imgs_0
BE,BE344,Arr. Neufchâteau,lake,,4,3,osm:w185082643,Sport Camp,photo_gate,imgs_0
BE,BE344,Arr. Neufchâteau,lake,,4,3,osm:w1531906885,Zone de baignade du Pont de la Poulie,photo_gate,imgs_0
BE,BE352,Arr. Namur,lake,,3,3,wd:Q660847,Meer van Bambois,photo_gate,imgs_3
BE,BE352,Arr. Namur,lake,,3,3,osm:w112871512,Plage du Lac de Bambois,photo_gate,imgs_0
BE,BE352,Arr. Namur,lake,,3,3,osm:w114467947,Le Bambois,photo_gate,imgs_0
BE,BE32D,Arr. Thuin,lake,,5,3,wd:Q21771830,Lac de la Plate Taille,photo_gate,imgs_3
BE,BE32D,Arr. Thuin,lake,,5,3,osm:w293534598,Zone de baignade du Lac de la Plate Taille,photo_gate,imgs_0
BE,BE32D,Arr. Thuin,lake,,5,3,osm:w837396727,Centre Aquatique des Haies,photo_gate,imgs_1
BG,BG325,Silistra,lake,,3,3,osm:w25238848,езеро Малък Преславец,photo_gate,imgs_0
BG,BG325,Silistra,lake,,3,3,wd:Q12294882,Srebarna lake,floor_pool,score_4.2_below_5.4
BG,BG325,Silistra,lake,,3,3,osm:w25238848,езеро Малък Преславец,photo_gate,imgs_0
BG,BG324,Razgrad,lake,,3,3,osm:w25222630,яз. Пчелина 2,photo_gate,imgs_0
BG,BG324,Razgrad,lake,,3,3,osm:w25222317,яз. Пчелина,photo_gate,imgs_0
BG,BG324,Razgrad,lake,,3,3,wd:Q12273102,Beli Lom,photo_gate,imgs_0
BG,BG342,Sliven,lake,,3,3,wd:Q12280199,Zhrebchevo Reservoir,photo_gate,imgs_2
BG,BG342,Sliven,lake,,3,3,wd:Q20499348,Асеновец,photo_gate,imgs_0
BG,BG342,Sliven,lake,,3,3,osm:w25220292,яз. Асеновец,photo_gate,imgs_0
BG,BG411,Sofia (stolitsa),lake,,6,3,wd:Q655144,Lake Ariana,photo_gate,imgs_4
BG,BG411,Sofia (stolitsa),lake,,6,3,wd:Q20498888,Дружбенско езеро,photo_gate,imgs_5
BG,BG411,Sofia (stolitsa),lake,,6,3,osm:w65136861,Dianabad Swimming pool,photo_gate,imgs_0
BG,BG333,Shumen,lake,,4,3,wd:Q113130919,Lake Shumen,photo_gate,imgs_0
BG,BG333,Shumen,lake,,4,3,osm:w258500562,"спортен комплекс, плувен басейн",photo_gate,imgs_0
BG,BG333,Shumen,lake,,4,3,osm:w211174005,Драгоево,photo_gate,imgs_0
CH,CH023,Solothurn,lake,,3,3,osm:w49588395,TCS Camping zum Muttenhof,photo_gate,imgs_0
CH,CH023,Solothurn,lake,,3,3,osm:r60624,Aare,photo_gate,imgs_2
CH,CH023,Solothurn,lake,,3,3,osm:w576341929,Lido,photo_gate,imgs_0
CH,CH025,Jura,lake,,3,3,osm:w238014463,La Grande Écluse,photo_gate,imgs_0
CH,CH025,Jura,lake,,3,3,osm:w962826282,Prés-Roses,photo_gate,imgs_0
CH,CH025,Jura,lake,,3,3,osm:w140699593,Camping du Moulin du Doubs,photo_gate,imgs_0
CH,CH056,Graubünden / Grigioni / Grischun,lake,,11,3,osm:w135932004,Partnunsee,photo_gate,imgs_3
CH,CH056,Graubünden / Grigioni / Grischun,lake,,11,3,osm:w380364588,Speichersee Viderjoch,photo_gate,imgs_2
CH,CH056,Graubünden / Grigioni / Grischun,lake,,11,3,osm:r12261717,Schottensee,photo_gate,imgs_0
CH,CH051,Glarus,lake,,4,3,wd:Q663078,Oberblegisee,photo_gate,imgs_3
CH,CH051,Glarus,lake,,4,3,wd:Q671751,Obersee,floor_pool,score_5.1_below_5.4
CH,CH051,Glarus,lake,,4,3,wd:Q2443989,Torfstichsee,photo_gate,imgs_4
CH,CH070,Ticino,lake,,10,3,wd:Q3825560,Laghetto,photo_gate,imgs_2
CH,CH070,Ticino,lake,,10,3,wd:Q870247,Lago Tremorgio,photo_gate,imgs_3
CH,CH070,Ticino,lake,,10,3,wd:Q680999,Lago Ritom,floor_pool,score_5.1_below_5.4
DE,DE111,"Stuttgart, Stadtkreis",lake,,3,3,wd:Q1912029,Max-Eyth-See,photo_gate,imgs_3
DE,DE111,"Stuttgart, Stadtkreis",lake,,3,3,wd:Q32004296,Feuersee,photo_gate,imgs_2
DE,DE113,Esslingen,lake,,3,3,osm:w28536393,Aileswasensee,photo_gate,imgs_1
DE,DE113,Esslingen,lake,,3,3,osm:w10522538,FKK-Strand,photo_gate,imgs_0
DE,DE116,Rems-Murr-Kreis,lake,,3,3,osm:w4768628,Aichstruter Stausee,photo_gate,imgs_1
DE,DE116,Rems-Murr-Kreis,lake,,3,3,osm:w975411021,Badestelle Plüderhäuser See,photo_gate,imgs_0
DE,DE11A,Schwäbisch Hall,lake,,3,3,osm:w24293193,Degenbachsee,photo_gate,imgs_0
DE,DE11A,Schwäbisch Hall,lake,,3,3,osm:w32391950,Diebach-Stausee,photo_gate,imgs_0
DE,DE11B,Main-Tauber-Kreis,lake,,3,3,osm:w24614746,Badesee,photo_gate,imgs_0
DE,DE11B,Main-Tauber-Kreis,lake,,3,3,osm:w367877445,Badezone,photo_gate,imgs_0
DE,DE11C,Heidenheim,lake,,3,3,osm:w26208538,Bergbad,photo_gate,imgs_0
DE,DE11C,Heidenheim,lake,,3,3,wd:Q32062759,Itzelberger See,photo_gate,imgs_2
DE,DE121,"Baden-Baden, Stadtkreis",lake,,3,3,osm:w804568211,Strandbad Sandweier,photo_gate,imgs_3
DE,DE121,"Baden-Baden, Stadtkreis",lake,,3,3,osm:w232834716,Kühlsee,photo_gate,imgs_0
DE,DE13A,Waldshut,lake,,5,3,osm:w1064084816,MSSC Brennet e.V.,photo_gate,imgs_1
DE,DE13A,Waldshut,lake,,5,3,osm:w320417138,Parkplatz Freibad Reckingen,photo_gate,imgs_0
DE,DE13A,Waldshut,lake,,5,3,osm:w54059373,Laufen,photo_gate,imgs_0
DE,DE142,"Tübingen, Landkreis",lake,,3,3,osm:r49316,Baggersee Epple Kirchentellinsfurt,photo_gate,imgs_2
DE,DE142,"Tübingen, Landkreis",lake,,3,3,osm:w53481384,Baggersee Kirchentellinsfurt,photo_gate,imgs_0
DE,DE12B,Enzkreis,lake,,3,3,osm:w975675188,Badesee Tiefer See,photo_gate,imgs_1
DE,DE12B,Enzkreis,lake,,3,3,wd:Q300909,Aalkistensee,photo_gate,imgs_3
DE,DE12C,Freudenstadt,lake,,3,3,wd:Q1298761,Glaswaldsee,photo_gate,imgs_1
DE,DE12C,Freudenstadt,lake,,3,3,wd:Q2570882,Wildsee,photo_gate,imgs_2
DE,DEB24,Vulkaneifel,lake,,5,3,wd:Q1317765,Pulvermaar,photo_gate,imgs_3
DE,DEB14,Bad Kreuznach,lake,,3,3,osm:w94443424,Thermalfreibad Rheingrafenstein,photo_gate,imgs_2
DE,DEB14,Bad Kreuznach,lake,,3,3,osm:w528121934,Nahe-Alsenz-Eck,photo_gate,imgs_2
DE,DEB17,Mayen-Koblenz,lake,,4,3,osm:w373176950,Waldsee Rieden,photo_gate,imgs_2
DE,DEB18,Neuwied,lake,,3,3,osm:w87612031,Blauer See,photo_gate,imgs_0
DE,DEB18,Neuwied,lake,,3,3,osm:w184575389,Forum Vettelschoß,photo_gate,imgs_0
DE,DEB1A,Rhein-Lahn-Kreis,lake,,3,3,osm:w17194701,Baggersee Diez,photo_gate,imgs_1
DE,DEB1A,Rhein-Lahn-Kreis,lake,,3,3,osm:w319216411,Freibad Birlenbach,photo_gate,imgs_0
DE,DEB3C,Bad Dürkheim,lake,,3,3,osm:w1349712531,Almensee,photo_gate,imgs_0
DE,DEB3C,Bad Dürkheim,lake,,3,3,wd:Q1671848,Ungeheuersee,photo_gate,imgs_3
DE,DEB1D,Rhein-Hunsrück-Kreis,lake,,3,3,osm:w660954915,Naturfreibad Simmern,photo_gate,imgs_2
DE,DEB1D,Rhein-Hunsrück-Kreis,lake,,3,3,osm:w83714170,Brühlplatz,photo_gate,imgs_0
DE,DEB22,Bernkastel-Wittlich,lake,,3,3,wd:Q119839,Windsborn Crater Lake,photo_gate,imgs_1
DE,DEB22,Bernkastel-Wittlich,lake,,3,3,wd:Q1916844,Meerfelder Maar,photo_gate,imgs_2
DE,DEA2B,Rheinisch-Bergischer Kreis,lake,,4,3,osm:w230385303,FSG Lichtkreis Köln e.V.,photo_gate,imgs_0
DE,DE944,"Osnabrück, Kreisfreie Stadt",lake,,3,3,osm:w7808970,Attersee,photo_gate,imgs_1
DE,DE944,"Osnabrück, Kreisfreie Stadt",lake,,3,3,wd:Q1714738,Rubbenbruchsee,photo_gate,imgs_1
DE,DE945,"Wilhelmshaven, Kreisfreie Stadt",lake,,4,3,,,,
DE,DEC01,Regionalverband Saarbrücken,lake,,3,3,osm:w402098676,Freibad Kleinblittersdorf,photo_gate,imgs_1
DE,DEC01,Regionalverband Saarbrücken,lake,,3,3,osm:w62114527,Erlebnisbad Köllerbachtal,photo_gate,imgs_0
DE,DEC01,Regionalverband Saarbrücken,lake,,3,3,osm:w198967897,Mühlenwaldweiher,photo_gate,imgs_1
DE,DEC04,Saarlouis,lake,,3,3,osm:w65710637,Campingplatz Ensdorf,photo_gate,imgs_2
DE,DEC04,Saarlouis,lake,,3,3,osm:r1240619,Pachtener Ökosee,photo_gate,imgs_1
DE,DEA31,"Bottrop, Kreisfreie Stadt",lake,,3,3,osm:w563712780,Hallenbad Kirchhellen,photo_gate,imgs_0
DE,DEA31,"Bottrop, Kreisfreie Stadt",lake,,3,3,osm:w191051113,Hallenbad Boy/Welheim,photo_gate,imgs_0
DE,DEC05,Saarpfalz-Kreis,lake,,3,3,osm:w49753804,Campingplatz Walsheim,photo_gate,imgs_0
DE,DEC05,Saarpfalz-Kreis,lake,,3,3,osm:w27568593,Niederwürzbacher Weiher,floor_pool,score_4.6_below_5.4
DE,DED21,"Dresden, Kreisfreie Stadt",lake,,4,3,,,,
DE,DE94F,Vechta,lake,,3,3,osm:w60094162,Heidesee,photo_gate,imgs_2
DE,DE94F,Vechta,lake,,3,3,osm:w13241157,Hartensbergsee,photo_gate,imgs_1
DE,DE94G,Wesermarsch,lake,,3,3,osm:w168818103,Campingplatz Nordseeblick,photo_gate,imgs_0
DE,DE94G,Wesermarsch,lake,,3,3,osm:w168830152,KNAUS Campingpark,photo_gate,imgs_0
DE,DEA43,Herford,lake,,3,3,osm:w19596216,Bootshafen,photo_gate,imgs_0
DE,DEA43,Herford,lake,,3,3,wd:Q1652081,Hücker Moor,photo_gate,imgs_3
DE,DEA51,"Bochum, Kreisfreie Stadt",lake,,3,3,osm:r73808,Lake of Kemnade,photo_gate,imgs_2
DE,DEA51,"Bochum, Kreisfreie Stadt",lake,,3,3,osm:w118332292,Hallenbad Langendreer,photo_gate,imgs_2
DE,DEA54,"Hamm, Kreisfreie Stadt",lake,,3,3,osm:w113686461,Haarener Baggersee,photo_gate,imgs_0
DE,DEA54,"Hamm, Kreisfreie Stadt",lake,,3,3,osm:w113686470,Ausweichparkplatz Wasserski Hamm,photo_gate,imgs_1
DE,DEA24,"Leverkusen, Kreisfreie Stadt",lake,,4,3,osm:w10316953,Großer Silbersee,photo_gate,imgs_0
DE,DE733,Hersfeld-Rotenburg,lake,,3,3,osm:r2324518,Breitenbacher See,photo_gate,imgs_0
DE,DE733,Hersfeld-Rotenburg,lake,,3,3,osm:r3205818,Ibrastausee,photo_gate,imgs_1
DE,DE734,"Kassel, Landkreis",lake,,3,3,osm:w1539020322,Naturerlebnisbad Niestetal,photo_gate,imgs_0
DE,DE734,"Kassel, Landkreis",lake,,3,3,wd:Q1311781,Stellbergsee,photo_gate,imgs_2
DE,DE226,Kelheim,lake,,3,3,osm:w29934864,Badesee St. Agatha,photo_gate,imgs_1
DE,DE226,Kelheim,lake,,3,3,osm:r17072120,Mauerner See,photo_gate,imgs_0
DE,DE227,"Landshut, Landkreis",lake,,3,3,osm:r2252393,Stausee Altheim,photo_gate,imgs_0
DE,DE227,"Landshut, Landkreis",lake,,3,3,osm:w25195291,Badesee Haselfurth,photo_gate,imgs_0
DE,DE228,"Passau, Landkreis",lake,,6,3,osm:w111737810,Freibad Obernzell,photo_gate,imgs_1
DE,DE228,"Passau, Landkreis",lake,,6,3,osm:w111738362,Campingplatz/Bootshafen Obernzell,photo_gate,imgs_1
DE,DE737,Werra-Meißner-Kreis,lake,,3,3,wd:Q121583,Grüner See,photo_gate,imgs_2
DE,DE737,Werra-Meißner-Kreis,lake,,3,3,wd:Q1451447,Frau-Holle-Teich,photo_gate,imgs_3
DE,DE232,"Regensburg, Kreisfreie Stadt",lake,,3,3,osm:w176431514,AZUR Camping Regensburg,photo_gate,imgs_2
DE,DE232,"Regensburg, Kreisfreie Stadt",lake,,3,3,wd:Q55838910,Baggerweiher,photo_gate,imgs_1
DE,DE259,Nürnberger Land,lake,,3,3,osm:w143184791,Großer Birkensee,photo_gate,imgs_3
DE,DE259,Nürnberger Land,lake,,3,3,osm:w5121286,Happurger Stausee,photo_gate,imgs_3
DE,DE213,"Rosenheim, Kreisfreie Stadt",lake,,3,3,osm:r17924797,Happinger Ausee,photo_gate,imgs_0
DE,DE213,"Rosenheim, Kreisfreie Stadt",lake,,3,3,osm:w8014977,Happinger See,photo_gate,imgs_0
DE,DE216,Bad Tölz-Wolfratshausen,lake,,6,3,osm:w111455979,Schlossweiher/Hohenburger Weiher,photo_gate,imgs_1
DE,DE217,Dachau,lake,,3,3,osm:w159088629,Karlsfelder See,photo_gate,imgs_1
DE,DE217,Dachau,lake,,3,3,osm:w96574521,Froschteich,photo_gate,imgs_0
DE,DE711,"Darmstadt, Kreisfreie Stadt",lake,,3,3,osm:w116456171,Arheilger Mühlchen,photo_gate,imgs_1
DE,DE711,"Darmstadt, Kreisfreie Stadt",lake,,3,3,wd:Q1549099,Großer Woog,photo_gate,imgs_2
DE,DE713,"Offenbach am Main, Kreisfreie Stadt",lake,,3,3,osm:w9617755,Schultheis-Weiher,photo_gate,imgs_0
DE,DE713,"Offenbach am Main, Kreisfreie Stadt",lake,,3,3,osm:w4858403,Offenbacher Mainbogen,photo_gate,imgs_0
DE,DE714,"Wiesbaden, Kreisfreie Stadt",lake,,3,3,osm:w1443103509,Altes Maindelta-Maararm,photo_gate,imgs_1
DE,DE714,"Wiesbaden, Kreisfreie Stadt",lake,,3,3,osm:w27085422,Löwenterrasse,photo_gate,imgs_0
DE,DE266,Rhön-Grabfeld,lake,,3,3,wd:Q1456098,Frickenhäuser See,photo_gate,imgs_1
DE,DE266,Rhön-Grabfeld,lake,,3,3,osm:w37858275,Badesee Sulzfeld,photo_gate,imgs_1
DE,DE21D,Garmisch-Partenkirchen,lake,,6,3,osm:r2557199,Lautersee,floor_pool,score_5.1_below_5.4
DE,DE21D,Garmisch-Partenkirchen,lake,,6,3,osm:w35147654,Pflegersee,photo_gate,imgs_1
DE,DE21D,Garmisch-Partenkirchen,lake,,6,3,osm:w543579017,Strandbad Pflegersee,photo_gate,imgs_0
DE,DE21H,"München, Landkreis",lake,,4,3,wd:Q1595871,Heimstettener See,photo_gate,imgs_3
DE,DE247,"Coburg, Landkreis",lake,,3,3,osm:w576241622,Camping Sonnland,photo_gate,imgs_0
DE,DE247,"Coburg, Landkreis",lake,,3,3,osm:w148242085,Bademehr Familienbad,photo_gate,imgs_0
DE,DE21L,Starnberg,lake,,5,3,wd:Q180006,Pilsensee,photo_gate,imgs_5
DE,DE24B,Kulmbach,lake,,3,3,osm:r3073,Trebgaster Badesee,photo_gate,imgs_1
DE,DE24B,Kulmbach,lake,,3,3,osm:w39791658,Weiherweg,photo_gate,imgs_0
DE,DE723,Limburg-Weilburg,lake,,3,3,osm:w47400919,Camping Odersbach,photo_gate,imgs_1
DE,DE723,Limburg-Weilburg,lake,,3,3,osm:w600273209,Camping Resort,photo_gate,imgs_0
DE,DE724,Marburg-Biedenkopf,lake,,3,3,osm:w495836807,Hotsport Seepark,photo_gate,imgs_2
DE,DE724,Marburg-Biedenkopf,lake,,3,3,osm:r8898569,Weimarer See,photo_gate,imgs_0
DE,DE221,"Landshut, Kreisfreie Stadt",lake,,3,3,osm:r2906280,Badesee Gretlmühle,photo_gate,imgs_0
DE,DE221,"Landshut, Kreisfreie Stadt",lake,,3,3,osm:w25336271,Lanzinger Weiher,photo_gate,imgs_0
DE,DE252,"Erlangen, Kreisfreie Stadt",lake,,3,3,wd:Q1181824,Großer Bischofsweiher,photo_gate,imgs_3
DE,DE252,"Erlangen, Kreisfreie Stadt",lake,,3,3,osm:w29998686,Giesbethweiher,photo_gate,imgs_0
DE,DE254,"Nürnberg, Kreisfreie Stadt",lake,,3,3,wd:Q2596362,Wöhrder See,photo_gate,imgs_3
DE,DE254,"Nürnberg, Kreisfreie Stadt",lake,,3,3,osm:w1192228765,Norikusbucht,photo_gate,imgs_0
DE,DE27A,Lindau (Bodensee),lake,,3,3,osm:w36051701,Park-Camping Lindau,photo_gate,imgs_3
DE,DE27A,Lindau (Bodensee),lake,,3,3,osm:w36051701,Park-Camping Lindau,photo_gate,imgs_3
DE,DE27A,Lindau (Bodensee),lake,,3,3,osm:w1414436702,Freie Uferstelle Maxkaserne,photo_gate,imgs_0
DE,DE225,Freyung-Grafenau,lake,,3,3,osm:w176018560,Knaus Campingpark Lackenhäuser,photo_gate,imgs_0
DE,DE225,Freyung-Grafenau,lake,,3,3,osm:w1359597543,Kreuzbachsee,photo_gate,imgs_0
DE,DE225,Freyung-Grafenau,lake,,3,3,osm:w94358952,Kreuzbachsee,photo_gate,imgs_0
GR,EL651,"Argolida, Arkadia",lake,,5,3,osm:w201565707,Psili Ammos beach,photo_gate,imgs_2
GR,EL651,"Argolida, Arkadia",lake,,5,3,osm:w376045509,Kondyli beach,photo_gate,imgs_2
GR,EL651,"Argolida, Arkadia",lake,,5,3,osm:w223123418,Παραλία Αρβανιτιά,photo_gate,imgs_0
GR,EL652,Korinthia,lake,,4,3,wd:Q14752068,Λίμνη Βουλιαγμένη,photo_gate,imgs_5
GR,EL652,Korinthia,lake,,4,3,wd:Q1251026,Lake Stymphalia,photo_gate,imgs_3
GR,EL652,Korinthia,lake,,4,3,osm:w702043307,Κοκκώσι,photo_gate,imgs_0
DE,DEG0J,Saale-Holzland-Kreis,lake,,3,3,osm:w114563760,Freibad Stadtroda,photo_gate,imgs_3
DE,DEG0J,Saale-Holzland-Kreis,lake,,3,3,osm:w31325104,Schützenhaus/Freibad,photo_gate,imgs_0
GR,EL307,"Peiraias, Nisoi",lake,,4,3,wd:Q122260801,Lekani,photo_gate,imgs_1
GR,EL307,"Peiraias, Nisoi",lake,,4,3,osm:w519985348,Dragonera Beach,photo_gate,imgs_0
GR,EL307,"Peiraias, Nisoi",lake,,4,3,osm:w614051704,Μαρίνα Σουβάλας,photo_gate,imgs_0
DE,DEG0U,Saalfeld-Rudolstadt,lake,,4,3,osm:w118761307,Hohenwarte-Stausee,photo_gate,imgs_3
GR,EL542,Thesprotia,lake,,3,3,osm:w770901392,Camping Kalami Beach,photo_gate,imgs_0
GR,EL542,Thesprotia,lake,,3,3,osm:w137438834,Mikri Ammos,photo_gate,imgs_0
GR,EL542,Thesprotia,lake,,3,3,osm:w224769871,Zavia,photo_gate,imgs_0
DE,DEG0V,Sonneberg,lake,,3,3,osm:w34123571,Markt,photo_gate,imgs_1
DE,DEG0V,Sonneberg,lake,,3,3,osm:w34131543,Naturbad Bernhardsthal,photo_gate,imgs_0
GR,EL513,Rodopi,lake,,3,3,osm:w165937118,Δημοτικό Κάμπινγκ,photo_gate,imgs_0
GR,EL513,Rodopi,lake,,3,3,wd:Q25122897,Xirolimni Lake,photo_gate,imgs_0
GR,EL513,Rodopi,lake,,3,3,osm:w863250309,Scout camp 'Alkion',photo_gate,imgs_0
GR,EL514,Drama,lake,,3,3,osm:w185529618,Κολυμβητήριο Δράμας,photo_gate,imgs_0
GR,EL514,Drama,lake,,3,3,wd:Q15057367,Thisavros lake,photo_gate,imgs_1
GR,EL514,Drama,lake,,3,3,wd:Q12880043,Platanovrysi lake,photo_gate,imgs_0
GR,EL515,"Thasos, Kavala",lake,,3,3,osm:w303943759,Batis,photo_gate,imgs_0
GR,EL515,"Thasos, Kavala",lake,,3,3,osm:w294883140,Camping Pefkari Beach,photo_gate,imgs_0
GR,EL515,"Thasos, Kavala",lake,,3,3,osm:w231596084,Ραψάνη,photo_gate,imgs_0
GR,EL521,Imathia,lake,,3,3,wd:Q15057364,Lake Asomaton,photo_gate,imgs_2
GR,EL521,Imathia,lake,,3,3,wd:Q12880049,Λίμνη Σφηκιά,photo_gate,imgs_0
GR,EL521,Imathia,lake,,3,3,wd:Q122310214,Sfikia,photo_gate,imgs_0
DE,DEG06,Eichsfeld,lake,,3,3,osm:w799354451,Am Freibad,photo_gate,imgs_0
DE,DEG06,Eichsfeld,lake,,3,3,osm:w50459400,Am Vitalpark,photo_gate,imgs_0
GR,EL523,Kilkis,lake,,3,3,wd:Q8427831,Lake Pikrolimni,photo_gate,imgs_3
GR,EL523,Kilkis,lake,,3,3,osm:r2913208,Axios,photo_gate,imgs_0
GR,EL523,Kilkis,lake,,3,3,wd:Q15057378,Mine Lake,photo_gate,imgs_3
DE,DEG0A,Kyffhäuserkreis,lake,,3,3,osm:w304488517,Seecamping Kelbra,photo_gate,imgs_2
DE,DEG0A,Kyffhäuserkreis,lake,,3,3,osm:w296371181,Badeteich,photo_gate,imgs_0
GR,EL525,Pieria,lake,,4,3,osm:w687590534,Paralia,photo_gate,imgs_3
GR,EL525,Pieria,lake,,4,3,osm:w160895840,Olympic Beach,photo_gate,imgs_2
GR,EL525,Pieria,lake,,4,3,osm:w1117096092,Camping Gold Beach,photo_gate,imgs_1
GR,EL306,Dytiki Attiki,lake,,3,3,osm:w100003490,Kineta's Beach,photo_gate,imgs_3
GR,EL306,Dytiki Attiki,lake,,3,3,osm:w294123442,Psatha,photo_gate,imgs_1
GR,EL306,Dytiki Attiki,lake,,3,3,osm:w362625307,Παραλία Πόρτο Γερμενό,photo_gate,imgs_0
DE,DEG0E,Hildburghausen,lake,,3,3,osm:r5219723,Talsperre Ratscher,photo_gate,imgs_3
DE,DEG0E,Hildburghausen,lake,,3,3,osm:w52349708,"Campingplatz ""Bergsee Ratscher""",photo_gate,imgs_3
FR,FR107,Val-de-Marne,lake,,4,3,wd:Q3215430,Lac de Créteil,photo_gate,imgs_2
FR,FR107,Val-de-Marne,lake,,4,3,osm:r10837211,La Seine,photo_gate,imgs_3
FR,FR107,Val-de-Marne,lake,,4,3,osm:w66154451,Piscine municipale Jean Andrieu,photo_gate,imgs_0
HR,HR032,Ličko-senjska županija,lake,,6,3,wd:Q3541891,Ciginovac,photo_gate,imgs_3
HR,HR032,Ličko-senjska županija,lake,,6,3,wd:Q16110792,Veliki Burget,photo_gate,imgs_3
HR,HR032,Ličko-senjska županija,lake,,6,3,wd:Q7210399,Galovac,photo_gate,imgs_5
HR,HR035,Splitsko-dalmatinska županija,lake,,6,3,osm:w397083675,Matejuška,photo_gate,imgs_2
HR,HR035,Splitsko-dalmatinska županija,lake,,6,3,osm:w181351754,Banj,photo_gate,imgs_0
HR,HR035,Splitsko-dalmatinska županija,lake,,6,3,osm:w1029042526,Relax Pool,photo_gate,imgs_0
HR,HR024,Brodsko-posavska županija,lake,,3,3,osm:w79581953,Poloj,photo_gate,imgs_3
HR,HR024,Brodsko-posavska županija,lake,,3,3,osm:w241625214,Bazeni Slavonski Brod,photo_gate,imgs_3
HR,HR024,Brodsko-posavska županija,lake,,3,3,wd:Q7178471,Petnja,photo_gate,imgs_2
FR,FRJ14,Lozère,lake,,6,3,wd:Q3215442,Lac de Ganivet,photo_gate,imgs_1
FR,FRJ14,Lozère,lake,,6,3,wd:Q3215414,Lac de Charpal,photo_gate,imgs_2
FR,FRJ14,Lozère,lake,,6,3,wd:Q3215536,Lac de Saint-Andéol,photo_gate,imgs_2
IT,ITH54,Modena,lake,,3,3,wd:Q3825877,Lago della Ninfa,photo_gate,imgs_2
IT,ITH54,Modena,lake,,3,3,osm:w131471742,"Parcheggio ""Lavabo""",photo_gate,imgs_0
IT,ITH54,Modena,lake,,3,3,wd:Q3825783,Lago Scaffaiolo,photo_gate,imgs_3
IT,ITH10,Bolzano-Bozen,lake,,10,3,osm:w144311755,Waldner See - Lago della Selva,photo_gate,imgs_1
IT,ITH10,Bolzano-Bozen,lake,,10,3,osm:r301846,Sandessee - Lago di Sanes,photo_gate,imgs_0
IT,ITH10,Bolzano-Bozen,lake,,10,3,osm:w125389510,Vogelhüttensee - Lago di Malavalle,photo_gate,imgs_0
IT,ITI42,Rieti,lake,,4,3,wd:Q2623043,Lago del Turano,photo_gate,imgs_3
IT,ITI42,Rieti,lake,,4,3,wd:Q3826045,Lago di Scandarello,photo_gate,imgs_3
IT,ITI42,Rieti,lake,,4,3,wd:Q3826066,Ventina lake,photo_gate,imgs_2
IT,ITI43,Roma,lake,,8,3,osm:w480028426,Mami Beach,photo_gate,imgs_1
IT,ITI43,Roma,lake,,8,3,wd:Q568715,Lago di Giulianello,photo_gate,imgs_2
IT,ITI43,Roma,lake,,8,3,wd:Q16482017,Naumachia Augusti,photo_gate,imgs_0
IT,ITG11,Trapani,lake,,5,3,osm:w47574518,Spiaggia San Vito lo Capo,photo_gate,imgs_3
IT,ITG11,Trapani,lake,,5,3,osm:w262426887,Spiaggia di Santa Margherita,photo_gate,imgs_0
IT,ITG11,Trapani,lake,,5,3,osm:w792072013,Spaggia A' Chianca,photo_gate,imgs_0
IT,ITG13,Messina,lake,,5,3,osm:w1508779851,Riva Smeralda,photo_gate,imgs_0
IT,ITG13,Messina,lake,,5,3,wd:Q3825642,Lago Biviere,photo_gate,imgs_3
IT,ITG13,Messina,lake,,5,3,osm:w572677668,Marina di Portorosa,photo_gate,imgs_0
IT,ITI11,Massa-Carrara,lake,,3,3,osm:w463580635,Bagno Artiglio,photo_gate,imgs_0
IT,ITI11,Massa-Carrara,lake,,3,3,osm:w463580634,Bagno Unione,photo_gate,imgs_0
IT,ITI11,Massa-Carrara,lake,,3,3,osm:w508423236,Bagno Doride,photo_gate,imgs_0
IT,ITI13,Pistoia,lake,,3,3,osm:w176767816,Co.G.I.S. Montale,photo_gate,imgs_1
IT,ITI13,Pistoia,lake,,3,3,osm:w136554552,Piazzale Adriano Bandini,photo_gate,imgs_0
IT,ITI13,Pistoia,lake,,3,3,osm:w136554530,Piazzale Adriano De Zan,photo_gate,imgs_0
IT,ITG15,Caltanissetta,lake,,3,3,osm:w321266959,Eurocamping Due Rocche,photo_gate,imgs_0
IT,ITG15,Caltanissetta,lake,,3,3,osm:w295335166,Accidia Village,photo_gate,imgs_0
IT,ITG15,Caltanissetta,lake,,3,3,osm:w321282935,Camping Lido Degli Angeli,photo_gate,imgs_0
IT,ITG16,Enna,lake,,4,3,wd:Q1800432,Pergusa Lake,photo_gate,imgs_3
IT,ITG16,Enna,lake,,4,3,osm:w51067757,Parcheggio C,photo_gate,imgs_0
IT,ITG16,Enna,lake,,4,3,wd:Q499239,Lago Pozzillo,photo_gate,imgs_3
LU,LU000,Luxembourg,lake,,7,3,osm:r1871136,La Sûre,photo_gate,imgs_0
LU,LU000,Luxembourg,lake,,7,3,osm:w347960734,Bénédictins,photo_gate,imgs_1
LU,LU000,Luxembourg,lake,,7,3,osm:r1394684,Sauer,photo_gate,imgs_3
IT,ITI19,Siena,lake,,4,3,osm:r14599885,Bagno Vignoni Hot Springs,photo_gate,imgs_3
IT,ITI19,Siena,lake,,4,3,osm:w54118408,Ex Piscina Comunale di Siena,photo_gate,imgs_2
IT,ITI19,Siena,lake,,4,3,osm:w165819665,Colleverde,photo_gate,imgs_0
IT,ITG18,Ragusa,lake,,6,3,osm:w219734935,Spiaggia di Sampieri,photo_gate,imgs_2
IT,ITG18,Ragusa,lake,,6,3,osm:w210043161,Spiaggia Raganzino,photo_gate,imgs_1
IT,ITG18,Ragusa,lake,,6,3,osm:w214767291,Spiaggia Maganuco,photo_gate,imgs_0
IT,ITH44,Trieste,lake,,3,3,osm:w416323535,Camping Village Mare Pineta,photo_gate,imgs_0
IT,ITH44,Trieste,lake,,3,3,osm:w931281929,Bagno Sticco,photo_gate,imgs_0
IT,ITH53,Reggio nell’Emilia,lake,,4,3,osm:w67575621,"Piscina Comunale ""Ferretti - Ferrari""",photo_gate,imgs_1
IT,ITH53,Reggio nell’Emilia,lake,,4,3,osm:w67657515,Aquatico,photo_gate,imgs_0
IT,ITH53,Reggio nell’Emilia,lake,,4,3,osm:w67657530,Piazzale Commendatore Gino Lari,photo_gate,imgs_0
IT,ITF48,Barletta-Andria-Trani,lake,,4,3,osm:w47076434,Spiaggia di Ponente,photo_gate,imgs_0
IT,ITF48,Barletta-Andria-Trani,lake,,4,3,osm:w1137106125,Brigantino,photo_gate,imgs_0
IT,ITF48,Barletta-Andria-Trani,lake,,4,3,osm:w925593289,Spiaggia di salsello,photo_gate,imgs_0
IT,ITC33,Genova,lake,,6,3,osm:w426846355,Largo Ido Battistone,photo_gate,imgs_0
IT,ITC33,Genova,lake,,6,3,osm:w24062353,Spiaggia di Sori,photo_gate,imgs_3
IT,ITC33,Genova,lake,,6,3,wd:Q533574,Lago del Brugneto,photo_gate,imgs_3
IT,ITF63,Catanzaro,lake,,3,3,wd:Q1127113,Lago La Vota,photo_gate,imgs_0
IT,ITF63,Catanzaro,lake,,3,3,osm:r17016648,Lago La Vota Piraina,photo_gate,imgs_0
IT,ITF63,Catanzaro,lake,,3,3,osm:w28487867,ATHLON Isca Città del nuoto,photo_gate,imgs_1
IT,ITC4A,Cremona,lake,,3,3,osm:w408059243,BluPandino,photo_gate,imgs_0
IT,ITC4A,Cremona,lake,,3,3,osm:w93420092,Spazio Fitness Acquapark,photo_gate,imgs_0
IT,ITC4A,Cremona,lake,,3,3,wd:Q3825703,Lago Gerundo,photo_gate,imgs_1
IT,ITC4D,Monza e della Brianza,lake,,3,3,osm:w49685354,Lido Azzurro,photo_gate,imgs_0
IT,ITC4D,Monza e della Brianza,lake,,3,3,osm:w422227820,Nuoto Club Seregno,photo_gate,imgs_0
IT,ITC4D,Monza e della Brianza,lake,,3,3,osm:w142947128,Piazza del Burghett,photo_gate,imgs_0
IT,ITF21,Isernia,lake,,3,3,osm:w83604798,Lago di Castel San Vincenzo,photo_gate,imgs_0
IT,ITF21,Isernia,lake,,3,3,osm:w691090792,Parco Turistico Oasi Delle Mainarde,photo_gate,imgs_0
IT,ITF21,Isernia,lake,,3,3,osm:w241487377,Piscina Provinciale,photo_gate,imgs_0
IT,ITF22,Campobasso,lake,,5,3,osm:w61376678,Spiaggia di Petacciato Marina,photo_gate,imgs_0
IT,ITF22,Campobasso,lake,,5,3,osm:w55907277,Spiaggia di Rio Vivo,photo_gate,imgs_0
IT,ITF22,Campobasso,lake,,5,3,osm:w55677419,Spiaggia di Rio Vivo,photo_gate,imgs_0
IT,ITC12,Vercelli,lake,,3,3,osm:w39210290,Lago di Salasco,photo_gate,imgs_1
IT,ITC12,Vercelli,lake,,3,3,osm:w59431148,Centro Nuoto,photo_gate,imgs_0
IT,ITC12,Vercelli,lake,,3,3,osm:w32899823,Piazza Don Guido Fusetta,photo_gate,imgs_0
IT,ITC13,Biella,lake,,4,3,wd:Q3825905,Lake of Bertignano,photo_gate,imgs_2
IT,ITC13,Biella,lake,,4,3,wd:Q3215672,Lago delle Mischie,photo_gate,imgs_1
IT,ITC13,Biella,lake,,4,3,wd:Q3825856,Lago del Mucrone,photo_gate,imgs_2
IT,ITF33,Napoli,lake,,5,3,wd:Q19060551,Lago di Licola,photo_gate,imgs_1
IT,ITF33,Napoli,lake,,5,3,wd:Q3825725,Lago Miseno,photo_gate,imgs_1
IT,ITF33,Napoli,lake,,5,3,wd:Q3825997,Lago di Patria,photo_gate,imgs_0
IT,ITC15,Novara,lake,,4,3,osm:w201955908,Corso Europa,photo_gate,imgs_0
IT,ITC15,Novara,lake,,4,3,osm:w517853410,Verde Lago,photo_gate,imgs_0
IT,ITC15,Novara,lake,,4,3,osm:w457675271,Camping Village Lago Maggiore,photo_gate,imgs_0
IT,ITF34,Avellino,lake,,3,3,osm:w170989581,Le Privè,photo_gate,imgs_0
IT,ITF34,Avellino,lake,,3,3,osm:w204440804,Piscina,photo_gate,imgs_0
IT,ITF34,Avellino,lake,,3,3,osm:w204410947,Piscina,photo_gate,imgs_0
IT,ITF43,Taranto,lake,,3,3,osm:w1096733198,Spiaggia di Campomarino,photo_gate,imgs_2
IT,ITF43,Taranto,lake,,3,3,osm:w310725721,Spiaggia d'Ayala,photo_gate,imgs_0
IT,ITF43,Taranto,lake,,3,3,osm:w227410268,Salina dei Monaci,photo_gate,imgs_1
IT,ITC18,Alessandria,lake,,4,3,wd:Q3825609,Laghi di Lavagnina,photo_gate,imgs_1
IT,ITC18,Alessandria,lake,,4,3,osm:w226315391,Lago Lavagnina 2,photo_gate,imgs_0
IT,ITC18,Alessandria,lake,,4,3,osm:w60111890,Piazza Divisione Mantova,photo_gate,imgs_0
PL,PL224,Częstochowski,lake,,4,3,osm:r3569749,Adriatyk,photo_gate,imgs_1
PL,PL224,Częstochowski,lake,,4,3,osm:w863415609,Kąpielisko,photo_gate,imgs_0
PL,PL224,Częstochowski,lake,,4,3,osm:r12506228,Jezioro Blachownia,photo_gate,imgs_2
NO,NO0B1,Jan Mayen,lake,,3,3,osm:w95802450,Nordlaguna,photo_gate,imgs_1
NO,NO0B1,Jan Mayen,lake,,3,3,osm:w95802449,Sørlaguna,photo_gate,imgs_0
NO,NO0B1,Jan Mayen,lake,,3,3,osm:w906714484,Luciettaauga,photo_gate,imgs_0
MK,MK007,Severoistočen,lake,,3,3,wd:Q114964741,Кнежевско Езеро,photo_gate,imgs_5
MK,MK007,Severoistočen,lake,,3,3,wd:Q3215447,Глажња (езеро),photo_gate,imgs_0
MK,MK007,Severoistočen,lake,,3,3,wd:Q20933105,Глажњанско Езеро,photo_gate,imgs_0
NL,NL325,Zaanstreek,lake,,3,3,wd:Q2693934,Jagersplas,photo_gate,imgs_0
NL,NL325,Zaanstreek,lake,,3,3,osm:w75687775,De Poel,photo_gate,imgs_1
NL,NL325,Zaanstreek,lake,,3,3,osm:w75688077,Watersnip,photo_gate,imgs_0
NL,NL362,Delft en Westland,lake,,4,3,wd:Q130373513,Grote Plas,photo_gate,imgs_3
NL,NL362,Delft en Westland,lake,,4,3,osm:w40657475,P2 Delftse Hout (Rieten Dak),photo_gate,imgs_3
NL,NL362,Delft en Westland,lake,,4,3,osm:w27517876,P3 Delftse Hout,photo_gate,imgs_2
RS,RS214,Moravička oblast,lake,,3,3,osm:w820866413,Градска плажа,photo_gate,imgs_0
RS,RS214,Moravička oblast,lake,,3,3,osm:w695633575,Плажа са Љубићске стране,photo_gate,imgs_0
RS,RS214,Moravička oblast,lake,,3,3,osm:w979397255,Рекреативно језеро,photo_gate,imgs_0
RS,RS216,Rasinska oblast,lake,,3,3,wd:Q12747964,Ћелије (језеро),photo_gate,imgs_1
RS,RS216,Rasinska oblast,lake,,3,3,osm:w344119675,Затворени базени Крушевац,photo_gate,imgs_0
RS,RS216,Rasinska oblast,lake,,3,3,osm:w344119673,Отворени базени Крушевац,photo_gate,imgs_0
RO,RO214,Neamţ,lake,,4,3,osm:r9566132,Acumularea Bâtca Doamnei,photo_gate,imgs_2
RO,RO214,Neamţ,lake,,4,3,osm:w1161180083,Bazin înot,photo_gate,imgs_0
RO,RO214,Neamţ,lake,,4,3,wd:Q12731892,Lacul Vaduri,photo_gate,imgs_1
RO,RO421,Arad,lake,,3,3,osm:w220641367,Corleone parking place,photo_gate,imgs_0
RO,RO421,Arad,lake,,3,3,osm:w559197067,Gradina Termala Dorobanti,photo_gate,imgs_0
RO,RO421,Arad,lake,,3,3,osm:w171921350,Bazinul Olimpic Delfinul,photo_gate,imgs_0
RO,RO215,Suceava,lake,,3,3,osm:w1534036666,Dionisus AquaLand - Suceava Open Pool,photo_gate,imgs_0
RO,RO215,Suceava,lake,,3,3,osm:w180977886,Ștrand apă sărată,photo_gate,imgs_0
RO,RO215,Suceava,lake,,3,3,osm:w286224034,Piscină apă sărată,photo_gate,imgs_0
PT,PT1D2,Médio Tejo,lake,,5,3,osm:r12244426,Albufeira de Castelo do Bode,photo_gate,imgs_2
PT,PT1D2,Médio Tejo,lake,,5,3,osm:w158670982,Estacionamento do Penedo Furado,photo_gate,imgs_1
PT,PT1D2,Médio Tejo,lake,,5,3,osm:w849521505,Praia Fluvial da Mendacha,photo_gate,imgs_0
RS,RS125,Severnobačka oblast,lake,,4,3,wd:Q7127675,Palić Lake,photo_gate,imgs_4
RS,RS125,Severnobačka oblast,lake,,4,3,osm:r4494801,Зобнатичко језеро,photo_gate,imgs_0
RS,RS125,Severnobačka oblast,lake,,4,3,osm:w253882243,СРЦ Прозивка,photo_gate,imgs_0
PL,PL911,Miasto Warszawa,lake,,5,3,osm:w77265140,Basen rekreacyjny,photo_gate,imgs_0
PL,PL911,Miasto Warszawa,lake,,5,3,osm:w77265142,Basen sportowy,photo_gate,imgs_0
PL,PL911,Miasto Warszawa,lake,,5,3,wd:Q11726402,Kamionek Lake,photo_gate,imgs_2
PT,PT191,Região de Aveiro,lake,,9,3,osm:r2629522,Canal de Mira,photo_gate,imgs_0
PL,PL823,Rzeszowski,lake,,3,3,osm:w243245589,Staw Traczewski,photo_gate,imgs_1
PL,PL823,Rzeszowski,lake,,3,3,osm:w225271424,"Kryta Pływalnia ""Wodnik""",photo_gate,imgs_0
PL,PL823,Rzeszowski,lake,,3,3,osm:r4008107,Zbiornik Rzeszowski,photo_gate,imgs_1
PL,PL924,Ostrołęcki,lake,,3,3,osm:w39774411,Zalew,photo_gate,imgs_3
PL,PL924,Ostrołęcki,lake,,3,3,osm:w1193315510,Plaża południowa,photo_gate,imgs_0
PL,PL924,Ostrołęcki,lake,,3,3,osm:w1193315518,Plaża rodzinna,photo_gate,imgs_0
PT,PT111,Alto Minho,lake,,5,3,osm:w827065025,Praia fluvial da Senhora da Cabeça,photo_gate,imgs_1
PT,PT111,Alto Minho,lake,,5,3,osm:w1474542132,Praia de Caminha,photo_gate,imgs_2
PT,PT111,Alto Minho,lake,,5,3,osm:w1301552497,Piscinas Municipais de Salvaterra de Miño,photo_gate,imgs_2
PT,PT119,Ave,lake,,3,3,osm:w191725882,Complexo de Piscinas Taipas Termal,photo_gate,imgs_3
PT,PT119,Ave,lake,,3,3,osm:r2462596,Albufeira do Ermal,photo_gate,imgs_1
PT,PT119,Ave,lake,,3,3,osm:w665971373,Piscinas Municipais de Oliveira São Mateus,photo_gate,imgs_0
PL,PL633,Trójmiejski,lake,,8,3,osm:w974509874,Park 45,photo_gate,imgs_1
PL,PL633,Trójmiejski,lake,,8,3,wd:Q16563147,Jezioro Zajęcze,photo_gate,imgs_2
PL,PL633,Trójmiejski,lake,,8,3,wd:Q11721160,Jezioro Jasień,photo_gate,imgs_2
RS,RS222,Braničevska oblast,lake,,3,3,osm:w38758325,Сребрно језеро,photo_gate,imgs_1
RS,RS222,Braničevska oblast,lake,,3,3,osm:w127877378,Сребрно језеро,photo_gate,imgs_0
RS,RS222,Braničevska oblast,lake,,3,3,wd:Q1938900,Silver Lake,photo_gate,imgs_2
RS,RS223,Zaječarska oblast,lake,,3,3,osm:w416211357,Zupan beach,photo_gate,imgs_0
RS,RS223,Zaječarska oblast,lake,,3,3,osm:w972083759,Moravica canyon,photo_gate,imgs_0
RS,RS223,Zaječarska oblast,lake,,3,3,osm:w914185390,Шест каца,photo_gate,imgs_0
RS,RS227,Podunavska oblast,lake,,3,3,osm:w504470506,Sports center pool,photo_gate,imgs_2
RS,RS227,Podunavska oblast,lake,,3,3,osm:w210403994,Кудречко језеро доње,photo_gate,imgs_0
RS,RS227,Podunavska oblast,lake,,3,3,osm:r11659907,Šalinac lakes,photo_gate,imgs_0
SI,SI034,Savinjska,lake,,5,3,osm:w322858966,Sonce,photo_gate,imgs_0
SI,SI034,Savinjska,lake,,5,3,osm:w320052379,Rogaška Riviera,photo_gate,imgs_1
SI,SI034,Savinjska,lake,,5,3,osm:w505477794,Bazen Zbelovo,photo_gate,imgs_0
SI,SI037,Jugovzhodna Slovenija,lake,,4,3,osm:r7621823,Kolpa,photo_gate,imgs_1
SI,SI037,Jugovzhodna Slovenija,lake,,4,3,osm:w707446389,Lahinja,photo_gate,imgs_1
SI,SI037,Jugovzhodna Slovenija,lake,,4,3,osm:w172820115,Big Berry Resort,photo_gate,imgs_0
SI,SI043,Goriška,lake,,3,3,osm:w715907893,Labrca Outdoor Center,photo_gate,imgs_0
SI,SI043,Goriška,lake,,3,3,osm:w389536038,Avtokamp Ajdovščina,photo_gate,imgs_2
SI,SI043,Goriška,lake,,3,3,osm:w172149585,Mestno kopališče,photo_gate,imgs_0
GB,TLD42,Blackpool,lake,,3,3,osm:w57731873,Sandcastle Waterworld,photo_gate,imgs_0
GB,TLD42,Blackpool,lake,,3,3,osm:w449341942,Kincraig Lake Ecological Reserve,photo_gate,imgs_1
GB,TLD61,Warrington,lake,,3,3,osm:w61186585,Penketh Parish Pool,floor_pool,score_4.9_below_5.4
GB,TLD61,Warrington,lake,,3,3,osm:w193180833,Orford Jubilee Park,photo_gate,imgs_3
GB,TLD61,Warrington,lake,,3,3,osm:w31877349,Lymm Dam,photo_gate,imgs_1
GB,TLD71,East Merseyside,lake,,3,3,osm:w28537495,Runcorn Baths,photo_gate,imgs_0
GB,TLD71,East Merseyside,lake,,3,3,osm:w998263713,Queens Park Leisure Centre,photo_gate,imgs_2
GB,TLD71,East Merseyside,lake,,3,3,osm:r10685191,Eccleston Mere,photo_gate,imgs_1
GB,TLD73,Sefton,lake,,3,3,osm:w14724456,Boating Lake,floor_pool,score_5.1_below_5.4
GB,TLD73,Sefton,lake,,3,3,osm:w720543128,Southport Pier,photo_gate,imgs_3
GB,TLD73,Sefton,lake,,3,3,osm:w257439515,Ainsdale Beach Parking Area,photo_gate,imgs_1
GB,TLD74,Wirral,lake,,3,3,osm:w155010529,Marine Lake,photo_gate,imgs_2
GB,TLD74,Wirral,lake,,3,3,osm:w105082390,Marine Lake,photo_gate,imgs_3
GB,TLD74,Wirral,lake,,3,3,osm:w116597999,Hoylake Model Boating Lake,photo_gate,imgs_1
GB,TLE11,"Kingston upon Hull, City of",lake,,3,3,osm:w205280188,Albert Avenue Pools,photo_gate,imgs_3
GB,TLE11,"Kingston upon Hull, City of",lake,,3,3,osm:w23816798,Walton Street Fairground,photo_gate,imgs_1
GB,TLE11,"Kingston upon Hull, City of",lake,,3,3,osm:w10695432,Hull Marina,floor_pool,score_4.3_below_5.4
GB,TLE21,York,lake,,3,3,osm:w115649052,Car Park 3.2 (Alcuin),photo_gate,imgs_2
GB,TLE21,York,lake,,3,3,osm:w169045821,Car Park 4.1 (Helix House),photo_gate,imgs_2
GB,TLE21,York,lake,,3,3,osm:w127585996,New Earswick Swimming Pool,photo_gate,imgs_1
GB,TLF12,East Derbyshire,lake,,3,3,osm:w34068816,Gosber street carpark,floor_pool,score_4.9_below_5.4
GB,TLF12,East Derbyshire,lake,,3,3,osm:w396190573,Eckington Swimming Pool,photo_gate,imgs_2
GB,TLF12,East Derbyshire,lake,,3,3,osm:w171779305,Eckinton Libary Parking,photo_gate,imgs_0
GB,TLF14,Nottingham,lake,,3,3,osm:w1361398160,Cleaver & Wake Events Parking,photo_gate,imgs_0
GB,TLF14,Nottingham,lake,,3,3,osm:w1205175844,Virgin Active,photo_gate,imgs_0
GB,TLF14,Nottingham,lake,,3,3,osm:w23303153,David Ross Swimming Pool,photo_gate,imgs_3
GB,TLG21,Telford and Wrekin,lake,,3,3,osm:w451121270,Shropshire Union Canal Newport Branch,photo_gate,imgs_2
GB,TLG21,Telford and Wrekin,lake,,3,3,osm:w62074287,Randlay Pool,photo_gate,imgs_1
GB,TLG21,Telford and Wrekin,lake,,3,3,osm:w62074291,Blue Pool,photo_gate,imgs_1
GB,TLG31,Birmingham,lake,,4,3,osm:w108195458,Cadbury World,floor_pool,score_5.3_below_5.4
GB,TLG31,Birmingham,lake,,4,3,wd:Q7334344,Shard End Lake,photo_gate,imgs_3
GB,TLG31,Birmingham,lake,,4,3,wd:Q5337621,Edgbaston Pool,floor_pool,score_4.9_below_5.4
GB,TLG37,Sandwell,lake,,3,3,osm:w813724914,Sandwell Aquatics Centre & Park,photo_gate,imgs_3
GB,TLG37,Sandwell,lake,,3,3,osm:r3223940,Titford Pools,photo_gate,imgs_1
GB,TLG37,Sandwell,lake,,3,3,osm:r1457463,Forge Mill Lake,photo_gate,imgs_3
GB,TLH32,Thurrock,lake,,3,3,osm:r9077,Alexandra Lake,photo_gate,imgs_1
GB,TLH32,Thurrock,lake,,3,3,osm:r16235830,Warren Gorge South Lake,photo_gate,imgs_2
GB,TLH32,Thurrock,lake,,3,3,osm:w187413855,Tilbury Docks,score_gate,score_3.9_below_5.4
GB,TLH36,Heart of Essex,lake,,4,3,osm:w157531372,Boating Lake,photo_gate,imgs_0
GB,TLH36,Heart of Essex,lake,,4,3,osm:w159974290,Ingatestone Station,photo_gate,imgs_0
GB,TLH36,Heart of Essex,lake,,4,3,wd:Q5649193,Hanningfield Reservoir,photo_gate,imgs_1
GB,TLH61,Babergh and Mid Suffolk,lake,,3,3,osm:r1306769,Alton Water,photo_gate,imgs_1
GB,TLH61,Babergh and Mid Suffolk,lake,,3,3,osm:w141366442,Fox's Marina,photo_gate,imgs_2
GB,TLH61,Babergh and Mid Suffolk,lake,,3,3,osm:w94445588,Mid Suffolk Leisure Centre,photo_gate,imgs_0
GB,TLI41,Hackney and Newham,lake,,4,3,osm:w946516613,West Reservoir Centre,photo_gate,imgs_1
GB,TLI41,Hackney and Newham,lake,,4,3,osm:w4049105,West Reservoir,photo_gate,imgs_0
GB,TLI41,Hackney and Newham,lake,,4,3,osm:w121158887,Royal Albert Dock,photo_gate,imgs_2
GB,TLI42,Tower Hamlets,lake,,3,3,osm:w187272267,Millwall Outer Dock,photo_gate,imgs_2
GB,TLI42,Tower Hamlets,lake,,3,3,osm:w813971863,Docklands Sailing and Watersports Centre Open Water Swimming,photo_gate,imgs_3
GB,TLI42,Tower Hamlets,lake,,3,3,osm:w1078403237,Love Open Water Canary Wharf,photo_gate,imgs_2
GB,TLI51,Bexley and Greenwich,lake,,3,3,osm:w35142425,Orangery Lane Car Park,photo_gate,imgs_0
GB,TLI51,Bexley and Greenwich,lake,,3,3,osm:w687033774,The Hollies Countryside Club,photo_gate,imgs_0
GB,TLI51,Bexley and Greenwich,lake,,3,3,osm:r17096413,Danson Lake,photo_gate,imgs_1
GB,TLI52,Barking & Dagenham and Havering,lake,,3,3,osm:w124121751,Becontree Heath Leisure Centre,floor_pool,score_5.2_below_5.4
GB,TLI52,Barking & Dagenham and Havering,lake,,3,3,osm:w169438185,Dagenham Breach,photo_gate,imgs_2
GB,TLI52,Barking & Dagenham and Havering,lake,,3,3,osm:w220346736,Bower House,photo_gate,imgs_0
GB,TLI54,Enfield,lake,,3,3,osm:r16301521,Boxer's Lake,photo_gate,imgs_2
GB,TLI54,Enfield,lake,,3,3,osm:w340248458,Salisbury Arms Car Park,photo_gate,imgs_1
GB,TLI54,Enfield,lake,,3,3,osm:w79372614,Arnos Pool,photo_gate,imgs_0
GB,TLI61,Bromley,lake,,3,3,osm:w45664087,Pavillion Leisure Centre,photo_gate,imgs_2
GB,TLI61,Bromley,lake,,3,3,osm:w145627679,Biggin Hill Memorial Library and Swimming Pool,photo_gate,imgs_3
GB,TLI61,Bromley,lake,,3,3,osm:w142202320,Lebanon Gardens Car Park,photo_gate,imgs_0
GB,TLK41,Plymouth,lake,,3,3,osm:w30428390,Tinside Lido,photo_gate,imgs_1
GB,TLK41,Plymouth,lake,,3,3,osm:w36158429,Mount Wise,photo_gate,imgs_2
GB,TLK41,Plymouth,lake,,3,3,osm:w177272212,Sutton Harbour Marina,photo_gate,imgs_1
GB,TLK51,"Bristol, City of",lake,,3,3,osm:w173587178,Bristol South Swimming Pool,photo_gate,imgs_1
GB,TLK51,"Bristol, City of",lake,,3,3,osm:w266940709,Floating Harbour,floor_pool,score_5.1_below_5.4
GB,TLK51,"Bristol, City of",lake,,3,3,osm:w126358470,Bathurst Basin,photo_gate,imgs_3
GB,TLL53,Gwent Valleys,lake,,3,3,wd:Q6661182,Llandegfedd Reservoir,photo_gate,imgs_2
GB,TLL53,Gwent Valleys,lake,,3,3,osm:w321544212,Cefn Mably Lakes,photo_gate,imgs_1
GB,TLL53,Gwent Valleys,lake,,3,3,osm:w588173692,Coed y Rhyd Reservoir,photo_gate,imgs_1
GB,TLM12,Falkirk,lake,,3,3,osm:w282541862,Helix Lagoon,photo_gate,imgs_2
GB,TLM12,Falkirk,lake,,3,3,osm:w54935464,Blackness Boatclub,photo_gate,imgs_3
GB,TLM12,Falkirk,lake,,3,3,wd:Q880374,Black Loch,floor_pool,score_4.3_below_5.4
GB,TLM32,Glasgow City,lake,,4,3,osm:w1547903018,Bellahouston Leisure Centre,photo_gate,imgs_2
GB,TLM32,Glasgow City,lake,,4,3,osm:w129951458,Adelphi Centre,photo_gate,imgs_0
GB,TLN06,Belfast,lake,,3,3,osm:w1073410723,Andersonstown Road Car Park,photo_gate,imgs_2
GB,TLN06,Belfast,lake,,3,3,osm:w1073410655,Andersonstown Leisure Centre,photo_gate,imgs_1
GB,TLN06,Belfast,lake,,3,3,osm:w263172839,Lagan,photo_gate,imgs_0
UA,UA-74538382B95291552499633,Izmali,lake,,3,3,osm:r15588516,96 km Basin,photo_gate,imgs_0
UA,UA-74538382B95291552499633,Izmali,lake,,3,3,osm:r14309106,90 km Backwater,photo_gate,imgs_0
UA,UA-74538382B95291552499633,Izmali,lake,,3,3,osm:r15430916,85 km Backwater,photo_gate,imgs_0
MD,MD-MD-CA,Cahul,lake,,4,3,wd:Q16653023,Lacul Manta,photo_gate,imgs_1
MD,MD-MD-CA,Cahul,lake,,4,3,wd:Q12102338,Lacul Dracele,photo_gate,imgs_1
MD,MD-MD-CA,Cahul,lake,,4,3,wd:Q571052,Lake Beleu,floor_pool,score_4.3_below_5.4
MD,MD-MD-LE,Leova,lake,,3,3,osm:w41685621,Sărata Nouă,photo_gate,imgs_0
MD,MD-MD-LE,Leova,lake,,3,3,osm:w25466562,Iazule „Cneazevca”,photo_gate,imgs_0
MD,MD-MD-LE,Leova,lake,,3,3,osm:w228523572,Lacul 3 (Meșeni),photo_gate,imgs_0
MD,MD-MD-DU,Dubasari,lake,,3,3,wd:Q2655738,Dubăsari Reservoir,photo_gate,imgs_2
MD,MD-MD-DU,Dubasari,lake,,3,3,osm:w1414870116,Bază de odihnă,photo_gate,imgs_0
MD,MD-MD-DU,Dubasari,lake,,3,3,osm:w1414870094,"Hotel, Restaurant & Yacht Club „Vila Dorului”",photo_gate,imgs_0
MD,MD-MD-CL,Calarasi,lake,,3,3,osm:w51075576,Tabăra de odihnă pentru copii,photo_gate,imgs_0
MD,MD-MD-CL,Calarasi,lake,,3,3,osm:w44197560,Iazul nr. 1,photo_gate,imgs_0
MD,MD-MD-CL,Calarasi,lake,,3,3,osm:w30096409,Iazul Hîrjăuca,photo_gate,imgs_0
MD,MD-MD-SN,Transnistria,lake,,3,3,osm:r13353141,Nistru,photo_gate,imgs_0
MD,MD-MD-SN,Transnistria,lake,,3,3,osm:w224357231,Пляж,photo_gate,imgs_0
MD,MD-MD-SN,Transnistria,lake,,3,3,osm:w225027400,Солдатский пляж,photo_gate,imgs_0
MD,MD-MD-FA,Falesti,lake,,3,3,osm:w91705496,Lacul Fălești,photo_gate,imgs_1
MD,MD-MD-FA,Falesti,lake,,3,3,osm:r18828414,Iazul Chetroasa,photo_gate,imgs_0
MD,MD-MD-FA,Falesti,lake,,3,3,osm:r18845499,Iazul Roșia,photo_gate,imgs_0
MD,MD-MD-GL,Glodeni,lake,,3,3,osm:w116336887,Cuzub,photo_gate,imgs_0
MD,MD-MD-GL,Glodeni,lake,,3,3,osm:w116353502,La Pădure,photo_gate,imgs_0
MD,MD-MD-GL,Glodeni,lake,,3,3,osm:w111983654,iaz Ciuciulea,photo_gate,imgs_0
MD,MD-MD-BA,Balti,lake,,3,3,osm:w150017004,Lacul orăşenesc,photo_gate,imgs_0
MD,MD-MD-BA,Balti,lake,,3,3,osm:r63044,Canalul Caiac-Canoe,photo_gate,imgs_0
MD,MD-MD-BA,Balti,lake,,3,3,osm:w41793166,"Lacul ""Comsomol""",photo_gate,imgs_0
MD,MD-MD-SI,SIngerei,lake,,3,3,osm:r18102918,Platina,photo_gate,imgs_0
MD,MD-MD-SI,SIngerei,lake,,3,3,osm:w1293050457,Tabăra de odihnă pentru copii „Speranța”,photo_gate,imgs_0
MD,MD-MD-SI,SIngerei,lake,,3,3,osm:r15479237,Raut,photo_gate,imgs_0
MD,MD-MD-RI,RIscani,lake,,3,3,wd:Q3272045,Lacul de acumulare Costești-Stînca,photo_gate,imgs_1
MD,MD-MD-RI,RIscani,lake,,3,3,osm:w149516913,Lacul Strâmba,photo_gate,imgs_0
MD,MD-MD-RI,RIscani,lake,,3,3,osm:r12443780,Prutul Mort,photo_gate,imgs_0
MD,MD-MD-ED,Edinet,lake,,3,3,osm:r8326544,Lacul de acumulare Costești - Stânca,photo_gate,imgs_0
MD,MD-MD-ED,Edinet,lake,,3,3,osm:w24477864,Lacul Berchino,photo_gate,imgs_0
MD,MD-MD-ED,Edinet,lake,,3,3,osm:r8326544,Lacul de acumulare Costești - Stânca,photo_gate,imgs_0
AT,AT123,Sankt Pölten,lake,,4,2,osm:w518968711,Camping am See,photo_gate,imgs_0
AT,AT123,Sankt Pölten,lake,,4,2,wd:Q1647675,Ratzersdorfer See,photo_gate,imgs_2
AT,AT123,Sankt Pölten,lake,,4,2,osm:r77229,Ebersdorfer See,photo_gate,imgs_0
AT,AT125,Weinviertel,lake,,5,2,osm:r1332254,Badeteich Poysdorf,photo_gate,imgs_0
AT,AT125,Weinviertel,lake,,5,2,osm:w39386688,Parkplatz Freizeitzentrum,photo_gate,imgs_0
AT,AT125,Weinviertel,lake,,5,2,osm:w608697313,Veltlinerlandcamping Poysdorf,photo_gate,imgs_0
AT,AT323,Salzburg und Umgebung,lake,,8,2,wd:Q1727088,Obertrumer See,photo_gate,imgs_3
AT,AT323,Salzburg und Umgebung,lake,,8,2,wd:Q2542762,Wallersee,photo_gate,imgs_3
AT,AT323,Salzburg und Umgebung,lake,,8,2,wd:Q16319654,Krottensee,photo_gate,imgs_2
AT,AT314,Steyr-Kirchdorf,lake,,4,2,wd:Q98219012,Stausee Klaus,photo_gate,imgs_3
AT,AT314,Steyr-Kirchdorf,lake,,4,2,wd:Q21874063,Feichtauer Seen,photo_gate,imgs_2
AT,AT314,Steyr-Kirchdorf,lake,,4,2,osm:w1303831785,Elisabethsee,photo_gate,imgs_0
BE,BE253,Arr. Ieper,lake,,3,2,wd:Q1867247,Dikkebusvijver,photo_gate,imgs_3
BE,BE253,Arr. Ieper,lake,,3,2,osm:w445321836,De Kouter,photo_gate,imgs_0
BE,BE253,Arr. Ieper,lake,,3,2,osm:w976963540,Caterpillar Crater,photo_gate,imgs_1
BE,BE254,Arr. Kortrijk,lake,,3,2,wd:Q2268951,"De Gavers, West Flanders",photo_gate,imgs_4
BE,BE254,Arr. Kortrijk,lake,,3,2,osm:w445155423,Kortrijk 11,photo_gate,imgs_3
BE,BE254,Arr. Kortrijk,lake,,3,2,osm:r8377196,Gavermeer,photo_gate,imgs_0
BE,BE256,Arr. Roeselare,lake,,2,2,osm:w386555232,Zwembad Lichtervelde,photo_gate,imgs_2
BE,BE256,Arr. Roeselare,lake,,2,2,osm:w616557219,Sportoase,photo_gate,imgs_0
BE,BE256,Arr. Roeselare,lake,,2,2,osm:w1455209966,Zwembad De Krekel,photo_gate,imgs_0
BE,BE235,Arr. Oudenaarde,lake,,2,2,osm:w451763556,Zwem.com,photo_gate,imgs_0
BE,BE235,Arr. Oudenaarde,lake,,2,2,osm:w138255764,Posseidon,photo_gate,imgs_0
BE,BE235,Arr. Oudenaarde,lake,,2,2,osm:r2759333,Donkmeer,photo_gate,imgs_0
BE,BE331,Arr. Huy,lake,,3,2,osm:w132407401,Aqua Huy,photo_gate,imgs_3
BE,BE331,Arr. Huy,lake,,3,2,osm:r49588,Meuse,photo_gate,imgs_1
BE,BE331,Arr. Huy,lake,,3,2,osm:w130399688,Dessous Hamoir,photo_gate,imgs_1
BE,BE335,Arr. Verviers — communes francophones,lake,,5,2,osm:w183599858,Piscine Communale de Spa,photo_gate,imgs_2
BE,BE335,Arr. Verviers — communes francophones,lake,,5,2,osm:w115887053,Camping La Plage,photo_gate,imgs_0
BE,BE335,Arr. Verviers — communes francophones,lake,,5,2,osm:w91083088,Camping Belle-Vue,photo_gate,imgs_0
BG,BG321,Veliko Tarnovo,lake,,3,2,osm:w1412477825,Руски плаж,photo_gate,imgs_0
BG,BG321,Veliko Tarnovo,lake,,3,2,osm:w508170844,Водно-развлекателен комплекс,photo_gate,imgs_0
BG,BG321,Veliko Tarnovo,lake,,3,2,wd:Q7329993,Yovkovtsi,photo_gate,imgs_0
BG,BG423,Pazardzhik,lake,,7,2,wd:Q12273045,Beglika Reservoir,photo_gate,imgs_3
BG,BG423,Pazardzhik,lake,,7,2,wd:Q7498920,Shiroka Polyana,photo_gate,imgs_1
BG,BG423,Pazardzhik,lake,,7,2,wd:Q21778226,Toshkov chark reservoir,photo_gate,imgs_0
CH,CH022,Fribourg / Freiburg,lake,,6,2,wd:Q18611507,Lac des Joncs,photo_gate,imgs_1
CH,CH022,Fribourg / Freiburg,lake,,6,2,wd:Q390468,Lac de Pérolles,photo_gate,imgs_3
CH,CH022,Fribourg / Freiburg,lake,,6,2,wd:Q667249,Lac de Montsalvens,photo_gate,imgs_3
CH,CH057,Thurgau,lake,,5,2,wd:Q2147944,Rheinsee,photo_gate,imgs_1
CH,CH057,Thurgau,lake,,5,2,osm:w282199536,Rhybadi Rodenbrunnen,photo_gate,imgs_0
CH,CH057,Thurgau,lake,,5,2,osm:w189071091,Altnauer Steg,photo_gate,imgs_0
CH,CH033,Aargau,lake,,4,2,wd:Q680864,Klingnauer Stausee,photo_gate,imgs_3
CH,CH033,Aargau,lake,,4,2,osm:w35342236,Campingplatz Tennwil,photo_gate,imgs_0
CH,CH033,Aargau,lake,,4,2,osm:w35342238,Arbeiterstrandbad Tennwil,photo_gate,imgs_0
CZ,CZ010,Hlavní město Praha,lake,,5,2,wd:Q106784716,Kotlářka retention basin,photo_gate,imgs_2
CZ,CZ010,Hlavní město Praha,lake,,5,2,wd:Q12042590,Olšanský rybník,photo_gate,imgs_3
CZ,CZ010,Hlavní město Praha,lake,,5,2,wd:Q108483673,Retenční nádrž Brouček,photo_gate,imgs_2
DE,DE114,Göppingen,lake,,2,2,osm:w105874835,Außenbecken,photo_gate,imgs_0
DE,DE114,Göppingen,lake,,2,2,osm:w44171378,Freibad Bad Boll,photo_gate,imgs_0
DE,DE115,Ludwigsburg,lake,,2,2,osm:w132862874,Unterer Seewaldsee,photo_gate,imgs_3
DE,DE115,Ludwigsburg,lake,,2,2,osm:w132862875,Oberer Seewaldsee,photo_gate,imgs_3
DE,DE125,"Heidelberg, Stadtkreis",lake,,2,2,osm:w87498383,Thermalbad,photo_gate,imgs_2
DE,DE125,"Heidelberg, Stadtkreis",lake,,2,2,osm:w48012616,Hallenbad Köpfel Heidelberg,photo_gate,imgs_3
DE,DE127,Neckar-Odenwald-Kreis,lake,,2,2,osm:w335540840,Schwimmbad Schwarzach,photo_gate,imgs_0
DE,DE127,Neckar-Odenwald-Kreis,lake,,2,2,osm:w112179625,Freibad Walldürn,photo_gate,imgs_2
DE,DE117,"Heilbronn, Stadtkreis",lake,,2,2,osm:w16141175,Freibad Neckarhalde,photo_gate,imgs_0
DE,DE117,"Heilbronn, Stadtkreis",lake,,2,2,wd:Q2450001,Trappensee,photo_gate,imgs_2
DE,DE144,"Ulm, Stadtkreis",lake,,3,2,osm:w159845689,Lothar-Schultheiß-Bad,floor_pool,score_4.1_below_5.4
DE,DE137,Tuttlingen,lake,,2,2,osm:w179162890,Naturbad TROASE,photo_gate,imgs_0
DE,DE137,Tuttlingen,lake,,2,2,osm:w557618686,Jurabad,photo_gate,imgs_0
DE,DE12A,Calw,lake,,2,2,osm:w113499142,Adventure World Albtal-Arena,photo_gate,imgs_0
DE,DE12A,Calw,lake,,2,2,osm:w325193357,Parkplatz Therme,photo_gate,imgs_0
DE,DEB11,"Koblenz, Kreisfreie Stadt",lake,,2,2,osm:w31666316,Campingplatz Gülser Moselbogen,photo_gate,imgs_0
DE,DEB11,"Koblenz, Kreisfreie Stadt",lake,,2,2,osm:w683914584,Freibad Oberwerth,photo_gate,imgs_0
DE,DEE04,Altmarkkreis Salzwedel,lake,,3,2,osm:w973345314,Ferienpark Zichtau,photo_gate,imgs_0
DE,DEB13,Altenkirchen (Westerwald),lake,,2,2,osm:w223616648,Camping im Eichenwald,photo_gate,imgs_0
DE,DEB13,Altenkirchen (Westerwald),lake,,2,2,osm:w788964232,Waldschwimmbad Thalhauser Mühle,photo_gate,imgs_0
DE,DEB31,"Frankenthal (Pfalz), Kreisfreie Stadt",lake,,2,2,osm:w159744213,50m-Becken,photo_gate,imgs_0
DE,DEB31,"Frankenthal (Pfalz), Kreisfreie Stadt",lake,,2,2,osm:w759436025,Piraten-Bucht,photo_gate,imgs_0
DE,DEB32,"Kaiserslautern, Kreisfreie Stadt",lake,,2,2,osm:w23486255,Gelterswoog,photo_gate,imgs_1
DE,DEB32,"Kaiserslautern, Kreisfreie Stadt",lake,,2,2,osm:w491761963,Segel- und Yacht-Club Kaiserslautern e.V.,photo_gate,imgs_2
DE,DEB15,Birkenfeld,lake,,2,2,osm:w92934963,Stadtweiher Baumholder,photo_gate,imgs_1
DE,DEB15,Birkenfeld,lake,,2,2,osm:w342276827,Campingplatz Harfenmühle,photo_gate,imgs_0
DE,DEB39,"Worms, Kreisfreie Stadt",lake,,2,2,osm:w158222066,Herrnsheimer Badesee,photo_gate,imgs_2
DE,DEB39,"Worms, Kreisfreie Stadt",lake,,2,2,osm:w785557611,Badesee Herrnsheim,photo_gate,imgs_0
DE,DEB3D,Donnersbergkreis,lake,,2,2,osm:w37176671,Waldschwimmbad Eisenberg,photo_gate,imgs_2
DE,DEB3D,Donnersbergkreis,lake,,2,2,osm:w620308036,Eiswoog,photo_gate,imgs_2
DE,DEB1C,Cochem-Zell,lake,,3,2,osm:w125139056,Campingplatz Nehren,photo_gate,imgs_0
DE,DE936,Osterholz,lake,,2,2,osm:w276182870,Torfkahnhafen,photo_gate,imgs_0
DE,DE936,Osterholz,lake,,2,2,osm:w131908723,Silbersee,photo_gate,imgs_0
DE,DEB3F,"Kaiserslautern, Landkreis",lake,,2,2,osm:w293439874,Naturbad Otterberg,photo_gate,imgs_3
DE,DEB3F,"Kaiserslautern, Landkreis",lake,,2,2,osm:w255667535,Naturerlebnisbad,photo_gate,imgs_0
DE,DEB3G,Kusel,lake,,2,2,osm:w123277790,Sport und Freizeitbad Altenglan,photo_gate,imgs_0
DE,DEB3G,Kusel,lake,,2,2,osm:w446249451,Sprengelburg,floor_pool,score_4.4_below_5.4
DE,DEB21,"Trier, Kreisfreie Stadt",lake,,2,2,osm:w47909329,Das NordBad an der Mosel,photo_gate,imgs_1
DE,DEB21,"Trier, Kreisfreie Stadt",lake,,2,2,osm:w160734734,Das Bad an den Kaiserthermen,photo_gate,imgs_0
DE,DE941,"Delmenhorst, Kreisfreie Stadt",lake,,2,2,osm:w176442430,Graftwiesen,photo_gate,imgs_0
DE,DE941,"Delmenhorst, Kreisfreie Stadt",lake,,2,2,osm:w25936787,Sandhauser Brake,photo_gate,imgs_0
DE,DE943,"Oldenburg (Oldenburg), Kreisfreie Stadt",lake,,3,2,,,,
DE,DEB3J,Mainz-Bingen,lake,,2,2,osm:w291797005,Strandbad,photo_gate,imgs_0
DE,DEB3J,Mainz-Bingen,lake,,2,2,osm:w111320317,Camping-Club Oppenheim,photo_gate,imgs_3
DE,DEB3K,Südwestpfalz,lake,,2,2,osm:r4435860,Schöntalweiher,photo_gate,imgs_0
DE,DEB3K,Südwestpfalz,lake,,2,2,osm:w242613744,P2 - Hotel Felsenland,photo_gate,imgs_0
DE,DEC02,Merzig-Wadern,lake,,3,2,osm:w478446970,Strandbad Losheim am See,photo_gate,imgs_3
DE,DEC03,Neunkirchen,lake,,2,2,osm:w237018328,Lakai,photo_gate,imgs_0
DE,DEC03,Neunkirchen,lake,,2,2,osm:w337647591,Galgenbergturm,photo_gate,imgs_1
DE,DEA32,"Gelsenkirchen, Kreisfreie Stadt",lake,,2,2,osm:w147192490,Sport-Paradies,photo_gate,imgs_0
DE,DEA32,"Gelsenkirchen, Kreisfreie Stadt",lake,,2,2,wd:Q81271038,Ewaldsee,photo_gate,imgs_4
DE,DEC06,St. Wendel,lake,,3,2,osm:w31773045,P3,photo_gate,imgs_0
DE,DED41,"Chemnitz, Kreisfreie Stadt",lake,,2,2,osm:w5078970,Stausee Rabenstein,photo_gate,imgs_1
DE,DED41,"Chemnitz, Kreisfreie Stadt",lake,,2,2,osm:r3867219,Pelzmühlenteich,photo_gate,imgs_1
DE,DEA41,"Bielefeld, Kreisfreie Stadt",lake,,2,2,osm:w50495655,Nichtschwimmerbecken,photo_gate,imgs_0
DE,DEA41,"Bielefeld, Kreisfreie Stadt",lake,,2,2,osm:w702708129,Queller See,photo_gate,imgs_0
DE,DEA44,Höxter,lake,,3,2,osm:r214446,Godelheimer See,photo_gate,imgs_0
DE,DE91B,Wolfenbüttel,lake,,2,2,osm:w439452891,KOMM Beach Club,photo_gate,imgs_0
DE,DE91B,Wolfenbüttel,lake,,2,2,osm:w23347113,Parkpalette,photo_gate,imgs_0
DE,DEA15,"Mönchengladbach, Kreisfreie Stadt",lake,,3,2,osm:w23647459,Schlossbad Niederrhein,photo_gate,imgs_0
DE,DEA16,"Mülheim an der Ruhr, Kreisfreie Stadt",lake,,2,2,osm:r14393952,Entenfang,photo_gate,imgs_2
DE,DEA16,"Mülheim an der Ruhr, Kreisfreie Stadt",lake,,2,2,osm:w23273808,Die Anger,photo_gate,imgs_1
DE,DEA18,"Remscheid, Kreisfreie Stadt",lake,,2,2,osm:w519876165,Badestelle,photo_gate,imgs_0
DE,DEA18,"Remscheid, Kreisfreie Stadt",lake,,2,2,osm:w137866621,Wanderparkplatz Kräwinklerbrücke,photo_gate,imgs_0
DE,DEA19,"Solingen, Kreisfreie Stadt",lake,,2,2,osm:w135779992,Familienbad Vogelsang,photo_gate,imgs_0
DE,DEA19,"Solingen, Kreisfreie Stadt",lake,,2,2,osm:w110447241,Freibad Ittertal,photo_gate,imgs_0
DE,DEA52,"Dortmund, Kreisfreie Stadt",lake,,3,2,osm:w25120255,Solebad,photo_gate,imgs_0
DE,DEA55,"Herne, Kreisfreie Stadt",lake,,2,2,osm:w52709323,LAGO – Die Therme,photo_gate,imgs_1
DE,DEA55,"Herne, Kreisfreie Stadt",lake,,2,2,osm:w133350772,Stadthafen,photo_gate,imgs_1
DE,DEA22,"Bonn, Kreisfreie Stadt",lake,,2,2,osm:w31878043,Freibad Friesdorf,photo_gate,imgs_2
DE,DEA22,"Bonn, Kreisfreie Stadt",lake,,2,2,osm:w4746271,Römerbad,photo_gate,imgs_0
DE,DE926,Holzminden,lake,,3,2,osm:w28569057,Alter Hafen,photo_gate,imgs_1
DE,DEA5A,Siegen-Wittgenstein,lake,,2,2,osm:w96931708,Gambachsweiher,photo_gate,imgs_0
DE,DEA5A,Siegen-Wittgenstein,lake,,2,2,osm:w38099903,Naturfreibad Zitzenbach,photo_gate,imgs_0
DE,DE803,"Rostock, Kreisfreie Stadt",lake,,3,2,osm:w34329167,Seebad,photo_gate,imgs_1
DE,DE236,Neumarkt i. d. OPf.,lake,,3,2,osm:w10229484,Baggersee Schlierfer Heide,photo_gate,imgs_0
DE,DE25A,Neustadt a. d. Aisch-Bad Windsheim,lake,,2,2,osm:w24771564,Obernzenner See,photo_gate,imgs_3
DE,DE25A,Neustadt a. d. Aisch-Bad Windsheim,lake,,2,2,osm:w618834334,Badestrand Obernzenner See,photo_gate,imgs_2
DE,DE25B,Roth,lake,,4,2,,,,
DE,DE261,"Aschaffenburg, Kreisfreie Stadt",lake,,2,2,osm:w114113882,Freibad Aschaffenburg,photo_gate,imgs_1
DE,DE261,"Aschaffenburg, Kreisfreie Stadt",lake,,2,2,osm:w50894402,Hallenbad,photo_gate,imgs_0
DE,DE262,"Schweinfurt, Kreisfreie Stadt",lake,,2,2,osm:w24722918,Kahnsee,photo_gate,imgs_0
DE,DE262,"Schweinfurt, Kreisfreie Stadt",lake,,2,2,osm:r15918,Schweinfurter Baggersee,photo_gate,imgs_0
DE,DE263,"Würzburg, Kreisfreie Stadt",lake,,2,2,osm:w416432108,Besucher,photo_gate,imgs_0
DE,DE263,"Würzburg, Kreisfreie Stadt",lake,,2,2,osm:w4923559,Dallenbergbad,photo_gate,imgs_0
DE,DE241,"Bamberg, Kreisfreie Stadt",lake,,2,2,osm:w629227615,Schwimmverein Bamberg e.V.,photo_gate,imgs_1
DE,DE241,"Bamberg, Kreisfreie Stadt",lake,,2,2,osm:w133182695,Bambados - Das Familien- und Sportbad,photo_gate,imgs_0
DE,DE219,Eichstätt,lake,,3,2,osm:w173078944,Bootsverleih Kratzmühle,photo_gate,imgs_2
DE,DE243,"Coburg, Kreisfreie Stadt",lake,,2,2,osm:w47615767,Aquaria Hallen- und Freibad,photo_gate,imgs_0
DE,DE243,"Coburg, Kreisfreie Stadt",lake,,2,2,osm:w28062643,Badparkplatz,photo_gate,imgs_0
DE,DE716,Darmstadt-Dieburg,lake,,3,2,wd:Q61889993,"Altneckarlachen von Alsbach, Hähnlein und Bickenbach",photo_gate,imgs_1
DE,DE71A,Main-Taunus-Kreis,lake,,2,2,osm:w616139895,Außenbecken,photo_gate,imgs_0
DE,DE71A,Main-Taunus-Kreis,lake,,2,2,osm:w23137816,Am Sportplatz,photo_gate,imgs_0
DE,DE248,Forchheim,lake,,2,2,osm:w28403509,EbserMare,photo_gate,imgs_0
DE,DE248,Forchheim,lake,,2,2,osm:w35279520,Freibad,photo_gate,imgs_0
DE,DE71B,Odenwaldkreis,lake,,2,2,osm:r7735130,Marbach-Stausee,photo_gate,imgs_3
DE,DE71B,Odenwaldkreis,lake,,2,2,osm:w678494528,Jugendzeltplatz am Marbach Stausee - Meisengrund,photo_gate,imgs_2
DE,DE71D,Rheingau-Taunus-Kreis,lake,,2,2,osm:w142685328,Campingplatz am Rhein,photo_gate,imgs_2
DE,DE71D,Rheingau-Taunus-Kreis,lake,,2,2,osm:w977162209,Asbach-Bad,photo_gate,imgs_1
DE,DE26C,"Würzburg, Landkreis",lake,,2,2,osm:r1619475,Erlabrunner Badesee,photo_gate,imgs_1
DE,DE26C,"Würzburg, Landkreis",lake,,2,2,osm:w1079216208,Badebucht Margetshöchheim,photo_gate,imgs_0
DE,DE271,"Augsburg, Kreisfreie Stadt",lake,,3,2,wd:Q786057,Autobahnsee Augsburg,photo_gate,imgs_3
DE,DE272,"Kaufbeuren, Kreisfreie Stadt",lake,,2,2,osm:w576387937,Parkplatz Medi Center,photo_gate,imgs_0
DE,DE272,"Kaufbeuren, Kreisfreie Stadt",lake,,2,2,osm:r356450,Bärensee,photo_gate,imgs_3
DE,DE249,"Hof, Landkreis",lake,,2,2,osm:r287243,Förmitz Reservoir,photo_gate,imgs_0
DE,DE249,"Hof, Landkreis",lake,,2,2,wd:Q79860017,Auensee,photo_gate,imgs_1
DE,DE24A,Kronach,lake,,2,2,osm:w292961000,Frei- & Hallenbad Erlebnisbad Steinwiesen,photo_gate,imgs_2
DE,DE24A,Kronach,lake,,2,2,osm:w82442718,Crana Mare,photo_gate,imgs_0
DE,DE731,"Kassel, Kreisfreie Stadt",lake,,2,2,osm:r1794834,Bugasee,photo_gate,imgs_1
DE,DE731,"Kassel, Kreisfreie Stadt",lake,,2,2,osm:w125550513,Auebad,photo_gate,imgs_1
DE,DE732,Fulda,lake,,2,2,osm:w42422214,Guckaisee,photo_gate,imgs_2
DE,DE732,Fulda,lake,,2,2,osm:w434930328,Freibad Wüstensachsen,photo_gate,imgs_1
DE,DE222,"Passau, Kreisfreie Stadt",lake,,3,2,osm:r4621343,Inn,floor_pool,score_4.2_below_5.4
DE,DE222,"Passau, Kreisfreie Stadt",lake,,3,2,osm:w180713481,Stausee Oberilzmühle,photo_gate,imgs_1
DE,DE223,"Straubing, Kreisfreie Stadt",lake,,2,2,osm:w34019151,Obere Öberauer Schleife,photo_gate,imgs_0
DE,DE223,"Straubing, Kreisfreie Stadt",lake,,2,2,osm:w41686729,AQUAtherm Hallenbad,photo_gate,imgs_0
GR,EL642,Evvoia,lake,,3,2,osm:w280403754,Kalamos Beach,photo_gate,imgs_2
GR,EL642,Evvoia,lake,,3,2,wd:Q15057273,Lake Dystos,photo_gate,imgs_0
GR,EL642,Evvoia,lake,,3,2,osm:w166232034,Agali,photo_gate,imgs_0
GR,EL644,Fthiotida,lake,,2,2,wd:Q24882405,Vromolimni,photo_gate,imgs_0
GR,EL644,Fthiotida,lake,,2,2,osm:w751549379,Τραγάνα,photo_gate,imgs_0
GR,EL644,Fthiotida,lake,,2,2,osm:w510509597,Dermária,photo_gate,imgs_0
GR,EL645,Fokida,lake,,2,2,osm:w606522156,Ακτή Βραχάκια,photo_gate,imgs_0
GR,EL645,Fokida,lake,,2,2,osm:w340252013,Καλαφάτης,photo_gate,imgs_0
GR,EL645,Fokida,lake,,2,2,osm:w352153216,Παραθάλασσο,photo_gate,imgs_0
GR,EL613,"Magnisia, Sporades",lake,,4,2,osm:w167042412,Koukounaries Beach,photo_gate,imgs_3
GR,EL613,"Magnisia, Sporades",lake,,4,2,osm:w167043662,Eleni Beach,photo_gate,imgs_3
GR,EL613,"Magnisia, Sporades",lake,,4,2,osm:w124979361,Papa Nero Beach,photo_gate,imgs_3
GR,EL621,Zakynthos,lake,,2,2,wd:Q6393862,"Keri Lake, Zakynthos",photo_gate,imgs_3
GR,EL621,Zakynthos,lake,,2,2,osm:w89353132,Laganas beach,photo_gate,imgs_3
GR,EL621,Zakynthos,lake,,2,2,osm:w94826851,Tartaruga Camping,photo_gate,imgs_0
GR,EL543,Ioannina,lake,,3,2,wd:Q776956,Lake Pamvotida,photo_gate,imgs_2
GR,EL543,Ioannina,lake,,3,2,wd:Q2615364,Drakolimni,photo_gate,imgs_3
GR,EL543,Ioannina,lake,,3,2,osm:w976322268,Κολύμπη,photo_gate,imgs_0
DE,DEF04,"Neumünster, Kreisfreie Stadt",lake,,3,2,osm:w414607297,Parkplatz Minigolfplatz,photo_gate,imgs_0
GR,EL431,Irakleio,lake,,4,2,osm:w277327598,Aelos Beach,photo_gate,imgs_1
GR,EL431,Irakleio,lake,,4,2,osm:w238128707,Lygaria Beach,photo_gate,imgs_2
GR,EL431,Irakleio,lake,,4,2,osm:w473748307,Infinity Pool,photo_gate,imgs_0
GR,EL432,Lasithi,lake,,3,2,wd:Q135234238,Alatsolimni,photo_gate,imgs_3
GR,EL432,Lasithi,lake,,3,2,osm:w832883055,Αμμούδι,photo_gate,imgs_0
GR,EL432,Lasithi,lake,,3,2,osm:w832883054,Πολύδωρος,photo_gate,imgs_0
GR,EL434,Chania,lake,,5,2,wd:Q25164156,Agia lake,photo_gate,imgs_3
GR,EL434,Chania,lake,,5,2,osm:w118708439,Γεωργιούπολη,photo_gate,imgs_0
GR,EL434,Chania,lake,,5,2,osm:w48474061,Golden Beach,photo_gate,imgs_1
GR,EL512,Xanthi,lake,,3,2,wd:Q25133869,Lafrouda,photo_gate,imgs_0
GR,EL512,Xanthi,lake,,3,2,wd:Q25133868,Lafra Lake,photo_gate,imgs_0
FR,FR101,Paris,lake,,4,2,wd:Q3457718,Réservoir de l'hôpital Saint-Louis,photo_gate,imgs_1
FR,FR101,Paris,lake,,4,2,wd:Q384109,lac de Saint-Mandé,photo_gate,imgs_3
FR,FR101,Paris,lake,,4,2,wd:Q2659603,lac des Minimes,floor_pool,score_5.2_below_5.4
ES,ES533,Menorca,lake,,4,2,osm:w260999022,Moll de Cala Corb,photo_gate,imgs_2
ES,ES533,Menorca,lake,,4,2,osm:w41806324,Porto Cala'n Bosch,photo_gate,imgs_3
ES,ES533,Menorca,lake,,4,2,osm:w38845495,Platja de Binigaus,photo_gate,imgs_3
HR,HR021,Bjelovarsko-bilogorska županija,lake,,3,2,osm:w1054948552,Biopark Čazma,photo_gate,imgs_1
HR,HR021,Bjelovarsko-bilogorska županija,lake,,3,2,osm:w1292660616,Bazeni Veliki Grđevac,photo_gate,imgs_1
HR,HR021,Bjelovarsko-bilogorska županija,lake,,3,2,osm:w1167514106,Parkiralište knjižnica,photo_gate,imgs_0
IT,ITI22,Terni,lake,,4,2,osm:w1457438004,Campeggio Lago di Piediluco,photo_gate,imgs_1
IT,ITI22,Terni,lake,,4,2,osm:w60826018,Lago Chico Mendes,photo_gate,imgs_0
IT,ITI22,Terni,lake,,4,2,wd:Q2881830,Lago di Corbara,photo_gate,imgs_3
IT,ITI32,Ancona,lake,,3,2,osm:w57883294,Lago Grande,photo_gate,imgs_0
IT,ITI32,Ancona,lake,,3,2,osm:w1395673661,La Capannina,photo_gate,imgs_0
IT,ITI32,Ancona,lake,,3,2,osm:w57883283,Lago Profondo,photo_gate,imgs_0
IT,ITI34,Ascoli Piceno,lake,,3,2,wd:Q106983137,Lago di Gerosa,photo_gate,imgs_1
IT,ITI34,Ascoli Piceno,lake,,3,2,osm:w658726730,Casablanca,photo_gate,imgs_0
IT,ITI34,Ascoli Piceno,lake,,3,2,osm:w658726727,Chalet Stella,photo_gate,imgs_0
MK,MK003,Jugozapaden,lake,,5,2,wd:Q156258,Lake Ohrid,photo_gate,imgs_3
MK,MK003,Jugozapaden,lake,,5,2,osm:w219684157,"Воено Одморалиште ""Генерал Васко Карангелевски""",photo_gate,imgs_0
MK,MK003,Jugozapaden,lake,,5,2,wd:Q156258,Lake Ohrid,photo_gate,imgs_3
MK,MK004,Jugoistočen,lake,,4,2,osm:w1241710473,Градска Плажа,photo_gate,imgs_0
MK,MK004,Jugoistočen,lake,,4,2,wd:Q25553764,Мантово,photo_gate,imgs_5
MK,MK004,Jugoistočen,lake,,4,2,wd:Q12906324,Selemli Lake,photo_gate,imgs_5
MK,MK002,Istočen,lake,,3,2,osm:w37910535,City Pool,photo_gate,imgs_0
MK,MK002,Istočen,lake,,3,2,osm:w365527240,City Swimming Pool,photo_gate,imgs_0
MK,MK002,Istočen,lake,,3,2,wd:Q20933989,Беровско Езеро,photo_gate,imgs_4
IT,ITI15,Prato,lake,,2,2,osm:w150812052,Parcheggio scambiatore del Museo,photo_gate,imgs_0
IT,ITI15,Prato,lake,,2,2,osm:w1115461419,Piscina di Vernio,photo_gate,imgs_1
IT,ITI15,Prato,lake,,2,2,osm:w50365804,Piscina Galilei,photo_gate,imgs_0
IT,ITF47,Bari,lake,,4,2,osm:w414521785,Il Titolo,photo_gate,imgs_2
IT,ITF47,Bari,lake,,4,2,osm:w95388761,Lido Paura,photo_gate,imgs_2
IT,ITF47,Bari,lake,,4,2,osm:w1409297485,Lido La Baia,photo_gate,imgs_0
IT,ITC41,Varese,lake,,7,2,osm:w759654500,Marina di Lavena,photo_gate,imgs_3
IT,ITC41,Varese,lake,,7,2,osm:w899523272,Spiaggia pubblica di Zenna,photo_gate,imgs_2
IT,ITC41,Varese,lake,,7,2,osm:w1286785648,Lago Delio,photo_gate,imgs_3
IT,ITF64,Vibo Valentia,lake,,2,2,osm:w171571084,Spiaggia del Convento,photo_gate,imgs_2
IT,ITF64,Vibo Valentia,lake,,2,2,osm:w286865380,Spiaggia di Riaci,photo_gate,imgs_3
IT,ITF64,Vibo Valentia,lake,,2,2,osm:w563691193,Mare Piccolo,photo_gate,imgs_2
IE,IE061,Dublin,lake,,7,2,osm:w306849010,Seapoint,photo_gate,imgs_3
IE,IE061,Dublin,lake,,7,2,osm:w363359614,Portmarnock Beach,photo_gate,imgs_0
IE,IE061,Dublin,lake,,7,2,osm:w164365171,"White Rock, Killiney Beach",photo_gate,imgs_1
IT,ITC17,Asti,lake,,2,2,osm:w545553221,Parcheggio Piazzale Ercole,photo_gate,imgs_0
IT,ITC17,Asti,lake,,2,2,osm:w135038271,AstiLido,photo_gate,imgs_0
IT,ITC17,Asti,lake,,2,2,osm:w1363600156,Piazzale Goreglia,photo_gate,imgs_0
PL,PL219,Nowotarski,lake,,5,2,wd:Q981116,Czarny Staw pod Rysami,photo_gate,imgs_3
PL,PL219,Nowotarski,lake,,5,2,wd:Q3067240,Wielki Staw Polski,photo_gate,imgs_3
PL,PL219,Nowotarski,lake,,5,2,wd:Q11751355,Kurtkowiec,photo_gate,imgs_2
MK,MK006,Pološki,lake,,2,2,osm:w1211220683,Малокорапско Езеро,photo_gate,imgs_0
MK,MK006,Pološki,lake,,2,2,osm:w966141862,Големокорапско Езеро,photo_gate,imgs_0
MK,MK006,Pološki,lake,,2,2,osm:w1244557875,Изгревно Езеро,photo_gate,imgs_0
NL,NL112,Delfzijl en omgeving,lake,,2,2,osm:w93123925,Bierumer strand,photo_gate,imgs_0
NL,NL112,Delfzijl en omgeving,lake,,2,2,osm:w88593705,MarinaPark Zeestrand,photo_gate,imgs_0
NL,NL112,Delfzijl en omgeving,lake,,2,2,osm:w1095420336,Camperlokatie Zeestrand,photo_gate,imgs_0
RO,RO321,Bucureşti,lake,,6,2,wd:Q12731889,Lake Tei,photo_gate,imgs_3
RO,RO321,Bucureşti,lake,,6,2,wd:Q24066105,Lake Văcărești,photo_gate,imgs_3
RO,RO321,Bucureşti,lake,,6,2,wd:Q3214894,Lake Fundeni,photo_gate,imgs_5
RS,RS212,Kolubarska oblast,lake,,2,2,osm:w1097853588,Љишки базен,photo_gate,imgs_0
RS,RS212,Kolubarska oblast,lake,,2,2,wd:Q23198806,Rovni Lake,floor_pool,score_4.7_below_5.4
RS,RS212,Kolubarska oblast,lake,,2,2,wd:Q20435113,Petnica Lake,floor_pool,score_4.4_below_5.4
RS,RS213,Mačvanska oblast,lake,,4,2,wd:Q8075597,Zvorničko Lake,photo_gate,imgs_2
RS,RS213,Mačvanska oblast,lake,,4,2,osm:w522897200,Drina,photo_gate,imgs_0
RS,RS213,Mačvanska oblast,lake,,4,2,osm:w1235031007,"Beach ""Stari grad""",photo_gate,imgs_0
RO,RO112,Bistriţa-Năsăud,lake,,3,2,wd:Q65040386,Stiol Lake,photo_gate,imgs_2
RO,RO112,Bistriţa-Năsăud,lake,,3,2,wd:Q18538892,Lacul Cetățele,photo_gate,imgs_0
RO,RO112,Bistriţa-Năsăud,lake,,3,2,osm:w88372270,Acumularea Piscicolă Budurleni,photo_gate,imgs_0
RS,RS217,Raška oblast,lake,,2,2,osm:w378690044,Градска плажа,photo_gate,imgs_0
RS,RS217,Raška oblast,lake,,2,2,osm:w290466555,Градски базен,photo_gate,imgs_0
RS,RS217,Raška oblast,lake,,2,2,osm:w1219093492,Akvapark Raj,photo_gate,imgs_0
RO,RO116,Sălaj,lake,,2,2,wd:Q6478343,Lake Vârșolț,photo_gate,imgs_0
RO,RO116,Sălaj,lake,,2,2,osm:w173444426,Ferma Piscicolă Cehu Silvaniei,photo_gate,imgs_0
RO,RO124,Harghita,lake,,4,2,osm:w1064000700,Unicum gyógyfürdő és sós-meszes forrás,photo_gate,imgs_0
RO,RO124,Harghita,lake,,4,2,osm:w292528289,Baza de tratament Balneo-Mofetta,photo_gate,imgs_0
RO,RO124,Harghita,lake,,4,2,osm:w338064650,Splash Csíki,photo_gate,imgs_0
PL,PL711,Miasto Łódź,lake,,2,2,osm:r2280722,Stawy Stefańskiego,photo_gate,imgs_1
PL,PL711,Miasto Łódź,lake,,2,2,osm:w199267022,Aquapark Fala,photo_gate,imgs_0
PL,PL711,Miasto Łódź,lake,,2,2,osm:w361474136,Parking strzeżony,photo_gate,imgs_0
PT,PT194,Viseu Dão Lafões,lake,,4,2,osm:w791069218,Praia Fluvial do Trabule,photo_gate,imgs_3
PT,PT194,Viseu Dão Lafões,lake,,4,2,osm:w981160324,Praia Fluvial da Folgosa,photo_gate,imgs_1
PT,PT194,Viseu Dão Lafões,lake,,4,2,osm:w653139415,Praia Fluvial de São João do Monte,photo_gate,imgs_2
PT,PT11C,Tâmega e Sousa,lake,,3,2,wd:Q140371502,Crestuma-Lever Reservoir,photo_gate,imgs_4
PT,PT11C,Tâmega e Sousa,lake,,3,2,wd:Q140371477,Carrapatelo Reservoir,photo_gate,imgs_2
PT,PT11C,Tâmega e Sousa,lake,,3,2,osm:r5011894,Albufeira do Torrão,photo_gate,imgs_0
PL,PL514,Miasto Wrocław,lake,,3,2,osm:w32610514,Staw Pilczycki,photo_gate,imgs_1
PL,PL514,Miasto Wrocław,lake,,3,2,osm:w475788759,Kąpielisko Jeziorowa,photo_gate,imgs_0
PL,PL514,Miasto Wrocław,lake,,3,2,osm:w31855807,Staw Pawłowicki,photo_gate,imgs_0
SK,SK041,Prešovský kraj,lake,,8,2,osm:w22774945,Veľké Hincovo pleso,photo_gate,imgs_2
SK,SK041,Prešovský kraj,lake,,8,2,osm:w558904335,Hincove oká,photo_gate,imgs_3
SK,SK041,Prešovský kraj,lake,,8,2,osm:w22774946,Hincove oká,photo_gate,imgs_3
TR,TR213,Kırklareli,lake,,2,2,osm:w235740001,Beğendik Plajı,photo_gate,imgs_0
RS,RS224,Jablanička oblast,lake,,2,2,wd:Q12747651,Језеро Барје,photo_gate,imgs_1
RS,RS224,Jablanička oblast,lake,,2,2,wd:Q16011732,Брестовачко језеро,photo_gate,imgs_1
RS,RS224,Jablanička oblast,lake,,2,2,osm:w209682866,Брестовачко језеро,photo_gate,imgs_0
RS,RS225,Nišavska oblast,lake,,3,2,osm:w948094074,Staro Kupatilo,photo_gate,imgs_0
RS,RS225,Nišavska oblast,lake,,3,2,osm:w970749951,Посебно паркиралиште „Чаир”,photo_gate,imgs_0
RS,RS225,Nišavska oblast,lake,,3,2,osm:w687309620,Чаир,photo_gate,imgs_0
RS,RS228,Pčinjska oblast,lake,,3,2,osm:w95012607,Pishina e Preshevës,photo_gate,imgs_0
RS,RS228,Pčinjska oblast,lake,,3,2,wd:Q15994134,Jovac Lake,photo_gate,imgs_4
RS,RS228,Pčinjska oblast,lake,,3,2,wd:Q12748252,Aleksandrovačko Jezero,photo_gate,imgs_0
RS,RS229,Toplička oblast,lake,,2,2,osm:w1057703860,Градски базен,photo_gate,imgs_0
RS,RS229,Toplička oblast,lake,,2,2,osm:w287510939,Bazen Žitorđa,photo_gate,imgs_0
RS,RS229,Toplička oblast,lake,,2,2,wd:Q61123047,Блачко језеро,photo_gate,imgs_0
SI,SI035,Zasavska,lake,,2,2,osm:w322425649,Winter swimming pool,photo_gate,imgs_0
SI,SI035,Zasavska,lake,,2,2,osm:r12661818,Sava,photo_gate,imgs_0
SI,SI035,Zasavska,lake,,2,2,osm:r3781536,Sava,photo_gate,imgs_0
XK,XK004,Prizren,lake,,2,2,osm:w543273642,Liqeni i Vërmicës,photo_gate,imgs_0
XK,XK004,Prizren,lake,,2,2,wd:Q20565703,Горно Врачанско Езеро,photo_gate,imgs_4
XK,XK004,Prizren,lake,,2,2,osm:w454549649,Konjushka's Lake,photo_gate,imgs_1
XK,XK006,Gjilan,lake,,2,2,wd:Q7242993,Prilepnica Lake,photo_gate,imgs_0
XK,XK006,Gjilan,lake,,2,2,osm:w646328068,Evropa 2002,photo_gate,imgs_0
XK,XK006,Gjilan,lake,,2,2,osm:w460417257,Pishina ''Palma,photo_gate,imgs_0
GB,TLC33,Darlington,lake,,2,2,osm:w99267124,Bishopton Lake,photo_gate,imgs_2
GB,TLC33,Darlington,lake,,2,2,osm:r4025055,Bishopton Windsurfing Lake,photo_gate,imgs_2
GB,TLC44,Sunderland,lake,,2,2,osm:w34334036,Sunderland Aquatic Centre,photo_gate,imgs_2
GB,TLC44,Sunderland,lake,,2,2,osm:w159011729,Hetton Community Pool Car Park,photo_gate,imgs_2
GB,TLC44,Sunderland,lake,,2,2,osm:w159012680,Hetton Community Pool And Wellness Centre,photo_gate,imgs_1
GB,TLD72,Liverpool,lake,,2,2,osm:w155150089,Coburg Dock,photo_gate,imgs_3
GB,TLD72,Liverpool,lake,,2,2,osm:w155150097,Queen's Dock,floor_pool,score_4.1_below_5.4
GB,TLD72,Liverpool,lake,,2,2,osm:w155150086,Brunswick Dock,photo_gate,imgs_3
GB,TLF11,Derby,lake,,2,2,osm:r1578849,River Derwent,photo_gate,imgs_2
GB,TLF11,Derby,lake,,2,2,osm:w232978656,Leisure Centre Car Parking,photo_gate,imgs_1
GB,TLF11,Derby,lake,,2,2,osm:w232978657,Lonsdale Swimming Pool,photo_gate,imgs_1
GB,TLF21,Leicester,lake,,2,2,osm:w102534533,Leicester Leys Leisure Centre,photo_gate,imgs_3
GB,TLF21,Leicester,lake,,2,2,osm:w453277049,Leicester Lions Speedway,photo_gate,imgs_2
GB,TLF21,Leicester,lake,,2,2,osm:w102534958,Car Park A,photo_gate,imgs_0
GB,TLG23,Stoke-on-Trent,lake,,2,2,osm:w60872990,Dimensions,photo_gate,imgs_0
GB,TLG23,Stoke-on-Trent,lake,,2,2,osm:w4514768,Westport Lake,score_gate,score_3.8_below_5.4
GB,TLG38,Walsall,lake,,2,2,osm:w57956104,Darlaston Swimming Baths,photo_gate,imgs_2
GB,TLG38,Walsall,lake,,2,2,osm:w21082288,Great Barr Hall Lower Lake,photo_gate,imgs_1
GB,TLG38,Walsall,lake,,2,2,osm:w50461536,Great Barr Hall Upper Lake,photo_gate,imgs_1
GB,TLH21,Luton,lake,,2,2,osm:w1207767597,Lewsey Swimming Pool,photo_gate,imgs_3
GB,TLH21,Luton,lake,,2,2,osm:w4083410,Long Term Parking,photo_gate,imgs_0
GB,TLH21,Luton,lake,,2,2,osm:w110273446,EasyJet staff car park,photo_gate,imgs_0
GB,TLI63,"Merton, Kingston upon Thames and Sutton",lake,,2,2,osm:r7510703,Bluegate Pond,photo_gate,imgs_0
GB,TLI63,"Merton, Kingston upon Thames and Sutton",lake,,2,2,osm:w188594376,Paddling Pool,photo_gate,imgs_0
GB,TLI63,"Merton, Kingston upon Thames and Sutton",lake,,2,2,osm:w23402542,John Lewis,photo_gate,imgs_2
GB,TLI71,Barnet,lake,,2,2,osm:w127316422,Finchley Lido,photo_gate,imgs_2
GB,TLI71,Barnet,lake,,2,2,osm:w863621617,New Barnet Leisure Centre,photo_gate,imgs_0
GB,TLI71,Barnet,lake,,2,2,osm:w364203682,Decoy Brook,photo_gate,imgs_0
GB,TLI72,Brent,lake,,2,2,osm:w464588722,The Maqam Centre,photo_gate,imgs_0
GB,TLI75,Hounslow and Richmond upon Thames,lake,,3,2,osm:w5104937,Leg O'Mutton Reservoir,photo_gate,imgs_0
GB,TLI75,Hounslow and Richmond upon Thames,lake,,3,2,osm:w893125164,Brentford Dock Marina,photo_gate,imgs_2
GB,TLI75,Hounslow and Richmond upon Thames,lake,,3,2,osm:w233320295,Richmond Lock,photo_gate,imgs_2
GB,TLJ34,Isle of Wight,lake,,4,2,osm:r29744,Ryde Canoe Lake,photo_gate,imgs_2
GB,TLJ34,Isle of Wight,lake,,4,2,osm:w188334491,Brighstone Holiday Centre swimming pool,photo_gate,imgs_0
GB,TLJ34,Isle of Wight,lake,,4,2,osm:w369302402,Brighstone Holiday Centre (camping),photo_gate,imgs_0
GB,TLK71,Swindon,lake,,2,2,osm:w229343208,Car Park A,photo_gate,imgs_3
GB,TLK71,Swindon,lake,,2,2,osm:w229346660,Car Park C,photo_gate,imgs_0
GB,TLK71,Swindon,lake,,2,2,osm:w558958508,Thamesdown Hydrotherapy Pool,photo_gate,imgs_0
UA,UA-74538382B21863106612225,Rozdilna,lake,,2,2,wd:Q2651567,Cuciurgan Reservoir,photo_gate,imgs_4
UA,UA-74538382B26202854770966,Biliaivka,lake,,2,2,osm:w289160216,Lake Dragan,photo_gate,imgs_0
UA,UA-74538382B97641778556925,Bilhorod Dnistrovskyi,lake,,2,2,osm:w488185524,Davydove Lake,photo_gate,imgs_0
UA,UA-74538382B4443211725898,Tarutyne,lake,,2,2,osm:w304490949,Iazul Pătrat,photo_gate,imgs_0
UA,UA-74538382B44725547103458,Reni,lake,,3,2,osm:r11543925,Lake Cugurlui,photo_gate,imgs_1
UA,UA-74538382B44725547103458,Reni,lake,,3,2,osm:w238777262,Reni Port Basin,photo_gate,imgs_0
UA,UA-74538382B34820599431847,Mohyliv-Podilskyi,lake,,2,2,osm:r13353081,Водосховище Дністровської ГЕС-2,photo_gate,imgs_0
UA,UA-74538382B66987741978303,Sokyriany,lake,,2,2,osm:w306555769,Novyi,photo_gate,imgs_0
UA,UA-74538382B66987741978303,Sokyriany,lake,,2,2,osm:w253090198,Комсомольський став,photo_gate,imgs_0
UA,UA-74538382B31362091857930,Kelmentsi,lake,,2,2,osm:r17384600,Lacul Comsomolist,photo_gate,imgs_0
UA,UA-74538382B28282753236246,Tiachiv,lake,,2,2,osm:r3862829,Тересва,photo_gate,imgs_0
UA,UA-74538382B49148069101278,Vynohradiv,lake,,2,2,osm:w1100945831,Рибник,photo_gate,imgs_0
UA,UA-74538382B77535249747568,Uzhhorod,lake,,2,2,osm:w98897131,Мертва Тиса,photo_gate,imgs_0
UA,UA-74538382B78037249212092,Staryi Sambir,lake,,2,2,osm:r13022916,Стривігор,photo_gate,imgs_0
MD,MD-MD-CT,Cantemir,lake,,2,2,osm:w25466526,Iazul Vișniovca,photo_gate,imgs_0
MD,MD-MD-CM,Cimislia,lake,,2,2,osm:w1165450389,Iazul lui Iepure,photo_gate,imgs_0
MD,MD-MD-RE,Rezina,lake,,2,2,osm:w183364981,Iazul Trifești,photo_gate,imgs_0
MD,MD-MD-DR,Drochia,lake,,2,2,osm:w919324546,"Swimming pool ""Delfin""",photo_gate,imgs_0
MD,MD-MD-DR,Drochia,lake,,2,2,osm:r15479517,Raut,photo_gate,imgs_0
MD,MD-MD-DO,Donduseni,lake,,2,2,osm:r15479513,Raut,photo_gate,imgs_0
AD,AD-AD-05,Ordino,lake,,2,2,wd:Q9019969,Estanys de Tristaina,photo_gate,imgs_3
AD,AD-AD-05,Ordino,lake,,2,2,wd:Q21329550,Estany Esbalçat,photo_gate,imgs_2
AD,AD-AD-05,Ordino,lake,,2,2,wd:Q21329591,Estany de l'Estanyó,photo_gate,imgs_2
AD,AD-AD-03,Encamp,lake,,3,2,wd:Q21329797,Estany de l'Illa,photo_gate,imgs_1
AD,AD-AD-03,Encamp,lake,,3,2,wd:Q21329992,Estany de Montmalús,photo_gate,imgs_2
AD,AD-AD-03,Encamp,lake,,3,2,wd:Q21330258,Estany Primer,photo_gate,imgs_2
SM,SM-SM-06,Borgo Maggiore,lake,,2,2,osm:w131960371,Centro Vacanze San Marino,photo_gate,imgs_0
SM,SM-SM-06,Borgo Maggiore,lake,,2,2,osm:w131960371,Centro Vacanze San Marino,photo_gate,imgs_0
AT,AT111,Mittelburgenland,lake,,2,1,osm:w82211778,Parkplatz Hotel Sonnenpark,photo_gate,imgs_0
AT,AT111,Mittelburgenland,lake,,2,1,osm:w118911054,Sonnentherme Lutzmannsburg,photo_gate,imgs_0
AT,AT111,Mittelburgenland,lake,,2,1,osm:w346469448,Bobby Car Race Course,photo_gate,imgs_0
BE,BE100,Arr. de Bruxelles-Capitale/Arr. Brussel-Hoofdstad,lake,,2,1,osm:w821848439,Bassin de Biestebroeck - Biestebroekdok,photo_gate,imgs_1
BE,BE100,Arr. de Bruxelles-Capitale/Arr. Brussel-Hoofdstad,lake,,2,1,osm:w821874743,Bassin de Batelage - Schippersdok,photo_gate,imgs_0
BE,BE100,Arr. de Bruxelles-Capitale/Arr. Brussel-Hoofdstad,lake,,2,1,osm:w261091214,Calypso 2000,photo_gate,imgs_0
AT,AT331,Außerfern,lake,,6,1,wd:Q688460,Heiterwanger See,photo_gate,imgs_1
AT,AT331,Außerfern,lake,,6,1,wd:Q2264576,Seebensee,photo_gate,imgs_3
AT,AT331,Außerfern,lake,,6,1,wd:Q21868137,Igel See,photo_gate,imgs_3
AT,AT332,Innsbruck,lake,,4,1,wd:Q799895,Baggersee,photo_gate,imgs_2
AT,AT332,Innsbruck,lake,,4,1,wd:Q1525356,Natterer See,photo_gate,imgs_3
AT,AT332,Innsbruck,lake,,4,1,wd:Q1746713,Small Pond,photo_gate,imgs_1
BE,BE32C,Arr. Soignies,lake,,2,1,osm:w168654503,Ecluse de Ronquières,photo_gate,imgs_1
BE,BE32C,Arr. Soignies,lake,,2,1,osm:w1532019016,Zone de baignade de la Marlette,photo_gate,imgs_0
BE,BE32C,Arr. Soignies,lake,,2,1,osm:w235864528,SNEF Yachting,photo_gate,imgs_0
CH,CH013,Genève,lake,,2,1,osm:w922420349,Port-Choiseul,photo_gate,imgs_2
CH,CH013,Genève,lake,,2,1,osm:w1080912338,Port Gitana,photo_gate,imgs_0
CH,CH013,Genève,lake,,2,1,osm:w1225009848,Plage Gitana,photo_gate,imgs_0
CH,CH063,Schwyz,lake,,4,1,osm:w377948570,Hopfräben,photo_gate,imgs_0
CH,CH063,Schwyz,lake,,4,1,osm:w436456795,Föhnhafen,photo_gate,imgs_0
CH,CH063,Schwyz,lake,,4,1,wd:Q675610,Wägitalersee,photo_gate,imgs_3
CH,CH064,Obwalden,lake,,4,1,wd:Q14527,Lungerersee,photo_gate,imgs_5
CH,CH064,Obwalden,lake,,4,1,osm:w40797907,Camping International Giswil,photo_gate,imgs_2
CH,CH064,Obwalden,lake,,4,1,wd:Q5408352,Eugenisee,floor_pool,score_5.3_below_5.4
CH,CH065,Nidwalden,lake,,2,1,osm:w64549733,Camping Buochs-Vierwaldstättersee,photo_gate,imgs_2
CH,CH065,Nidwalden,lake,,2,1,osm:w308648872,Hafen Buochs,photo_gate,imgs_2
CH,CH065,Nidwalden,lake,,2,1,osm:w308724266,Strandbad Buochs-Ennetbürgen,photo_gate,imgs_2
DE,DE143,Zollernalbkreis,lake,,2,1,osm:w51827312,Beim Stausee,photo_gate,imgs_0
DE,DEB36,"Neustadt an der Weinstraße, Kreisfreie Stadt",lake,,2,1,osm:w249185901,Freibad Hambach,photo_gate,imgs_1
DE,DEA13,"Essen, Kreisfreie Stadt",lake,,3,1,,,,
DE,DEA1A,"Wuppertal, Kreisfreie Stadt",lake,,2,1,osm:w974833861,Gartenhallenbad Langerfeld,photo_gate,imgs_1
DE,DEA53,"Hagen, Kreisfreie Stadt",lake,,3,1,,,,
DE,DE402,"Cottbus, Kreisfreie Stadt",lake,,2,1,osm:w149962648,Branitzer Badesee,photo_gate,imgs_3
DE,DE403,"Frankfurt (Oder), Kreisfreie Stadt",lake,,2,1,osm:w51349891,Hauptstrand,photo_gate,imgs_0
DE,DE403,"Frankfurt (Oder), Kreisfreie Stadt",lake,,2,1,osm:w56645774,Küstersee,photo_gate,imgs_1
DE,DE403,"Frankfurt (Oder), Kreisfreie Stadt",lake,,2,1,osm:w55910963,Noacksteich,photo_gate,imgs_1
DE,DE218,Ebersberg,lake,,3,1,,,,
DE,DE244,"Hof, Kreisfreie Stadt",lake,,2,1,osm:r115216,Untreusee,photo_gate,imgs_2
DE,DE246,"Bayreuth, Landkreis",lake,,2,1,wd:Q261026,Craimoosweiher,floor_pool,score_4.8_below_5.4
DE,DE718,Hochtaunuskreis,lake,,2,1,osm:w47205180,Parkplatz am Gericht,photo_gate,imgs_0
DE,DE21F,Miesbach,lake,,3,1,wd:Q2264893,Seehamer See,photo_gate,imgs_3
GR,EL623,"Ithaki, Kefallinia",lake,,2,1,osm:w501001650,Trapezaki beach,photo_gate,imgs_0
GR,EL623,"Ithaki, Kefallinia",lake,,2,1,osm:w80502199,Skinos,photo_gate,imgs_0
GR,EL623,"Ithaki, Kefallinia",lake,,2,1,osm:w80500982,Gidaki,photo_gate,imgs_0
GR,EL624,Lefkada,lake,,4,1,osm:w148118881,Agios Ioannis,photo_gate,imgs_2
GR,EL624,Lefkada,lake,,4,1,osm:w102993636,Kathisma,photo_gate,imgs_3
GR,EL624,Lefkada,lake,,4,1,osm:w141326957,Vassiliki,photo_gate,imgs_0
GR,EL533,Florina,lake,,4,1,wd:Q134467817,"Mikrí Préspa, Límni",photo_gate,imgs_0
GR,EL533,Florina,lake,,4,1,wd:Q1990279,Zazari lake,photo_gate,imgs_3
GR,EL533,Florina,lake,,4,1,wd:Q2458126,Lake Petron,photo_gate,imgs_2
GR,EL412,"Ikaria, Samos",lake,,2,1,osm:w231364296,Pythagorio beach,photo_gate,imgs_2
GR,EL412,"Ikaria, Samos",lake,,2,1,osm:w92699545,Megalo Seitani,photo_gate,imgs_1
GR,EL412,"Ikaria, Samos",lake,,2,1,osm:w249322002,Handaki,photo_gate,imgs_0
GR,EL413,Chios,lake,,2,1,osm:w180449637,Lithiou Beach,photo_gate,imgs_2
GR,EL413,Chios,lake,,2,1,osm:w228360422,Karfas Beach,photo_gate,imgs_3
GR,EL413,Chios,lake,,2,1,osm:w399326251,Komi Beach,photo_gate,imgs_0
GR,EL433,Rethymni,lake,,4,1,osm:w28749205,Plakias Beach,photo_gate,imgs_3
GR,EL433,Rethymni,lake,,4,1,osm:w329696089,Paligremnos Beach (Nudist),photo_gate,imgs_3
GR,EL433,Rethymni,lake,,4,1,osm:w358503666,Kalypso Cretan Village,photo_gate,imgs_1
DE,DEG02,"Gera, Kreisfreie Stadt",lake,,2,1,osm:w197899368,Grosser Hainteich,photo_gate,imgs_2
GR,EL524,Pella,lake,,2,1,wd:Q12279886,Giannitsa Lake,photo_gate,imgs_0
GR,EL524,Pella,lake,,2,1,wd:Q12880034,Lake Agra,photo_gate,imgs_5
GR,EL524,Pella,lake,,2,1,osm:r3153861,Edesseos,photo_gate,imgs_0
GR,EL304,Notios Tomeas Athinon,lake,,3,1,osm:w217631895,Παραλία Γλυφάδας Ακτή Δ,photo_gate,imgs_1
GR,EL304,Notios Tomeas Athinon,lake,,3,1,osm:w452862741,1η Μαρίνα Γλυφάδας,photo_gate,imgs_0
GR,EL305,Anatoliki Attiki,lake,,5,1,wd:Q15041236,Lake Vouliagmeni,photo_gate,imgs_2
GR,EL305,Anatoliki Attiki,lake,,5,1,osm:w180335952,Camping Bacchus,photo_gate,imgs_0
GR,EL305,Anatoliki Attiki,lake,,5,1,osm:w386421364,Ξένιαστο μελίσσι,photo_gate,imgs_0
FR,FR106,Seine-Saint-Denis ,lake,,3,1,osm:w73116804,Piscine Municipale Alice Milliat,photo_gate,imgs_3
FR,FR106,Seine-Saint-Denis ,lake,,3,1,osm:w1533060816,Centre aquatique Annette Kellermann,photo_gate,imgs_1
FR,FR106,Seine-Saint-Denis ,lake,,3,1,osm:w144162987,Centre Aquanautique Camille Muffat,photo_gate,imgs_0
ES,ES630,Ceuta,lake,,2,1,wd:Q24021521,Embalse del Infierno,photo_gate,imgs_1
ES,ES630,Ceuta,lake,,2,1,wd:Q24021525,Embalse del Renegado,photo_gate,imgs_2
ES,ES630,Ceuta,lake,,2,1,osm:w363351250,Playa del Chorrillo,photo_gate,imgs_1
HR,HR023,Požeško-slavonska županija,lake,,2,1,wd:Q25502017,Sovsko jezero,photo_gate,imgs_0
HR,HR023,Požeško-slavonska županija,lake,,2,1,osm:w15236268,Raminac,photo_gate,imgs_0
HR,HR023,Požeško-slavonska županija,lake,,2,1,osm:w97328056,Pjeskara,photo_gate,imgs_0
IT,ITC43,Lecco,lake,,4,1,osm:w405141072,Royal Victoria,photo_gate,imgs_0
IT,ITC43,Lecco,lake,,4,1,osm:w219787826,L' Isola degli Incapaci,photo_gate,imgs_0
IT,ITC43,Lecco,lake,,4,1,wd:Q63161,Lago di Garlate,photo_gate,imgs_3
PL,PL218,Nowosądecki,lake,,3,1,osm:w40731290,Stawy Stary Sącz,photo_gate,imgs_2
PL,PL218,Nowosądecki,lake,,3,1,osm:w352660600,Camping Nr 87,photo_gate,imgs_0
PL,PL218,Nowosądecki,lake,,3,1,osm:w176003723,Pole kempingowe Pod Wyspą,photo_gate,imgs_1
RS,RS221,Borska oblast,lake,,2,1,osm:w300842903,Плажа Кладово,photo_gate,imgs_0
RS,RS221,Borska oblast,lake,,2,1,osm:w1430785693,Sip Beach,photo_gate,imgs_0
RS,RS221,Borska oblast,lake,,2,1,osm:w507287154,Hotel Lepenski vir,photo_gate,imgs_0
PT,PT112,Cávado,lake,,4,1,osm:w1378184518,Praia Suave Mar (Centro),photo_gate,imgs_0
PT,PT112,Cávado,lake,,4,1,osm:w1378184520,Praia Suave Mar (Sul),photo_gate,imgs_0
PT,PT112,Cávado,lake,,4,1,osm:w154778182,Piscinas Foz do Cávado,photo_gate,imgs_2
SI,SI044,Obalno-kraška,lake,,4,1,osm:w736792218,Parking Kompas Shop,photo_gate,imgs_0
SI,SI044,Obalno-kraška,lake,,4,1,wd:Q1366155,Sečovlje Saltworks,photo_gate,imgs_2
SI,SI044,Obalno-kraška,lake,,4,1,osm:w149474482,Marina Portorož,photo_gate,imgs_3
XK,XK001,Prishtinë,lake,,3,1,osm:w1457192965,Swiss Wellness Park,photo_gate,imgs_0
XK,XK001,Prishtinë,lake,,3,1,osm:w1184509625,Matinée Pool Club,photo_gate,imgs_0
XK,XK001,Prishtinë,lake,,3,1,osm:w1457193709,Dubai Pool,photo_gate,imgs_0
XK,XK007,Gjakovë,lake,,2,1,osm:w497917808,Liqeni i Tropojës,photo_gate,imgs_1
XK,XK007,Gjakovë,lake,,2,1,wd:Q1520663,Radoniq Lake,floor_pool,score_5.1_below_5.4
XK,XK007,Gjakovë,lake,,2,1,wd:Q6978342,Gjeravica Lake,photo_gate,imgs_3
GB,TLG36,Dudley,lake,,2,1,osm:w34061721,Pool Road,photo_gate,imgs_1
GB,TLG36,Dudley,lake,,2,1,wd:Q6999676,Netherton Reservoir,floor_pool,score_4.8_below_5.4
GB,TLG36,Dudley,lake,,2,1,osm:w27826785,Fens Pool,floor_pool,score_4.5_below_5.4
GB,TLH62,Ipswich,lake,,2,1,osm:w26606405,Fore Street Car Park,photo_gate,imgs_3
GB,TLH62,Ipswich,lake,,2,1,osm:w10400965,Fore Street Pools,photo_gate,imgs_3
GB,TLH62,Ipswich,lake,,2,1,osm:w10401183,Crown Pools,photo_gate,imgs_0
GB,TLI35,Westminster and City of London,lake,,2,1,osm:w23607683,Serpentine Lido,photo_gate,imgs_2
GB,TLI35,Westminster and City of London,lake,,2,1,osm:w58757016,Triangle Carpark,photo_gate,imgs_0
GB,TLI35,Westminster and City of London,lake,,2,1,osm:r1972843,Diana Memorial Fountain,photo_gate,imgs_0
GB,TLJ31,Portsmouth,lake,,3,1,osm:w114823562,Mountbatten Centre,photo_gate,imgs_1
GB,TLJ31,Portsmouth,lake,,3,1,osm:w32137391,Mountbatten Centre,photo_gate,imgs_1
GB,TLJ31,Portsmouth,lake,,3,1,osm:w918186936,Southsea Splash Park,photo_gate,imgs_1
GB,TLJ35,South Hampshire,lake,,4,1,osm:w176851474,The Salterns,photo_gate,imgs_1
GB,TLJ35,South Hampshire,lake,,4,1,osm:r215470,Sophie's Pond,photo_gate,imgs_0
GB,TLJ35,South Hampshire,lake,,4,1,osm:w23714975,Hill Head Beach,photo_gate,imgs_0
GB,TLK42,Torbay,lake,,3,1,osm:w116517519,Shoalstone Pool,photo_gate,imgs_4
GB,TLK42,Torbay,lake,,3,1,osm:w56460767,Fairy Cove,photo_gate,imgs_2
