country,nuts3,region_name,layer,published,quota,deficit,candidate_id,candidate_name,rejected_by,rejected_detail
GR,EL642,Evvoia,beach,,60,60,wd:Q53632677,Alykes Drosias,photo_gate,imgs_0_strong_0
GR,EL642,Evvoia,beach,,60,60,osm:way/166231069,Παραλία Αχλαδίου (Φραγκάκη),photo_gate,imgs_0_strong_0
GR,EL642,Evvoia,beach,,60,60,osm:way/259359261,Limnionas,photo_gate,imgs_0_strong_0
GR,EL642,Evvoia,beach,,60,60,osm:way/493722998,Καρεφλού,photo_gate,imgs_0_strong_0
GR,EL642,Evvoia,beach,,60,60,osm:way/493715886,Αχερούνες,photo_gate,imgs_0_strong_0
GR,EL642,Evvoia,beach,,60,60,osm:way/493716932,Kalamitsa,photo_gate,imgs_0_strong_0
GR,EL642,Evvoia,beach,,60,60,osm:way/283111098,Άγιος Μερκούριος,photo_gate,imgs_0_strong_0
GR,EL642,Evvoia,beach,,60,60,osm:way/280403754,Kalamos Beach,score_gate,score_5.5_below_5.6
GR,EL642,Evvoia,beach,,60,60,osm:way/166227818,Μαύρικας,score_gate,score_5.5_below_5.6
GR,EL642,Evvoia,beach,,60,60,osm:way/269212381,Ποτάμι,score_gate,score_5.5_below_5.6
GR,EL642,Evvoia,beach,,60,60,osm:way/269212436,Κρεμάλα,score_gate,score_5.5_below_5.6
GR,EL642,Evvoia,beach,,60,60,osm:way/493713375,Kalogria,score_gate,score_5.4_below_5.6
GR,EL642,Evvoia,beach,,60,60,osm:way/493714917,Άγιος Φωκάς,score_gate,score_5.3_below_5.6
GR,EL642,Evvoia,beach,,60,60,osm:way/1324939519,Λεύκα,score_gate,score_5.3_below_5.6
GR,EL642,Evvoia,beach,,60,60,osm:way/493724012,Γυρίσματα,score_gate,score_5.3_below_5.6
GR,EL642,Evvoia,beach,,60,60,osm:way/166225350,Νησιώτισσα,score_gate,score_5.3_below_5.6
GR,EL642,Evvoia,beach,,60,60,osm:way/269212402,Γαλλίδα,score_gate,score_5.3_below_5.6
GR,EL642,Evvoia,beach,,60,60,osm:way/269212425,Λιβαδάκι,score_gate,score_5.2_below_5.6
GR,EL642,Evvoia,beach,,60,60,osm:way/230864661,Παραλία Αγίου Νικολάου,score_gate,score_5.2_below_5.6
GR,EL642,Evvoia,beach,,60,60,osm:way/493715367,Πεύκος,score_gate,score_5.1_below_5.6
GR,EL642,Evvoia,beach,,60,60,osm:way/295751811,Μαγαζιά,score_gate,score_5.1_below_5.6
GR,EL642,Evvoia,beach,,60,60,osm:way/610857838,Molos Beach,score_gate,score_5.1_below_5.6
GR,EL642,Evvoia,beach,,60,60,osm:way/437012272,Νέα Στύρα,score_gate,score_5.0_below_5.6
GR,EL642,Evvoia,beach,,60,60,osm:way/715051856,Ex Eva Camping,score_gate,score_4.9_below_5.6
GR,EL642,Evvoia,beach,,60,60,osm:way/502081250,Κυμάσι,score_gate,score_4.9_below_5.6
GR,EL642,Evvoia,beach,,60,60,osm:way/269212413,Πέρα Κατσούλι,score_gate,score_4.9_below_5.6
GR,EL642,Evvoia,beach,,60,60,osm:way/609998260,Ασπούς,score_gate,score_4.8_below_5.6
GR,EL642,Evvoia,beach,,60,60,wd:Q53629543,Asteria Chalkidas,score_gate,score_4.8_below_5.6
GR,EL642,Evvoia,beach,,60,60,osm:way/544674286,Κουρέντι,score_gate,score_4.8_below_5.6
GR,EL642,Evvoia,beach,,60,60,osm:way/166256463,Makris Gialos,score_gate,score_4.8_below_5.6
GR,EL642,Evvoia,beach,,60,60,osm:way/1344035594,Achilli Beach,score_gate,score_4.7_below_5.6
GR,EL642,Evvoia,beach,,60,60,osm:node/10683111758,Steni Beach,score_gate,score_4.7_below_5.6
GR,EL642,Evvoia,beach,,60,60,eea:ELBW079151061101,Kokkini,score_gate,score_4.7_below_5.6
GR,EL642,Evvoia,beach,,60,60,eea:ELBW079155166101,Kalamia,score_gate,score_4.7_below_5.6
GR,EL642,Evvoia,beach,,60,60,eea:ELBW079154133101,Gialos,score_gate,score_4.7_below_5.6
GR,EL642,Evvoia,beach,,60,60,osm:way/600407579,Dafni Beach,score_gate,score_4.7_below_5.6
GR,EL642,Evvoia,beach,,60,60,osm:way/493348392,Ψιλή Άμμος,score_gate,score_4.7_below_5.6
GR,EL642,Evvoia,beach,,60,60,osm:way/166230759,Παραλία Κοτσικιάς,score_gate,score_4.7_below_5.6
GR,EL642,Evvoia,beach,,60,60,eea:ELBW079150050101,Vasilika,score_gate,score_4.7_below_5.6
GR,EL642,Evvoia,beach,,60,60,eea:ELBW079151059101,Fygias,score_gate,score_4.7_below_5.6
GR,EL642,Evvoia,beach,,60,60,eea:ELBW079149035101,Eretria Anatolika 2,score_gate,score_4.7_below_5.6
GR,EL642,Evvoia,beach,,60,60,eea:ELBW079149032101,Eretria Anatolika 1,score_gate,score_4.7_below_5.6
GR,EL642,Evvoia,beach,,60,60,eea:ELBW079152069101,Soutsini,score_gate,score_4.7_below_5.6
GR,EL642,Evvoia,beach,,60,60,eea:ELBW079154126101,Atsitsa,score_gate,score_4.7_below_5.6
GR,EL642,Evvoia,beach,,60,60,eea:ELBW079150045101,Neos Pyrgos,score_gate,score_4.7_below_5.6
GR,EL642,Evvoia,beach,,60,60,eea:ELBW079153090101,Pili,score_gate,score_4.7_below_5.6
GR,EL642,Evvoia,beach,,60,60,eea:ELBW079153084101,Agias Annas,score_gate,score_4.7_below_5.6
GR,EL642,Evvoia,beach,,60,60,eea:ELBW079148016101,Politika,score_gate,score_4.7_below_5.6
GR,EL642,Evvoia,beach,,60,60,eea:ELBW079150042101,Kanatadika,score_gate,score_4.7_below_5.6
GR,EL642,Evvoia,beach,,60,60,eea:ELBW079149034101,Amarynthos 1,score_gate,score_4.7_below_5.6
GR,EL642,Evvoia,beach,,60,60,eea:ELBW079149037101,Amarynthos 2,score_gate,score_4.7_below_5.6
GR,EL642,Evvoia,beach,,60,60,eea:ELBW079155153101,Loukisia,score_gate,score_4.7_below_5.6
GR,EL642,Evvoia,beach,,60,60,eea:ELBW079155164101,Faros Avlidas,score_gate,score_4.7_below_5.6
GR,EL642,Evvoia,beach,,60,60,osm:way/269212383,Ελιά,score_gate,score_4.7_below_5.6
GR,EL642,Evvoia,beach,,60,60,osm:node/5449423871,Παραλια,score_gate,score_4.7_below_5.6
GR,EL642,Evvoia,beach,,60,60,osm:node/2721777961,Κακολίμανο,score_gate,score_4.7_below_5.6
GR,EL642,Evvoia,beach,,60,60,eea:ELBW079152067101,Stomio,score_gate,score_4.7_below_5.6
GR,EL642,Evvoia,beach,,60,60,eea:ELBW079153089101,Rovies 2,score_gate,score_4.7_below_5.6
GR,EL642,Evvoia,beach,,60,60,eea:ELBW079150046101,Loutra Aidipsou 1,score_gate,score_4.7_below_5.6
GR,EL642,Evvoia,beach,,60,60,eea:ELBW079150047101,Agios Nikolaos,score_gate,score_4.7_below_5.6
GR,EL307,"Peiraias, Nisoi",beach,,60,60,wd:Q25166692,Skala beach,photo_gate,imgs_0_strong_0
GR,EL307,"Peiraias, Nisoi",beach,,60,60,osm:way/519985348,Dragonera Beach,photo_gate,imgs_0_strong_0
GR,EL307,"Peiraias, Nisoi",beach,,60,60,osm:way/190098223,Παραλία Παλαιόπολη,photo_gate,imgs_0_strong_0
GR,EL307,"Peiraias, Nisoi",beach,,60,60,osm:way/367110006,Άγιοι Ανάργυροι,photo_gate,imgs_0_strong_0
GR,EL307,"Peiraias, Nisoi",beach,,60,60,osm:way/533358205,Παραλία Κανάκια,photo_gate,imgs_0_strong_0
GR,EL307,"Peiraias, Nisoi",beach,,60,60,wd:Q53629277,Ag. Marina,photo_gate,imgs_4_strong_4
GR,EL307,"Peiraias, Nisoi",beach,,60,60,osm:way/414397417,Φυρή Άμμος (Κάλαμος),photo_gate,imgs_0_strong_0
GR,EL307,"Peiraias, Nisoi",beach,,60,60,osm:way/430916428,Παραλια Φυρή Άμμος,score_gate,score_5.5_below_5.6
GR,EL307,"Peiraias, Nisoi",beach,,60,60,osm:way/276235972,Παραλία Μαραθώνα Β,score_gate,score_5.5_below_5.6
GR,EL307,"Peiraias, Nisoi",beach,,60,60,osm:way/518890263,Παραλία Μαραθώνα Α,score_gate,score_5.5_below_5.6
GR,EL307,"Peiraias, Nisoi",beach,,60,60,osm:way/366650725,Παραλία Λίμνη (Παλαιόπολη),score_gate,score_5.5_below_5.6
GR,EL307,"Peiraias, Nisoi",beach,,60,60,osm:way/368072784,Παραλια Φυρή Άμμος,score_gate,score_5.5_below_5.6
GR,EL307,"Peiraias, Nisoi",beach,,60,60,osm:way/1504672635,Πέρανι,score_gate,score_5.5_below_5.6
GR,EL307,"Peiraias, Nisoi",beach,,60,60,osm:way/368072675,Παραλία Αγία Πελαγία,score_gate,score_5.4_below_5.6
GR,EL307,"Peiraias, Nisoi",beach,,60,60,osm:way/517530114,Zogeria Beach,score_gate,score_5.4_below_5.6
GR,EL307,"Peiraias, Nisoi",beach,,60,60,osm:way/614054956,Σουβάλα,score_gate,score_5.4_below_5.6
GR,EL307,"Peiraias, Nisoi",beach,,60,60,osm:way/614086486,Λουτρά,score_gate,score_5.4_below_5.6
GR,EL307,"Peiraias, Nisoi",beach,,60,60,osm:way/498865231,Κομπονάδα,score_gate,score_5.4_below_5.6
GR,EL307,"Peiraias, Nisoi",beach,,60,60,osm:way/1504672636,Κύριζα,score_gate,score_5.3_below_5.6
GR,EL307,"Peiraias, Nisoi",beach,,60,60,osm:way/301125437,Melidoni,score_gate,score_5.2_below_5.6
GR,EL307,"Peiraias, Nisoi",beach,,60,60,wd:Q53631566,Askeli,score_gate,score_5.2_below_5.6
GR,EL307,"Peiraias, Nisoi",beach,,60,60,osm:way/542501529,Μαρούδι,score_gate,score_5.2_below_5.6
GR,EL307,"Peiraias, Nisoi",beach,,60,60,wd:Q53631093,Kapsali,score_gate,score_5.1_below_5.6
GR,EL307,"Peiraias, Nisoi",beach,,60,60,osm:way/524040116,Αγία Παρασκευή,score_gate,score_5.1_below_5.6
GR,EL307,"Peiraias, Nisoi",beach,,60,60,osm:way/268614199,Πλατιά Άμμος,score_gate,score_5.0_below_5.6
GR,EL307,"Peiraias, Nisoi",beach,,60,60,osm:way/299848438,Παραλια Κακιά Λαγκάδα,score_gate,score_5.0_below_5.6
GR,EL307,"Peiraias, Nisoi",beach,,60,60,osm:way/319265389,Άγιος Μάμας,score_gate,score_4.9_below_5.6
GR,EL307,"Peiraias, Nisoi",beach,,60,60,osm:way/321035662,Παραλία Βλυχάδα,score_gate,score_4.9_below_5.6
GR,EL307,"Peiraias, Nisoi",beach,,60,60,osm:way/438285719,Σατερλί,score_gate,score_4.9_below_5.6
GR,EL307,"Peiraias, Nisoi",beach,,60,60,osm:way/631979760,Sarpa Beach,score_gate,score_4.9_below_5.6
GR,EL307,"Peiraias, Nisoi",beach,,60,60,osm:way/1504673015,Κακή Βίγλα,score_gate,score_4.9_below_5.6
GR,EL307,"Peiraias, Nisoi",beach,,60,60,osm:way/1548480456,Γυάλα,score_gate,score_4.9_below_5.6
GR,EL307,"Peiraias, Nisoi",beach,,60,60,osm:way/539988092,Paradise Beach,score_gate,score_4.8_below_5.6
GR,EL307,"Peiraias, Nisoi",beach,,60,60,osm:way/956489380,Μπλέ Λιμανάκι,score_gate,score_4.8_below_5.6
GR,EL307,"Peiraias, Nisoi",beach,,60,60,osm:way/438285718,Αγαμέμνων,score_gate,score_4.8_below_5.6
GR,EL307,"Peiraias, Nisoi",beach,,60,60,osm:way/611609006,Aliki Beach,score_gate,score_4.8_below_5.6
GR,EL307,"Peiraias, Nisoi",beach,,60,60,osm:way/1422438524,Δημήτρανι,score_gate,score_4.8_below_5.6
GR,EL307,"Peiraias, Nisoi",beach,,60,60,eea:ELBW069208008101,Panagitsa,score_gate,score_4.7_below_5.6
GR,EL307,"Peiraias, Nisoi",beach,,60,60,eea:ELBW039213106101,Psifta,score_gate,score_4.7_below_5.6
GR,EL307,"Peiraias, Nisoi",beach,,60,60,osm:way/530694569,Aponissos Beach,score_gate,score_4.7_below_5.6
GR,EL307,"Peiraias, Nisoi",beach,,60,60,osm:way/1504644765,Ντουλάπι,score_gate,score_4.7_below_5.6
GR,EL307,"Peiraias, Nisoi",beach,,60,60,eea:ELBW069211078101,Plaz Katastima,score_gate,score_4.7_below_5.6
GR,EL307,"Peiraias, Nisoi",beach,,60,60,eea:ELBW069211100101,Nato,score_gate,score_4.7_below_5.6
GR,EL307,"Peiraias, Nisoi",beach,,60,60,eea:ELBW069211085101,Vasilika,score_gate,score_4.7_below_5.6
GR,EL307,"Peiraias, Nisoi",beach,,60,60,eea:ELBW069211087101,Selinia,score_gate,score_4.7_below_5.6
GR,EL307,"Peiraias, Nisoi",beach,,60,60,eea:ELBW069208003101,Agia Marina Notia,score_gate,score_4.7_below_5.6
GR,EL307,"Peiraias, Nisoi",beach,,60,60,eea:ELBW069211079101,Chalioti - Deh,score_gate,score_4.7_below_5.6
GR,EL307,"Peiraias, Nisoi",beach,,60,60,eea:ELBW069211097101,Agios Nikolaos Anatolika,score_gate,score_4.7_below_5.6
GR,EL307,"Peiraias, Nisoi",beach,,60,60,eea:ELBW069211082101,Zefyros,score_gate,score_4.7_below_5.6
GR,EL307,"Peiraias, Nisoi",beach,,60,60,eea:ELBW069211088101,Katsouli,score_gate,score_4.7_below_5.6
GR,EL307,"Peiraias, Nisoi",beach,,60,60,eea:ELBW069211089101,Psili Ammos,score_gate,score_4.7_below_5.6
GR,EL307,"Peiraias, Nisoi",beach,,60,60,eea:ELBW039209055101,Avlemonas,score_gate,score_4.7_below_5.6
GR,EL307,"Peiraias, Nisoi",beach,,60,60,eea:ELBW069211093101,Plaz Tourkolimano,score_gate,score_4.7_below_5.6
GR,EL307,"Peiraias, Nisoi",beach,,60,60,eea:ELBW069211101101,Agios Georgios,score_gate,score_4.7_below_5.6
GR,EL307,"Peiraias, Nisoi",beach,,60,60,osm:node/3627263850,Neorio Beach,score_gate,score_4.7_below_5.6
GR,EL307,"Peiraias, Nisoi",beach,,60,60,osm:way/203784702,Κανάλι,score_gate,score_4.7_below_5.6
GR,EL307,"Peiraias, Nisoi",beach,,60,60,osm:way/242277461,Love Beach,score_gate,score_4.7_below_5.6
GR,EL307,"Peiraias, Nisoi",beach,,60,60,osm:way/611611905,Plaka Beach,score_gate,score_4.7_below_5.6
GR,EL307,"Peiraias, Nisoi",beach,,60,60,osm:way/1291754151,Mandraki,score_gate,score_4.7_below_5.6
GR,EL307,"Peiraias, Nisoi",beach,,60,60,eea:ELBW069211136101,Mikri Iliakti,score_gate,score_4.7_below_5.6
DK,DK031,Fyn,beach,,60,60,wd:Q23754178,Flyvesandet,photo_gate,imgs_2_strong_2
DK,DK031,Fyn,beach,,60,60,osm:way/25465895,Sydstranden,photo_gate,imgs_0_strong_0
DK,DK031,Fyn,beach,,60,60,osm:way/25465886,Nordstrand,photo_gate,imgs_0_strong_0
DK,DK031,Fyn,beach,,60,60,osm:way/128198235,Vejlby Fed,photo_gate,imgs_0_strong_0
DK,DK031,Fyn,beach,,60,60,osm:way/33605587,Christiansminde Badestrand,photo_gate,imgs_0_strong_0
DK,DK031,Fyn,beach,,60,60,osm:way/183690010,Helnæs Strand,score_gate,score_5.5_below_5.6
DK,DK031,Fyn,beach,,60,60,osm:way/54277808,Teglgårds Bugt,score_gate,score_5.4_below_5.6
DK,DK031,Fyn,beach,,60,60,wd:Q23754174,Smørmosen,score_gate,score_5.4_below_5.6
DK,DK031,Fyn,beach,,60,60,eea:DKBW475,Bøjden,score_gate,score_5.4_below_5.6
DK,DK031,Fyn,beach,,60,60,eea:DKBW1289,Fyns Badestrand,score_gate,score_5.4_below_5.6
DK,DK031,Fyn,beach,,60,60,eea:DKBW607,Hesselbjerg Strand,score_gate,score_5.4_below_5.6
DK,DK031,Fyn,beach,,60,60,eea:DKBW505,Damsbo Strand,score_gate,score_5.4_below_5.6
DK,DK031,Fyn,beach,,60,60,eea:DKBW1626,Lille Ibjerg Sø,score_gate,score_5.4_below_5.6
DK,DK031,Fyn,beach,,60,60,osm:way/1527743269,Horne Sommerland,score_gate,score_5.3_below_5.6
DK,DK031,Fyn,beach,,60,60,osm:way/1062537295,Noret,score_gate,score_5.3_below_5.6
DK,DK031,Fyn,beach,,60,60,osm:way/1358289067,Tankefuld,score_gate,score_5.3_below_5.6
DK,DK031,Fyn,beach,,60,60,osm:way/1197109312,Tarup-Davinde Hundestrand,score_gate,score_5.2_below_5.6
DK,DK031,Fyn,beach,,60,60,osm:way/1519590041,Spodsbjerg,score_gate,score_5.1_below_5.6
DK,DK031,Fyn,beach,,60,60,osm:way/506159047,Elsehoved Strand,score_gate,score_5.1_below_5.6
DK,DK031,Fyn,beach,,60,60,osm:way/1535842494,Aa Strand,score_gate,score_5.1_below_5.6
DK,DK031,Fyn,beach,,60,60,osm:way/1535628076,Sinebjerg,score_gate,score_4.8_below_5.6
DK,DK031,Fyn,beach,,60,60,eea:DKBW566,Ronæs Strand,score_gate,score_4.7_below_5.6
DK,DK031,Fyn,beach,,60,60,eea:DKBW601,Tangrenden N,score_gate,score_4.7_below_5.6
DK,DK031,Fyn,beach,,60,60,eea:DKBW546,Storebæltsbadet,score_gate,score_4.7_below_5.6
DK,DK031,Fyn,beach,,60,60,eea:DKBW526,Dæmningen/røjlemose Ø,score_gate,score_4.7_below_5.6
DK,DK031,Fyn,beach,,60,60,eea:DKBW549,Strandalleen 42,score_gate,score_4.7_below_5.6
DK,DK031,Fyn,beach,,60,60,eea:DKBW608,Ristinge N,score_gate,score_4.7_below_5.6
DK,DK031,Fyn,beach,,60,60,eea:DKBW1569,Strandhotellerne,score_gate,score_4.7_below_5.6
DK,DK031,Fyn,beach,,60,60,eea:DKBW641,Egernvej,score_gate,score_4.7_below_5.6
DK,DK031,Fyn,beach,,60,60,eea:DKBW472,Falsled S F. Havn,score_gate,score_4.7_below_5.6
DK,DK031,Fyn,beach,,60,60,eea:DKBW636,Kongshøj Camping,score_gate,score_4.7_below_5.6
DK,DK031,Fyn,beach,,60,60,eea:DKBW640,Strandgårdstoften,score_gate,score_4.7_below_5.6
DK,DK031,Fyn,beach,,60,60,eea:DKBW1897,Sølyst Bypark,score_gate,score_4.7_below_5.6
DK,DK031,Fyn,beach,,60,60,eea:DKBW603,Bagenkop Sommerland,score_gate,score_4.7_below_5.6
DK,DK031,Fyn,beach,,60,60,osm:way/1141219406,Husby Strand,score_gate,score_4.7_below_5.6
DK,DK031,Fyn,beach,,60,60,eea:DKBW568,Føns Strand,score_gate,score_4.7_below_5.6
DK,DK031,Fyn,beach,,60,60,osm:way/907164609,Helletofte Strand,score_gate,score_4.7_below_5.6
DK,DK031,Fyn,beach,,60,60,osm:way/461458589,Hesseløje,score_gate,score_4.7_below_5.6
DK,DK031,Fyn,beach,,60,60,eea:DKBW503,Feddet,score_gate,score_4.7_below_5.6
DK,DK031,Fyn,beach,,60,60,eea:DKBW561,Båring Ege,score_gate,score_4.7_below_5.6
DK,DK031,Fyn,beach,,60,60,eea:DKBW627,Dinestrup Strand,score_gate,score_4.7_below_5.6
DK,DK031,Fyn,beach,,60,60,eea:DKBW486,Bøgebjerg,score_gate,score_4.7_below_5.6
DK,DK031,Fyn,beach,,60,60,eea:DKBW1617,Havnebadet,score_gate,score_4.7_below_5.6
DK,DK031,Fyn,beach,,60,60,eea:DKBW497,Holmskov Strand,score_gate,score_4.7_below_5.6
DK,DK031,Fyn,beach,,60,60,eea:DKBW447,Saltofte Strand,score_gate,score_4.7_below_5.6
DK,DK031,Fyn,beach,,60,60,eea:DKBW444,Mariendal,score_gate,score_4.7_below_5.6
DK,DK031,Fyn,beach,,60,60,eea:DKBW468,Varbjerg Strand Ø,score_gate,score_4.7_below_5.6
DK,DK031,Fyn,beach,,60,60,eea:DKBW487,Nab,score_gate,score_4.7_below_5.6
DK,DK031,Fyn,beach,,60,60,eea:DKBW570,Hasmark,score_gate,score_4.7_below_5.6
DK,DK031,Fyn,beach,,60,60,eea:DKBW611,Løkkeby Strand M,score_gate,score_4.7_below_5.6
DK,DK031,Fyn,beach,,60,60,eea:DKBW622,Stoense Havn,score_gate,score_4.7_below_5.6
DK,DK031,Fyn,beach,,60,60,eea:DKBW452,Å Å 150m S (fra 1990),score_gate,score_4.7_below_5.6
DK,DK031,Fyn,beach,,60,60,eea:DKBW562,Båring Strand,score_gate,score_4.7_below_5.6
DK,DK031,Fyn,beach,,60,60,eea:DKBW517,Dalby Bugt,score_gate,score_4.7_below_5.6
DK,DK031,Fyn,beach,,60,60,eea:DKBW557,Strandskovvej S,score_gate,score_4.7_below_5.6
DK,DK031,Fyn,beach,,60,60,eea:DKBW473,Falsled Ved Møllebæk,score_gate,score_4.1_below_5.6
DK,DK041,Vestjylland,beach,,60,60,osm:way/749604566,Østre Strand,photo_gate,imgs_0_strong_0
DK,DK041,Vestjylland,beach,,60,60,osm:way/33899155,Holtbjerg Sø Badestrand,photo_gate,imgs_0_strong_0
DK,DK041,Vestjylland,beach,,60,60,osm:way/1234849967,Ålbæk Strand,photo_gate,imgs_0_strong_0
DK,DK041,Vestjylland,beach,,60,60,osm:way/77316322,Nørhede Strand,score_gate,score_5.5_below_5.6
DK,DK041,Vestjylland,beach,,60,60,osm:node/11365892468,Hostrup beach,score_gate,score_5.5_below_5.6
DK,DK041,Vestjylland,beach,,60,60,eea:DKBW185,"Nissum Fjord, Nørbygård",score_gate,score_5.4_below_5.6
DK,DK041,Vestjylland,beach,,60,60,osm:way/1527484269,Glyngøre Strand,score_gate,score_5.0_below_5.6
DK,DK041,Vestjylland,beach,,60,60,eea:DKBW1581,Knudmose Sø,score_gate,score_4.7_below_5.6
DK,DK041,Vestjylland,beach,,60,60,eea:DKBW168,Husby Klit (odbjerg Strand),score_gate,score_4.7_below_5.6
DK,DK041,Vestjylland,beach,,60,60,eea:DKBW216,Bredalgårde,score_gate,score_4.7_below_5.6
DK,DK041,Vestjylland,beach,,60,60,eea:DKBW190,Bremdal Strand,score_gate,score_4.7_below_5.6
DK,DK041,Vestjylland,beach,,60,60,eea:DKBW209,Oddesund Vest,score_gate,score_4.7_below_5.6
DK,DK041,Vestjylland,beach,,60,60,eea:DKBW167,Sidselsbjerg,score_gate,score_4.7_below_5.6
DK,DK041,Vestjylland,beach,,60,60,eea:DKBW193,Venø Øst,score_gate,score_4.7_below_5.6
DK,DK041,Vestjylland,beach,,60,60,eea:DKBW903,Vesterhavet Spidsbjerg,score_gate,score_4.7_below_5.6
DK,DK041,Vestjylland,beach,,60,60,osm:way/1533722897,Stenerodde,score_gate,score_4.7_below_5.6
DK,DK041,Vestjylland,beach,,60,60,eea:DKBW1554,Rødding Sø,score_gate,score_4.7_below_5.6
DK,DK041,Vestjylland,beach,,60,60,eea:DKBW1601,Tange Sø,score_gate,score_4.7_below_5.6
DK,DK041,Vestjylland,beach,,60,60,eea:DKBW222,Tambohuse Ved Bro,score_gate,score_4.7_below_5.6
DK,DK041,Vestjylland,beach,,60,60,eea:DKBW267,Lundø Øst,score_gate,score_4.7_below_5.6
DK,DK041,Vestjylland,beach,,60,60,eea:DKBW323,"Viborg Nørresø, Sct. Ibsgade / Pilehaven",score_gate,score_4.7_below_5.6
DK,DK041,Vestjylland,beach,,60,60,eea:DKBW1353,Hessellund Søcamping,score_gate,score_4.7_below_5.6
DK,DK041,Vestjylland,beach,,60,60,eea:DKBW1499,Sø Ved Vester Husby V/ Græm Strand,score_gate,score_4.7_below_5.6
DK,DK041,Vestjylland,beach,,60,60,eea:DKBW319,Hald Sø - Dollerupvej,score_gate,score_4.7_below_5.6
DK,DK041,Vestjylland,beach,,60,60,eea:DKBW321,Vedsø,score_gate,score_4.7_below_5.6
DK,DK041,Vestjylland,beach,,60,60,eea:DKBW1442,"Hampen Sø, P-plads",score_gate,score_4.7_below_5.6
DK,DK041,Vestjylland,beach,,60,60,eea:DKBW198,Sunds Sø Ved Søgården,score_gate,score_4.7_below_5.6
DK,DK041,Vestjylland,beach,,60,60,eea:DKBW204,Lyngs Drag,score_gate,score_4.7_below_5.6
DK,DK041,Vestjylland,beach,,60,60,eea:DKBW215,Lystlund Sø,score_gate,score_4.7_below_5.6
DK,DK041,Vestjylland,beach,,60,60,eea:DKBW219,Serup Strand,score_gate,score_4.7_below_5.6
DK,DK041,Vestjylland,beach,,60,60,eea:DKBW229,Birke Sø,score_gate,score_4.7_below_5.6
DK,DK041,Vestjylland,beach,,60,60,eea:DKBW258,Harre Vig Strand,score_gate,score_4.7_below_5.6
DK,DK041,Vestjylland,beach,,60,60,eea:DKBW283,Fursund,score_gate,score_4.7_below_5.6
DK,DK041,Vestjylland,beach,,60,60,eea:DKBW1253,Stadil Fjord Ved Alrum,score_gate,score_4.7_below_5.6
DK,DK041,Vestjylland,beach,,60,60,eea:DKBW169,Vedersø Klit,score_gate,score_4.7_below_5.6
DK,DK041,Vestjylland,beach,,60,60,eea:DKBW218,Vigen Ved Oddesund,score_gate,score_4.7_below_5.6
DK,DK041,Vestjylland,beach,,60,60,eea:DKBW317,Viborg Søndersø - Søndersø Camping,score_gate,score_4.7_below_5.6
DK,DK041,Vestjylland,beach,,60,60,eea:DKBW1516,Fuglsang Sø,score_gate,score_4.7_below_5.6
DK,DK041,Vestjylland,beach,,60,60,eea:DKBW1580,Arnborg Badesø,score_gate,score_4.7_below_5.6
DK,DK041,Vestjylland,beach,,60,60,eea:DKBW320,Hald Sø - Skytteholmen,score_gate,score_4.7_below_5.6
DK,DK041,Vestjylland,beach,,60,60,osm:way/956028975,Bigum Søbad,score_gate,score_4.6_below_5.6
DK,DK041,Vestjylland,beach,,60,60,eea:DKBW184,Bork Havn Nordstrand,score_gate,score_4.2_below_5.6
FI,FI1D7,Lappi,beach,,60,60,osm:way/379148082,Ounaspaviljongin uimaranta,photo_gate,imgs_0_strong_0
FI,FI1D7,Lappi,beach,,60,60,osm:way/220729315,Kemijärven uimaranta,photo_gate,imgs_0_strong_0
FI,FI1D7,Lappi,beach,,60,60,osm:way/379148083,Ounaskoski beach,photo_gate,imgs_0_strong_0
FI,FI1D7,Lappi,beach,,60,60,osm:way/895704477,Pullinpuoli,score_gate,score_5.4_below_5.6
FI,FI1D7,Lappi,beach,,60,60,osm:way/381661454,Arktikum beach,score_gate,score_5.3_below_5.6
FI,FI1D7,Lappi,beach,,60,60,osm:way/44722950,Uiton uimaranta,score_gate,score_4.8_below_5.6
FI,FI1D7,Lappi,beach,,60,60,osm:way/42311797,Kivirannan uimaranta,score_gate,score_4.7_below_5.6
FI,FI1D7,Lappi,beach,,60,60,osm:way/59774266,Pikisaari,score_gate,score_4.7_below_5.6
FI,FI1D7,Lappi,beach,,60,60,osm:way/154337824,Pikisaaren uimaranta,score_gate,score_4.6_below_5.6
FI,FI1D7,Lappi,beach,,60,60,osm:way/802974591,Näränperä,score_gate,score_4.6_below_5.6
FI,FI200,Åland,beach,,60,60,osm:way/1077371020,Gröna uddens badstrand,photo_gate,imgs_0_strong_0
FI,FI200,Åland,beach,,60,60,osm:way/1375649371,Bamböle badplats,score_gate,score_5.5_below_5.6
FI,FI200,Åland,beach,,60,60,osm:way/669984106,Västernäs,score_gate,score_5.0_below_5.6
FI,FI200,Åland,beach,,60,60,osm:way/1308634714,Bambölevik,score_gate,score_4.9_below_5.6
FI,FI200,Åland,beach,,60,60,eea:FI166736001,Vasterviken,score_gate,score_4.7_below_5.6
FI,FI200,Åland,beach,,60,60,eea:FI166076001,Bovik,score_gate,score_4.7_below_5.6
FI,FI200,Åland,beach,,60,60,osm:way/165358633,Nyängen,score_gate,score_3.7_below_5.6
FI,FI1DC,Pohjois-Karjala,beach,,60,60,osm:way/59996345,Linnunlahden uimaranta,photo_gate,imgs_0_strong_0
FI,FI1DC,Pohjois-Karjala,beach,,60,60,osm:way/24065785,Timitranniemen uimaranta,photo_gate,imgs_0_strong_0
FI,FI1DC,Pohjois-Karjala,beach,,60,60,osm:way/59996350,Ilosaaren uimaranta,photo_gate,imgs_3_strong_0
FI,FI1DC,Pohjois-Karjala,beach,,60,60,osm:way/88099347,Vehkalahden uimaranta,photo_gate,imgs_0_strong_0
FI,FI1DC,Pohjois-Karjala,beach,,60,60,osm:way/651261280,Nahkimo,photo_gate,imgs_0_strong_0
FI,FI1DC,Pohjois-Karjala,beach,,60,60,osm:way/458168341,Kuoringan uimaranta,photo_gate,imgs_0_strong_0
FI,FI1DC,Pohjois-Karjala,beach,,60,60,osm:way/59996348,Aavarannan uimaranta,score_gate,score_5.5_below_5.6
FI,FI1DC,Pohjois-Karjala,beach,,60,60,osm:way/911277182,Honkalahden uimaranta,score_gate,score_5.5_below_5.6
FI,FI1DC,Pohjois-Karjala,beach,,60,60,osm:way/651256249,Sataman uimaranta,score_gate,score_5.4_below_5.6
FI,FI1DC,Pohjois-Karjala,beach,,60,60,osm:way/706037289,Vierevänniemen uimaranta,score_gate,score_5.4_below_5.6
FI,FI1DC,Pohjois-Karjala,beach,,60,60,osm:way/327280586,Louhiojan uimaranta,score_gate,score_5.4_below_5.6
FI,FI1DC,Pohjois-Karjala,beach,,60,60,osm:node/4941070510,Uimaranta,score_gate,score_5.4_below_5.6
FI,FI1DC,Pohjois-Karjala,beach,,60,60,osm:way/433248735,Lieksanjoen uimaranta,score_gate,score_5.3_below_5.6
FI,FI1DC,Pohjois-Karjala,beach,,60,60,osm:way/123174039,Kaupunginniemen uimaranta,score_gate,score_5.3_below_5.6
FI,FI1DC,Pohjois-Karjala,beach,,60,60,osm:way/911553152,Ukkolan uimaranta,score_gate,score_5.3_below_5.6
FI,FI1DC,Pohjois-Karjala,beach,,60,60,osm:way/908139146,Hovila,score_gate,score_5.2_below_5.6
FI,FI1DC,Pohjois-Karjala,beach,,60,60,osm:way/367865946,Matolahti,score_gate,score_5.1_below_5.6
FI,FI1DC,Pohjois-Karjala,beach,,60,60,osm:way/432221153,Reijolan uimaranta,score_gate,score_4.9_below_5.6
FI,FI1DC,Pohjois-Karjala,beach,,60,60,osm:way/65381774,Lamminranta,score_gate,score_4.8_below_5.6
FI,FI1DC,Pohjois-Karjala,beach,,60,60,osm:way/384458307,Lokkisaari,score_gate,score_4.7_below_5.6
FI,FI1DC,Pohjois-Karjala,beach,,60,60,osm:way/706037288,Sataman uimaranta,score_gate,score_4.7_below_5.6
FI,FI1DC,Pohjois-Karjala,beach,,60,60,eea:FI133541001,Hyvarila,score_gate,score_4.7_below_5.6
FI,FI1DC,Pohjois-Karjala,beach,,60,60,eea:FI133167007,Niittylahti,score_gate,score_4.7_below_5.6
FI,FI1DC,Pohjois-Karjala,beach,,60,60,eea:FI133276003,Valkealampi,score_gate,score_4.7_below_5.6
FI,FI1DC,Pohjois-Karjala,beach,,60,60,eea:FI133045001,Honkalahti,score_gate,score_4.7_below_5.6
FI,FI1DC,Pohjois-Karjala,beach,,60,60,eea:FI133248004,Ruokkeen Lomakyla,score_gate,score_4.7_below_5.6
FI,FI1DC,Pohjois-Karjala,beach,,60,60,osm:way/59996346,Honkaniemen uimaranta,score_gate,score_4.7_below_5.6
FI,FI1DC,Pohjois-Karjala,beach,,60,60,osm:way/351517053,Vainolahti,score_gate,score_4.7_below_5.6
FI,FI1C1,Varsinais-Suomi,beach,,60,60,wd:Q123415768,Nunnavuori,photo_gate,imgs_1_strong_1
FI,FI1C1,Varsinais-Suomi,beach,,60,60,osm:way/606158598,Brinkhallin uimaranta,photo_gate,imgs_0_strong_0
FI,FI1C1,Varsinais-Suomi,beach,,60,60,osm:way/192472777,Salkolan uimaranta,photo_gate,imgs_1_strong_1
FI,FI1C1,Varsinais-Suomi,beach,,60,60,osm:way/376545876,Sorttamäen uimaranta,photo_gate,imgs_0_strong_0
FI,FI1C1,Varsinais-Suomi,beach,,60,60,osm:way/545714301,Isonkiven uimaranta,photo_gate,imgs_0_strong_0
FI,FI1C1,Varsinais-Suomi,beach,,60,60,osm:way/149222649,Maauimala Ankkalampi,score_gate,score_5.5_below_5.6
FI,FI1C1,Varsinais-Suomi,beach,,60,60,eea:FI121202001,Hovirinta,score_gate,score_5.4_below_5.6
FI,FI1C1,Varsinais-Suomi,beach,,60,60,eea:FI121734001,Lehmijarvi,score_gate,score_5.4_below_5.6
FI,FI1C1,Varsinais-Suomi,beach,,60,60,osm:way/38868274,Riviera,score_gate,score_5.4_below_5.6
FI,FI1C1,Varsinais-Suomi,beach,,60,60,osm:way/161897823,Kalevanniemi,score_gate,score_5.3_below_5.6
FI,FI1C1,Varsinais-Suomi,beach,,60,60,osm:way/1296613085,Härjänvatsan uimaranta,score_gate,score_5.3_below_5.6
FI,FI1C1,Varsinais-Suomi,beach,,60,60,osm:way/583735675,Kaarle Knuutinpojan ranta,score_gate,score_4.9_below_5.6
FI,FI1C1,Varsinais-Suomi,beach,,60,60,eea:FI121761003,Salkolanjarvi,score_gate,score_4.7_below_5.6
FI,FI1C1,Varsinais-Suomi,beach,,60,60,eea:FI121073002,Marynummi,score_gate,score_4.7_below_5.6
FI,FI19A,Pohjanmaa,beach,,60,60,wd:Q10500670,Fäboda,photo_gate,imgs_1_strong_1
FI,FI19A,Pohjanmaa,beach,,60,60,osm:way/224091871,Karperö,score_gate,score_5.0_below_5.6
FI,FI1C5,Etelä-Karjala,beach,,60,60,osm:way/73024970,Cork factory beach,score_gate,score_5.5_below_5.6
FI,FI1C5,Etelä-Karjala,beach,,60,60,osm:way/238351382,Pikisaari beach,score_gate,score_5.2_below_5.6
FI,FI1C5,Etelä-Karjala,beach,,60,60,eea:FI127153001,Ukonlinna,score_gate,score_4.7_below_5.6
NO,NO093,Vestfold,beach,,60,60,wd:Q33326788,Hvittensand,photo_gate,imgs_0_strong_0
NO,NO093,Vestfold,beach,,60,60,osm:way/405899010,Svinevika,photo_gate,imgs_0_strong_0
NO,NO093,Vestfold,beach,,60,60,osm:way/190872045,Oddane Sand,photo_gate,imgs_0_strong_0
NO,NO093,Vestfold,beach,,60,60,wd:Q33327049,Langeby,photo_gate,imgs_0_strong_0
NO,NO093,Vestfold,beach,,60,60,osm:way/190872038,Gurvika,photo_gate,imgs_0_strong_0
NO,NO093,Vestfold,beach,,60,60,wd:Q19391643,Sønstegård,photo_gate,imgs_1_strong_1
NO,NO093,Vestfold,beach,,60,60,wd:Q19388691,Skallevold,photo_gate,imgs_0_strong_0
NO,NO093,Vestfold,beach,,60,60,osm:way/183400337,Skitnerødstranda,photo_gate,imgs_0_strong_0
NO,NO093,Vestfold,beach,,60,60,osm:way/894410537,Dulpen,photo_gate,imgs_0_strong_0
NO,NO093,Vestfold,beach,,60,60,osm:way/725431474,Skjellsand,photo_gate,imgs_0_strong_0
NO,NO093,Vestfold,beach,,60,60,osm:way/606055380,Batteristranda,photo_gate,imgs_0_strong_0
NO,NO093,Vestfold,beach,,60,60,wd:Q97625542,Furustrand,photo_gate,imgs_1_strong_1
NO,NO093,Vestfold,beach,,60,60,osm:way/126778116,Stretrestranda,photo_gate,imgs_0_strong_0
NO,NO093,Vestfold,beach,,60,60,osm:way/310603447,Jordestranda,photo_gate,imgs_0_strong_0
NO,NO093,Vestfold,beach,,60,60,osm:way/552122629,Jordestranda,photo_gate,imgs_0_strong_0
NO,NO093,Vestfold,beach,,60,60,osm:relation/14221856,Refsholtsanden Ulastrendene,photo_gate,imgs_0_strong_0
NO,NO093,Vestfold,beach,,60,60,osm:relation/14036810,Korpekollen,photo_gate,imgs_0_strong_0
NO,NO093,Vestfold,beach,,60,60,osm:way/51007402,Kjerringvik,score_gate,score_5.4_below_5.6
NO,NO093,Vestfold,beach,,60,60,osm:way/382736254,Bastøybukta,score_gate,score_5.3_below_5.6
NO,NO093,Vestfold,beach,,60,60,osm:way/556888106,Skallevoldstranda,score_gate,score_5.3_below_5.6
NO,NO093,Vestfold,beach,,60,60,osm:way/626888105,Sandø,score_gate,score_5.3_below_5.6
NO,NO093,Vestfold,beach,,60,60,osm:way/225019462,Karistranda,score_gate,score_5.2_below_5.6
NO,NO093,Vestfold,beach,,60,60,osm:way/552122627,Støperistranda,score_gate,score_5.2_below_5.6
NO,NO093,Vestfold,beach,,60,60,osm:relation/14221853,Sandvika,score_gate,score_5.2_below_5.6
NO,NO093,Vestfold,beach,,60,60,osm:way/170474930,Nordre Trubervika,score_gate,score_5.2_below_5.6
NO,NO093,Vestfold,beach,,60,60,osm:way/577710920,Skogly,score_gate,score_5.2_below_5.6
NO,NO093,Vestfold,beach,,60,60,osm:way/1089893955,Tallakshavn,score_gate,score_5.2_below_5.6
NO,NO093,Vestfold,beach,,60,60,osm:way/163605608,Langholtstranda,score_gate,score_5.1_below_5.6
NO,NO093,Vestfold,beach,,60,60,osm:way/1217481500,Ula,score_gate,score_5.1_below_5.6
NO,NO093,Vestfold,beach,,60,60,osm:way/170474929,Engebukta,score_gate,score_5.1_below_5.6
NO,NO093,Vestfold,beach,,60,60,osm:way/1378907698,Møringa,score_gate,score_5.1_below_5.6
NO,NO093,Vestfold,beach,,60,60,osm:way/725431475,Draken,score_gate,score_5.0_below_5.6
NO,NO093,Vestfold,beach,,60,60,osm:way/565538834,Karljohansvern,score_gate,score_5.0_below_5.6
NO,NO093,Vestfold,beach,,60,60,wd:Q56063311,Skjellvika,score_gate,score_4.9_below_5.6
NO,NO093,Vestfold,beach,,60,60,osm:way/681357953,Ytre basseng,score_gate,score_4.9_below_5.6
NO,NO093,Vestfold,beach,,60,60,osm:way/725431468,Håkavika,score_gate,score_4.9_below_5.6
NO,NO093,Vestfold,beach,,60,60,osm:way/170368592,Skjellvika,score_gate,score_4.9_below_5.6
NO,NO093,Vestfold,beach,,60,60,osm:relation/14048385,Agnesbukta,score_gate,score_4.7_below_5.6
NO,NO093,Vestfold,beach,,60,60,osm:way/170474927,Strandvika,score_gate,score_4.7_below_5.6
NO,NO093,Vestfold,beach,,60,60,osm:way/538515634,Krukestranda,score_gate,score_4.7_below_5.6
NO,NO093,Vestfold,beach,,60,60,osm:way/612591756,Lydhusstranda,score_gate,score_4.6_below_5.6
NO,NO093,Vestfold,beach,,60,60,osm:way/54063526,Ringshaugstranda,score_gate,score_4.6_below_5.6
NO,NO093,Vestfold,beach,,60,60,osm:way/1217429753,Vesta,score_gate,score_4.6_below_5.6
NO,NO093,Vestfold,beach,,60,60,osm:way/552122699,Jordfallet,score_gate,score_4.5_below_5.6
NO,NO093,Vestfold,beach,,60,60,osm:way/180801116,Melsomstranda,score_gate,score_4.5_below_5.6
NO,NO093,Vestfold,beach,,60,60,osm:way/444169250,Hagasand,score_gate,score_4.5_below_5.6
NO,NO093,Vestfold,beach,,60,60,osm:way/493652684,Hagaløkka,score_gate,score_4.5_below_5.6
NO,NO093,Vestfold,beach,,60,60,osm:way/324827203,Doktorodden,score_gate,score_4.4_below_5.6
NO,NO093,Vestfold,beach,,60,60,osm:way/607049851,Torstrand,score_gate,score_4.4_below_5.6
NO,NO093,Vestfold,beach,,60,60,osm:way/561884726,Borrestranda,score_gate,score_4.4_below_5.6
NO,NO093,Vestfold,beach,,60,60,osm:way/564461684,Vestre Veggbukt,score_gate,score_4.4_below_5.6
NO,NO093,Vestfold,beach,,60,60,osm:way/577472178,Nordre Ringshaug,score_gate,score_4.4_below_5.6
NO,NO093,Vestfold,beach,,60,60,osm:way/1064276389,Kaldnes,score_gate,score_4.4_below_5.6
NO,NO093,Vestfold,beach,,60,60,osm:way/1214049809,Kirkebukta,score_gate,score_4.4_below_5.6
NO,NO093,Vestfold,beach,,60,60,osm:way/625278450,Torgersøya,score_gate,score_4.4_below_5.6
NO,NO093,Vestfold,beach,,60,60,osm:way/200718166,Burø,score_gate,score_4.3_below_5.6
NO,NO093,Vestfold,beach,,60,60,osm:way/552122697,Fritzøe villa,score_gate,score_4.3_below_5.6
NO,NO093,Vestfold,beach,,60,60,osm:way/595229193,Skråvika,score_gate,score_4.3_below_5.6
NO,NO093,Vestfold,beach,,60,60,osm:way/607049853,Vadskjæret,score_gate,score_4.3_below_5.6
NO,NO093,Vestfold,beach,,60,60,osm:way/609975672,Stavernsøya,score_gate,score_4.3_below_5.6
NO,NO0B2,Svalbard,beach,,60,60,wd:Q16897211,Snøsporvstranda,score_gate,score_5.1_below_5.6
NO,NO0B2,Svalbard,beach,,60,60,wd:Q17761593,Calypsostranda,score_gate,score_5.1_below_5.6
NO,NO0B2,Svalbard,beach,,60,60,osm:relation/20275881,Adventdalen,score_gate,score_4.6_below_5.6
NO,NO0B2,Svalbard,beach,,60,60,osm:way/1484285457,Mälardalen,score_gate,score_4.6_below_5.6
NO,NO0B2,Svalbard,beach,,60,60,osm:way/1484285458,Ugledalen,score_gate,score_4.6_below_5.6
NO,NO0B2,Svalbard,beach,,60,60,osm:way/1484287518,Koslådalen,score_gate,score_4.6_below_5.6
NO,NO0B2,Svalbard,beach,,60,60,osm:way/1484293171,Helvetiadalen,score_gate,score_4.6_below_5.6
NO,NO0B2,Svalbard,beach,,60,60,osm:way/1484385129,Hanaskogdalen,score_gate,score_4.6_below_5.6
NO,NO0B2,Svalbard,beach,,60,60,osm:way/1484411265,Endalen,score_gate,score_4.6_below_5.6
NO,NO0B2,Svalbard,beach,,60,60,osm:way/1415161683,Trocaderostranda,score_gate,score_4.5_below_5.6
NO,NO0B2,Svalbard,beach,,60,60,osm:way/1414616698,Ny-London,score_gate,score_4.3_below_5.6
NO,NO0B2,Svalbard,beach,,60,60,wd:Q31863005,Enjalbalstranda,score_gate,score_4.0_below_5.6
NO,NO0B2,Svalbard,beach,,60,60,wd:Q31877013,Rekvedstranda,score_gate,score_4.0_below_5.6
NO,NO0A2,Vestland,beach,,60,60,osm:way/158002904,Handelslagsfjøro,photo_gate,imgs_0_strong_0
NO,NO0A2,Vestland,beach,,60,60,wd:Q6427382,Kollevågen,photo_gate,imgs_0_strong_0
NO,NO0A2,Vestland,beach,,60,60,wd:Q11997353,Refviksanden,photo_gate,imgs_2_strong_2
NO,NO0A2,Vestland,beach,,60,60,osm:way/162891833,Kollevåg badestrand,photo_gate,imgs_0_strong_0
NO,NO0A2,Vestland,beach,,60,60,osm:way/700348182,Skjoldabukta,photo_gate,imgs_0_strong_0
NO,NO0A2,Vestland,beach,,60,60,osm:way/943914107,Vetvika,photo_gate,imgs_1_strong_1
NO,NO0A2,Vestland,beach,,60,60,wd:Q7336022,Rishamn,score_gate,score_5.3_below_5.6
NO,NO0A2,Vestland,beach,,60,60,osm:node/8174376553,mobergsvika,score_gate,score_5.3_below_5.6
NO,NO0A2,Vestland,beach,,60,60,osm:way/895262296,Prestevika,score_gate,score_5.3_below_5.6
NO,NO0A2,Vestland,beach,,60,60,osm:relation/13332782,Brufossøyrane,score_gate,score_5.3_below_5.6
NO,NO0A2,Vestland,beach,,60,60,osm:relation/13332783,Brufossholmen,score_gate,score_5.3_below_5.6
NO,NO0A2,Vestland,beach,,60,60,osm:way/918445644,Tellevika,score_gate,score_5.2_below_5.6
NO,NO0A2,Vestland,beach,,60,60,osm:relation/5875181,Rabben,score_gate,score_5.2_below_5.6
NO,NO0A2,Vestland,beach,,60,60,osm:way/866053462,Hellevika,score_gate,score_5.1_below_5.6
NO,NO0A2,Vestland,beach,,60,60,osm:node/9301128486,Aslaksvikjo,score_gate,score_5.1_below_5.6
NO,NO0A2,Vestland,beach,,60,60,osm:way/903578811,Apalvikjo,score_gate,score_5.1_below_5.6
NO,NO0A2,Vestland,beach,,60,60,osm:way/913857738,Bibelhaug,score_gate,score_5.1_below_5.6
NO,NO0A2,Vestland,beach,,60,60,osm:way/305334990,Rimbareid,score_gate,score_5.1_below_5.6
NO,NO0A2,Vestland,beach,,60,60,osm:way/922706751,Korggardsvika,score_gate,score_5.1_below_5.6
NO,NO0A2,Vestland,beach,,60,60,osm:way/1030403081,Porsvika,score_gate,score_5.1_below_5.6
NO,NO0A2,Vestland,beach,,60,60,osm:way/879366965,Djupvika,score_gate,score_5.0_below_5.6
NO,NO0A2,Vestland,beach,,60,60,osm:way/892411375,Holsvika,score_gate,score_5.0_below_5.6
NO,NO0A2,Vestland,beach,,60,60,osm:way/1356916981,Nygardsvika friluftsområde,score_gate,score_4.9_below_5.6
NO,NO0A2,Vestland,beach,,60,60,osm:node/2498266802,Lotestranda,score_gate,score_4.9_below_5.6
NO,NO0A2,Vestland,beach,,60,60,osm:way/922929414,Størjepollholmen,score_gate,score_4.9_below_5.6
NO,NO0A2,Vestland,beach,,60,60,osm:way/587310376,Møhlenpris badeplass,score_gate,score_4.8_below_5.6
NO,NO0A2,Vestland,beach,,60,60,osm:way/390530461,Svartasva,score_gate,score_4.8_below_5.6
NO,NO0A2,Vestland,beach,,60,60,osm:way/638026544,Lønevågen,score_gate,score_4.8_below_5.6
NO,NO0A2,Vestland,beach,,60,60,osm:way/922871207,Selsneset,score_gate,score_4.8_below_5.6
NO,NO0A2,Vestland,beach,,60,60,osm:relation/5875170,Alsmo,score_gate,score_4.8_below_5.6
NO,NO0A2,Vestland,beach,,60,60,osm:way/260447578,Snauholmen,score_gate,score_4.7_below_5.6
NO,NO0A2,Vestland,beach,,60,60,osm:way/919776393,Moldevika,score_gate,score_4.7_below_5.6
NO,NO0A2,Vestland,beach,,60,60,osm:way/973315965,Oseana,score_gate,score_4.6_below_5.6
NO,NO0A2,Vestland,beach,,60,60,osm:way/922766799,Eidsvika,score_gate,score_4.6_below_5.6
NO,NO0A2,Vestland,beach,,60,60,osm:relation/8867858,Selje,score_gate,score_4.6_below_5.6
NO,NO0A2,Vestland,beach,,60,60,osm:way/1031718056,Vetle -Enne,score_gate,score_4.6_below_5.6
NO,NO0A2,Vestland,beach,,60,60,osm:way/311948457,Hogstesetret,score_gate,score_4.6_below_5.6
NO,NO0A2,Vestland,beach,,60,60,osm:relation/12006790,Prestegardsmoen,score_gate,score_4.6_below_5.6
NO,NO0A2,Vestland,beach,,60,60,osm:node/12879566482,Grandeparken,score_gate,score_4.5_below_5.6
NO,NO0A2,Vestland,beach,,60,60,osm:way/844616757,Skjørsandbukta,score_gate,score_4.5_below_5.6
NO,NO0A2,Vestland,beach,,60,60,osm:way/879366940,Solstrand,score_gate,score_4.5_below_5.6
NO,NO0A2,Vestland,beach,,60,60,osm:way/906702858,Selsvika,score_gate,score_4.5_below_5.6
NO,NO0A2,Vestland,beach,,60,60,osm:way/922922303,Kuvika,score_gate,score_4.5_below_5.6
NO,NO0A2,Vestland,beach,,60,60,osm:way/922929431,Lekvenvågen,score_gate,score_4.5_below_5.6
NO,NO0A2,Vestland,beach,,60,60,osm:way/1301513781,Trondeneset,score_gate,score_4.5_below_5.6
NO,NO0A2,Vestland,beach,,60,60,osm:relation/5875173,Leirhovden,score_gate,score_4.5_below_5.6
NO,NO0A2,Vestland,beach,,60,60,osm:relation/10832384,Småøynene,score_gate,score_4.5_below_5.6
NO,NO0A2,Vestland,beach,,60,60,osm:relation/12499067,Landsvika,score_gate,score_4.5_below_5.6
NO,NO0A2,Vestland,beach,,60,60,osm:way/922706753,Krokahaugen,score_gate,score_4.5_below_5.6
NO,NO0A2,Vestland,beach,,60,60,osm:way/922922288,Stussvik,score_gate,score_4.5_below_5.6
NO,NO0A2,Vestland,beach,,60,60,osm:relation/20418476,Søre Flatøyvikjo,score_gate,score_4.5_below_5.6
NO,NO0A2,Vestland,beach,,60,60,osm:way/883299177,Badelagune,score_gate,score_4.5_below_5.6
NO,NO0A2,Vestland,beach,,60,60,osm:way/918445675,Kuvågen,score_gate,score_4.4_below_5.6
NO,NO0A2,Vestland,beach,,60,60,osm:way/922871205,Vågane,score_gate,score_4.4_below_5.6
NO,NO0A2,Vestland,beach,,60,60,osm:way/922929423,Storholmen,score_gate,score_4.4_below_5.6
NO,NO0A2,Vestland,beach,,60,60,osm:way/964379484,Køyla,score_gate,score_4.4_below_5.6
NO,NO0A2,Vestland,beach,,60,60,osm:way/1069101028,Totalnd,score_gate,score_4.4_below_5.6
NO,NO0A2,Vestland,beach,,60,60,osm:relation/5874527,Berget,score_gate,score_4.4_below_5.6
NO,NO0A2,Vestland,beach,,60,60,osm:relation/16799887,Helleren,score_gate,score_4.4_below_5.6
NO,NO0A2,Vestland,beach,,60,60,osm:way/922699609,Sandvik,score_gate,score_4.4_below_5.6
NO,NO0A3,Møre og Romsdal,beach,,60,60,osm:way/295336168,Farstadsanden,photo_gate,imgs_0_strong_0
NO,NO0A3,Møre og Romsdal,beach,,60,60,wd:Q11981995,Kringstadbukta,photo_gate,imgs_0_strong_0
NO,NO0A3,Møre og Romsdal,beach,,60,60,osm:node/8919322345,Blimsanden,score_gate,score_5.4_below_5.6
NO,NO0A3,Møre og Romsdal,beach,,60,60,osm:relation/5934661,Grytosholmen,score_gate,score_5.3_below_5.6
NO,NO0A3,Møre og Romsdal,beach,,60,60,osm:relation/4788823,Tøftflønet,score_gate,score_5.3_below_5.6
NO,NO0A3,Møre og Romsdal,beach,,60,60,osm:relation/4788824,Husflønet,score_gate,score_5.3_below_5.6
NO,NO0A3,Møre og Romsdal,beach,,60,60,osm:way/818528359,Bakkesanden,score_gate,score_5.2_below_5.6
NO,NO0A3,Møre og Romsdal,beach,,60,60,osm:way/1393744016,Hagen,score_gate,score_5.2_below_5.6
NO,NO0A3,Møre og Romsdal,beach,,60,60,osm:way/337478682,Svarvuhølen,score_gate,score_5.2_below_5.6
NO,NO0A3,Møre og Romsdal,beach,,60,60,osm:way/337587473,Salsteinhølen,score_gate,score_5.2_below_5.6
NO,NO0A3,Møre og Romsdal,beach,,60,60,osm:relation/4788818,Ratet,score_gate,score_5.2_below_5.6
NO,NO0A3,Møre og Romsdal,beach,,60,60,osm:relation/4788820,Kjerkjesteinhølen,score_gate,score_5.1_below_5.6
NO,NO0A3,Møre og Romsdal,beach,,60,60,osm:way/830894750,Åkesholmen,score_gate,score_5.0_below_5.6
NO,NO0A3,Møre og Romsdal,beach,,60,60,osm:way/654283049,Sandvikbukta,score_gate,score_5.0_below_5.6
NO,NO0A3,Møre og Romsdal,beach,,60,60,osm:way/166441996,Nordre Kolvika,score_gate,score_4.9_below_5.6
NO,NO0A3,Møre og Romsdal,beach,,60,60,osm:relation/7353627,Svarteskjeret,score_gate,score_4.9_below_5.6
NO,NO0A3,Møre og Romsdal,beach,,60,60,osm:way/1205292770,Sandbuktskaget,score_gate,score_4.9_below_5.6
NO,NO0A3,Møre og Romsdal,beach,,60,60,osm:relation/6383470,Osnesanden,score_gate,score_4.7_below_5.6
NO,NO0A3,Møre og Romsdal,beach,,60,60,osm:way/496654238,Horremstranda,score_gate,score_4.6_below_5.6
NO,NO0A3,Møre og Romsdal,beach,,60,60,osm:way/1387056919,Liadal,score_gate,score_4.6_below_5.6
NO,NO0A3,Møre og Romsdal,beach,,60,60,osm:relation/4789033,Nyhølen,score_gate,score_4.6_below_5.6
NO,NO0A3,Møre og Romsdal,beach,,60,60,osm:relation/4845780,Skei,score_gate,score_4.6_below_5.6
NO,NO0A3,Møre og Romsdal,beach,,60,60,osm:relation/8828265,Ålvundsaga,score_gate,score_4.6_below_5.6
NO,NO0A3,Møre og Romsdal,beach,,60,60,osm:way/1017671463,Kjerstadsanden,score_gate,score_4.5_below_5.6
NO,NO0A3,Møre og Romsdal,beach,,60,60,osm:way/1018342249,Lausundsanden,score_gate,score_4.5_below_5.6
NO,NO0A3,Møre og Romsdal,beach,,60,60,osm:way/986876655,Breivika,score_gate,score_4.5_below_5.6
NO,NO0A3,Møre og Romsdal,beach,,60,60,osm:way/1198599986,Gjerdesanden,score_gate,score_4.5_below_5.6
NO,NO0A3,Møre og Romsdal,beach,,60,60,osm:relation/17493281,Klokkarsundet,score_gate,score_4.5_below_5.6
NO,NO0A3,Møre og Romsdal,beach,,60,60,osm:way/1215588032,Hallvarskjeret,score_gate,score_4.5_below_5.6
NO,NO0A3,Møre og Romsdal,beach,,60,60,osm:relation/4788822,Brekkhølen,score_gate,score_4.5_below_5.6
NO,NO0A3,Møre og Romsdal,beach,,60,60,osm:relation/4789029,Leirstraumen,score_gate,score_4.5_below_5.6
NO,NO0A3,Møre og Romsdal,beach,,60,60,osm:relation/4840975,Slåttaøya,score_gate,score_4.5_below_5.6
NO,NO0A3,Møre og Romsdal,beach,,60,60,osm:relation/4841983,Gunhildøya,score_gate,score_4.5_below_5.6
NO,NO0A3,Møre og Romsdal,beach,,60,60,osm:relation/10724607,Sandviksfjøra,score_gate,score_4.4_below_5.6
NO,NO0A3,Møre og Romsdal,beach,,60,60,osm:way/1202615138,Korsvollstranda,score_gate,score_4.4_below_5.6
NO,NO0A3,Møre og Romsdal,beach,,60,60,osm:way/655335928,Litlesætra,score_gate,score_4.4_below_5.6
NO,NO0A3,Møre og Romsdal,beach,,60,60,osm:way/1199295044,Tjeldskjeret,score_gate,score_4.4_below_5.6
NO,NO0A3,Møre og Romsdal,beach,,60,60,osm:relation/4790775,Lykkjehølen,score_gate,score_4.4_below_5.6
NO,NO0A3,Møre og Romsdal,beach,,60,60,osm:way/1247456931,Skipsvika,score_gate,score_4.3_below_5.6
NO,NO0A3,Møre og Romsdal,beach,,60,60,osm:way/986876661,Dyna,score_gate,score_4.3_below_5.6
NO,NO0A3,Møre og Romsdal,beach,,60,60,osm:way/1383608370,Grøvika,score_gate,score_4.3_below_5.6
NO,NO0A3,Møre og Romsdal,beach,,60,60,osm:node/1372361175,Nordkolvika,score_gate,score_4.3_below_5.6
NO,NO0A3,Møre og Romsdal,beach,,60,60,osm:node/9947981643,Prinsen friluftsbad,score_gate,score_4.3_below_5.6
NO,NO0A3,Møre og Romsdal,beach,,60,60,osm:way/1265821872,Straumskaget,score_gate,score_4.3_below_5.6
NO,NO0A3,Møre og Romsdal,beach,,60,60,osm:way/1310807744,Dyrnes,score_gate,score_4.3_below_5.6
NO,NO0A3,Møre og Romsdal,beach,,60,60,osm:relation/6161522,Emblemssanden,score_gate,score_4.2_below_5.6
NO,NO0A3,Møre og Romsdal,beach,,60,60,osm:way/1202615137,Mølnhaugbukta,score_gate,score_4.2_below_5.6
NO,NO0A3,Møre og Romsdal,beach,,60,60,osm:relation/4789028,Nysteinhølen,score_gate,score_4.2_below_5.6
NO,NO0A3,Møre og Romsdal,beach,,60,60,osm:relation/4789032,Bolken,score_gate,score_4.2_below_5.6
NO,NO0A3,Møre og Romsdal,beach,,60,60,osm:way/1540833073,Hjelset,score_gate,score_4.1_below_5.6
NO,NO0A3,Møre og Romsdal,beach,,60,60,osm:way/1333558995,Øyehølen,score_gate,score_4.1_below_5.6
NO,NO0A3,Møre og Romsdal,beach,,60,60,osm:way/1377876028,Heggehjellen,score_gate,score_4.1_below_5.6
NO,NO0A3,Møre og Romsdal,beach,,60,60,osm:way/337587573,Øverhølen,score_gate,score_4.1_below_5.6
NO,NO0A3,Møre og Romsdal,beach,,60,60,osm:way/338195603,Vaskarhølen,score_gate,score_4.0_below_5.6
NO,NO0A3,Møre og Romsdal,beach,,60,60,osm:way/830797633,Bogningen,score_gate,score_4.0_below_5.6
NO,NO0A3,Møre og Romsdal,beach,,60,60,osm:way/1413189757,Nupen,score_gate,score_3.9_below_5.6
NO,NO0A3,Møre og Romsdal,beach,,60,60,osm:way/341251378,Seterhølen,score_gate,score_3.9_below_5.6
NO,NO0A3,Møre og Romsdal,beach,,60,60,osm:way/620191133,Todalssetra,score_gate,score_3.9_below_5.6
NO,NO0A3,Møre og Romsdal,beach,,60,60,osm:relation/4772696,Stavhølen,score_gate,score_3.9_below_5.6
NO,NO0A3,Møre og Romsdal,beach,,60,60,osm:way/830603743,Jetmundhølen,score_gate,score_3.8_below_5.6
NO,NO060,Trøndelag/Trööndelage,beach,,60,60,osm:way/116932928,Kvitsanden,score_gate,score_5.3_below_5.6
NO,NO060,Trøndelag/Trööndelage,beach,,60,60,osm:relation/5169729,Staden,score_gate,score_5.3_below_5.6
NO,NO060,Trøndelag/Trööndelage,beach,,60,60,osm:relation/5170421,Måsøra,score_gate,score_5.3_below_5.6
NO,NO060,Trøndelag/Trööndelage,beach,,60,60,osm:relation/5155723,Telsneset,score_gate,score_5.3_below_5.6
NO,NO060,Trøndelag/Trööndelage,beach,,60,60,osm:relation/5198415,Rønningen,score_gate,score_5.3_below_5.6
NO,NO060,Trøndelag/Trööndelage,beach,,60,60,osm:relation/19525362,Hosnasanden,score_gate,score_5.3_below_5.6
NO,NO060,Trøndelag/Trööndelage,beach,,60,60,osm:way/1312297067,Vellamelen,score_gate,score_5.0_below_5.6
NO,NO060,Trøndelag/Trööndelage,beach,,60,60,osm:relation/20192814,Kregnes,score_gate,score_4.9_below_5.6
NO,NO060,Trøndelag/Trööndelage,beach,,60,60,osm:relation/20669177,Oksøya,score_gate,score_4.9_below_5.6
NO,NO060,Trøndelag/Trööndelage,beach,,60,60,osm:way/1191316880,Bruska,score_gate,score_4.8_below_5.6
NO,NO060,Trøndelag/Trööndelage,beach,,60,60,osm:relation/17404990,Stangholmen,score_gate,score_4.7_below_5.6
NO,NO060,Trøndelag/Trööndelage,beach,,60,60,osm:way/893102947,Øysanden,score_gate,score_4.6_below_5.6
NO,NO060,Trøndelag/Trööndelage,beach,,60,60,osm:relation/5186337,Voll,score_gate,score_4.6_below_5.6
NO,NO060,Trøndelag/Trööndelage,beach,,60,60,osm:way/331762996,Steinvika,score_gate,score_4.6_below_5.6
NO,NO060,Trøndelag/Trööndelage,beach,,60,60,osm:relation/5187291,Aunan,score_gate,score_4.6_below_5.6
NO,NO060,Trøndelag/Trööndelage,beach,,60,60,osm:relation/6224529,Klaushølen,score_gate,score_4.6_below_5.6
NO,NO060,Trøndelag/Trööndelage,beach,,60,60,osm:relation/6380570,Kastarhøla,score_gate,score_4.6_below_5.6
NO,NO060,Trøndelag/Trööndelage,beach,,60,60,osm:relation/11575339,Årmoen,score_gate,score_4.6_below_5.6
NO,NO060,Trøndelag/Trööndelage,beach,,60,60,osm:relation/5169732,Grønset,score_gate,score_4.5_below_5.6
NO,NO060,Trøndelag/Trööndelage,beach,,60,60,osm:relation/5186343,Litjstuu,score_gate,score_4.5_below_5.6
NO,NO060,Trøndelag/Trööndelage,beach,,60,60,osm:relation/5198416,Svorkmo,score_gate,score_4.5_below_5.6
NO,NO060,Trøndelag/Trööndelage,beach,,60,60,osm:relation/5282808,Sjetnhølen,score_gate,score_4.5_below_5.6
NO,NO060,Trøndelag/Trööndelage,beach,,60,60,osm:relation/5284916,Teigen industriområde,score_gate,score_4.5_below_5.6
NO,NO060,Trøndelag/Trööndelage,beach,,60,60,osm:relation/13216996,Prestteigen,score_gate,score_4.5_below_5.6
NO,NO060,Trøndelag/Trööndelage,beach,,60,60,osm:way/591747288,Midtsandan,score_gate,score_4.5_below_5.6
NO,NO060,Trøndelag/Trööndelage,beach,,60,60,osm:way/1196118246,Strandavågen,score_gate,score_4.5_below_5.6
NO,NO060,Trøndelag/Trööndelage,beach,,60,60,osm:relation/5155721,Ørtugen,score_gate,score_4.5_below_5.6
NO,NO060,Trøndelag/Trööndelage,beach,,60,60,osm:relation/5187285,Røttum,score_gate,score_4.5_below_5.6
NO,NO060,Trøndelag/Trööndelage,beach,,60,60,osm:relation/5232533,Midjo - Risgropa,score_gate,score_4.5_below_5.6
NO,NO060,Trøndelag/Trööndelage,beach,,60,60,osm:relation/11575392,Lona,score_gate,score_4.5_below_5.6
NO,NO060,Trøndelag/Trööndelage,beach,,60,60,osm:way/338756948,Ausa,score_gate,score_4.4_below_5.6
NO,NO060,Trøndelag/Trööndelage,beach,,60,60,osm:relation/5169731,Fornesneset,score_gate,score_4.4_below_5.6
NO,NO060,Trøndelag/Trööndelage,beach,,60,60,osm:relation/5199323,Moan,score_gate,score_4.4_below_5.6
NO,NO060,Trøndelag/Trööndelage,beach,,60,60,osm:way/313426620,Nes,score_gate,score_4.4_below_5.6
NO,NO060,Trøndelag/Trööndelage,beach,,60,60,osm:relation/4807725,Damkoja,score_gate,score_4.4_below_5.6
NO,NO060,Trøndelag/Trööndelage,beach,,60,60,osm:relation/5155266,Mikkelaunet,score_gate,score_4.4_below_5.6
NO,NO060,Trøndelag/Trööndelage,beach,,60,60,osm:relation/5155273,Ulvilla,score_gate,score_4.4_below_5.6
NO,NO060,Trøndelag/Trööndelage,beach,,60,60,osm:way/1189871482,Kråkvika,score_gate,score_4.4_below_5.6
NO,NO060,Trøndelag/Trööndelage,beach,,60,60,osm:way/1189879922,Reksafjæra,score_gate,score_4.4_below_5.6
NO,NO060,Trøndelag/Trööndelage,beach,,60,60,osm:way/1269159922,Kuppelvika,score_gate,score_4.4_below_5.6
NO,NO060,Trøndelag/Trööndelage,beach,,60,60,osm:relation/20317924,Gårdersbukta,score_gate,score_4.4_below_5.6
NO,NO060,Trøndelag/Trööndelage,beach,,60,60,osm:node/9903700393,Grandfjæra friområde,score_gate,score_4.4_below_5.6
NO,NO060,Trøndelag/Trööndelage,beach,,60,60,osm:relation/18421253,Buktafjæra,score_gate,score_4.3_below_5.6
NO,NO060,Trøndelag/Trööndelage,beach,,60,60,osm:way/346581552,Trøyta,score_gate,score_4.3_below_5.6
NO,NO060,Trøndelag/Trööndelage,beach,,60,60,osm:way/577853349,Mule,score_gate,score_4.3_below_5.6
NO,NO060,Trøndelag/Trööndelage,beach,,60,60,osm:way/577853354,Vikletten,score_gate,score_4.3_below_5.6
NO,NO060,Trøndelag/Trööndelage,beach,,60,60,osm:way/1057651082,Hommelvik,score_gate,score_4.3_below_5.6
NO,NO060,Trøndelag/Trööndelage,beach,,60,60,osm:relation/5169737,Fornes,score_gate,score_4.3_below_5.6
NO,NO060,Trøndelag/Trööndelage,beach,,60,60,osm:relation/5199310,Laksøra,score_gate,score_4.3_below_5.6
NO,NO060,Trøndelag/Trööndelage,beach,,60,60,osm:way/418402170,Sørengholmen,score_gate,score_4.3_below_5.6
NO,NO060,Trøndelag/Trööndelage,beach,,60,60,osm:way/418402318,Årbogen,score_gate,score_4.3_below_5.6
NO,NO060,Trøndelag/Trööndelage,beach,,60,60,osm:way/926330571,Sørskaget,score_gate,score_4.3_below_5.6
NO,NO060,Trøndelag/Trööndelage,beach,,60,60,osm:way/1427947905,Reitan,score_gate,score_4.3_below_5.6
NO,NO060,Trøndelag/Trööndelage,beach,,60,60,osm:relation/5168066,Iverhølen,score_gate,score_4.3_below_5.6
NO,NO060,Trøndelag/Trööndelage,beach,,60,60,osm:relation/5232536,Midjoholmen,score_gate,score_4.3_below_5.6
NO,NO060,Trøndelag/Trööndelage,beach,,60,60,osm:relation/6380569,Romstad,score_gate,score_4.3_below_5.6
NO,NO060,Trøndelag/Trööndelage,beach,,60,60,osm:relation/11574538,Ytterengsetran,score_gate,score_4.3_below_5.6
NO,NO060,Trøndelag/Trööndelage,beach,,60,60,osm:way/1189863500,Helsøya,score_gate,score_4.3_below_5.6
NO,NO060,Trøndelag/Trööndelage,beach,,60,60,osm:way/1279880943,Nordvågen,score_gate,score_4.3_below_5.6
NO,NO060,Trøndelag/Trööndelage,beach,,60,60,osm:relation/20317940,Grasneshaugen,score_gate,score_4.3_below_5.6
NO,NO071,Nordland/Nordlánnda,beach,,60,60,osm:node/11177633082,Raen,photo_gate,imgs_1_strong_0
NO,NO071,Nordland/Nordlánnda,beach,,60,60,wd:Q123012698,Bunes Beach,photo_gate,imgs_2_strong_2
NO,NO071,Nordland/Nordlánnda,beach,,60,60,osm:relation/5597064,Buneset,photo_gate,imgs_1_strong_1
NO,NO071,Nordland/Nordlánnda,beach,,60,60,osm:relation/5597065,Horseid,photo_gate,imgs_0_strong_0
NO,NO071,Nordland/Nordlánnda,beach,,60,60,osm:relation/5402522,Breiosen,photo_gate,imgs_0_strong_0
NO,NO071,Nordland/Nordlánnda,beach,,60,60,osm:relation/5597067,Punn Sanden,photo_gate,imgs_0_strong_0
NO,NO071,Nordland/Nordlánnda,beach,,60,60,osm:way/793473139,Leitet,score_gate,score_5.5_below_5.6
NO,NO071,Nordland/Nordlánnda,beach,,60,60,osm:way/1193300491,Brattstøvågen,score_gate,score_5.3_below_5.6
NO,NO071,Nordland/Nordlánnda,beach,,60,60,osm:relation/11616563,Gomea,score_gate,score_5.3_below_5.6
NO,NO071,Nordland/Nordlánnda,beach,,60,60,osm:relation/14269096,Strokhøla,score_gate,score_5.3_below_5.6
NO,NO071,Nordland/Nordlánnda,beach,,60,60,osm:relation/14269123,Kristendalnesholmen,score_gate,score_5.3_below_5.6
NO,NO071,Nordland/Nordlánnda,beach,,60,60,osm:relation/7509303,Kuttvågen,score_gate,score_5.2_below_5.6
NO,NO071,Nordland/Nordlánnda,beach,,60,60,osm:relation/20124582,Hestvika,score_gate,score_5.2_below_5.6
NO,NO071,Nordland/Nordlánnda,beach,,60,60,osm:relation/5939299,Hestnes,score_gate,score_5.2_below_5.6
NO,NO071,Nordland/Nordlánnda,beach,,60,60,osm:way/1071107819,Skolthøla,score_gate,score_5.2_below_5.6
NO,NO071,Nordland/Nordlánnda,beach,,60,60,osm:way/793473141,Naustneset,score_gate,score_5.1_below_5.6
NO,NO071,Nordland/Nordlánnda,beach,,60,60,osm:relation/14866728,Saglia,score_gate,score_5.1_below_5.6
NO,NO071,Nordland/Nordlánnda,beach,,60,60,osm:relation/8002455,Hopvatnet,score_gate,score_5.1_below_5.6
NO,NO071,Nordland/Nordlánnda,beach,,60,60,osm:relation/7536398,Geitvågstranda,score_gate,score_5.0_below_5.6
NO,NO071,Nordland/Nordlánnda,beach,,60,60,osm:way/793473137,Litllevik,score_gate,score_5.0_below_5.6
NO,NO071,Nordland/Nordlánnda,beach,,60,60,osm:relation/20124583,Vassvika,score_gate,score_5.0_below_5.6
NO,NO071,Nordland/Nordlánnda,beach,,60,60,osm:relation/5596833,Haukland Beach,score_gate,score_4.9_below_5.6
NO,NO071,Nordland/Nordlánnda,beach,,60,60,osm:relation/5596839,Vikbukta strand,score_gate,score_4.9_below_5.6
NO,NO071,Nordland/Nordlánnda,beach,,60,60,osm:relation/14242614,Evenesvika,score_gate,score_4.9_below_5.6
NO,NO071,Nordland/Nordlánnda,beach,,60,60,osm:relation/18611067,Vinje,score_gate,score_4.9_below_5.6
NO,NO071,Nordland/Nordlánnda,beach,,60,60,osm:relation/19987899,Makkskjæret,score_gate,score_4.9_below_5.6
NO,NO071,Nordland/Nordlánnda,beach,,60,60,osm:way/466312140,Høgseth,score_gate,score_4.9_below_5.6
NO,NO071,Nordland/Nordlánnda,beach,,60,60,osm:relation/7227345,Mosand,score_gate,score_4.9_below_5.6
NO,NO071,Nordland/Nordlánnda,beach,,60,60,osm:relation/18447131,Bøsanden,score_gate,score_4.9_below_5.6
NO,NO071,Nordland/Nordlánnda,beach,,60,60,osm:relation/5594852,Sandbotnen,score_gate,score_4.9_below_5.6
NO,NO071,Nordland/Nordlánnda,beach,,60,60,osm:relation/5596837,Rambergstranda,score_gate,score_4.9_below_5.6
NO,NO071,Nordland/Nordlánnda,beach,,60,60,osm:relation/5597077,Skagsanden Beach,score_gate,score_4.9_below_5.6
NO,NO071,Nordland/Nordlánnda,beach,,60,60,osm:relation/19469458,Langsanden,score_gate,score_4.9_below_5.6
NO,NO071,Nordland/Nordlánnda,beach,,60,60,osm:way/1071085618,Maritdalen,score_gate,score_4.9_below_5.6
NO,NO071,Nordland/Nordlánnda,beach,,60,60,osm:relation/18585675,Litjefinnen,score_gate,score_4.8_below_5.6
NO,NO071,Nordland/Nordlánnda,beach,,60,60,osm:relation/5939297,Båtnes,score_gate,score_4.8_below_5.6
NO,NO071,Nordland/Nordlánnda,beach,,60,60,osm:relation/18589832,Lanesskjeret,score_gate,score_4.8_below_5.6
NO,NO071,Nordland/Nordlánnda,beach,,60,60,osm:relation/18609442,Prestholmen,score_gate,score_4.8_below_5.6
NO,NO071,Nordland/Nordlánnda,beach,,60,60,osm:relation/18944241,Nøss,score_gate,score_4.8_below_5.6
NO,NO071,Nordland/Nordlánnda,beach,,60,60,osm:relation/18430852,Rødøyvika,score_gate,score_4.8_below_5.6
NO,NO071,Nordland/Nordlánnda,beach,,60,60,osm:relation/18589836,Prøven,score_gate,score_4.7_below_5.6
NO,NO071,Nordland/Nordlánnda,beach,,60,60,osm:way/1334815058,Fiskoshølmen,score_gate,score_4.7_below_5.6
NO,NO071,Nordland/Nordlánnda,beach,,60,60,osm:relation/14269013,Nygård,score_gate,score_4.7_below_5.6
NO,NO071,Nordland/Nordlánnda,beach,,60,60,osm:relation/18609445,Vestbyen industriområde,score_gate,score_4.7_below_5.6
NO,NO071,Nordland/Nordlánnda,beach,,60,60,osm:way/1458488287,Juvika,score_gate,score_4.7_below_5.6
NO,NO071,Nordland/Nordlánnda,beach,,60,60,osm:relation/18585764,Fastskjeret,score_gate,score_4.6_below_5.6
NO,NO071,Nordland/Nordlánnda,beach,,60,60,osm:way/1071194527,Oseng,score_gate,score_4.6_below_5.6
NO,NO071,Nordland/Nordlánnda,beach,,60,60,osm:relation/5982111,Gammelheimbakkan,score_gate,score_4.6_below_5.6
NO,NO071,Nordland/Nordlánnda,beach,,60,60,osm:relation/14270920,Os,score_gate,score_4.6_below_5.6
NO,NO071,Nordland/Nordlánnda,beach,,60,60,osm:relation/11618239,Kvannauraven,score_gate,score_4.6_below_5.6
NO,NO071,Nordland/Nordlánnda,beach,,60,60,osm:relation/11618681,Stakaholmen,score_gate,score_4.6_below_5.6
NO,NO071,Nordland/Nordlánnda,beach,,60,60,osm:relation/11618687,Snøfjellholman,score_gate,score_4.6_below_5.6
NO,NO071,Nordland/Nordlánnda,beach,,60,60,osm:relation/14269173,Ågleinhøla,score_gate,score_4.6_below_5.6
NO,NO071,Nordland/Nordlánnda,beach,,60,60,osm:relation/14269214,Halvhushøla,score_gate,score_4.6_below_5.6
NO,NO071,Nordland/Nordlánnda,beach,,60,60,osm:relation/14898258,Minne,score_gate,score_4.6_below_5.6
NO,NO071,Nordland/Nordlánnda,beach,,60,60,osm:relation/14898329,Lamoen,score_gate,score_4.6_below_5.6
NO,NO071,Nordland/Nordlánnda,beach,,60,60,osm:relation/15044263,Lendersponga,score_gate,score_4.6_below_5.6
NO,NO071,Nordland/Nordlánnda,beach,,60,60,osm:relation/15046237,Grindteigen,score_gate,score_4.6_below_5.6
NO,NO071,Nordland/Nordlánnda,beach,,60,60,osm:relation/20033641,Trollskarholmen,score_gate,score_4.6_below_5.6
NO,NO071,Nordland/Nordlánnda,beach,,60,60,osm:relation/19960419,Sorstranda,score_gate,score_4.5_below_5.6
NO,NO072,Troms/Romsa/Tromssa,beach,,60,60,osm:node/12922349825,Ballesvika,photo_gate,imgs_1_strong_1
NO,NO072,Troms/Romsa/Tromssa,beach,,60,60,wd:Q33345903,Sørstesanden,photo_gate,imgs_0_strong_0
NO,NO072,Troms/Romsa/Tromssa,beach,,60,60,osm:relation/20033939,Laukvik,score_gate,score_5.5_below_5.6
NO,NO072,Troms/Romsa/Tromssa,beach,,60,60,osm:way/109973396,Trondenes,score_gate,score_5.2_below_5.6
NO,NO072,Troms/Romsa/Tromssa,beach,,60,60,osm:way/1480750176,Store Grindøya,score_gate,score_4.9_below_5.6
NO,NO072,Troms/Romsa/Tromssa,beach,,60,60,osm:way/508758540,Ersfjord beach,score_gate,score_4.9_below_5.6
NO,NO072,Troms/Romsa/Tromssa,beach,,60,60,wd:Q33326679,Heimstesanden,score_gate,score_4.8_below_5.6
NO,NO072,Troms/Romsa/Tromssa,beach,,60,60,osm:relation/19469265,Årviksand,score_gate,score_4.8_below_5.6
NO,NO072,Troms/Romsa/Tromssa,beach,,60,60,osm:way/965133533,Tjyvholmen,score_gate,score_4.7_below_5.6
NO,NO072,Troms/Romsa/Tromssa,beach,,60,60,osm:way/1497645463,Sommarøya,score_gate,score_4.7_below_5.6
NO,NO072,Troms/Romsa/Tromssa,beach,,60,60,osm:relation/20272969,Vaagen,score_gate,score_4.7_below_5.6
NO,NO072,Troms/Romsa/Tromssa,beach,,60,60,osm:relation/20120998,Bassøya,score_gate,score_4.7_below_5.6
NO,NO072,Troms/Romsa/Tromssa,beach,,60,60,osm:relation/20121005,Langsandan,score_gate,score_4.6_below_5.6
NO,NO072,Troms/Romsa/Tromssa,beach,,60,60,osm:way/965145494,Lassevikholmen,score_gate,score_4.6_below_5.6
NO,NO072,Troms/Romsa/Tromssa,beach,,60,60,osm:way/713733075,Nordsanden,score_gate,score_4.6_below_5.6
NO,NO072,Troms/Romsa/Tromssa,beach,,60,60,osm:relation/5923382,Akkaholmen,score_gate,score_4.6_below_5.6
NO,NO072,Troms/Romsa/Tromssa,beach,,60,60,osm:relation/9860389,Biltokjelen,score_gate,score_4.6_below_5.6
NO,NO072,Troms/Romsa/Tromssa,beach,,60,60,osm:relation/19755417,Russvika,score_gate,score_4.6_below_5.6
NO,NO072,Troms/Romsa/Tromssa,beach,,60,60,osm:relation/20121006,Lillesandvika,score_gate,score_4.6_below_5.6
NO,NO072,Troms/Romsa/Tromssa,beach,,60,60,osm:way/708158702,Mellomstilla,score_gate,score_4.6_below_5.6
NO,NO072,Troms/Romsa/Tromssa,beach,,60,60,osm:way/965136080,Ivarholmen,score_gate,score_4.5_below_5.6
NO,NO072,Troms/Romsa/Tromssa,beach,,60,60,osm:way/1490550027,Kalholmen,score_gate,score_4.5_below_5.6
NO,NO072,Troms/Romsa/Tromssa,beach,,60,60,osm:relation/9860373,Mäsgoappa,score_gate,score_4.5_below_5.6
NO,NO072,Troms/Romsa/Tromssa,beach,,60,60,osm:relation/9860403,Nedre Holmestilla,score_gate,score_4.5_below_5.6
NO,NO072,Troms/Romsa/Tromssa,beach,,60,60,osm:relation/9861611,Kulpen,score_gate,score_4.5_below_5.6
NO,NO072,Troms/Romsa/Tromssa,beach,,60,60,osm:relation/9861696,Makkstilla,score_gate,score_4.5_below_5.6
NO,NO072,Troms/Romsa/Tromssa,beach,,60,60,osm:way/708158694,Sæterstilla,score_gate,score_4.5_below_5.6
NO,NO072,Troms/Romsa/Tromssa,beach,,60,60,osm:way/708158695,Lilleholmen,score_gate,score_4.5_below_5.6
NO,NO072,Troms/Romsa/Tromssa,beach,,60,60,osm:way/708158697,Martinusli,score_gate,score_4.5_below_5.6
NO,NO072,Troms/Romsa/Tromssa,beach,,60,60,osm:way/1341301016,Steinsvika,score_gate,score_4.4_below_5.6
NO,NO072,Troms/Romsa/Tromssa,beach,,60,60,osm:relation/20121000,Kirkeværet,score_gate,score_4.4_below_5.6
NO,NO072,Troms/Romsa/Tromssa,beach,,60,60,osm:relation/20121003,Langsandholmen,score_gate,score_4.4_below_5.6
NO,NO072,Troms/Romsa/Tromssa,beach,,60,60,osm:way/1127828514,Brensholmen,score_gate,score_4.4_below_5.6
NO,NO072,Troms/Romsa/Tromssa,beach,,60,60,osm:way/1419906876,Kaislettholmen,score_gate,score_4.4_below_5.6
NO,NO072,Troms/Romsa/Tromssa,beach,,60,60,osm:relation/20115808,Storvollholmen,score_gate,score_4.4_below_5.6
NO,NO072,Troms/Romsa/Tromssa,beach,,60,60,osm:way/708158685,Porukariholmen,score_gate,score_4.4_below_5.6
NO,NO072,Troms/Romsa/Tromssa,beach,,60,60,osm:relation/20120997,Brennvika,score_gate,score_4.4_below_5.6
NO,NO072,Troms/Romsa/Tromssa,beach,,60,60,osm:way/708158682,Kjellerstilla,score_gate,score_4.4_below_5.6
NO,NO072,Troms/Romsa/Tromssa,beach,,60,60,osm:way/1341304904,Kvitnesvika,score_gate,score_4.3_below_5.6
NO,NO072,Troms/Romsa/Tromssa,beach,,60,60,osm:way/600839104,Øyholmen,score_gate,score_4.3_below_5.6
NO,NO072,Troms/Romsa/Tromssa,beach,,60,60,osm:way/750550198,Skáidi,score_gate,score_4.3_below_5.6
NO,NO072,Troms/Romsa/Tromssa,beach,,60,60,osm:way/1079490150,Kvamstykket,score_gate,score_4.3_below_5.6
NO,NO072,Troms/Romsa/Tromssa,beach,,60,60,osm:way/1435267026,Finngamman,score_gate,score_4.3_below_5.6
NO,NO072,Troms/Romsa/Tromssa,beach,,60,60,osm:relation/20115810,Sjetlevika,score_gate,score_4.3_below_5.6
NO,NO072,Troms/Romsa/Tromssa,beach,,60,60,osm:relation/20121001,Mjølvik - Sáddá,score_gate,score_4.3_below_5.6
NO,NO072,Troms/Romsa/Tromssa,beach,,60,60,osm:node/13046469491,Sandvika,score_gate,score_4.3_below_5.6
NO,NO072,Troms/Romsa/Tromssa,beach,,60,60,osm:way/330571629,Tellskjæret,score_gate,score_4.3_below_5.6
NO,NO072,Troms/Romsa/Tromssa,beach,,60,60,wd:Q101155167,Ahonlauttauspaikka,score_gate,score_4.3_below_5.6
NO,NO072,Troms/Romsa/Tromssa,beach,,60,60,osm:way/449271307,Grøtfjorden,score_gate,score_4.3_below_5.6
NO,NO072,Troms/Romsa/Tromssa,beach,,60,60,osm:way/1092984025,Barsvika,score_gate,score_4.2_below_5.6
NO,NO072,Troms/Romsa/Tromssa,beach,,60,60,osm:relation/20115811,Finnstøa,score_gate,score_4.2_below_5.6
NO,NO072,Troms/Romsa/Tromssa,beach,,60,60,osm:way/708158675,Potkastilla,score_gate,score_4.2_below_5.6
NO,NO072,Troms/Romsa/Tromssa,beach,,60,60,osm:way/1092984026,Fjøsvalen,score_gate,score_4.1_below_5.6
NO,NO072,Troms/Romsa/Tromssa,beach,,60,60,osm:way/121932392,Kleiva,score_gate,score_4.1_below_5.6
NO,NO072,Troms/Romsa/Tromssa,beach,,60,60,osm:way/708158676,Marjastilla,score_gate,score_4.1_below_5.6
NO,NO072,Troms/Romsa/Tromssa,beach,,60,60,osm:relation/14754508,Sæterkulpen,score_gate,score_4.1_below_5.6
NO,NO072,Troms/Romsa/Tromssa,beach,,60,60,osm:way/906759855,Nakkesanden,score_gate,score_4.1_below_5.6
NO,NO072,Troms/Romsa/Tromssa,beach,,60,60,osm:relation/15796912,Oterholla,score_gate,score_4.0_below_5.6
NO,NO072,Troms/Romsa/Tromssa,beach,,60,60,wd:Q33327724,Mortensteinstranda,score_gate,score_4.0_below_5.6
NO,NO072,Troms/Romsa/Tromssa,beach,,60,60,wd:Q33327818,Norskesanden,score_gate,score_4.0_below_5.6
NO,NO073,Finnmark/Finnmárku/Finmarkku,beach,,60,60,osm:way/215296132,Sværholt,score_gate,score_5.3_below_5.6
NO,NO073,Finnmark/Finnmárku/Finmarkku,beach,,60,60,osm:way/802160280,Latharineset,score_gate,score_5.3_below_5.6
NO,NO073,Finnmark/Finnmárku/Finmarkku,beach,,60,60,osm:relation/7341678,Čivvavuolli,score_gate,score_5.3_below_5.6
NO,NO073,Finnmark/Finnmárku/Finmarkku,beach,,60,60,osm:relation/10768387,Uhca-Nillávuohppi,score_gate,score_5.3_below_5.6
NO,NO073,Finnmark/Finnmárku/Finmarkku,beach,,60,60,osm:relation/10806035,Smávvasullot,score_gate,score_5.3_below_5.6
NO,NO073,Finnmark/Finnmárku/Finmarkku,beach,,60,60,osm:relation/10806043,Antonasavu - Antoninsuvanto,score_gate,score_5.3_below_5.6
NO,NO073,Finnmark/Finnmárku/Finmarkku,beach,,60,60,osm:way/395132379,Vestersand,score_gate,score_5.2_below_5.6
NO,NO073,Finnmark/Finnmárku/Finmarkku,beach,,60,60,osm:way/490696003,Guoikasullot,score_gate,score_5.1_below_5.6
NO,NO073,Finnmark/Finnmárku/Finmarkku,beach,,60,60,osm:way/795334981,Urnesbukta,score_gate,score_4.8_below_5.6
NO,NO073,Finnmark/Finnmárku/Finmarkku,beach,,60,60,osm:relation/5348755,Holman,score_gate,score_4.6_below_5.6
NO,NO073,Finnmark/Finnmárku/Finmarkku,beach,,60,60,osm:relation/10768380,Geilesuolu,score_gate,score_4.6_below_5.6
NO,NO073,Finnmark/Finnmárku/Finmarkku,beach,,60,60,osm:relation/10768404,Fárpenjárga,score_gate,score_4.6_below_5.6
NO,NO073,Finnmark/Finnmárku/Finmarkku,beach,,60,60,osm:relation/10774923,Ájodappal,score_gate,score_4.6_below_5.6
NO,NO073,Finnmark/Finnmárku/Finmarkku,beach,,60,60,osm:relation/10774933,Ástonlásis,score_gate,score_4.6_below_5.6
NO,NO073,Finnmark/Finnmárku/Finmarkku,beach,,60,60,osm:relation/10779260,Goikenjavesavu,score_gate,score_4.6_below_5.6
NO,NO073,Finnmark/Finnmárku/Finmarkku,beach,,60,60,osm:relation/10779272,Govdatláttu,score_gate,score_4.6_below_5.6
NO,NO073,Finnmark/Finnmárku/Finmarkku,beach,,60,60,osm:relation/10770125,Ruoššalas,score_gate,score_4.5_below_5.6
NO,NO073,Finnmark/Finnmárku/Finmarkku,beach,,60,60,osm:relation/10779270,Soktagoatnil,score_gate,score_4.5_below_5.6
NO,NO073,Finnmark/Finnmárku/Finmarkku,beach,,60,60,osm:relation/10801068,Isakkulpen,score_gate,score_4.5_below_5.6
NO,NO073,Finnmark/Finnmárku/Finmarkku,beach,,60,60,osm:relation/10806138,Pitkäsuvanto,score_gate,score_4.5_below_5.6
NO,NO073,Finnmark/Finnmárku/Finmarkku,beach,,60,60,wd:Q101112500,Roađđu,score_gate,score_4.3_below_5.6
NO,NO073,Finnmark/Finnmárku/Finmarkku,beach,,60,60,osm:way/860678943,Breivik,score_gate,score_4.3_below_5.6
NO,NO073,Finnmark/Finnmárku/Finmarkku,beach,,60,60,osm:relation/10770121,Liehppatsavu,score_gate,score_4.3_below_5.6
NO,NO073,Finnmark/Finnmárku/Finmarkku,beach,,60,60,osm:relation/14994043,Hamna,score_gate,score_4.3_below_5.6
NO,NO073,Finnmark/Finnmárku/Finmarkku,beach,,60,60,wd:Q101115418,Buhttet,score_gate,score_4.3_below_5.6
NO,NO073,Finnmark/Finnmárku/Finmarkku,beach,,60,60,wd:Q101117093,Njiđgogáddi,score_gate,score_4.3_below_5.6
NO,NO073,Finnmark/Finnmárku/Finmarkku,beach,,60,60,wd:Q101120432,Hándalriddu,score_gate,score_4.3_below_5.6
NO,NO073,Finnmark/Finnmárku/Finmarkku,beach,,60,60,wd:Q101230490,Bálkáđga,score_gate,score_4.3_below_5.6
NO,NO073,Finnmark/Finnmárku/Finmarkku,beach,,60,60,wd:Q136470356,Vestersanden,score_gate,score_4.3_below_5.6
NO,NO073,Finnmark/Finnmárku/Finmarkku,beach,,60,60,wd:Q138494568,Guotkamašriddu,score_gate,score_4.3_below_5.6
NO,NO073,Finnmark/Finnmárku/Finmarkku,beach,,60,60,osm:relation/10770132,Jorggástat,score_gate,score_4.2_below_5.6
NO,NO073,Finnmark/Finnmárku/Finmarkku,beach,,60,60,osm:way/685289720,Gávesluokta,score_gate,score_4.0_below_5.6
NO,NO073,Finnmark/Finnmárku/Finmarkku,beach,,60,60,osm:way/796252174,Skajaluft,score_gate,score_3.8_below_5.6
NO,NO073,Finnmark/Finnmárku/Finmarkku,beach,,60,60,osm:way/189262823,Elvebakken,score_gate,score_3.7_below_5.6
NO,NO073,Finnmark/Finnmárku/Finmarkku,beach,,60,60,osm:way/860678944,Nygardene,score_gate,score_3.7_below_5.6
NO,NO073,Finnmark/Finnmárku/Finmarkku,beach,,60,60,osm:way/807451657,Pelkiouta,score_gate,score_3.5_below_5.6
NO,NO073,Finnmark/Finnmárku/Finmarkku,beach,,60,60,wd:Q101420003,Rohtogáddi,score_gate,score_3.4_below_5.6
NO,NO073,Finnmark/Finnmárku/Finmarkku,beach,,60,60,wd:Q101425608,Skoglandet,score_gate,score_3.4_below_5.6
NO,NO073,Finnmark/Finnmárku/Finmarkku,beach,,60,60,osm:node/7503758702,Skogvannet,score_gate,score_3.4_below_5.6
NO,NO073,Finnmark/Finnmárku/Finmarkku,beach,,60,60,osm:relation/5350063,Telegrafhytta,score_gate,score_3.4_below_5.6
NO,NO073,Finnmark/Finnmárku/Finmarkku,beach,,60,60,wd:Q101115648,Forfáŋgár,score_gate,score_3.4_below_5.6
NO,NO073,Finnmark/Finnmárku/Finmarkku,beach,,60,60,wd:Q101160547,Rahpariddu,score_gate,score_3.4_below_5.6
NO,NO073,Finnmark/Finnmárku/Finmarkku,beach,,60,60,wd:Q101414887,Pahtaranta,score_gate,score_3.4_below_5.6
NO,NO073,Finnmark/Finnmárku/Finmarkku,beach,,60,60,wd:Q101429810,Govdasavvongáddi,score_gate,score_3.4_below_5.6
NO,NO073,Finnmark/Finnmárku/Finmarkku,beach,,60,60,wd:Q101105151,Orjješgáddi,score_gate,score_3.4_below_5.6
NO,NO073,Finnmark/Finnmárku/Finmarkku,beach,,60,60,wd:Q101107551,Bállosáttu,score_gate,score_3.4_below_5.6
NO,NO073,Finnmark/Finnmárku/Finmarkku,beach,,60,60,wd:Q101107552,Gámaalddas,score_gate,score_3.4_below_5.6
NO,NO073,Finnmark/Finnmárku/Finmarkku,beach,,60,60,wd:Q140563080,Strandvassvalen,score_gate,score_3.4_below_5.6
NO,NO073,Finnmark/Finnmárku/Finmarkku,beach,,60,60,wd:Q140668886,Jamtesanden,score_gate,score_3.4_below_5.6
NO,NO073,Finnmark/Finnmárku/Finmarkku,beach,,60,60,wd:Q140826485,Ulkoranta,score_gate,score_3.4_below_5.6
NO,NO073,Finnmark/Finnmárku/Finmarkku,beach,,60,60,wd:Q140933064,Innerstranda,score_gate,score_3.4_below_5.6
NO,NO073,Finnmark/Finnmárku/Finmarkku,beach,,60,60,wd:Q141119328,Ytterstranda,score_gate,score_3.4_below_5.6
NO,NO073,Finnmark/Finnmárku/Finmarkku,beach,,60,60,osm:node/2354300443,Mola,score_gate,score_3.4_below_5.6
NO,NO073,Finnmark/Finnmárku/Finmarkku,beach,,60,60,osm:node/2354718161,Langstranda,score_gate,score_3.4_below_5.6
TR,TR310,İzmir,beach,,60,60,,,,
TR,TR323,Muğla,beach,,60,60,,,,
TR,TRA23,Iğdır,beach,,60,60,,,,
TR,TRA24,Ardahan,beach,,60,60,,,,
TR,TR631,Hatay,beach,,60,60,,,,
SE,SE122,Södermanlands län,beach,,60,60,osm:way/243764416,Jogersöbadet strand,photo_gate,imgs_0_strong_0
SE,SE122,Södermanlands län,beach,,60,60,osm:way/219145044,Mälarbadens badplats,photo_gate,imgs_0_strong_0
SE,SE122,Södermanlands län,beach,,60,60,osm:node/10060308043,Solvik Badplats,photo_gate,imgs_0_strong_0
SE,SE122,Södermanlands län,beach,,60,60,osm:way/1161521499,Vilsta Badplats,photo_gate,imgs_0_strong_0
SE,SE122,Södermanlands län,beach,,60,60,osm:way/221795011,Sundbyholms badplats,photo_gate,imgs_0_strong_0
SE,SE122,Södermanlands län,beach,,60,60,osm:way/228186467,Strandbadet,photo_gate,imgs_0_strong_0
SE,SE122,Södermanlands län,beach,,60,60,osm:node/2245317970,Malmsjöstugan,photo_gate,imgs_0_strong_0
SE,SE122,Södermanlands län,beach,,60,60,osm:way/297204510,Valdemarsön,photo_gate,imgs_0_strong_0
SE,SE122,Södermanlands län,beach,,60,60,osm:way/609786226,Badberget,photo_gate,imgs_0_strong_0
SE,SE122,Södermanlands län,beach,,60,60,osm:way/219437945,Ängsholmen Badplats,photo_gate,imgs_0_strong_0
SE,SE122,Södermanlands län,beach,,60,60,osm:way/279396670,Skjulstabadet,photo_gate,imgs_0_strong_0
SE,SE122,Södermanlands län,beach,,60,60,osm:way/338964293,Pottskär,photo_gate,imgs_0_strong_0
SE,SE122,Södermanlands län,beach,,60,60,osm:way/1214036052,Krampans badplats,photo_gate,imgs_0_strong_0
SE,SE122,Södermanlands län,beach,,60,60,osm:way/320210172,Kattbergets badplats,photo_gate,imgs_0_strong_0
SE,SE122,Södermanlands län,beach,,60,60,osm:way/1074530576,Djupvik,photo_gate,imgs_0_strong_0
SE,SE122,Södermanlands län,beach,,60,60,osm:way/1137269911,Näshulta Österby camping badplats,photo_gate,imgs_0_strong_0
SE,SE122,Södermanlands län,beach,,60,60,osm:relation/14452092,Orrestaö badplats,photo_gate,imgs_0_strong_0
SE,SE122,Södermanlands län,beach,,60,60,osm:way/219437944,Ängsholmen Badplats,photo_gate,imgs_0_strong_0
SE,SE122,Södermanlands län,beach,,60,60,osm:way/1426245029,Badhällen,photo_gate,imgs_0_strong_0
SE,SE122,Södermanlands län,beach,,60,60,osm:way/599818958,Mostugan,photo_gate,imgs_0_strong_0
SE,SE122,Södermanlands län,beach,,60,60,osm:way/813979183,Skäret,photo_gate,imgs_0_strong_0
SE,SE122,Södermanlands län,beach,,60,60,osm:way/221180209,Roxnäs badplats,score_gate,score_5.5_below_5.6
SE,SE122,Södermanlands län,beach,,60,60,osm:way/862512207,Frösjö Strand,score_gate,score_5.5_below_5.6
SE,SE122,Södermanlands län,beach,,60,60,osm:way/1115418116,Åmundstorp,score_gate,score_5.5_below_5.6
SE,SE122,Södermanlands län,beach,,60,60,osm:way/144276196,Visholmen,score_gate,score_5.5_below_5.6
SE,SE122,Södermanlands län,beach,,60,60,osm:way/1137269908,Näshulta fritidsby badplats,score_gate,score_5.5_below_5.6
SE,SE122,Södermanlands län,beach,,60,60,osm:way/1162994764,Mora Badplats,score_gate,score_5.5_below_5.6
SE,SE122,Södermanlands län,beach,,60,60,osm:way/576374337,Klämmingsberg,score_gate,score_5.4_below_5.6
SE,SE122,Södermanlands län,beach,,60,60,osm:way/596573787,Mälarbaden,score_gate,score_5.4_below_5.6
SE,SE122,Södermanlands län,beach,,60,60,eea:SE0220480000002078,Strandstugeviken,score_gate,score_5.4_below_5.6
SE,SE122,Södermanlands län,beach,,60,60,eea:SE0220482000000744,Hosjöbadet,score_gate,score_5.4_below_5.6
SE,SE122,Södermanlands län,beach,,60,60,osm:way/1449266866,Lagnöviken,score_gate,score_5.4_below_5.6
SE,SE122,Södermanlands län,beach,,60,60,osm:way/1449446916,Hälla,score_gate,score_5.4_below_5.6
SE,SE122,Södermanlands län,beach,,60,60,osm:node/8939142398,Sparreholmsbadet,score_gate,score_5.4_below_5.6
SE,SE122,Södermanlands län,beach,,60,60,osm:way/327110048,Stenviksbadet,score_gate,score_5.4_below_5.6
SE,SE122,Södermanlands län,beach,,60,60,osm:way/1279873922,Stadsparkens Strand,score_gate,score_5.4_below_5.6
SE,SE122,Södermanlands län,beach,,60,60,osm:way/892960524,badplats Kovik,score_gate,score_5.4_below_5.6
SE,SE122,Södermanlands län,beach,,60,60,osm:way/598816508,Granbacken,score_gate,score_5.4_below_5.6
SE,SE122,Södermanlands län,beach,,60,60,osm:way/598816554,Källsta,score_gate,score_5.4_below_5.6
SE,SE122,Södermanlands län,beach,,60,60,osm:way/891252075,Vibberholmsviken,score_gate,score_5.4_below_5.6
SE,SE122,Södermanlands län,beach,,60,60,osm:way/1115418115,Norstugan,score_gate,score_5.4_below_5.6
SE,SE122,Södermanlands län,beach,,60,60,osm:way/1241218849,Mariefred,score_gate,score_5.4_below_5.6
SE,SE122,Södermanlands län,beach,,60,60,osm:way/1247317603,Ryborg,score_gate,score_5.4_below_5.6
SE,SE122,Södermanlands län,beach,,60,60,osm:way/1318939166,Tallgås,score_gate,score_5.4_below_5.6
SE,SE122,Södermanlands län,beach,,60,60,osm:way/1421499408,Sommarhemmets Badplats,score_gate,score_5.4_below_5.6
SE,SE122,Södermanlands län,beach,,60,60,osm:way/1449460566,Norra Hagberg,score_gate,score_5.4_below_5.6
SE,SE122,Södermanlands län,beach,,60,60,osm:way/689762418,Malmuddens Badplats,score_gate,score_5.3_below_5.6
SE,SE122,Södermanlands län,beach,,60,60,osm:way/1368773147,Borsöknabadet,score_gate,score_5.3_below_5.6
SE,SE122,Södermanlands län,beach,,60,60,osm:way/234685792,Hopen,score_gate,score_5.3_below_5.6
SE,SE122,Södermanlands län,beach,,60,60,osm:node/11166657854,Nysätters Strand & Badplats,score_gate,score_5.3_below_5.6
SE,SE122,Södermanlands län,beach,,60,60,osm:way/123657419,Abborrbergets badplats,score_gate,score_5.3_below_5.6
SE,SE122,Södermanlands län,beach,,60,60,osm:way/598816568,Dalby,score_gate,score_5.3_below_5.6
SE,SE122,Södermanlands län,beach,,60,60,osm:way/1111363112,Laxne Badstrand,score_gate,score_5.3_below_5.6
SE,SE122,Södermanlands län,beach,,60,60,osm:way/865014336,Långsjöbadet,score_gate,score_5.2_below_5.6
SE,SE122,Södermanlands län,beach,,60,60,osm:way/965231763,Tärnklubben,score_gate,score_5.2_below_5.6
SE,SE122,Södermanlands län,beach,,60,60,osm:way/1320802734,Södersviken,score_gate,score_5.1_below_5.6
SE,SE122,Södermanlands län,beach,,60,60,osm:way/204242535,Södra Sandviken,score_gate,score_5.0_below_5.6
SE,SE122,Södermanlands län,beach,,60,60,osm:way/458914846,Sandviken Badplats,score_gate,score_5.0_below_5.6
SE,SE122,Södermanlands län,beach,,60,60,osm:way/941051008,Ekebyvik,score_gate,score_4.9_below_5.6
SE,SE122,Södermanlands län,beach,,60,60,osm:way/501248776,Sibrobadet,score_gate,score_4.9_below_5.6
SE,SE313,Gävleborgs län,beach,,60,60,osm:way/879973986,Sannabadet,photo_gate,imgs_0_strong_0
SE,SE313,Gävleborgs län,beach,,60,60,osm:way/177627938,Långvind,photo_gate,imgs_0_strong_0
SE,SE313,Gävleborgs län,beach,,60,60,osm:way/618087336,Södra Vattingen,photo_gate,imgs_0_strong_0
SE,SE313,Gävleborgs län,beach,,60,60,osm:way/169474214,Fönebo,photo_gate,imgs_0_strong_0
SE,SE313,Gävleborgs län,beach,,60,60,osm:way/810533850,Bönan,photo_gate,imgs_0_strong_0
SE,SE313,Gävleborgs län,beach,,60,60,osm:way/893969947,Yttra Grottvik,photo_gate,imgs_0_strong_0
SE,SE313,Gävleborgs län,beach,,60,60,osm:way/60973288,Tångberget,photo_gate,imgs_0_strong_0
SE,SE313,Gävleborgs län,beach,,60,60,osm:way/1288061460,Prästnäset,photo_gate,imgs_0_strong_0
SE,SE313,Gävleborgs län,beach,,60,60,osm:way/197176135,Ora,photo_gate,imgs_0_strong_0
SE,SE313,Gävleborgs län,beach,,60,60,osm:way/556199927,Dyråsand,photo_gate,imgs_0_strong_0
SE,SE313,Gävleborgs län,beach,,60,60,osm:way/175961900,Storsand,photo_gate,imgs_0_strong_0
SE,SE313,Gävleborgs län,beach,,60,60,osm:way/178300867,Forsänget,photo_gate,imgs_0_strong_0
SE,SE313,Gävleborgs län,beach,,60,60,osm:way/197071026,Björsbo,photo_gate,imgs_0_strong_0
SE,SE313,Gävleborgs län,beach,,60,60,osm:way/450236325,Moningssand,photo_gate,imgs_0_strong_0
SE,SE313,Gävleborgs län,beach,,60,60,osm:way/973781246,Hedåsen,photo_gate,imgs_0_strong_0
SE,SE313,Gävleborgs län,beach,,60,60,osm:way/1120368355,Stenören,photo_gate,imgs_0_strong_0
SE,SE313,Gävleborgs län,beach,,60,60,osm:relation/8476627,Rasbacken,photo_gate,imgs_0_strong_0
SE,SE313,Gävleborgs län,beach,,60,60,osm:way/192521466,Tosskärssand,score_gate,score_5.5_below_5.6
SE,SE313,Gävleborgs län,beach,,60,60,osm:relation/7300512,Södra Galven,score_gate,score_5.5_below_5.6
SE,SE313,Gävleborgs län,beach,,60,60,osm:way/808871969,Oxharen,score_gate,score_5.4_below_5.6
SE,SE313,Gävleborgs län,beach,,60,60,osm:way/850650157,Grantorp,score_gate,score_5.4_below_5.6
SE,SE313,Gävleborgs län,beach,,60,60,osm:way/1117942447,Lillvallskorset,score_gate,score_5.4_below_5.6
SE,SE313,Gävleborgs län,beach,,60,60,osm:relation/17931555,Sandtrappan,score_gate,score_5.4_below_5.6
SE,SE313,Gävleborgs län,beach,,60,60,osm:way/1121489508,Norr-Välje,score_gate,score_5.4_below_5.6
SE,SE313,Gävleborgs län,beach,,60,60,osm:way/153342098,Koffsand,score_gate,score_5.4_below_5.6
SE,SE313,Gävleborgs län,beach,,60,60,osm:way/176185460,Kråköhamn,score_gate,score_5.4_below_5.6
SE,SE313,Gävleborgs län,beach,,60,60,osm:way/314144820,Oxsand,score_gate,score_5.4_below_5.6
SE,SE313,Gävleborgs län,beach,,60,60,osm:way/893442037,Salthartsfjärden,score_gate,score_5.3_below_5.6
SE,SE313,Gävleborgs län,beach,,60,60,osm:way/1115710839,Lillsand,score_gate,score_5.3_below_5.6
SE,SE313,Gävleborgs län,beach,,60,60,osm:way/186952915,Långrå,score_gate,score_5.3_below_5.6
SE,SE313,Gävleborgs län,beach,,60,60,osm:way/184959797,Hallen,score_gate,score_5.3_below_5.6
SE,SE313,Gävleborgs län,beach,,60,60,osm:way/1115934135,Stensgärde,score_gate,score_5.3_below_5.6
SE,SE313,Gävleborgs län,beach,,60,60,osm:way/153212950,Sagaliden,score_gate,score_5.3_below_5.6
SE,SE313,Gävleborgs län,beach,,60,60,osm:way/1128056442,Skjutbana,score_gate,score_5.3_below_5.6
SE,SE313,Gävleborgs län,beach,,60,60,osm:way/295627667,Lillsjön,score_gate,score_5.2_below_5.6
SE,SE313,Gävleborgs län,beach,,60,60,osm:way/177681681,Marielund,score_gate,score_5.2_below_5.6
SE,SE313,Gävleborgs län,beach,,60,60,osm:way/284148243,Medskogstorpen,score_gate,score_5.2_below_5.6
SE,SE313,Gävleborgs län,beach,,60,60,osm:way/1112648229,Bjärtsjön östra,score_gate,score_5.2_below_5.6
SE,SE313,Gävleborgs län,beach,,60,60,osm:way/149546511,Varpsand,score_gate,score_5.1_below_5.6
SE,SE313,Gävleborgs län,beach,,60,60,osm:way/151212560,Sundsand,score_gate,score_5.1_below_5.6
SE,SE313,Gävleborgs län,beach,,60,60,osm:way/1318812566,Gläntan,score_gate,score_5.0_below_5.6
SE,SE313,Gävleborgs län,beach,,60,60,osm:way/359240490,Engesbergsviken,score_gate,score_4.9_below_5.6
SE,SE313,Gävleborgs län,beach,,60,60,osm:way/1227753414,Klubbviken,score_gate,score_4.9_below_5.6
SE,SE313,Gävleborgs län,beach,,60,60,osm:way/197065375,Björsboholmarna,score_gate,score_4.8_below_5.6
SE,SE313,Gävleborgs län,beach,,60,60,osm:way/948138859,Ösänget,score_gate,score_4.8_below_5.6
SE,SE313,Gävleborgs län,beach,,60,60,osm:way/1214511821,Fäbodviken,score_gate,score_4.8_below_5.6
SE,SE313,Gävleborgs län,beach,,60,60,osm:way/1227753299,Rovgärdsberget,score_gate,score_4.8_below_5.6
SE,SE313,Gävleborgs län,beach,,60,60,osm:way/1227753410,Lilla Pråmkär,score_gate,score_4.8_below_5.6
SE,SE313,Gävleborgs län,beach,,60,60,eea:SE0632183000002917,Orbaden,score_gate,score_4.7_below_5.6
SE,SE313,Gävleborgs län,beach,,60,60,osm:way/939138040,Högbacka,score_gate,score_4.7_below_5.6
SE,SE313,Gävleborgs län,beach,,60,60,osm:way/947030475,Kakeviken,score_gate,score_4.7_below_5.6
SE,SE313,Gävleborgs län,beach,,60,60,osm:way/124360445,Stamnäsberget,score_gate,score_4.7_below_5.6
SE,SE313,Gävleborgs län,beach,,60,60,osm:way/153764073,Morängsviken,score_gate,score_4.7_below_5.6
SE,SE313,Gävleborgs län,beach,,60,60,osm:way/178300868,Solhem,score_gate,score_4.7_below_5.6
SE,SE313,Gävleborgs län,beach,,60,60,osm:way/296894253,Nianfors badplats,score_gate,score_4.7_below_5.6
SE,SE313,Gävleborgs län,beach,,60,60,osm:way/524875018,Nyvall,score_gate,score_4.7_below_5.6
SE,SE313,Gävleborgs län,beach,,60,60,osm:way/887491996,Rättarbacken,score_gate,score_4.7_below_5.6
SE,SE313,Gävleborgs län,beach,,60,60,osm:way/887505007,Lassas,score_gate,score_4.7_below_5.6
SE,SE313,Gävleborgs län,beach,,60,60,osm:way/887518536,Trebo,score_gate,score_4.7_below_5.6
SE,SE313,Gävleborgs län,beach,,60,60,osm:way/993914068,Sörhoga,score_gate,score_4.7_below_5.6
SE,SE121,Uppsala län,beach,,60,60,osm:way/321307784,Ekillabadet,photo_gate,imgs_0_strong_0
SE,SE121,Uppsala län,beach,,60,60,wd:Q106697447,Fjällnora hundbad,photo_gate,imgs_0_strong_0
SE,SE121,Uppsala län,beach,,60,60,wd:Q106695584,Lerhagsbadet,photo_gate,imgs_0_strong_0
SE,SE121,Uppsala län,beach,,60,60,osm:way/1545943137,Skälsund,photo_gate,imgs_0_strong_0
SE,SE121,Uppsala län,beach,,60,60,osm:way/1231380511,Ingboviken,photo_gate,imgs_0_strong_0
SE,SE121,Uppsala län,beach,,60,60,osm:way/156518310,Kalmarsandsbadet,photo_gate,imgs_0_strong_0
SE,SE121,Uppsala län,beach,,60,60,osm:way/1545996194,Kullabadet,photo_gate,imgs_0_strong_0
SE,SE121,Uppsala län,beach,,60,60,osm:way/886611619,Siggeforabadet,photo_gate,imgs_0_strong_0
SE,SE121,Uppsala län,beach,,60,60,osm:way/204032962,Västerudd,photo_gate,imgs_0_strong_0
SE,SE121,Uppsala län,beach,,60,60,osm:way/204484982,Rullsand,photo_gate,imgs_0_strong_0
SE,SE121,Uppsala län,beach,,60,60,osm:way/677515523,Hässleudd,photo_gate,imgs_0_strong_0
SE,SE121,Uppsala län,beach,,60,60,osm:way/296628784,Aspobadet,photo_gate,imgs_0_strong_0
SE,SE121,Uppsala län,beach,,60,60,osm:way/82489820,Graneberg,score_gate,score_5.5_below_5.6
SE,SE121,Uppsala län,beach,,60,60,wd:Q106702291,Prästängens hundbad,score_gate,score_5.5_below_5.6
SE,SE121,Uppsala län,beach,,60,60,eea:SE0210380000001180,Fjällnorabadet,score_gate,score_5.4_below_5.6
SE,SE121,Uppsala län,beach,,60,60,osm:way/238322524,Tallparksbadet,score_gate,score_5.4_below_5.6
SE,SE121,Uppsala län,beach,,60,60,osm:way/1422852455,Laksjön,score_gate,score_5.4_below_5.6
SE,SE121,Uppsala län,beach,,60,60,osm:way/220600609,Gimobadet,score_gate,score_5.4_below_5.6
SE,SE121,Uppsala län,beach,,60,60,osm:way/680574809,Måviken,score_gate,score_5.4_below_5.6
SE,SE121,Uppsala län,beach,,60,60,osm:way/1180923447,Heby,score_gate,score_5.4_below_5.6
SE,SE121,Uppsala län,beach,,60,60,osm:way/512072449,Österkvarn,score_gate,score_5.3_below_5.6
SE,SE121,Uppsala län,beach,,60,60,osm:way/1092270253,Brunnby,score_gate,score_5.3_below_5.6
SE,SE121,Uppsala län,beach,,60,60,osm:way/1175625452,Ullfors,score_gate,score_5.3_below_5.6
SE,SE121,Uppsala län,beach,,60,60,osm:way/220599979,Stenskär,score_gate,score_5.3_below_5.6
SE,SE121,Uppsala län,beach,,60,60,osm:way/224857604,Hasselbacken,score_gate,score_5.3_below_5.6
SE,SE121,Uppsala län,beach,,60,60,osm:way/886968990,Borgardalen,score_gate,score_5.2_below_5.6
SE,SE121,Uppsala län,beach,,60,60,osm:way/66471030,Säter,score_gate,score_5.2_below_5.6
SE,SE121,Uppsala län,beach,,60,60,osm:way/893368219,Bolandet,score_gate,score_5.2_below_5.6
SE,SE121,Uppsala län,beach,,60,60,osm:way/1177888595,Storängen,score_gate,score_5.1_below_5.6
SE,SE121,Uppsala län,beach,,60,60,osm:relation/13336838,Hammartorp,score_gate,score_4.8_below_5.6
SE,SE121,Uppsala län,beach,,60,60,eea:SE0210380000001172,"Långsjön, Sandviksbadet",score_gate,score_4.7_below_5.6
SE,SE121,Uppsala län,beach,,60,60,eea:SE0210380000001176,Siggeforasjön,score_gate,score_4.7_below_5.6
SE,SE121,Uppsala län,beach,,60,60,osm:way/1096900798,Edatorp,score_gate,score_4.7_below_5.6
SE,SE121,Uppsala län,beach,,60,60,osm:way/294798806,Svartholmen,score_gate,score_4.7_below_5.6
SE,SE121,Uppsala län,beach,,60,60,osm:way/515960797,Billerstena,score_gate,score_4.7_below_5.6
SE,SE121,Uppsala län,beach,,60,60,osm:way/835547341,Strandsjöbadet,score_gate,score_4.7_below_5.6
SE,SE121,Uppsala län,beach,,60,60,osm:way/1096939541,Margaretaviken,score_gate,score_4.7_below_5.6
SE,SE121,Uppsala län,beach,,60,60,osm:way/1206074514,Nordsjöholme,score_gate,score_4.7_below_5.6
SE,SE121,Uppsala län,beach,,60,60,osm:way/274535342,Lafsenbadet,score_gate,score_4.6_below_5.6
SE,SE121,Uppsala län,beach,,60,60,osm:way/453981030,Musen,score_gate,score_4.6_below_5.6
SE,SE121,Uppsala län,beach,,60,60,osm:way/894034225,Adolfshill,score_gate,score_4.6_below_5.6
SE,SE121,Uppsala län,beach,,60,60,osm:way/1205947233,Sandören,score_gate,score_4.6_below_5.6
SE,SE121,Uppsala län,beach,,60,60,osm:way/1101459379,Storvad,score_gate,score_4.5_below_5.6
SE,SE121,Uppsala län,beach,,60,60,eea:SE0210381000001365,Bredsand,score_gate,score_4.4_below_5.6
SE,SE121,Uppsala län,beach,,60,60,wd:Q106702250,Storvads hundbad,score_gate,score_4.2_below_5.6
SE,SE331,Västerbottens län,beach,,60,60,osm:way/225487501,Boviksbadet,photo_gate,imgs_0_strong_0
SE,SE331,Västerbottens län,beach,,60,60,osm:way/356953545,Kläppsand Havsbad,photo_gate,imgs_0_strong_0
SE,SE331,Västerbottens län,beach,,60,60,osm:way/378756271,Erik-Jansasanden,photo_gate,imgs_0_strong_0
SE,SE331,Västerbottens län,beach,,60,60,osm:way/461971890,Sjöbottsstrand,photo_gate,imgs_0_strong_0
SE,SE331,Västerbottens län,beach,,60,60,osm:way/361391572,Skatasanden,photo_gate,imgs_0_strong_0
SE,SE331,Västerbottens län,beach,,60,60,osm:way/1539572931,Hedlunda strand,photo_gate,imgs_0_strong_0
SE,SE331,Västerbottens län,beach,,60,60,osm:way/366178120,Tjärusanden,photo_gate,imgs_0_strong_0
SE,SE331,Västerbottens län,beach,,60,60,osm:way/168886566,Mångbysanden,score_gate,score_5.5_below_5.6
SE,SE331,Västerbottens län,beach,,60,60,osm:way/202972271,Fäbosand havsbad,score_gate,score_5.5_below_5.6
SE,SE331,Västerbottens län,beach,,60,60,osm:way/154352025,Bettnessand,score_gate,score_5.4_below_5.6
SE,SE331,Västerbottens län,beach,,60,60,osm:way/126480644,Böle,score_gate,score_5.4_below_5.6
SE,SE331,Västerbottens län,beach,,60,60,osm:way/513968986,Hukan,score_gate,score_5.4_below_5.6
SE,SE331,Västerbottens län,beach,,60,60,osm:way/822618415,Mullsjö Badplats,score_gate,score_5.4_below_5.6
SE,SE331,Västerbottens län,beach,,60,60,osm:way/165358580,Dalesands badplats,score_gate,score_5.4_below_5.6
SE,SE331,Västerbottens län,beach,,60,60,osm:way/837261257,Ögerbodfjärden,score_gate,score_5.4_below_5.6
SE,SE331,Västerbottens län,beach,,60,60,osm:way/507836676,Kvarnsele,score_gate,score_5.4_below_5.6
SE,SE331,Västerbottens län,beach,,60,60,osm:way/822504400,Storkas,score_gate,score_5.3_below_5.6
SE,SE331,Västerbottens län,beach,,60,60,osm:way/482735756,Ögerviken,score_gate,score_5.2_below_5.6
SE,SE331,Västerbottens län,beach,,60,60,osm:way/425332657,Kyrkudden,score_gate,score_5.2_below_5.6
SE,SE331,Västerbottens län,beach,,60,60,osm:way/79378094,Nydala fritidsområde,score_gate,score_5.1_below_5.6
SE,SE331,Västerbottens län,beach,,60,60,osm:way/164831548,Fläse havsbad,score_gate,score_5.1_below_5.6
SE,SE331,Västerbottens län,beach,,60,60,osm:way/202972272,Ivarsbodas havsbad,score_gate,score_5.1_below_5.6
SE,SE331,Västerbottens län,beach,,60,60,osm:way/153022533,Ljumviken havsbad,score_gate,score_5.0_below_5.6
SE,SE331,Västerbottens län,beach,,60,60,osm:way/195325048,Bredviken havsbad,score_gate,score_4.9_below_5.6
SE,SE331,Västerbottens län,beach,,60,60,osm:way/713937472,Gammgården,score_gate,score_4.9_below_5.6
SE,SE331,Västerbottens län,beach,,60,60,osm:way/1485316371,Storviken,score_gate,score_4.9_below_5.6
SE,SE331,Västerbottens län,beach,,60,60,osm:way/837262635,Vörterviken,score_gate,score_4.8_below_5.6
SE,SE331,Västerbottens län,beach,,60,60,osm:way/291789602,Håkaviken,score_gate,score_4.8_below_5.6
SE,SE331,Västerbottens län,beach,,60,60,osm:way/1485375375,Stenögerskroken,score_gate,score_4.8_below_5.6
SE,SE331,Västerbottens län,beach,,60,60,osm:node/7627136215,Stöcksjöbadet,score_gate,score_4.7_below_5.6
SE,SE331,Västerbottens län,beach,,60,60,osm:node/7549455717,Norrmjöle havsbad,score_gate,score_4.7_below_5.6
SE,SE331,Västerbottens län,beach,,60,60,osm:way/837262636,Skataviken,score_gate,score_4.7_below_5.6
SE,SE331,Västerbottens län,beach,,60,60,eea:SE0812482000003357,Byske Havsbad,score_gate,score_4.7_below_5.6
SE,SE331,Västerbottens län,beach,,60,60,osm:node/7549455718,Bettnessands havsbad,score_gate,score_4.7_below_5.6
SE,SE331,Västerbottens län,beach,,60,60,osm:way/156644983,Metarhällsviken,score_gate,score_4.7_below_5.6
SE,SE331,Västerbottens län,beach,,60,60,osm:way/485515296,Djäkneboda,score_gate,score_4.7_below_5.6
SE,SE331,Västerbottens län,beach,,60,60,osm:way/891374001,Lillbrännöviken,score_gate,score_4.7_below_5.6
SE,SE331,Västerbottens län,beach,,60,60,osm:way/891380113,Östra Lövövallen,score_gate,score_4.7_below_5.6
SE,SE331,Västerbottens län,beach,,60,60,osm:way/1485135154,Klemmesgrundet,score_gate,score_4.7_below_5.6
SE,SE331,Västerbottens län,beach,,60,60,osm:way/1485375380,Nördgravhålet,score_gate,score_4.7_below_5.6
SE,SE331,Västerbottens län,beach,,60,60,osm:way/1485685210,Väst-Kummerskärskrokarna,score_gate,score_4.7_below_5.6
SE,SE331,Västerbottens län,beach,,60,60,osm:way/1487696461,Storvikudden,score_gate,score_4.7_below_5.6
SE,SE331,Västerbottens län,beach,,60,60,osm:way/162541211,Villsam,score_gate,score_4.6_below_5.6
SE,SE331,Västerbottens län,beach,,60,60,osm:way/970436840,Mariestrand,score_gate,score_4.1_below_5.6
SE,SE331,Västerbottens län,beach,,60,60,osm:node/7627136213,Kärleksviken,score_gate,score_4.1_below_5.6
SE,SE123,Östergötlands län,beach,,60,60,osm:way/163592273,Jerusalemsbadet,photo_gate,imgs_0_strong_0
SE,SE123,Östergötlands län,beach,,60,60,osm:node/5764544153,Vadstena Camping,photo_gate,imgs_0_strong_0
SE,SE123,Östergötlands län,beach,,60,60,osm:way/931868246,Hummelviken,photo_gate,imgs_0_strong_0
SE,SE123,Östergötlands län,beach,,60,60,osm:way/123956284,Varamobaden,photo_gate,imgs_0_strong_0
SE,SE123,Östergötlands län,beach,,60,60,osm:way/324220167,Pinnarp,photo_gate,imgs_0_strong_0
SE,SE123,Östergötlands län,beach,,60,60,osm:way/996693849,Eket,photo_gate,imgs_0_strong_0
SE,SE123,Östergötlands län,beach,,60,60,osm:way/217799049,Bodaviken,photo_gate,imgs_0_strong_0
SE,SE123,Östergötlands län,beach,,60,60,osm:way/615711924,Kvarseboklint,photo_gate,imgs_0_strong_0
SE,SE123,Östergötlands län,beach,,60,60,osm:way/257587401,Källtorp,score_gate,score_5.5_below_5.6
SE,SE123,Östergötlands län,beach,,60,60,osm:way/615711926,Kvarsebo,score_gate,score_5.5_below_5.6
SE,SE123,Östergötlands län,beach,,60,60,eea:SE0230584000004340,"Vätterviksbadet, Udden",score_gate,score_5.4_below_5.6
SE,SE123,Östergötlands län,beach,,60,60,osm:way/887526387,Byrumsbadet,score_gate,score_5.4_below_5.6
SE,SE123,Östergötlands län,beach,,60,60,osm:way/945600963,Husbyvik,score_gate,score_5.4_below_5.6
SE,SE123,Östergötlands län,beach,,60,60,osm:way/570362049,Kalven,score_gate,score_5.4_below_5.6
SE,SE123,Östergötlands län,beach,,60,60,osm:way/887531487,Stora Stenen,score_gate,score_5.4_below_5.6
SE,SE123,Östergötlands län,beach,,60,60,osm:way/887533026,Björnviken,score_gate,score_5.4_below_5.6
SE,SE123,Östergötlands län,beach,,60,60,osm:way/1245593236,Mårgärdet,score_gate,score_5.4_below_5.6
SE,SE123,Östergötlands län,beach,,60,60,osm:way/1545384959,Sjögarp,score_gate,score_5.4_below_5.6
SE,SE123,Östergötlands län,beach,,60,60,osm:way/1104423721,Nordanskogsbadet,score_gate,score_5.3_below_5.6
SE,SE123,Östergötlands län,beach,,60,60,osm:way/1383708231,Tmmerö Badplats,score_gate,score_5.3_below_5.6
SE,SE123,Östergötlands län,beach,,60,60,osm:way/467193519,Markgärdet,score_gate,score_5.3_below_5.6
SE,SE123,Östergötlands län,beach,,60,60,osm:node/5315020253,Hämtingsviken,score_gate,score_5.3_below_5.6
SE,SE123,Östergötlands län,beach,,60,60,osm:way/174958270,Djupdalen,score_gate,score_5.3_below_5.6
SE,SE123,Östergötlands län,beach,,60,60,osm:way/551486998,Kristineberg,score_gate,score_5.3_below_5.6
SE,SE123,Östergötlands län,beach,,60,60,osm:way/887526385,Simonstorp,score_gate,score_5.3_below_5.6
SE,SE123,Östergötlands län,beach,,60,60,osm:way/1092299780,Bjärka-Säby,score_gate,score_5.3_below_5.6
SE,SE123,Östergötlands län,beach,,60,60,osm:way/1421498914,Vårdnäs,score_gate,score_5.3_below_5.6
SE,SE123,Östergötlands län,beach,,60,60,osm:way/444802096,Vårgård,score_gate,score_5.2_below_5.6
SE,SE123,Östergötlands län,beach,,60,60,osm:way/322499722,Sandvik,score_gate,score_5.2_below_5.6
SE,SE123,Östergötlands län,beach,,60,60,osm:way/940759428,Rocknäset,score_gate,score_5.1_below_5.6
SE,SE123,Östergötlands län,beach,,60,60,osm:way/996859330,Sandviksgärdet,score_gate,score_5.1_below_5.6
SE,SE123,Östergötlands län,beach,,60,60,osm:way/1050704244,Böksjöbadet,score_gate,score_4.9_below_5.6
SE,SE123,Östergötlands län,beach,,60,60,osm:way/554642363,Älvås,score_gate,score_4.9_below_5.6
SE,SE123,Östergötlands län,beach,,60,60,osm:way/1317378722,Serveringsberget,score_gate,score_4.9_below_5.6
SE,SE123,Östergötlands län,beach,,60,60,osm:way/423012965,Frälsegården,score_gate,score_4.8_below_5.6
SE,SE123,Östergötlands län,beach,,60,60,osm:way/67508508,Björkdalen,score_gate,score_4.8_below_5.6
SE,SE123,Östergötlands län,beach,,60,60,osm:way/887534669,Knallen,score_gate,score_4.8_below_5.6
SE,SE123,Östergötlands län,beach,,60,60,osm:way/1441951480,Saltängen,score_gate,score_4.8_below_5.6
SE,SE123,Östergötlands län,beach,,60,60,eea:SE0230584000000722,Jernevid,score_gate,score_4.7_below_5.6
SE,SE123,Östergötlands län,beach,,60,60,eea:SE0230583000001862A,"et, Borensberg",score_gate,score_4.7_below_5.6
SE,SE123,Östergötlands län,beach,,60,60,eea:SE0230584000000724,Tycklinge,score_gate,score_4.7_below_5.6
SE,SE123,Östergötlands län,beach,,60,60,osm:way/173405906,Råssnäsbadet,score_gate,score_4.7_below_5.6
SE,SE123,Östergötlands län,beach,,60,60,osm:node/4990832554,S:ta Birgittas Kloster/abbedi Pax Mariae,score_gate,score_4.7_below_5.6
SE,SE123,Östergötlands län,beach,,60,60,osm:way/425707331,Torsviken,score_gate,score_4.7_below_5.6
SE,SE123,Östergötlands län,beach,,60,60,osm:way/463268908,Nybro,score_gate,score_4.7_below_5.6
SE,SE123,Östergötlands län,beach,,60,60,osm:way/463268937,Bogestad,score_gate,score_4.7_below_5.6
SE,SE123,Östergötlands län,beach,,60,60,osm:way/513681821,Bönergården,score_gate,score_4.7_below_5.6
SE,SE123,Östergötlands län,beach,,60,60,osm:way/967251405,Hagudden,score_gate,score_4.7_below_5.6
SE,SE123,Östergötlands län,beach,,60,60,osm:way/981220720,Skräckhällen,score_gate,score_4.7_below_5.6
SE,SE123,Östergötlands län,beach,,60,60,osm:way/1092299789,Fornhemmet,score_gate,score_4.7_below_5.6
SE,SE123,Östergötlands län,beach,,60,60,osm:way/1092309347,Lakvik,score_gate,score_4.7_below_5.6
SE,SE123,Östergötlands län,beach,,60,60,osm:way/1305298194,Åselstadsviken,score_gate,score_4.7_below_5.6
SE,SE123,Östergötlands län,beach,,60,60,osm:way/1317089734,Lillängen,score_gate,score_4.7_below_5.6
SE,SE123,Östergötlands län,beach,,60,60,osm:way/940764713,Brahus,score_gate,score_4.6_below_5.6
SE,SE123,Östergötlands län,beach,,60,60,osm:way/264470763,Tyttorp,score_gate,score_4.6_below_5.6
SE,SE123,Östergötlands län,beach,,60,60,osm:way/560264573,Missmyra Kursgård,score_gate,score_4.6_below_5.6
SE,SE123,Östergötlands län,beach,,60,60,osm:way/638540989,Skonberga,score_gate,score_4.6_below_5.6
SE,SE123,Östergötlands län,beach,,60,60,osm:way/753705472,Centrum,score_gate,score_4.1_below_5.6
SE,SE123,Östergötlands län,beach,,60,60,wd:Q106694958,"Dog bathing water, Pariserviken",score_gate,score_4.1_below_5.6
SE,SE332,Norrbottens län,beach,,60,60,osm:way/833957263,Niporna,photo_gate,imgs_0_strong_0
SE,SE332,Norrbottens län,beach,,60,60,osm:way/225299545,BRO -stranden,photo_gate,imgs_0_strong_0
SE,SE332,Norrbottens län,beach,,60,60,osm:relation/19617543,Lulviksbadet,photo_gate,imgs_0_strong_0
SE,SE332,Norrbottens län,beach,,60,60,osm:relation/10069857,Mörösanden,photo_gate,imgs_0_strong_0
SE,SE332,Norrbottens län,beach,,60,60,osm:way/482859192,Notviksbadet,score_gate,score_5.5_below_5.6
SE,SE332,Norrbottens län,beach,,60,60,osm:way/288570091,Gültzauudden,score_gate,score_5.5_below_5.6
SE,SE332,Norrbottens län,beach,,60,60,eea:SE0822581000002763,"Gläntan, Bondöfjärden",score_gate,score_5.4_below_5.6
SE,SE332,Norrbottens län,beach,,60,60,osm:way/1078438885,Klintbacken,score_gate,score_5.3_below_5.6
SE,SE332,Norrbottens län,beach,,60,60,osm:node/8439062431,Dignesund,score_gate,score_5.3_below_5.6
SE,SE332,Norrbottens län,beach,,60,60,osm:node/10013844353,Sävast Badstrand,score_gate,score_5.3_below_5.6
SE,SE332,Norrbottens län,beach,,60,60,osm:way/429538484,Lulsundsbadet,score_gate,score_5.3_below_5.6
SE,SE332,Norrbottens län,beach,,60,60,osm:way/1044323524,Gunnarsbyn,score_gate,score_4.9_below_5.6
SE,SE332,Norrbottens län,beach,,60,60,osm:way/1297446001,Kronan,score_gate,score_4.9_below_5.6
SE,SE332,Norrbottens län,beach,,60,60,osm:way/1288189532,Rogården,score_gate,score_4.8_below_5.6
SE,SE332,Norrbottens län,beach,,60,60,eea:SE0822580000003237,First Camp (arcus Camping),score_gate,score_4.7_below_5.6
SE,SE332,Norrbottens län,beach,,60,60,eea:SE0822582000003209,Aldersjön,score_gate,score_4.7_below_5.6
SE,SE332,Norrbottens län,beach,,60,60,osm:way/803032500,Nyland,score_gate,score_4.7_below_5.6
SE,SE232,Västra Götalands län,beach,,60,60,osm:relation/10605543,Bergsjöbadet,photo_gate,imgs_0_strong_0
SE,SE232,Västra Götalands län,beach,,60,60,osm:relation/10729121,Härlanda tjärns badplats,photo_gate,imgs_1_strong_1
SE,SE232,Västra Götalands län,beach,,60,60,osm:relation/10250686,Brandnäsviken,photo_gate,imgs_0_strong_0
SE,SE232,Västra Götalands län,beach,,60,60,osm:relation/10547254,Söne strand,photo_gate,imgs_0_strong_0
SE,SE232,Västra Götalands län,beach,,60,60,osm:relation/12938734,Långesanden,photo_gate,imgs_0_strong_0
SE,SE232,Västra Götalands län,beach,,60,60,osm:way/563720492,Sandvikens badplats,photo_gate,imgs_0_strong_0
SE,SE232,Västra Götalands län,beach,,60,60,osm:relation/10228936,Grötet,photo_gate,imgs_0_strong_0
SE,SE232,Västra Götalands län,beach,,60,60,osm:relation/13098563,Alkärret,photo_gate,imgs_0_strong_0
SE,SE232,Västra Götalands län,beach,,60,60,osm:relation/10228726,Sundsudden,photo_gate,imgs_0_strong_0
SE,SE232,Västra Götalands län,beach,,60,60,osm:relation/14713758,Stenvraket,photo_gate,imgs_0_strong_0
SE,SE232,Västra Götalands län,beach,,60,60,osm:way/613924169,Ed,photo_gate,imgs_0_strong_0
SE,SE232,Västra Götalands län,beach,,60,60,osm:way/436470598,Bodelebukten,photo_gate,imgs_0_strong_0
SE,SE232,Västra Götalands län,beach,,60,60,osm:relation/10228730,Sandbukten,photo_gate,imgs_0_strong_0
SE,SE232,Västra Götalands län,beach,,60,60,osm:way/288658095,Asklanda,photo_gate,imgs_0_strong_0
SE,SE232,Västra Götalands län,beach,,60,60,osm:relation/10892068,Dirdammen,photo_gate,imgs_0_strong_0
SE,SE232,Västra Götalands län,beach,,60,60,osm:relation/13653681,Ekelund,photo_gate,imgs_0_strong_0
SE,SE232,Västra Götalands län,beach,,60,60,osm:way/1209849735,Munkeberg,photo_gate,imgs_0_strong_0
SE,SE232,Västra Götalands län,beach,,60,60,osm:way/1337375723,Bäcken,photo_gate,imgs_0_strong_0
SE,SE232,Västra Götalands län,beach,,60,60,osm:relation/10072757,Kristiklåvan,photo_gate,imgs_0_strong_0
SE,SE232,Västra Götalands län,beach,,60,60,osm:relation/13502678,Djäknesundet,photo_gate,imgs_0_strong_0
SE,SE232,Västra Götalands län,beach,,60,60,osm:relation/18166211,Tulebo äng,photo_gate,imgs_0_strong_0
SE,SE232,Västra Götalands län,beach,,60,60,wd:Q108783923,Guldkroksbadet,photo_gate,imgs_0_strong_0
SE,SE232,Västra Götalands län,beach,,60,60,osm:relation/10227324,Romleborg,photo_gate,imgs_0_strong_0
SE,SE232,Västra Götalands län,beach,,60,60,osm:relation/11480917,Hillersbukten,photo_gate,imgs_0_strong_0
SE,SE232,Västra Götalands län,beach,,60,60,osm:relation/14382849,Havstenssund,photo_gate,imgs_0_strong_0
SE,SE232,Västra Götalands län,beach,,60,60,osm:relation/8036972,Varpaledet,photo_gate,imgs_0_strong_0
SE,SE232,Västra Götalands län,beach,,60,60,osm:relation/10228667,Kåreviks badplats,photo_gate,imgs_0_strong_0
SE,SE232,Västra Götalands län,beach,,60,60,osm:node/12211680251,Landvettersjöns badplats,photo_gate,imgs_0_strong_0
SE,SE232,Västra Götalands län,beach,,60,60,osm:relation/19236100,Framnäs Strandpark,photo_gate,imgs_0_strong_0
SE,SE232,Västra Götalands län,beach,,60,60,osm:relation/11646262,Sandvik public beach,photo_gate,imgs_0_strong_0
SE,SE232,Västra Götalands län,beach,,60,60,osm:way/957198306,Great white sand,photo_gate,imgs_0_strong_0
SE,SE232,Västra Götalands län,beach,,60,60,osm:way/964031746,Lilla Enebågen,photo_gate,imgs_0_strong_0
SE,SE232,Västra Götalands län,beach,,60,60,osm:way/599946904,Karlsvik,photo_gate,imgs_0_strong_0
SE,SE232,Västra Götalands län,beach,,60,60,osm:way/1363504319,Bälnäs,photo_gate,imgs_0_strong_0
SE,SE232,Västra Götalands län,beach,,60,60,eea:SE0A21401000000055,Säteriet/hästviken,photo_gate,imgs_0_strong_0
SE,SE232,Västra Götalands län,beach,,60,60,eea:SE0A21481000000394,Rådasjöns Badplats,photo_gate,imgs_0_strong_0
SE,SE232,Västra Götalands län,beach,,60,60,wd:Q106708227,Strandbadet i Hjo,photo_gate,imgs_3_strong_3
SE,SE232,Västra Götalands län,beach,,60,60,osm:node/11055531337,Nordkrokens badplats,photo_gate,imgs_0_strong_0
SE,SE232,Västra Götalands län,beach,,60,60,osm:way/1422296799,Sjövalla,photo_gate,imgs_0_strong_0
SE,SE232,Västra Götalands län,beach,,60,60,osm:way/1094778538,Båteviken,photo_gate,imgs_0_strong_0
SE,SE232,Västra Götalands län,beach,,60,60,osm:way/296315356,Gaddetorp,photo_gate,imgs_0_strong_0
SE,SE232,Västra Götalands län,beach,,60,60,osm:relation/17678334,Badviken Hällsvik,photo_gate,imgs_0_strong_0
SE,SE232,Västra Götalands län,beach,,60,60,osm:relation/10229221,Ellös badplats,photo_gate,imgs_0_strong_0
SE,SE232,Västra Götalands län,beach,,60,60,osm:relation/11576918,Boulognersjön,photo_gate,imgs_0_strong_0
SE,SE232,Västra Götalands län,beach,,60,60,osm:way/39683817,Villabadet,photo_gate,imgs_0_strong_0
SE,SE232,Västra Götalands län,beach,,60,60,osm:way/502777219,Furusand,photo_gate,imgs_0_strong_0
SE,SE232,Västra Götalands län,beach,,60,60,osm:way/635807803,Gluppöbukten,photo_gate,imgs_0_strong_0
SE,SE232,Västra Götalands län,beach,,60,60,osm:way/927139463,Kännbågsskatten,photo_gate,imgs_0_strong_0
SE,SE232,Västra Götalands län,beach,,60,60,osm:relation/10093887,Nordängevik,photo_gate,imgs_0_strong_0
SE,SE232,Västra Götalands län,beach,,60,60,osm:relation/10228909,Kilesand,photo_gate,imgs_0_strong_0
SE,SE232,Västra Götalands län,beach,,60,60,osm:relation/10228351,Askimsbadet,score_gate,score_5.5_below_5.6
SE,SE232,Västra Götalands län,beach,,60,60,osm:way/1096389541,Körgårn,score_gate,score_5.5_below_5.6
SE,SE232,Västra Götalands län,beach,,60,60,osm:way/1112586385,Snapen,score_gate,score_5.5_below_5.6
SE,SE232,Västra Götalands län,beach,,60,60,osm:relation/10227316,Bicketången,score_gate,score_5.5_below_5.6
SE,SE232,Västra Götalands län,beach,,60,60,osm:relation/10227318,Kungsvik,score_gate,score_5.5_below_5.6
SE,SE232,Västra Götalands län,beach,,60,60,osm:relation/10491539,Gullmarsbaden,score_gate,score_5.5_below_5.6
SE,SE232,Västra Götalands län,beach,,60,60,osm:way/327665632,Bua strand,score_gate,score_5.5_below_5.6
SE,SE232,Västra Götalands län,beach,,60,60,osm:relation/10228562,Saltasviken,score_gate,score_5.5_below_5.6
SE,SE232,Västra Götalands län,beach,,60,60,osm:way/992926792,Nya Örlenbadet,score_gate,score_5.4_below_5.6
SE,SE232,Västra Götalands län,beach,,60,60,eea:SE0A21496000001681,Simsjön Stora Badviken,score_gate,score_5.4_below_5.6
UA,UA-74538382B91806639169097,Lenine,beach,,60,60,,,,
UA,UA-74538382B87705908812983,Holo Prystan,beach,,60,60,,,,
UA,UA-74538382B36709578446445,Milove,beach,,60,60,,,,
FO,FO-FRO,Faroe Islands,beach,,60,60,osm:way/799122836,Leynarsandur,photo_gate,imgs_0_strong_0
FO,FO-FRO,Faroe Islands,beach,,60,60,wd:Q29099950,Sandagerði,photo_gate,imgs_2_strong_2
FO,FO-FRO,Faroe Islands,beach,,60,60,osm:way/66990272,Gøtusandur,photo_gate,imgs_0_strong_0
FO,FO-FRO,Faroe Islands,beach,,60,60,osm:way/1083169213,Trogarásandur,photo_gate,imgs_0_strong_0
FO,FO-FRO,Faroe Islands,beach,,60,60,osm:relation/11557629,Niðri á Sandi,score_gate,score_5.3_below_5.6
FO,FO-FRO,Faroe Islands,beach,,60,60,osm:way/857881140,Høgamøl,score_gate,score_5.2_below_5.6
FO,FO-FRO,Faroe Islands,beach,,60,60,osm:way/779604950,Sandurin,score_gate,score_5.0_below_5.6
FO,FO-FRO,Faroe Islands,beach,,60,60,osm:way/1341790867,Heygarnir,score_gate,score_4.6_below_5.6
FO,FO-FRO,Faroe Islands,beach,,60,60,osm:way/729181905,Viðvík,score_gate,score_4.5_below_5.6
FO,FO-FRO,Faroe Islands,beach,,60,60,osm:way/1051868051,Kópagarðar,score_gate,score_4.5_below_5.6
FO,FO-FRO,Faroe Islands,beach,,60,60,osm:way/1185346939,Rókin,score_gate,score_4.5_below_5.6
FO,FO-FRO,Faroe Islands,beach,,60,60,osm:way/766768133,Gjógvará,score_gate,score_4.4_below_5.6
FO,FO-FRO,Faroe Islands,beach,,60,60,osm:way/1051323013,Yvir í Havn,score_gate,score_4.4_below_5.6
FO,FO-FRO,Faroe Islands,beach,,60,60,osm:way/1282191941,Oyranar,score_gate,score_4.4_below_5.6
FO,FO-FRO,Faroe Islands,beach,,60,60,osm:way/785192598,Eiðið,score_gate,score_4.2_below_5.6
FO,FO-FRO,Faroe Islands,beach,,60,60,osm:way/1104434638,Hvannasund,score_gate,score_4.2_below_5.6
FO,FO-FRO,Faroe Islands,beach,,60,60,osm:way/1170232653,Toftanes,score_gate,score_4.2_below_5.6
FO,FO-FRO,Faroe Islands,beach,,60,60,osm:way/1293782170,Víkarnes,score_gate,score_4.2_below_5.6
FO,FO-FRO,Faroe Islands,beach,,60,60,osm:way/1378314216,Víkartangi,score_gate,score_4.2_below_5.6
FO,FO-FRO,Faroe Islands,beach,,60,60,osm:way/837205698,Vatnsoyrin,score_gate,score_4.1_below_5.6
FO,FO-FRO,Faroe Islands,beach,,60,60,osm:way/1174829877,Rivtangi,score_gate,score_4.1_below_5.6
FO,FO-FRO,Faroe Islands,beach,,60,60,osm:way/1354993307,Skarvatangi,score_gate,score_4.1_below_5.6
FO,FO-FRO,Faroe Islands,beach,,60,60,osm:way/1379248544,Á Heyggi,score_gate,score_4.0_below_5.6
FO,FO-FRO,Faroe Islands,beach,,60,60,osm:way/1389653048,við Hvanndalsá,score_gate,score_4.0_below_5.6
FO,FO-FRO,Faroe Islands,beach,,60,60,osm:way/1265683086,Kollfjarðardalur,score_gate,score_3.9_below_5.6
FO,FO-FRO,Faroe Islands,beach,,60,60,osm:way/1267728917,Oyrareingir,score_gate,score_3.9_below_5.6
FO,FO-FRO,Faroe Islands,beach,,60,60,osm:way/1271478697,Lygnnes,score_gate,score_3.9_below_5.6
FO,FO-FRO,Faroe Islands,beach,,60,60,osm:way/1192944823,Skákið,score_gate,score_3.8_below_5.6
FO,FO-FRO,Faroe Islands,beach,,60,60,osm:way/1290775523,Haldórsvík,score_gate,score_3.8_below_5.6
FO,FO-FRO,Faroe Islands,beach,,60,60,osm:way/1366321321,Á Brúgv,score_gate,score_3.8_below_5.6
FO,FO-FRO,Faroe Islands,beach,,60,60,osm:way/1393563537,Í Brekkugerði,score_gate,score_3.8_below_5.6
FO,FO-FRO,Faroe Islands,beach,,60,60,osm:way/1041848590,Trælatangi,score_gate,score_3.7_below_5.6
FO,FO-FRO,Faroe Islands,beach,,60,60,osm:way/1051868029,Todnes,score_gate,score_3.7_below_5.6
FO,FO-FRO,Faroe Islands,beach,,60,60,osm:way/1051868106,Á Oyrini,score_gate,score_3.7_below_5.6
FO,FO-FRO,Faroe Islands,beach,,60,60,osm:way/1147127836,Garðshorn,score_gate,score_3.7_below_5.6
FO,FO-FRO,Faroe Islands,beach,,60,60,osm:way/1267222129,Oyran,score_gate,score_3.7_below_5.6
FO,FO-FRO,Faroe Islands,beach,,60,60,osm:way/1362611856,Prestgjógv,score_gate,score_3.7_below_5.6
FO,FO-FRO,Faroe Islands,beach,,60,60,osm:way/1178727893,Á Kinn,score_gate,score_3.6_below_5.6
FO,FO-FRO,Faroe Islands,beach,,60,60,osm:way/740827276,Lambareiði,score_gate,score_3.6_below_5.6
FO,FO-FRO,Faroe Islands,beach,,60,60,osm:way/771308575,Nidri í Bygd,score_gate,score_3.6_below_5.6
FO,FO-FRO,Faroe Islands,beach,,60,60,osm:way/798823339,Millum Ryggjanna,score_gate,score_3.6_below_5.6
FO,FO-FRO,Faroe Islands,beach,,60,60,osm:way/1108055185,Eiðsvík,score_gate,score_3.6_below_5.6
FO,FO-FRO,Faroe Islands,beach,,60,60,osm:way/1112498175,Á Bakkanum,score_gate,score_3.6_below_5.6
FO,FO-FRO,Faroe Islands,beach,,60,60,osm:way/1127527117,Sjóvartún,score_gate,score_3.6_below_5.6
FO,FO-FRO,Faroe Islands,beach,,60,60,osm:way/1150496347,Skipanes,score_gate,score_3.6_below_5.6
FO,FO-FRO,Faroe Islands,beach,,60,60,osm:way/1155105868,Gøtugjógv,score_gate,score_3.6_below_5.6
FO,FO-FRO,Faroe Islands,beach,,60,60,osm:way/1175420595,Søldarfjørður,score_gate,score_3.6_below_5.6
FO,FO-FRO,Faroe Islands,beach,,60,60,osm:way/1181188793,Saltangará,score_gate,score_3.6_below_5.6
FO,FO-FRO,Faroe Islands,beach,,60,60,osm:way/1202313510,Hólmurin,score_gate,score_3.6_below_5.6
FO,FO-FRO,Faroe Islands,beach,,60,60,osm:way/1274693055,Í Sundum,score_gate,score_3.6_below_5.6
FO,FO-FRO,Faroe Islands,beach,,60,60,osm:way/1288084084,Nesvík,score_gate,score_3.6_below_5.6
FO,FO-FRO,Faroe Islands,beach,,60,60,osm:way/1327985342,Á Kneysanum,score_gate,score_3.6_below_5.6
FO,FO-FRO,Faroe Islands,beach,,60,60,osm:way/1327985382,Heyggjur,score_gate,score_3.6_below_5.6
FO,FO-FRO,Faroe Islands,beach,,60,60,osm:way/1366040790,Í Trøðini,score_gate,score_3.6_below_5.6
FO,FO-FRO,Faroe Islands,beach,,60,60,osm:way/1388109586,Tippið,score_gate,score_3.6_below_5.6
FO,FO-FRO,Faroe Islands,beach,,60,60,osm:way/1354941009,Á Bø,score_gate,score_3.6_below_5.6
FO,FO-FRO,Faroe Islands,beach,,60,60,osm:way/1369802267,Í Vørðu,score_gate,score_3.6_below_5.6
FO,FO-FRO,Faroe Islands,beach,,60,60,osm:way/798823373,Við Gjónna,score_gate,score_3.5_below_5.6
FO,FO-FRO,Faroe Islands,beach,,60,60,osm:way/798823382,Ærgisáfløta,score_gate,score_3.5_below_5.6
FO,FO-FRO,Faroe Islands,beach,,60,60,osm:way/850927076,Áargjógv,score_gate,score_3.5_below_5.6
GR,EL653,"Lakonia, Messinia",beach,,60,59,wd:Q25168390,Pori beach,photo_gate,imgs_1_strong_1
GR,EL653,"Lakonia, Messinia",beach,,60,59,wd:Q53630525,Simos beach,photo_gate,imgs_2_strong_2
GR,EL653,"Lakonia, Messinia",beach,,60,59,wd:Q25162391,Kalamitsi beach,photo_gate,imgs_0_strong_0
GR,EL653,"Lakonia, Messinia",beach,,60,59,wd:Q25168379,Memi Beach,photo_gate,imgs_0_strong_0
GR,EL653,"Lakonia, Messinia",beach,,60,59,osm:way/273193420,Charachia,photo_gate,imgs_0_strong_0
GR,EL653,"Lakonia, Messinia",beach,,60,59,osm:way/273769346,Πούντα,photo_gate,imgs_0_strong_0
GR,EL653,"Lakonia, Messinia",beach,,60,59,osm:way/366985698,Kalamata Beach,photo_gate,imgs_0_strong_0
GR,EL653,"Lakonia, Messinia",beach,,60,59,osm:way/146968308,Mati,photo_gate,imgs_0_strong_0
GR,EL653,"Lakonia, Messinia",beach,,60,59,osm:way/220545158,Παραλία Βελίκας,photo_gate,imgs_0_strong_0
GR,EL653,"Lakonia, Messinia",beach,,60,59,osm:way/716719695,Mavrovouni Beach,photo_gate,imgs_0_strong_0
GR,EL653,"Lakonia, Messinia",beach,,60,59,osm:relation/544468,Valtaki beach,photo_gate,imgs_0_strong_0
GR,EL653,"Lakonia, Messinia",beach,,60,59,osm:way/470206525,Filoxenia Beach,photo_gate,imgs_0_strong_0
GR,EL653,"Lakonia, Messinia",beach,,60,59,wd:Q25174293,Tsapi Beach,photo_gate,imgs_0_strong_0
GR,EL653,"Lakonia, Messinia",beach,,60,59,osm:way/189192747,Divari,photo_gate,imgs_0_strong_0
GR,EL653,"Lakonia, Messinia",beach,,60,59,osm:way/139109028,Loutsa,photo_gate,imgs_0_strong_0
GR,EL653,"Lakonia, Messinia",beach,,60,59,wd:Q53633560,Vathi,photo_gate,imgs_0_strong_0
GR,EL653,"Lakonia, Messinia",beach,,60,59,osm:way/54432353,Οίτυλο,photo_gate,imgs_0_strong_0
GR,EL653,"Lakonia, Messinia",beach,,60,59,osm:way/139109027,Ζάγκα,photo_gate,imgs_0_strong_0
GR,EL653,"Lakonia, Messinia",beach,,60,59,osm:way/273769350,Παραλία Νερατζιώνα,photo_gate,imgs_0_strong_0
GR,EL653,"Lakonia, Messinia",beach,,60,59,wd:Q25162388,Ritsa beach,score_gate,score_5.4_below_5.6
GR,EL653,"Lakonia, Messinia",beach,,60,59,wd:Q126540020,Methoni beach,score_gate,score_5.4_below_5.6
GR,EL653,"Lakonia, Messinia",beach,,60,59,wd:Q53631121,Megali Ammos,score_gate,score_5.4_below_5.6
GR,EL653,"Lakonia, Messinia",beach,,60,59,osm:way/520584774,Kontogoni Beach,score_gate,score_5.4_below_5.6
GR,EL653,"Lakonia, Messinia",beach,,60,59,osm:way/235409032,Kartela,score_gate,score_5.4_below_5.6
GR,EL653,"Lakonia, Messinia",beach,,60,59,osm:way/1517055494,Kalogeras Beach,score_gate,score_5.4_below_5.6
GR,EL653,"Lakonia, Messinia",beach,,60,59,osm:way/343496622,Lampes,score_gate,score_5.4_below_5.6
GR,EL653,"Lakonia, Messinia",beach,,60,59,osm:way/347275143,Agia Barbara beach,score_gate,score_5.4_below_5.6
GR,EL653,"Lakonia, Messinia",beach,,60,59,osm:way/350603290,Kalamakia beach,score_gate,score_5.4_below_5.6
GR,EL653,"Lakonia, Messinia",beach,,60,59,osm:way/495440371,Κουμπάρες,score_gate,score_5.4_below_5.6
GR,EL653,"Lakonia, Messinia",beach,,60,59,osm:way/599875855,Peroulia Beach,score_gate,score_5.4_below_5.6
GR,EL653,"Lakonia, Messinia",beach,,60,59,wd:Q25168376,Zanga Beach,score_gate,score_5.3_below_5.6
GR,EL653,"Lakonia, Messinia",beach,,60,59,wd:Q53633550,Tigania,score_gate,score_5.3_below_5.6
GR,EL653,"Lakonia, Messinia",beach,,60,59,osm:way/350603289,Vordonas beach,score_gate,score_5.3_below_5.6
GR,EL653,"Lakonia, Messinia",beach,,60,59,osm:node/11967498273,Παραλία Γιάλοβα,score_gate,score_5.3_below_5.6
GR,EL653,"Lakonia, Messinia",beach,,60,59,osm:way/128089382,Glifada,score_gate,score_5.3_below_5.6
GR,EL653,"Lakonia, Messinia",beach,,60,59,osm:node/11967498275,Παραλία Γιάλοβα,score_gate,score_5.3_below_5.6
GR,EL653,"Lakonia, Messinia",beach,,60,59,wd:Q25168374,Agia Triada Beach,score_gate,score_5.2_below_5.6
GR,EL653,"Lakonia, Messinia",beach,,60,59,osm:way/404900028,Agia Kyriaki,score_gate,score_5.2_below_5.6
GR,EL653,"Lakonia, Messinia",beach,,60,59,osm:way/295636677,Παραλία Στόμιο,score_gate,score_5.2_below_5.6
GR,EL653,"Lakonia, Messinia",beach,,60,59,osm:way/174513300,Porto Kagio,score_gate,score_5.2_below_5.6
GR,EL653,"Lakonia, Messinia",beach,,60,59,wd:Q25168375,Artaki Beach,score_gate,score_5.1_below_5.6
GR,EL653,"Lakonia, Messinia",beach,,60,59,osm:way/321125857,Λιμάνι,score_gate,score_5.1_below_5.6
GR,EL653,"Lakonia, Messinia",beach,,60,59,osm:way/146968492,Glossa Beach (nudist),score_gate,score_5.1_below_5.6
GR,EL653,"Lakonia, Messinia",beach,,60,59,osm:way/343474572,Χάρακες,score_gate,score_5.1_below_5.6
GR,EL653,"Lakonia, Messinia",beach,,60,59,wd:Q25162387,Foneas beach,score_gate,score_5.0_below_5.6
GR,EL653,"Lakonia, Messinia",beach,,60,59,wd:Q25162382,Akrogiali beach,score_gate,score_5.0_below_5.6
GR,EL653,"Lakonia, Messinia",beach,,60,59,wd:Q25162383,Touristiko beach,score_gate,score_5.0_below_5.6
GR,EL653,"Lakonia, Messinia",beach,,60,59,wd:Q120749605,Kalogria beach,score_gate,score_5.0_below_5.6
GR,EL653,"Lakonia, Messinia",beach,,60,59,wd:Q25162381,Santova beach,score_gate,score_5.0_below_5.6
GR,EL653,"Lakonia, Messinia",beach,,60,59,osm:way/232918359,Pantazi Beach,score_gate,score_5.0_below_5.6
GR,EL653,"Lakonia, Messinia",beach,,60,59,osm:way/345204514,Χαλικιά Βάτα,score_gate,score_5.0_below_5.6
GR,EL653,"Lakonia, Messinia",beach,,60,59,osm:way/350847210,Καμάρες,score_gate,score_5.0_below_5.6
GR,EL653,"Lakonia, Messinia",beach,,60,59,wd:Q25162386,Delphinia beach,score_gate,score_5.0_below_5.6
GR,EL653,"Lakonia, Messinia",beach,,60,59,osm:way/273710230,Μποζάς,score_gate,score_5.0_below_5.6
GR,EL653,"Lakonia, Messinia",beach,,60,59,wd:Q25162389,Stoupa beach,score_gate,score_4.9_below_5.6
GR,EL653,"Lakonia, Messinia",beach,,60,59,osm:way/295638437,Lankouvardos,score_gate,score_4.9_below_5.6
GR,EL653,"Lakonia, Messinia",beach,,60,59,osm:way/345204510,Kotronas beach,score_gate,score_4.9_below_5.6
GR,EL653,"Lakonia, Messinia",beach,,60,59,osm:way/818761765,Καρδαμύλη,score_gate,score_4.9_below_5.6
GR,EL653,"Lakonia, Messinia",beach,,60,59,wd:Q107139401,Tsapi Beach of Chrysokellaria,score_gate,score_4.8_below_5.6
GR,EL421,"Kalymnos, Karpathos, Kasos, Kos, Rodos",beach,,60,59,wd:Q53632263,Kolymbia A-Limanaki,photo_gate,imgs_0_strong_0
GR,EL421,"Kalymnos, Karpathos, Kasos, Kos, Rodos",beach,,60,59,osm:way/287234055,Tsampika,photo_gate,imgs_0_strong_0
GR,EL421,"Kalymnos, Karpathos, Kasos, Kos, Rodos",beach,,60,59,osm:way/353723534,Όρμος Μπελφούτη,photo_gate,imgs_0_strong_0
GR,EL421,"Kalymnos, Karpathos, Kasos, Kos, Rodos",beach,,60,59,osm:way/125108059,Λιβάδι,photo_gate,imgs_0_strong_0
GR,EL421,"Kalymnos, Karpathos, Kasos, Kos, Rodos",beach,,60,59,osm:way/240796208,Flamingo Beach,photo_gate,imgs_0_strong_0
GR,EL421,"Kalymnos, Karpathos, Kasos, Kos, Rodos",beach,,60,59,osm:relation/541092,Hohlakas Beach,photo_gate,imgs_0_strong_0
GR,EL421,"Kalymnos, Karpathos, Kasos, Kos, Rodos",beach,,60,59,osm:way/307054927,Pachia Ammos,photo_gate,imgs_0_strong_0
GR,EL421,"Kalymnos, Karpathos, Kasos, Kos, Rodos",beach,,60,59,wd:Q53630422,Galouni Kokkinogia 2,photo_gate,imgs_0_strong_0
GR,EL421,"Kalymnos, Karpathos, Kasos, Kos, Rodos",beach,,60,59,osm:way/287235943,Gennadi Beach,photo_gate,imgs_0_strong_0
GR,EL421,"Kalymnos, Karpathos, Kasos, Kos, Rodos",beach,,60,59,osm:way/287235938,Lachania Beach,photo_gate,imgs_0_strong_0
GR,EL421,"Kalymnos, Karpathos, Kasos, Kos, Rodos",beach,,60,59,osm:node/268603507,Vromolithos,photo_gate,imgs_0_strong_0
GR,EL421,"Kalymnos, Karpathos, Kasos, Kos, Rodos",beach,,60,59,osm:way/503227454,Avlakia Beach,photo_gate,imgs_0_strong_0
GR,EL421,"Kalymnos, Karpathos, Kasos, Kos, Rodos",beach,,60,59,osm:way/228201843,Kantouni Beach,photo_gate,imgs_0_strong_0
GR,EL421,"Kalymnos, Karpathos, Kasos, Kos, Rodos",beach,,60,59,osm:way/356380745,Gourna Beach,photo_gate,imgs_0_strong_0
GR,EL421,"Kalymnos, Karpathos, Kasos, Kos, Rodos",beach,,60,59,wd:Q53632747,Faliraki Traounou,photo_gate,imgs_0_strong_0
GR,EL421,"Kalymnos, Karpathos, Kasos, Kos, Rodos",beach,,60,59,osm:relation/5140017,Vlycha Beach,photo_gate,imgs_0_strong_0
GR,EL421,"Kalymnos, Karpathos, Kasos, Kos, Rodos",beach,,60,59,osm:way/710006619,Στεγνά,photo_gate,imgs_0_strong_0
GR,EL421,"Kalymnos, Karpathos, Kasos, Kos, Rodos",beach,,60,59,osm:relation/7362583,Chochlaki,photo_gate,imgs_0_strong_0
GR,EL421,"Kalymnos, Karpathos, Kasos, Kos, Rodos",beach,,60,59,osm:way/513110801,Νανού,photo_gate,imgs_0_strong_0
GR,EL421,"Kalymnos, Karpathos, Kasos, Kos, Rodos",beach,,60,59,osm:way/287220374,Afandou Beach,photo_gate,imgs_0_strong_0
GR,EL421,"Kalymnos, Karpathos, Kasos, Kos, Rodos",beach,,60,59,osm:relation/3146408,Plakia Beach,photo_gate,imgs_0_strong_0
GR,EL421,"Kalymnos, Karpathos, Kasos, Kos, Rodos",beach,,60,59,osm:relation/530649,Livadia,photo_gate,imgs_0_strong_0
GR,EL421,"Kalymnos, Karpathos, Kasos, Kos, Rodos",beach,,60,59,osm:way/169705029,Agios Stefanos Bay,photo_gate,imgs_0_strong_0
GR,EL421,"Kalymnos, Karpathos, Kasos, Kos, Rodos",beach,,60,59,osm:way/518529784,Βάθια,photo_gate,imgs_0_strong_0
GR,EL421,"Kalymnos, Karpathos, Kasos, Kos, Rodos",beach,,60,59,osm:way/302773090,St. Georgios beach,score_gate,score_5.5_below_5.6
GR,EL421,"Kalymnos, Karpathos, Kasos, Kos, Rodos",beach,,60,59,osm:way/233309805,Μασούρι,score_gate,score_5.5_below_5.6
GR,EL421,"Kalymnos, Karpathos, Kasos, Kos, Rodos",beach,,60,59,osm:way/171600064,Mastichari Bay,score_gate,score_5.5_below_5.6
GR,EL421,"Kalymnos, Karpathos, Kasos, Kos, Rodos",beach,,60,59,osm:relation/10620144,Psalidi,score_gate,score_5.5_below_5.6
GR,EL421,"Kalymnos, Karpathos, Kasos, Kos, Rodos",beach,,60,59,osm:way/978128227,Μαχαιριά,score_gate,score_5.5_below_5.6
GR,EL421,"Kalymnos, Karpathos, Kasos, Kos, Rodos",beach,,60,59,osm:way/503228578,Παραλία Μαραθούντα,score_gate,score_5.5_below_5.6
GR,EL421,"Kalymnos, Karpathos, Kasos, Kos, Rodos",beach,,60,59,osm:way/332310529,Apella,score_gate,score_5.4_below_5.6
GR,EL421,"Kalymnos, Karpathos, Kasos, Kos, Rodos",beach,,60,59,osm:way/227487200,Pefki Beach,score_gate,score_5.4_below_5.6
GR,EL421,"Kalymnos, Karpathos, Kasos, Kos, Rodos",beach,,60,59,osm:way/220709738,Agriolivadi,score_gate,score_5.4_below_5.6
GR,EL421,"Kalymnos, Karpathos, Kasos, Kos, Rodos",beach,,60,59,osm:relation/3212896,Kokkinogia Beach,score_gate,score_5.4_below_5.6
GR,EL421,"Kalymnos, Karpathos, Kasos, Kos, Rodos",beach,,60,59,osm:way/518527704,Diakoftis Beach,score_gate,score_5.4_below_5.6
GR,EL421,"Kalymnos, Karpathos, Kasos, Kos, Rodos",beach,,60,59,eea:ELBW149296243101,Theologos,score_gate,score_5.4_below_5.6
GR,EL421,"Kalymnos, Karpathos, Kasos, Kos, Rodos",beach,,60,59,osm:way/357143197,Nos Beach,score_gate,score_5.4_below_5.6
GR,EL421,"Kalymnos, Karpathos, Kasos, Kos, Rodos",beach,,60,59,osm:way/228201842,Linaria Beach,score_gate,score_5.4_below_5.6
GR,EL421,"Kalymnos, Karpathos, Kasos, Kos, Rodos",beach,,60,59,osm:way/518561839,Άγιος Νικόλαος,score_gate,score_5.4_below_5.6
GR,EL421,"Kalymnos, Karpathos, Kasos, Kos, Rodos",beach,,60,59,osm:relation/15518914,Βλυχάδια,score_gate,score_5.4_below_5.6
GR,EL421,"Kalymnos, Karpathos, Kasos, Kos, Rodos",beach,,60,59,wd:Q53632281,Afantou 2,score_gate,score_5.4_below_5.6
GR,EL421,"Kalymnos, Karpathos, Kasos, Kos, Rodos",beach,,60,59,osm:way/361197030,Kalovriaki Beach,score_gate,score_5.4_below_5.6
GR,EL421,"Kalymnos, Karpathos, Kasos, Kos, Rodos",beach,,60,59,osm:way/512906901,Marathounda Bay,score_gate,score_5.4_below_5.6
GR,EL421,"Kalymnos, Karpathos, Kasos, Kos, Rodos",beach,,60,59,osm:way/1539779530,"Παραλία ""Βαθύς Γιαλός""",score_gate,score_5.4_below_5.6
GR,EL421,"Kalymnos, Karpathos, Kasos, Kos, Rodos",beach,,60,59,osm:way/224546531,Μακρύγιαλος,score_gate,score_5.4_below_5.6
GR,EL421,"Kalymnos, Karpathos, Kasos, Kos, Rodos",beach,,60,59,osm:way/355807297,Paralia Kokkina,score_gate,score_5.4_below_5.6
GR,EL421,"Kalymnos, Karpathos, Kasos, Kos, Rodos",beach,,60,59,osm:way/395253603,Στενό,score_gate,score_5.4_below_5.6
GR,EL421,"Kalymnos, Karpathos, Kasos, Kos, Rodos",beach,,60,59,osm:way/498251391,Παπου,score_gate,score_5.4_below_5.6
GR,EL421,"Kalymnos, Karpathos, Kasos, Kos, Rodos",beach,,60,59,wd:Q53629415,Afantou 2-Port Royal,score_gate,score_5.4_below_5.6
GR,EL421,"Kalymnos, Karpathos, Kasos, Kos, Rodos",beach,,60,59,wd:Q53629507,Kolymbia-Mythos beach,score_gate,score_5.4_below_5.6
GR,EL421,"Kalymnos, Karpathos, Kasos, Kos, Rodos",beach,,60,59,osm:node/13020311204,Paralia Lakkiou,score_gate,score_5.4_below_5.6
GR,EL421,"Kalymnos, Karpathos, Kasos, Kos, Rodos",beach,,60,59,wd:Q123068047,Kyra Panagia beach,score_gate,score_5.3_below_5.6
GR,EL421,"Kalymnos, Karpathos, Kasos, Kos, Rodos",beach,,60,59,osm:way/561329965,Διαφάνι,score_gate,score_5.3_below_5.6
GR,EL421,"Kalymnos, Karpathos, Kasos, Kos, Rodos",beach,,60,59,osm:relation/533715,Παραλία Γροίκος,score_gate,score_5.3_below_5.6
GR,EL421,"Kalymnos, Karpathos, Kasos, Kos, Rodos",beach,,60,59,osm:way/123272105,Lindos Beach,score_gate,score_5.3_below_5.6
GR,EL421,"Kalymnos, Karpathos, Kasos, Kos, Rodos",beach,,60,59,osm:relation/3146409,St. Thomas Beach,score_gate,score_5.3_below_5.6
GR,EL421,"Kalymnos, Karpathos, Kasos, Kos, Rodos",beach,,60,59,osm:node/13754032603,The Steno,score_gate,score_5.3_below_5.6
GR,EL421,"Kalymnos, Karpathos, Kasos, Kos, Rodos",beach,,60,59,osm:way/287256578,Windy Beach,score_gate,score_5.3_below_5.6
GR,EL421,"Kalymnos, Karpathos, Kasos, Kos, Rodos",beach,,60,59,osm:way/502606863,Koimisi,score_gate,score_5.3_below_5.6
FI,FI1C7,Kymenlaakso,beach,,60,59,osm:way/160941539,Vennanranta,photo_gate,imgs_0_strong_0
FI,FI1C7,Kymenlaakso,beach,,60,59,osm:way/150517147,Särkkien uimaranta,photo_gate,imgs_0_strong_0
FI,FI1C7,Kymenlaakso,beach,,60,59,osm:way/150319645,Lautaron uimaranta,photo_gate,imgs_0_strong_0
FI,FI1C7,Kymenlaakso,beach,,60,59,osm:way/167174769,Valkealan kirkonkylän uimaranta,photo_gate,imgs_0_strong_0
FI,FI1C7,Kymenlaakso,beach,,60,59,osm:way/162069038,Jokelan uimaranta,photo_gate,imgs_1_strong_1
FI,FI1C7,Kymenlaakso,beach,,60,59,osm:node/11001294301,Käyrälammen uimaranta,photo_gate,imgs_0_strong_0
FI,FI1C7,Kymenlaakso,beach,,60,59,osm:way/1157645437,Käyrälampi,photo_gate,imgs_0_strong_0
FI,FI1C7,Kymenlaakso,beach,,60,59,osm:way/402142599,Ruoholahti,photo_gate,imgs_0_strong_0
FI,FI1C7,Kymenlaakso,beach,,60,59,eea:FI126285002,Tampsan Monttu,score_gate,score_5.4_below_5.6
FI,FI1C7,Kymenlaakso,beach,,60,59,osm:way/152191705,Koivusaaren uimaranta,score_gate,score_5.2_below_5.6
FI,FI1C7,Kymenlaakso,beach,,60,59,osm:way/605111412,Huutijärven uimaranta,score_gate,score_5.1_below_5.6
FI,FI1C7,Kymenlaakso,beach,,60,59,osm:way/1293964208,Uimaradat,score_gate,score_4.9_below_5.6
FI,FI1C7,Kymenlaakso,beach,,60,59,osm:way/1323386087,Joutsenenpesänkallio,score_gate,score_4.9_below_5.6
FI,FI196,Satakunta,beach,,60,59,osm:relation/7699732,Yyterinsannat,photo_gate,imgs_0_strong_0
FI,FI196,Satakunta,beach,,60,59,osm:way/299711308,Meriristin uimaranta,photo_gate,imgs_0_strong_0
FI,FI196,Satakunta,beach,,60,59,osm:way/36998637,Otanlahti,photo_gate,imgs_0_strong_0
FI,FI196,Satakunta,beach,,60,59,osm:way/461398815,Kultakoukku,score_gate,score_5.4_below_5.6
FI,FI196,Satakunta,beach,,60,59,osm:way/819051205,Pitkäjärven uimaranta,score_gate,score_5.4_below_5.6
FI,FI196,Satakunta,beach,,60,59,osm:way/42860870,Raatimiehenranta,score_gate,score_4.9_below_5.6
FI,FI196,Satakunta,beach,,60,59,osm:way/112937997,Bergströmin uimaranta,score_gate,score_4.8_below_5.6
FI,FI196,Satakunta,beach,,60,59,osm:way/1547538108,Lahdenperä,score_gate,score_4.7_below_5.6
FI,FI196,Satakunta,beach,,60,59,osm:way/1149905796,Ämmänkari,score_gate,score_4.7_below_5.6
FI,FI196,Satakunta,beach,,60,59,osm:way/361157526,Saharanta,score_gate,score_4.4_below_5.6
HR,HR033,Zadarska županija,beach,,60,59,wd:Q6961232,Sakarun,photo_gate,imgs_2_strong_2
HR,HR033,Zadarska županija,beach,,60,59,osm:way/436605123,Plaža Jadro Zapad,photo_gate,imgs_0_strong_0
HR,HR033,Zadarska županija,beach,,60,59,osm:way/972611477,Lokvice,score_gate,score_5.5_below_5.6
HR,HR033,Zadarska županija,beach,,60,59,osm:way/1088077856,Laz,score_gate,score_5.4_below_5.6
HR,HR033,Zadarska županija,beach,,60,59,osm:way/146362843,Borik,score_gate,score_5.3_below_5.6
HR,HR033,Zadarska županija,beach,,60,59,osm:way/114379244,Gomile,score_gate,score_5.1_below_5.6
HR,HR033,Zadarska županija,beach,,60,59,osm:way/337031128,Pod vruljom,score_gate,score_5.1_below_5.6
HR,HR033,Zadarska županija,beach,,60,59,osm:way/365648609,Sveti Filip i Jakov,score_gate,score_5.1_below_5.6
HR,HR033,Zadarska županija,beach,,60,59,osm:way/1086881257,FKK Nudist Beach,score_gate,score_4.7_below_5.6
HR,HR033,Zadarska županija,beach,,60,59,osm:way/337031127,Janice,score_gate,score_4.3_below_5.6
IE,IE041,Border,beach,,60,59,wd:Q3687633,The Silver Strand,photo_gate,imgs_2_strong_2
IE,IE041,Border,beach,,60,59,osm:relation/4255261,Fintra Beach,photo_gate,imgs_0_strong_0
IE,IE041,Border,beach,,60,59,wd:Q15212166,Culleenamore Strand,photo_gate,imgs_1_strong_1
IE,IE041,Border,beach,,60,59,osm:way/207312966,Carrickfinn Beach,photo_gate,imgs_2_strong_2
IE,IE041,Border,beach,,60,59,osm:way/87255228,Enniscrone Beach,photo_gate,imgs_1_strong_1
IE,IE041,Border,beach,,60,59,wd:Q26717877,Yellow Strand,photo_gate,imgs_0_strong_0
IE,IE041,Border,beach,,60,59,wd:Q26717883,Trawalua Strand,photo_gate,imgs_0_strong_0
IE,IE041,Border,beach,,60,59,osm:relation/2371153,Rosses Point Beach,photo_gate,imgs_1_strong_1
IE,IE041,Border,beach,,60,59,osm:node/9126911109,Murvagh Beach,photo_gate,imgs_0_strong_0
IE,IE041,Border,beach,,60,59,osm:way/203632755,Magheroarty Beach,photo_gate,imgs_0_strong_0
IE,IE041,Border,beach,,60,59,osm:way/207626696,Sweet Nellie's,photo_gate,imgs_0_strong_0
IE,IE041,Border,beach,,60,59,osm:relation/6928064,Braade Strand,photo_gate,imgs_0_strong_0
IE,IE041,Border,beach,,60,59,osm:way/839044711,Bundoran beach,photo_gate,imgs_3_strong_3
IE,IE041,Border,beach,,60,59,osm:way/203805140,Marble Hill Strand,photo_gate,imgs_0_strong_0
IE,IE041,Border,beach,,60,59,osm:way/207626697,White Strand,photo_gate,imgs_0_strong_0
IE,IE041,Border,beach,,60,59,osm:way/189920760,Kinnagoe Bay,photo_gate,imgs_0_strong_0
IE,IE041,Border,beach,,60,59,osm:way/128209138,Drumnacraig Beach,photo_gate,imgs_0_strong_0
IE,IE041,Border,beach,,60,59,osm:way/207627974,Warren Bay,photo_gate,imgs_0_strong_0
IE,IE041,Border,beach,,60,59,osm:way/744581295,White Bay,photo_gate,imgs_0_strong_0
IE,IE041,Border,beach,,60,59,osm:way/24768261,Rossnowlagh,photo_gate,imgs_0_strong_0
IE,IE041,Border,beach,,60,59,osm:relation/3496260,Tullan Strand,photo_gate,imgs_0_strong_0
IE,IE041,Border,beach,,60,59,osm:relation/5524974,Tramore Strand,photo_gate,imgs_0_strong_0
IE,IE041,Border,beach,,60,59,osm:way/207627973,Common Bay,photo_gate,imgs_0_strong_0
IE,IE041,Border,beach,,60,59,osm:relation/6954906,Boyeeghter Strand,score_gate,score_5.5_below_5.6
IE,IE041,Border,beach,,60,59,osm:node/12118369929,Tra Mór,score_gate,score_5.5_below_5.6
IE,IE041,Border,beach,,60,59,osm:way/816835497,Millybay,score_gate,score_5.5_below_5.6
IE,IE041,Border,beach,,60,59,osm:way/316172013,Traloar,score_gate,score_5.5_below_5.6
IE,IE041,Border,beach,,60,59,osm:way/207626687,Portkilarue,score_gate,score_5.4_below_5.6
IE,IE041,Border,beach,,60,59,osm:way/207626690,Portnasillagh,score_gate,score_5.4_below_5.6
IE,IE041,Border,beach,,60,59,osm:way/513970240,Tramore Bay,score_gate,score_5.4_below_5.6
IE,IE041,Border,beach,,60,59,wd:Q26717878,Ardtermon Strand,score_gate,score_5.4_below_5.6
IE,IE041,Border,beach,,60,59,osm:way/128209132,Arryheerna Beach,score_gate,score_5.4_below_5.6
IE,IE041,Border,beach,,60,59,osm:way/207627972,Portavela,score_gate,score_5.4_below_5.6
IE,IE041,Border,beach,,60,59,osm:way/316171997,Trabane,score_gate,score_5.4_below_5.6
IE,IE041,Border,beach,,60,59,osm:way/494684252,Connors Island,score_gate,score_5.4_below_5.6
IE,IE041,Border,beach,,60,59,osm:way/555306114,Dunmoran Strand,score_gate,score_5.3_below_5.6
IE,IE041,Border,beach,,60,59,osm:way/431079248,Portsallagh,score_gate,score_5.3_below_5.6
IE,IE041,Border,beach,,60,59,osm:way/207627976,Lagrawer Bay,score_gate,score_5.3_below_5.6
IE,IE041,Border,beach,,60,59,osm:way/282483526,Dunree Beach,score_gate,score_5.3_below_5.6
IE,IE041,Border,beach,,60,59,osm:way/312562000,Cloghcor,score_gate,score_5.3_below_5.6
IE,IE041,Border,beach,,60,59,osm:way/431072879,Port Blaney,score_gate,score_5.1_below_5.6
IE,IE041,Border,beach,,60,59,osm:way/431076115,Portnocker,score_gate,score_4.9_below_5.6
IE,IE041,Border,beach,,60,59,osm:way/433830738,Aughris Beach,score_gate,score_4.9_below_5.6
IE,IE041,Border,beach,,60,59,osm:way/513971176,Trabeg Bay,score_gate,score_4.9_below_5.6
IE,IE041,Border,beach,,60,59,eea:IESHBWL26_624_0100,Keeldra Lough,score_gate,score_4.7_below_5.6
IE,IE041,Border,beach,,60,59,eea:IENWBWC230_0000_0200,Culdaff,score_gate,score_4.7_below_5.6
IE,IE041,Border,beach,,60,59,osm:way/1020013868,Irishtown,score_gate,score_4.7_below_5.6
IE,IE041,Border,beach,,60,59,osm:way/218655461,Buncrana Beach,score_gate,score_4.7_below_5.6
IE,IE041,Border,beach,,60,59,osm:way/316171977,Tawny,score_gate,score_4.7_below_5.6
IE,IE041,Border,beach,,60,59,osm:way/374413161,Stookan,score_gate,score_4.7_below_5.6
IE,IE041,Border,beach,,60,59,osm:way/285389533,Portnoo,score_gate,score_4.6_below_5.6
IE,IE041,Border,beach,,60,59,osm:way/178164649,Clashymore Harbour,score_gate,score_4.6_below_5.6
IE,IE041,Border,beach,,60,59,osm:way/308771664,Carrickakista,score_gate,score_4.5_below_5.6
IE,IE041,Border,beach,,60,59,osm:way/491111403,Inishcrone,score_gate,score_4.5_below_5.6
IE,IE041,Border,beach,,60,59,osm:way/687664118,Carricknacranny,score_gate,score_4.5_below_5.6
IE,IE041,Border,beach,,60,59,osm:way/282478883,Porthaw Beach,score_gate,score_4.3_below_5.6
IE,IE041,Border,beach,,60,59,osm:way/382860743,Portsalon,score_gate,score_4.2_below_5.6
IE,IE041,Border,beach,,60,59,osm:relation/6954574,Portnablagh,score_gate,score_4.1_below_5.6
IE,IE041,Border,beach,,60,59,eea:IENWBWT220_0400_0100,"Lady's Bay, Buncrana",score_gate,score_3.7_below_5.6
NO,NO083,Østfold,beach,,60,59,osm:way/598620092,Trouville bad,photo_gate,imgs_0_strong_0
NO,NO083,Østfold,beach,,60,59,osm:node/798881230,Sandvika,photo_gate,imgs_0_strong_0
NO,NO083,Østfold,beach,,60,59,osm:way/291725777,Storesand,photo_gate,imgs_0_strong_0
NO,NO083,Østfold,beach,,60,59,osm:way/368654327,Refsnesstranda,photo_gate,imgs_0_strong_0
NO,NO083,Østfold,beach,,60,59,osm:way/669928963,Lervikstranda,photo_gate,imgs_0_strong_0
NO,NO083,Østfold,beach,,60,59,osm:relation/20004216,Helleskilen,photo_gate,imgs_0_strong_0
NO,NO083,Østfold,beach,,60,59,osm:way/365098560,Kålvika,photo_gate,imgs_0_strong_0
NO,NO083,Østfold,beach,,60,59,osm:way/29429936,Vårlistranda,photo_gate,imgs_0_strong_0
NO,NO083,Østfold,beach,,60,59,osm:way/29561170,Vepsen,photo_gate,imgs_0_strong_0
NO,NO083,Østfold,beach,,60,59,osm:way/669928936,Enhus,photo_gate,imgs_0_strong_0
NO,NO083,Østfold,beach,,60,59,osm:way/29429938,Sølystranda,photo_gate,imgs_0_strong_0
NO,NO083,Østfold,beach,,60,59,osm:way/1317850925,Granodden badeplass,photo_gate,imgs_0_strong_0
NO,NO083,Østfold,beach,,60,59,osm:way/29429932,Fiskestranda,photo_gate,imgs_0_strong_0
NO,NO083,Østfold,beach,,60,59,osm:way/515634731,Foten,photo_gate,imgs_0_strong_0
NO,NO083,Østfold,beach,,60,59,osm:way/682649586,Åven,score_gate,score_5.4_below_5.6
NO,NO083,Østfold,beach,,60,59,osm:way/229175371,Sandstangen,score_gate,score_5.3_below_5.6
NO,NO083,Østfold,beach,,60,59,osm:way/518992832,Nes,score_gate,score_5.3_below_5.6
NO,NO083,Østfold,beach,,60,59,osm:way/666512171,Solligårdssmia,score_gate,score_5.3_below_5.6
NO,NO083,Østfold,beach,,60,59,osm:way/1513385312,Refsnesbukta,score_gate,score_5.2_below_5.6
NO,NO083,Østfold,beach,,60,59,osm:way/291725778,Ørekroken,score_gate,score_5.2_below_5.6
NO,NO083,Østfold,beach,,60,59,osm:way/368349339,Tronvikstranda,score_gate,score_5.2_below_5.6
NO,NO083,Østfold,beach,,60,59,osm:way/668071686,Linbingen,score_gate,score_5.2_below_5.6
NO,NO083,Østfold,beach,,60,59,osm:node/5986780887,Stuevika,score_gate,score_5.1_below_5.6
NO,NO083,Østfold,beach,,60,59,osm:way/460583951,Revlingen,score_gate,score_5.1_below_5.6
NO,NO083,Østfold,beach,,60,59,osm:way/1352207702,Dypeklo Standen,score_gate,score_5.1_below_5.6
NO,NO083,Østfold,beach,,60,59,osm:way/25725128,Sørstranda,score_gate,score_5.0_below_5.6
NO,NO083,Østfold,beach,,60,59,osm:way/501979516,Kjellandsvikbukta,score_gate,score_5.0_below_5.6
NO,NO083,Østfold,beach,,60,59,osm:way/761675711,Årefjorden,score_gate,score_5.0_below_5.6
NO,NO083,Østfold,beach,,60,59,osm:way/770839496,Bevøysundet,score_gate,score_5.0_below_5.6
NO,NO083,Østfold,beach,,60,59,osm:way/29429944,Sjøbadet,score_gate,score_4.9_below_5.6
NO,NO083,Østfold,beach,,60,59,osm:way/1491148986,Fiskehytta,score_gate,score_4.9_below_5.6
NO,NO083,Østfold,beach,,60,59,osm:way/1513946332,Rambergnebba,score_gate,score_4.9_below_5.6
NO,NO083,Østfold,beach,,60,59,osm:way/349847969,Fuglevik,score_gate,score_4.9_below_5.6
NO,NO083,Østfold,beach,,60,59,osm:way/669928945,Sandbukta,score_gate,score_4.9_below_5.6
NO,NO083,Østfold,beach,,60,59,osm:way/669928948,Oksrødkilen,score_gate,score_4.9_below_5.6
NO,NO083,Østfold,beach,,60,59,osm:way/669928964,Revebukta,score_gate,score_4.9_below_5.6
NO,NO083,Østfold,beach,,60,59,osm:way/291590200,Kroksand,score_gate,score_4.8_below_5.6
NO,NO083,Østfold,beach,,60,59,osm:way/669928935,Grotten,score_gate,score_4.8_below_5.6
NO,NO083,Østfold,beach,,60,59,osm:way/669928943,Flåtavika,score_gate,score_4.8_below_5.6
NO,NO083,Østfold,beach,,60,59,osm:way/613806973,Mellom Sletter,score_gate,score_4.7_below_5.6
NO,NO083,Østfold,beach,,60,59,osm:way/669928966,Slevikstranda,score_gate,score_4.7_below_5.6
NO,NO083,Østfold,beach,,60,59,osm:way/678897471,Katrinestua,score_gate,score_4.7_below_5.6
NO,NO083,Østfold,beach,,60,59,osm:way/693752727,Østre Vikene,score_gate,score_4.7_below_5.6
NO,NO083,Østfold,beach,,60,59,osm:way/1513936319,Reierbukta,score_gate,score_4.7_below_5.6
NO,NO083,Østfold,beach,,60,59,osm:node/210685144,Kulpe,score_gate,score_4.6_below_5.6
NO,NO083,Østfold,beach,,60,59,osm:way/66308705,Vispen,score_gate,score_4.6_below_5.6
NO,NO083,Østfold,beach,,60,59,osm:way/292314823,Tresvika,score_gate,score_4.6_below_5.6
NO,NO083,Østfold,beach,,60,59,osm:way/589278336,Rudshytta,score_gate,score_4.6_below_5.6
NO,NO083,Østfold,beach,,60,59,osm:way/1059869010,Kjørbukta,score_gate,score_4.6_below_5.6
NO,NO083,Østfold,beach,,60,59,osm:way/361683694,Vanninga,score_gate,score_4.5_below_5.6
NO,NO083,Østfold,beach,,60,59,osm:way/509993211,Vårli,score_gate,score_4.5_below_5.6
NO,NO083,Østfold,beach,,60,59,osm:way/616336651,Stangerholmen,score_gate,score_4.5_below_5.6
NO,NO083,Østfold,beach,,60,59,osm:way/669928942,Guttehjemmet,score_gate,score_4.5_below_5.6
NO,NO083,Østfold,beach,,60,59,osm:way/669928944,Buvikstranda,score_gate,score_4.5_below_5.6
NO,NO083,Østfold,beach,,60,59,osm:way/671792372,Botnerbogen,score_gate,score_4.5_below_5.6
NO,NO083,Østfold,beach,,60,59,osm:way/792519330,Nesteng,score_gate,score_4.5_below_5.6
NO,NO083,Østfold,beach,,60,59,osm:way/911823911,Håbogen,score_gate,score_4.5_below_5.6
NO,NO083,Østfold,beach,,60,59,osm:way/295551307,Grønnbaugen,score_gate,score_4.4_below_5.6
NO,NO083,Østfold,beach,,60,59,osm:way/637777182,Hauga,score_gate,score_4.4_below_5.6
SE,SE221,Blekinge län,beach,,60,59,osm:way/201174328,Sandviken Badplats,photo_gate,imgs_0_strong_0
SE,SE221,Blekinge län,beach,,60,59,osm:way/201192623,Västra Torsö Badplats,photo_gate,imgs_0_strong_0
SE,SE221,Blekinge län,beach,,60,59,osm:way/186723958,Skönstavik Badplats,photo_gate,imgs_0_strong_0
SE,SE221,Blekinge län,beach,,60,59,osm:way/248521539,Hörvik Badplats,photo_gate,imgs_0_strong_0
SE,SE221,Blekinge län,beach,,60,59,osm:way/111004018,Stensvik,photo_gate,imgs_0_strong_0
SE,SE221,Blekinge län,beach,,60,59,osm:way/231817624,Rågångsnabben,photo_gate,imgs_0_strong_0
SE,SE221,Blekinge län,beach,,60,59,osm:way/170361092,Stärnö Sandvik,photo_gate,imgs_0_strong_0
SE,SE221,Blekinge län,beach,,60,59,osm:way/201178982,Torsö läge,score_gate,score_5.5_below_5.6
SE,SE221,Blekinge län,beach,,60,59,osm:way/201312922,Östra Torsö,score_gate,score_5.5_below_5.6
SE,SE221,Blekinge län,beach,,60,59,osm:way/203972409,Hällevik Badplats,score_gate,score_5.4_below_5.6
SE,SE221,Blekinge län,beach,,60,59,osm:relation/13080973,Millegarne badplats,score_gate,score_5.4_below_5.6
SE,SE221,Blekinge län,beach,,60,59,osm:way/940707971,Elleholm Badplats,score_gate,score_5.4_below_5.6
SE,SE221,Blekinge län,beach,,60,59,osm:relation/14338932,"Sandvik, Senoren Badplats",score_gate,score_5.4_below_5.6
SE,SE221,Blekinge län,beach,,60,59,osm:way/65083048,Svartasjön Badplats,score_gate,score_5.3_below_5.6
SE,SE221,Blekinge län,beach,,60,59,osm:way/248521541,Kringflutne ör,score_gate,score_5.3_below_5.6
SE,SE221,Blekinge län,beach,,60,59,osm:way/248521547,Krokås,score_gate,score_5.3_below_5.6
SE,SE221,Blekinge län,beach,,60,59,osm:relation/11632013,Grönadals Strand,score_gate,score_5.2_below_5.6
SE,SE221,Blekinge län,beach,,60,59,wd:Q123760815,Kolleviks strand,score_gate,score_5.1_below_5.6
SE,SE221,Blekinge län,beach,,60,59,osm:way/651489255,Stilleryd Badplats,score_gate,score_4.8_below_5.6
SE,SE221,Blekinge län,beach,,60,59,eea:SE0411083000000661,Norje Havsbad,score_gate,score_4.7_below_5.6
SE,SE221,Blekinge län,beach,,60,59,eea:SE0411080000000220,Skärsjön,score_gate,score_4.7_below_5.6
SE,SE221,Blekinge län,beach,,60,59,osm:way/143293921,Gräsvik,score_gate,score_4.7_below_5.6
SE,SE221,Blekinge län,beach,,60,59,osm:way/902033160,Vedebylund,score_gate,score_4.7_below_5.6
SE,SE221,Blekinge län,beach,,60,59,osm:way/1490937883,Rustorp,score_gate,score_4.7_below_5.6
SE,SE221,Blekinge län,beach,,60,59,osm:way/25780740,Aspö Badplats,score_gate,score_4.6_below_5.6
SE,SE221,Blekinge län,beach,,60,59,eea:SE0411080000000212,Hallarum,score_gate,score_3.7_below_5.6
SE,SE321,Västernorrlands län,beach,,60,59,osm:way/1319000462,Veåsand,photo_gate,imgs_0_strong_0
SE,SE321,Västernorrlands län,beach,,60,59,osm:relation/10259575,Trädesmalen,photo_gate,imgs_0_strong_0
SE,SE321,Västernorrlands län,beach,,60,59,osm:relation/11888168,Skiljeviken,photo_gate,imgs_0_strong_0
SE,SE321,Västernorrlands län,beach,,60,59,osm:way/113138416,Kälaviken,photo_gate,imgs_0_strong_0
SE,SE321,Västernorrlands län,beach,,60,59,osm:way/533673515,Lill-Sandviken,photo_gate,imgs_0_strong_0
SE,SE321,Västernorrlands län,beach,,60,59,osm:way/103191106,Bodviken,photo_gate,imgs_0_strong_0
SE,SE321,Västernorrlands län,beach,,60,59,osm:way/361291313,Storskravlet,photo_gate,imgs_0_strong_0
SE,SE321,Västernorrlands län,beach,,60,59,osm:relation/10259438,Sågsand,photo_gate,imgs_0_strong_0
SE,SE321,Västernorrlands län,beach,,60,59,osm:way/174480440,Norrsanden,photo_gate,imgs_0_strong_0
SE,SE321,Västernorrlands län,beach,,60,59,osm:way/573816682,Löten,photo_gate,imgs_0_strong_0
SE,SE321,Västernorrlands län,beach,,60,59,osm:way/361291312,Håkaskrapet,photo_gate,imgs_0_strong_0
SE,SE321,Västernorrlands län,beach,,60,59,osm:way/392662494,Skethällan,photo_gate,imgs_0_strong_0
SE,SE321,Västernorrlands län,beach,,60,59,osm:way/392773196,Havstoviken,photo_gate,imgs_0_strong_0
SE,SE321,Västernorrlands län,beach,,60,59,osm:way/393151891,Bjällstensudden,photo_gate,imgs_0_strong_0
SE,SE321,Västernorrlands län,beach,,60,59,osm:way/198505185,Bänkåsviken,photo_gate,imgs_0_strong_0
SE,SE321,Västernorrlands län,beach,,60,59,osm:way/507806305,Skäftesholmen,photo_gate,imgs_0_strong_0
SE,SE321,Västernorrlands län,beach,,60,59,osm:way/584891428,Stockvik,photo_gate,imgs_0_strong_0
SE,SE321,Västernorrlands län,beach,,60,59,osm:relation/12452021,Brattfallet,photo_gate,imgs_0_strong_0
SE,SE321,Västernorrlands län,beach,,60,59,osm:way/391866636,Tranviken,score_gate,score_5.5_below_5.6
SE,SE321,Västernorrlands län,beach,,60,59,osm:way/344055014,Frölandssanden,score_gate,score_5.5_below_5.6
SE,SE321,Västernorrlands län,beach,,60,59,osm:way/392510197,Spikarö,score_gate,score_5.5_below_5.6
SE,SE321,Västernorrlands län,beach,,60,59,osm:way/103191103,Sörbalesviken,score_gate,score_5.5_below_5.6
SE,SE321,Västernorrlands län,beach,,60,59,osm:way/125729886,Baggviken,score_gate,score_5.5_below_5.6
SE,SE321,Västernorrlands län,beach,,60,59,osm:way/255121020,Norrvikssand,score_gate,score_5.5_below_5.6
SE,SE321,Västernorrlands län,beach,,60,59,osm:way/422575030,Grönviken,score_gate,score_5.5_below_5.6
SE,SE321,Västernorrlands län,beach,,60,59,osm:way/431049806,Skarsmalen,score_gate,score_5.5_below_5.6
SE,SE321,Västernorrlands län,beach,,60,59,osm:way/670595709,Ostviken,score_gate,score_5.5_below_5.6
SE,SE321,Västernorrlands län,beach,,60,59,osm:relation/10259576,Halsen,score_gate,score_5.5_below_5.6
SE,SE321,Västernorrlands län,beach,,60,59,osm:relation/10239714,Sjöviken,score_gate,score_5.4_below_5.6
SE,SE321,Västernorrlands län,beach,,60,59,osm:way/94626762,Nyänget,score_gate,score_5.4_below_5.6
SE,SE321,Västernorrlands län,beach,,60,59,osm:way/834580999,Räveln,score_gate,score_5.4_below_5.6
SE,SE321,Västernorrlands län,beach,,60,59,osm:way/708718841,Vitsanden,score_gate,score_5.4_below_5.6
SE,SE321,Västernorrlands län,beach,,60,59,osm:node/1899777827,Unnviken,score_gate,score_5.4_below_5.6
SE,SE321,Västernorrlands län,beach,,60,59,osm:way/549545561,Lögdösjön,score_gate,score_5.4_below_5.6
SE,SE321,Västernorrlands län,beach,,60,59,osm:relation/12532803,Hissjöbadet,score_gate,score_5.4_below_5.6
SE,SE321,Västernorrlands län,beach,,60,59,osm:way/73331480,Råskärsön,score_gate,score_5.4_below_5.6
SE,SE321,Västernorrlands län,beach,,60,59,osm:way/175185255,Täcksviken,score_gate,score_5.4_below_5.6
SE,SE321,Västernorrlands län,beach,,60,59,osm:way/175198242,Höglosmen,score_gate,score_5.4_below_5.6
SE,SE321,Västernorrlands län,beach,,60,59,osm:way/254031042,Åbodarna,score_gate,score_5.4_below_5.6
SE,SE321,Västernorrlands län,beach,,60,59,osm:way/389911343,Vårdkasmalen klapperstensfält,score_gate,score_5.4_below_5.6
SE,SE321,Västernorrlands län,beach,,60,59,osm:way/569134310,Älgsand,score_gate,score_5.4_below_5.6
SE,SE321,Västernorrlands län,beach,,60,59,osm:way/574329992,Strandvik,score_gate,score_5.4_below_5.6
SE,SE321,Västernorrlands län,beach,,60,59,osm:way/1042461441,Sidsjö strand,score_gate,score_5.4_below_5.6
SE,SE321,Västernorrlands län,beach,,60,59,osm:relation/8837691,Mjöviken,score_gate,score_5.4_below_5.6
SE,SE321,Västernorrlands län,beach,,60,59,osm:way/303601615,Själaön,score_gate,score_5.3_below_5.6
SE,SE321,Västernorrlands län,beach,,60,59,osm:way/760208157,Sand,score_gate,score_5.3_below_5.6
SE,SE321,Västernorrlands län,beach,,60,59,osm:way/1537323110,Vitsand,score_gate,score_5.3_below_5.6
SE,SE321,Västernorrlands län,beach,,60,59,osm:way/295283589,Skillige,score_gate,score_5.3_below_5.6
SE,SE321,Västernorrlands län,beach,,60,59,osm:way/469364592,Ås brygga,score_gate,score_5.3_below_5.6
SE,SE321,Västernorrlands län,beach,,60,59,osm:way/1309410218,Koviken,score_gate,score_5.3_below_5.6
SE,SE321,Västernorrlands län,beach,,60,59,osm:way/1525803947,Abborrviken,score_gate,score_5.3_below_5.6
SE,SE321,Västernorrlands län,beach,,60,59,osm:way/257319436,Bredsand,score_gate,score_5.2_below_5.6
SE,SE321,Västernorrlands län,beach,,60,59,osm:way/198506360,Ripsandsviken,score_gate,score_5.2_below_5.6
SE,SE321,Västernorrlands län,beach,,60,59,osm:way/462277903,Ripsand,score_gate,score_5.2_below_5.6
SE,SE321,Västernorrlands län,beach,,60,59,osm:way/498315106,Östra Genesöviken,score_gate,score_5.2_below_5.6
SE,SE321,Västernorrlands län,beach,,60,59,osm:way/605493239,Bådarna,score_gate,score_5.2_below_5.6
SE,SE321,Västernorrlands län,beach,,60,59,osm:way/917741988,Storbränna,score_gate,score_5.2_below_5.6
SE,SE321,Västernorrlands län,beach,,60,59,osm:relation/12532799,Svedjan,score_gate,score_5.2_below_5.6
SE,SE321,Västernorrlands län,beach,,60,59,osm:way/198506471,Krokviken,score_gate,score_5.0_below_5.6
SE,SE213,Kalmar län,beach,,60,59,osm:way/227108120,Prästkas,photo_gate,imgs_0_strong_0
SE,SE213,Kalmar län,beach,,60,59,osm:way/167951592,Köpingsviksbadet,photo_gate,imgs_0_strong_0
SE,SE213,Kalmar län,beach,,60,59,osm:way/315920360,Bjärby strand,photo_gate,imgs_0_strong_0
SE,SE213,Kalmar län,beach,,60,59,osm:relation/10920611,Ispeudde,photo_gate,imgs_0_strong_0
SE,SE213,Kalmar län,beach,,60,59,wd:Q138553112,"Eskilslund Beach, Öland",photo_gate,imgs_1_strong_1
SE,SE213,Kalmar län,beach,,60,59,osm:way/350121920,Sandviksbadet,photo_gate,imgs_0_strong_0
SE,SE213,Kalmar län,beach,,60,59,osm:way/125554627,Judön,score_gate,score_5.5_below_5.6
SE,SE213,Kalmar län,beach,,60,59,osm:way/231082145,Blankaviken,score_gate,score_5.5_below_5.6
SE,SE213,Kalmar län,beach,,60,59,osm:relation/10443736,Sjötropets badplats,score_gate,score_5.5_below_5.6
SE,SE213,Kalmar län,beach,,60,59,osm:way/705187864,Marielundsviken,score_gate,score_5.4_below_5.6
SE,SE213,Kalmar län,beach,,60,59,osm:relation/10408101,Danska varvet,score_gate,score_5.4_below_5.6
SE,SE213,Kalmar län,beach,,60,59,osm:way/370262067,Varvet,score_gate,score_5.3_below_5.6
SE,SE213,Kalmar län,beach,,60,59,osm:way/772265678,Betodlaren,score_gate,score_5.3_below_5.6
SE,SE213,Kalmar län,beach,,60,59,osm:way/230563994,Flathult,score_gate,score_5.3_below_5.6
SE,SE213,Kalmar län,beach,,60,59,osm:relation/10917908,Björnabadet,score_gate,score_5.2_below_5.6
SE,SE213,Kalmar län,beach,,60,59,osm:way/287879632,Sjöände,score_gate,score_5.1_below_5.6
SE,SE213,Kalmar län,beach,,60,59,osm:way/1136774012,Mejeriviken,score_gate,score_4.9_below_5.6
SE,SE213,Kalmar län,beach,,60,59,eea:SE0930885000000474,Ekerums Camping,score_gate,score_4.9_below_5.6
SE,SE213,Kalmar län,beach,,60,59,osm:way/1084071484,Långholmen,score_gate,score_4.9_below_5.6
SE,SE213,Kalmar län,beach,,60,59,eea:SE0930885000000468,Böda Hamn,score_gate,score_4.9_below_5.6
SE,SE213,Kalmar län,beach,,60,59,osm:way/1180014434,"Badplatser, hundbad",score_gate,score_4.8_below_5.6
SE,SE213,Kalmar län,beach,,60,59,osm:way/635374805,Smedviken,score_gate,score_4.8_below_5.6
SE,SE213,Kalmar län,beach,,60,59,eea:SE0930883000001616,"Gränsö, Bondbacken",score_gate,score_4.7_below_5.6
SE,SE213,Kalmar län,beach,,60,59,eea:SE0930885000000738,Kårehamns Badplats,score_gate,score_4.7_below_5.6
SE,SE213,Kalmar län,beach,,60,59,eea:SE0930885000000479,Djupvik,score_gate,score_4.7_below_5.6
SE,SE213,Kalmar län,beach,,60,59,eea:SE0930885000000740,Klinta Bodar,score_gate,score_4.7_below_5.6
SE,SE213,Kalmar län,beach,,60,59,eea:SE0930840000000018,"Eriksöre Camping, Eriksöre",score_gate,score_4.7_below_5.6
SE,SE213,Kalmar län,beach,,60,59,eea:SE0930885000000478,Sandvik,score_gate,score_4.7_below_5.6
SE,SE213,Kalmar län,beach,,60,59,eea:SE0930885000000469,Böda Sand,score_gate,score_4.7_below_5.6
SE,SE213,Kalmar län,beach,,60,59,eea:SE0930882000001957,Havslätt,score_gate,score_4.7_below_5.6
SE,SE213,Kalmar län,beach,,60,59,eea:SE0930885000000482,Byxelkrok,score_gate,score_4.7_below_5.6
SE,SE213,Kalmar län,beach,,60,59,eea:SE0930883000001622,Hammarsbadet,score_gate,score_4.7_below_5.6
SE,SE213,Kalmar län,beach,,60,59,eea:SE0930885000000476,Kesnäsviken,score_gate,score_4.7_below_5.6
SE,SE213,Kalmar län,beach,,60,59,osm:node/8864816771,Linden,score_gate,score_4.7_below_5.6
SE,SE213,Kalmar län,beach,,60,59,osm:way/624232822,Slingsviken,score_gate,score_4.7_below_5.6
SE,SE213,Kalmar län,beach,,60,59,eea:SE0930885000004480,Böda Riviera/ Kyrketorps Familjecamping,score_gate,score_4.4_below_5.6
SE,SE213,Kalmar län,beach,,60,59,eea:SE0930885000000483,Byrum-sandvik,score_gate,score_4.3_below_5.6
DK,DK022,Vest- og Sydsjælland,beach,,60,58,wd:Q1640547,Hyllekrog,photo_gate,imgs_3_strong_3
DK,DK022,Vest- og Sydsjælland,beach,,60,58,osm:way/530525410,Klintholm Havn Strand,photo_gate,imgs_0_strong_0
DK,DK022,Vest- og Sydsjælland,beach,,60,58,osm:way/304376807,Skelby,photo_gate,imgs_0_strong_0
DK,DK022,Vest- og Sydsjælland,beach,,60,58,osm:way/855102811,Kramnitze Strand,photo_gate,imgs_1_strong_0
DK,DK022,Vest- og Sydsjælland,beach,,60,58,osm:way/1143778588,Ulvshale Strand,photo_gate,imgs_0_strong_0
DK,DK022,Vest- og Sydsjælland,beach,,60,58,wd:Q120833896,Bildsø Strand,photo_gate,imgs_2_strong_2
DK,DK022,Vest- og Sydsjælland,beach,,60,58,wd:Q12303619,Bisserup Beach,photo_gate,imgs_0_strong_0
DK,DK022,Vest- og Sydsjælland,beach,,60,58,osm:way/1141219405,Mullerup Strand,photo_gate,imgs_0_strong_0
DK,DK022,Vest- og Sydsjælland,beach,,60,58,osm:way/1239929369,Næsby Strand,photo_gate,imgs_0_strong_0
DK,DK022,Vest- og Sydsjælland,beach,,60,58,osm:way/1254274979,Ceresstranden,photo_gate,imgs_0_strong_0
DK,DK022,Vest- og Sydsjælland,beach,,60,58,osm:way/264342001,Frederikskilde Strand,photo_gate,imgs_0_strong_0
DK,DK022,Vest- og Sydsjælland,beach,,60,58,osm:way/173299442,Kisserup Strand,photo_gate,imgs_0_strong_0
DK,DK022,Vest- og Sydsjælland,beach,,60,58,wd:Q23754184,Bjerge Nordstrand,photo_gate,imgs_0_strong_0
DK,DK022,Vest- og Sydsjælland,beach,,60,58,osm:way/1526064159,Svallerup Strand,photo_gate,imgs_0_strong_0
DK,DK022,Vest- og Sydsjælland,beach,,60,58,eea:DKBW113,Nyråd Florke,photo_gate,imgs_0_strong_0
DK,DK022,Vest- og Sydsjælland,beach,,60,58,wd:Q23752186,Gisseløre Sand,photo_gate,imgs_0_strong_0
DK,DK022,Vest- og Sydsjælland,beach,,60,58,osm:way/30603908,Enø Strand,photo_gate,imgs_0_strong_0
DK,DK022,Vest- og Sydsjælland,beach,,60,58,osm:way/192436907,Hesnæs Strand,photo_gate,imgs_0_strong_0
DK,DK022,Vest- og Sydsjælland,beach,,60,58,osm:way/1090675525,Sibirien,photo_gate,imgs_0_strong_0
DK,DK022,Vest- og Sydsjælland,beach,,60,58,eea:DKBW1466,Musholm Strand,score_gate,score_5.4_below_5.6
DK,DK022,Vest- og Sydsjælland,beach,,60,58,eea:DKBW1514,Langelinie,score_gate,score_5.4_below_5.6
DK,DK022,Vest- og Sydsjælland,beach,,60,58,osm:way/197392764,Nørre Stænge,score_gate,score_5.4_below_5.6
DK,DK022,Vest- og Sydsjælland,beach,,60,58,eea:DKBW99,Bøtø V. P-plads,score_gate,score_5.4_below_5.6
DK,DK022,Vest- og Sydsjælland,beach,,60,58,osm:way/99868413,Hesnæs,score_gate,score_5.3_below_5.6
DK,DK022,Vest- og Sydsjælland,beach,,60,58,wd:Q23754176,Hestehovedet,score_gate,score_5.3_below_5.6
DK,DK022,Vest- og Sydsjælland,beach,,60,58,osm:way/1526364545,Strandlodshuse,score_gate,score_5.3_below_5.6
DK,DK022,Vest- og Sydsjælland,beach,,60,58,osm:way/172664772,Vemmetofte Strand,score_gate,score_5.1_below_5.6
DK,DK022,Vest- og Sydsjælland,beach,,60,58,osm:way/915960433,Landerne,score_gate,score_4.9_below_5.6
DK,DK022,Vest- og Sydsjælland,beach,,60,58,osm:way/1540993520,Stibjerg Huse,score_gate,score_4.9_below_5.6
DK,DK022,Vest- og Sydsjælland,beach,,60,58,osm:way/172667238,Magleby Strand,score_gate,score_4.9_below_5.6
DK,DK022,Vest- og Sydsjælland,beach,,60,58,osm:way/629047833,Glumsø Badestrand,score_gate,score_4.7_below_5.6
DK,DK022,Vest- og Sydsjælland,beach,,60,58,eea:DKBW105,Klinteparken,score_gate,score_4.7_below_5.6
DK,DK022,Vest- og Sydsjælland,beach,,60,58,eea:DKBW1168,Strandvejen Strand,score_gate,score_4.7_below_5.6
DK,DK022,Vest- og Sydsjælland,beach,,60,58,eea:DKBW1165,Svenstrup Strand,score_gate,score_4.7_below_5.6
DK,DK022,Vest- og Sydsjælland,beach,,60,58,eea:DKBW1631,Færgehavnen,score_gate,score_4.7_below_5.6
DK,DK022,Vest- og Sydsjælland,beach,,60,58,eea:DKBW1180,"Hvidsø, Jystrup",score_gate,score_4.7_below_5.6
DK,DK022,Vest- og Sydsjælland,beach,,60,58,eea:DKBW1204,Strandhuse,score_gate,score_4.7_below_5.6
DK,DK022,Vest- og Sydsjælland,beach,,60,58,eea:DKBW23,Sandvig,score_gate,score_4.7_below_5.6
DK,DK022,Vest- og Sydsjælland,beach,,60,58,eea:DKBW1156,Saltbæk Badebro,score_gate,score_4.7_below_5.6
DK,DK022,Vest- og Sydsjælland,beach,,60,58,eea:DKBW1384,"Topvej, Vesterlyng",score_gate,score_4.7_below_5.6
DK,DK022,Vest- og Sydsjælland,beach,,60,58,eea:DKBW1412,Tårs Skovby,score_gate,score_4.7_below_5.6
DK,DK022,Vest- og Sydsjælland,beach,,60,58,eea:DKBW1176,Skærbyvej,score_gate,score_4.7_below_5.6
DK,DK022,Vest- og Sydsjælland,beach,,60,58,eea:DKBW17,Holeby Østersøbad,score_gate,score_4.7_below_5.6
DK,DK022,Vest- og Sydsjælland,beach,,60,58,eea:DKBW56,Bjørnebæk - Understation Dkbw1124 Kristiansholm Plantage Strand,score_gate,score_4.7_below_5.6
DK,DK022,Vest- og Sydsjælland,beach,,60,58,eea:DKBW77,Maglehøj Strand,score_gate,score_4.7_below_5.6
DK,DK022,Vest- og Sydsjælland,beach,,60,58,eea:DKBW1129,Bjerge Os Sukkerkanalen,score_gate,score_4.7_below_5.6
DK,DK022,Vest- og Sydsjælland,beach,,60,58,eea:DKBW92,Stubbekøbing Camping,score_gate,score_4.7_below_5.6
DK,DK022,Vest- og Sydsjælland,beach,,60,58,eea:DKBW103,Gedesby Strand,score_gate,score_4.7_below_5.6
DK,DK022,Vest- og Sydsjælland,beach,,60,58,eea:DKBW1177,Nordstrandsvej V/p-pladsen,score_gate,score_4.7_below_5.6
DK,DK022,Vest- og Sydsjælland,beach,,60,58,eea:DKBW1321,Stranden V. Lynghusvej,score_gate,score_4.7_below_5.6
DK,DK022,Vest- og Sydsjælland,beach,,60,58,eea:DKBW1468,Knudshoved,score_gate,score_4.7_below_5.6
DK,DK022,Vest- og Sydsjælland,beach,,60,58,eea:DKBW1175,Telegrafvejen,score_gate,score_4.7_below_5.6
DK,DK022,Vest- og Sydsjælland,beach,,60,58,eea:DKBW1413,Oreby Havn,score_gate,score_4.7_below_5.6
DK,DK022,Vest- og Sydsjælland,beach,,60,58,eea:DKBW55,Stubberup Havn,score_gate,score_4.7_below_5.6
DK,DK022,Vest- og Sydsjælland,beach,,60,58,eea:DKBW1659,Haraldsted Langesø,score_gate,score_4.7_below_5.6
DK,DK022,Vest- og Sydsjælland,beach,,60,58,eea:DKBW59,Enø,score_gate,score_4.7_below_5.6
DK,DK022,Vest- og Sydsjælland,beach,,60,58,eea:DKBW104,"Marielyst, Strandvej.",score_gate,score_4.7_below_5.6
DK,DK022,Vest- og Sydsjælland,beach,,60,58,eea:DKBW1653,"Nordre Bådelaug, Kraghave",score_gate,score_4.7_below_5.6
FI,FI1D9,Pohjois-Pohjanmaa,beach,,60,58,wd:Q18659766,Kalajoen Hiekkasärkät,photo_gate,imgs_3_strong_3
FI,FI1D9,Pohjois-Pohjanmaa,beach,,60,58,osm:relation/11096974,Valkiaisjärvi Beach,photo_gate,imgs_0_strong_0
FI,FI1D9,Pohjois-Pohjanmaa,beach,,60,58,osm:way/1006856400,Hietamaan uimaranta,photo_gate,imgs_0_strong_0
FI,FI1D9,Pohjois-Pohjanmaa,beach,,60,58,osm:relation/11049255,Rantakylän uimapaikka,photo_gate,imgs_0_strong_0
FI,FI1D9,Pohjois-Pohjanmaa,beach,,60,58,wd:Q24349602,Sarkkiranta,photo_gate,imgs_0_strong_0
FI,FI1D9,Pohjois-Pohjanmaa,beach,,60,58,wd:Q24349728,Munahiedanranta,photo_gate,imgs_0_strong_0
FI,FI1D9,Pohjois-Pohjanmaa,beach,,60,58,osm:node/2321805667,Jäälin monttu,photo_gate,imgs_0_strong_0
FI,FI1D9,Pohjois-Pohjanmaa,beach,,60,58,osm:relation/16871833,Parkkisenkankaan epävirallinen uimaranta,photo_gate,imgs_1_strong_0
FI,FI1D9,Pohjois-Pohjanmaa,beach,,60,58,osm:way/1322114426,Tauvon uimaranta,photo_gate,imgs_0_strong_0
FI,FI1D9,Pohjois-Pohjanmaa,beach,,60,58,osm:way/225699618,Sahanranta,photo_gate,imgs_0_strong_0
FI,FI1D9,Pohjois-Pohjanmaa,beach,,60,58,osm:way/815055475,Emolahti,score_gate,score_5.5_below_5.6
FI,FI1D9,Pohjois-Pohjanmaa,beach,,60,58,osm:way/87344654,Kiikelin uimaranta,score_gate,score_5.4_below_5.6
FI,FI1D9,Pohjois-Pohjanmaa,beach,,60,58,osm:way/1202821415,Kiikeli,score_gate,score_5.3_below_5.6
FI,FI1D9,Pohjois-Pohjanmaa,beach,,60,58,wd:Q138837368,Tuira swimming beach,score_gate,score_5.2_below_5.6
FI,FI1D9,Pohjois-Pohjanmaa,beach,,60,58,osm:relation/8524219,Papinjärvi,score_gate,score_5.2_below_5.6
FI,FI1D9,Pohjois-Pohjanmaa,beach,,60,58,osm:way/96566915,Pikkulahti,score_gate,score_5.2_below_5.6
FI,FI1D9,Pohjois-Pohjanmaa,beach,,60,58,osm:way/25043930,Emännäntien uimaranta,score_gate,score_4.9_below_5.6
FI,FI1D9,Pohjois-Pohjanmaa,beach,,60,58,osm:way/64963687,Ouluntullin uimapaikka,score_gate,score_4.8_below_5.6
FI,FI1D9,Pohjois-Pohjanmaa,beach,,60,58,osm:relation/15982888,Mysteerisaari,score_gate,score_4.8_below_5.6
FI,FI1D9,Pohjois-Pohjanmaa,beach,,60,58,osm:way/1322496193,Varvin uimaranta,score_gate,score_4.8_below_5.6
FI,FI1D9,Pohjois-Pohjanmaa,beach,,60,58,osm:way/625012869,Kylpyläsaaren uimaranta,score_gate,score_4.7_below_5.6
FI,FI1D9,Pohjois-Pohjanmaa,beach,,60,58,eea:FI151708001,Hietamaa,score_gate,score_4.7_below_5.6
FI,FI1D9,Pohjois-Pohjanmaa,beach,,60,58,osm:way/944731476,Koskikeskus,score_gate,score_4.7_below_5.6
FI,FI1D9,Pohjois-Pohjanmaa,beach,,60,58,osm:way/1272108055,Toppilansaari,score_gate,score_4.7_below_5.6
FI,FI1D9,Pohjois-Pohjanmaa,beach,,60,58,eea:FI151436001,Viinavuori,score_gate,score_4.7_below_5.6
FI,FI1D9,Pohjois-Pohjanmaa,beach,,60,58,eea:FI151564001,Lamsanjarvi,score_gate,score_4.7_below_5.6
FI,FI1D9,Pohjois-Pohjanmaa,beach,,60,58,osm:way/147139557,Saarelan uimaranta,score_gate,score_4.7_below_5.6
FI,FI1D9,Pohjois-Pohjanmaa,beach,,60,58,osm:way/88009905,Värttö,score_gate,score_4.6_below_5.6
NO,NO0A1,Rogaland,beach,,60,58,osm:relation/18988346,Dørvika,photo_gate,imgs_0_strong_0
NO,NO0A1,Rogaland,beach,,60,58,osm:way/258832843,Botne strand,photo_gate,imgs_0_strong_0
NO,NO0A1,Rogaland,beach,,60,58,osm:way/235873555,Horge,score_gate,score_5.3_below_5.6
NO,NO0A1,Rogaland,beach,,60,58,osm:relation/2563088,Store Grynningen,score_gate,score_5.3_below_5.6
NO,NO0A1,Rogaland,beach,,60,58,osm:way/189770905,Keila,score_gate,score_5.2_below_5.6
NO,NO0A1,Rogaland,beach,,60,58,osm:way/192107286,Øyren,score_gate,score_4.9_below_5.6
NO,NO0A1,Rogaland,beach,,60,58,osm:relation/19168418,Revtangen,score_gate,score_4.9_below_5.6
NO,NO0A1,Rogaland,beach,,60,58,osm:way/187867655,Higgelen,score_gate,score_4.9_below_5.6
NO,NO0A1,Rogaland,beach,,60,58,osm:relation/16569375,Harestad stranden,score_gate,score_4.9_below_5.6
NO,NO0A1,Rogaland,beach,,60,58,osm:relation/16642501,Solastranden,score_gate,score_4.7_below_5.6
NO,NO0A1,Rogaland,beach,,60,58,osm:way/922277854,Maglaholmen,score_gate,score_4.6_below_5.6
NO,NO0A1,Rogaland,beach,,60,58,osm:relation/7301098,Linepollen,score_gate,score_4.6_below_5.6
NO,NO0A1,Rogaland,beach,,60,58,osm:relation/16560539,Ognasanden,score_gate,score_4.6_below_5.6
NO,NO0A1,Rogaland,beach,,60,58,osm:relation/16560545,Holmasanden,score_gate,score_4.5_below_5.6
NO,NO0A1,Rogaland,beach,,60,58,osm:relation/16569376,Vistestranden,score_gate,score_4.5_below_5.6
NO,NO0A1,Rogaland,beach,,60,58,osm:way/168596612,Hunstein,score_gate,score_4.4_below_5.6
NO,NO0A1,Rogaland,beach,,60,58,osm:way/175819029,Fister,score_gate,score_4.4_below_5.6
NO,NO0A1,Rogaland,beach,,60,58,osm:way/183499470,Vollsøya,score_gate,score_4.4_below_5.6
NO,NO0A1,Rogaland,beach,,60,58,osm:way/187833471,Ådnøya,score_gate,score_4.4_below_5.6
NO,NO0A1,Rogaland,beach,,60,58,osm:way/189764435,Ternøya,score_gate,score_4.4_below_5.6
NO,NO0A1,Rogaland,beach,,60,58,osm:way/189764454,Grasskjer,score_gate,score_4.4_below_5.6
NO,NO0A1,Rogaland,beach,,60,58,osm:way/755775266,Strandastøa,score_gate,score_4.4_below_5.6
NO,NO0A1,Rogaland,beach,,60,58,osm:way/803885282,Saltaneset,score_gate,score_4.4_below_5.6
NO,NO0A1,Rogaland,beach,,60,58,osm:relation/9477795,Borestranden,score_gate,score_4.4_below_5.6
NO,NO0A1,Rogaland,beach,,60,58,osm:relation/16557816,Selestranden,score_gate,score_4.4_below_5.6
NO,NO0A1,Rogaland,beach,,60,58,osm:relation/16642494,Hellestøstranden,score_gate,score_4.4_below_5.6
NO,NO0A1,Rogaland,beach,,60,58,osm:way/87989983,Schancheholen,score_gate,score_4.3_below_5.6
NO,NO0A1,Rogaland,beach,,60,58,osm:way/234580340,Stora Marøya,score_gate,score_4.3_below_5.6
NO,NO0A1,Rogaland,beach,,60,58,osm:way/235331043,Hidlekjeøya,score_gate,score_4.3_below_5.6
NO,NO0A1,Rogaland,beach,,60,58,osm:way/596668445,Eivindholen,score_gate,score_4.3_below_5.6
NO,NO0A1,Rogaland,beach,,60,58,osm:way/815945237,Lutsistanda,score_gate,score_4.3_below_5.6
NO,NO0A1,Rogaland,beach,,60,58,osm:way/1307390334,Ganddal,score_gate,score_4.3_below_5.6
NO,NO0A1,Rogaland,beach,,60,58,osm:relation/19096571,Holmavika,score_gate,score_4.3_below_5.6
NO,NO0A1,Rogaland,beach,,60,58,osm:way/797716822,Steinstranda,score_gate,score_4.3_below_5.6
NO,NO0A1,Rogaland,beach,,60,58,osm:node/8120903055,Ersvik standsund,score_gate,score_4.3_below_5.6
NO,NO0A1,Rogaland,beach,,60,58,osm:way/95896225,Strømsteinalmenningen,score_gate,score_4.2_below_5.6
NO,NO0A1,Rogaland,beach,,60,58,osm:relation/16642497,Ølbergstranden,score_gate,score_4.2_below_5.6
NO,NO0A1,Rogaland,beach,,60,58,osm:relation/19168417,Veten,score_gate,score_4.2_below_5.6
NO,NO0A1,Rogaland,beach,,60,58,osm:way/1218574701,Lindøy,score_gate,score_4.2_below_5.6
NO,NO0A1,Rogaland,beach,,60,58,osm:way/1466729031,Vangen,score_gate,score_4.2_below_5.6
NO,NO0A1,Rogaland,beach,,60,58,osm:way/1237932637,Nesjane,score_gate,score_4.2_below_5.6
NO,NO0A1,Rogaland,beach,,60,58,osm:relation/19096503,Tjødnaråsen,score_gate,score_4.2_below_5.6
NO,NO0A1,Rogaland,beach,,60,58,osm:relation/19258195,Riskastranda,score_gate,score_4.2_below_5.6
NO,NO0A1,Rogaland,beach,,60,58,osm:way/285092111,Grødem,score_gate,score_4.1_below_5.6
NO,NO0A1,Rogaland,beach,,60,58,osm:way/975991567,Stavasanden,score_gate,score_4.1_below_5.6
NO,NO0A1,Rogaland,beach,,60,58,osm:way/566143401,Aksnes,score_gate,score_4.1_below_5.6
NO,NO0A1,Rogaland,beach,,60,58,osm:way/80602867,Mehaug,score_gate,score_4.1_below_5.6
NO,NO0A1,Rogaland,beach,,60,58,osm:way/444465648,Forusstraen,score_gate,score_4.1_below_5.6
NO,NO0A1,Rogaland,beach,,60,58,osm:way/1186983835,Grashomen,score_gate,score_4.1_below_5.6
NO,NO0A1,Rogaland,beach,,60,58,osm:relation/20751021,Vikene,score_gate,score_4.1_below_5.6
NO,NO0A1,Rogaland,beach,,60,58,osm:way/760150351,Ims,score_gate,score_4.0_below_5.6
NO,NO0A1,Rogaland,beach,,60,58,osm:way/256911198,Hogganvik,score_gate,score_4.0_below_5.6
NO,NO0A1,Rogaland,beach,,60,58,osm:relation/16560542,Sannarvågen,score_gate,score_3.9_below_5.6
NO,NO0A1,Rogaland,beach,,60,58,osm:way/1315548457,Gådå badeplass,score_gate,score_3.8_below_5.6
NO,NO0A1,Rogaland,beach,,60,58,osm:way/185645352,Kalvholmen,score_gate,score_3.8_below_5.6
NO,NO0A1,Rogaland,beach,,60,58,osm:way/228665636,Luravika,score_gate,score_3.8_below_5.6
NO,NO0A1,Rogaland,beach,,60,58,osm:way/605901567,Vardeneset,score_gate,score_3.8_below_5.6
NO,NO0A1,Rogaland,beach,,60,58,osm:way/694121845,Vassøy,score_gate,score_3.8_below_5.6
PT,PT200,Região Autónoma dos Açores,beach,,60,58,osm:way/168224353,Praia das Milícias,photo_gate,imgs_0_strong_0
PT,PT200,Região Autónoma dos Açores,beach,,60,58,wd:Q130751350,Monte Verde beach,photo_gate,imgs_0_strong_0
PT,PT200,Região Autónoma dos Açores,beach,,60,58,osm:way/129876093,Praia Água d'Alto,photo_gate,imgs_0_strong_0
PT,PT200,Região Autónoma dos Açores,beach,,60,58,wd:Q130742562,Viola Beach,photo_gate,imgs_0_strong_0
PT,PT200,Região Autónoma dos Açores,beach,,60,58,osm:way/87233988,Areal de Santa Barbara,photo_gate,imgs_0_strong_0
PT,PT200,Região Autónoma dos Açores,beach,,60,58,osm:way/306557518,Praia dos Mosteiros,photo_gate,imgs_0_strong_0
PT,PT200,Região Autónoma dos Açores,beach,,60,58,osm:way/729981462,Praia de Porto Pim,score_gate,score_5.5_below_5.6
PT,PT200,Região Autónoma dos Açores,beach,,60,58,osm:way/334660658,Praia da Riviera,score_gate,score_5.5_below_5.6
PT,PT200,Região Autónoma dos Açores,beach,,60,58,osm:way/130177742,Caloura Beach,score_gate,score_5.4_below_5.6
PT,PT200,Região Autónoma dos Açores,beach,,60,58,eea:PTAU9N,São Lourenço,score_gate,score_5.4_below_5.6
PT,PT200,Região Autónoma dos Açores,beach,,60,58,osm:way/88146338,Praia dos Moinhos,score_gate,score_5.4_below_5.6
PT,PT200,Região Autónoma dos Açores,beach,,60,58,osm:way/334659675,Praia dos Oficiais,score_gate,score_5.3_below_5.6
PT,PT200,Região Autónoma dos Açores,beach,,60,58,osm:way/729981460,Praia da Conceição,score_gate,score_5.3_below_5.6
PT,PT200,Região Autónoma dos Açores,beach,,60,58,wd:Q25442449,Praia Grande,score_gate,score_5.2_below_5.6
PT,PT200,Região Autónoma dos Açores,beach,,60,58,wd:Q10283287,Fonte (Silveira),score_gate,score_5.0_below_5.6
PT,PT200,Região Autónoma dos Açores,beach,,60,58,osm:node/512578907,Porto de Castelo Branco,score_gate,score_5.0_below_5.6
PT,PT200,Região Autónoma dos Açores,beach,,60,58,osm:way/295731022,Praia do Morro,score_gate,score_4.7_below_5.6
PT,PT200,Região Autónoma dos Açores,beach,,60,58,eea:PTAH7T,Formosa,score_gate,score_4.7_below_5.6
PT,PT200,Região Autónoma dos Açores,beach,,60,58,osm:way/1307344675,Zona de Banhos da Furna,score_gate,score_4.7_below_5.6
PT,PT200,Região Autónoma dos Açores,beach,,60,58,eea:PTAX8L,Anjos,score_gate,score_4.7_below_5.6
PT,PT200,Região Autónoma dos Açores,beach,,60,58,osm:way/621266888,Piscina Natural dos Arcos,score_gate,score_4.7_below_5.6
PT,PT200,Região Autónoma dos Açores,beach,,60,58,osm:relation/14508484,Ponta da Ferraria,score_gate,score_4.6_below_5.6
TR,TR222,Çanakkale,beach,,58,58,,,,
GR,EL411,"Lesvos, Limnos",beach,,57,57,wd:Q53632974,Nyfida,photo_gate,imgs_1_strong_1
GR,EL411,"Lesvos, Limnos",beach,,57,57,osm:way/425397875,Ξαμπέλια,photo_gate,imgs_0_strong_0
GR,EL411,"Lesvos, Limnos",beach,,57,57,wd:Q53633000,Ag. Isidoros Lesvos,photo_gate,imgs_0_strong_0
GR,EL411,"Lesvos, Limnos",beach,,57,57,wd:Q53632992,Vatera,photo_gate,imgs_0_strong_0
GR,EL411,"Lesvos, Limnos",beach,,57,57,osm:way/349070378,Tsonia,photo_gate,imgs_0_strong_0
GR,EL411,"Lesvos, Limnos",beach,,57,57,osm:way/124050999,Kotsinas Beach,photo_gate,imgs_0_strong_0
GR,EL411,"Lesvos, Limnos",beach,,57,57,osm:way/228337732,Αυλώνας,photo_gate,imgs_0_strong_0
GR,EL411,"Lesvos, Limnos",beach,,57,57,osm:way/506353283,Σκάλα Λουτρών,photo_gate,imgs_0_strong_0
GR,EL411,"Lesvos, Limnos",beach,,57,57,osm:way/293294058,Kampos,photo_gate,imgs_0_strong_0
GR,EL411,"Lesvos, Limnos",beach,,57,57,wd:Q53633120,Evgatis-Zematas,photo_gate,imgs_0_strong_0
GR,EL411,"Lesvos, Limnos",beach,,57,57,wd:Q53633017,Anaxos,photo_gate,imgs_0_strong_0
GR,EL411,"Lesvos, Limnos",beach,,57,57,wd:Q53633070,Kanoni Thermis,photo_gate,imgs_0_strong_0
GR,EL411,"Lesvos, Limnos",beach,,57,57,osm:way/115658167,Saravari,photo_gate,imgs_0_strong_0
GR,EL411,"Lesvos, Limnos",beach,,57,57,osm:way/253783282,Τηγάνι,photo_gate,imgs_0_strong_0
GR,EL411,"Lesvos, Limnos",beach,,57,57,osm:way/350341948,Σκάλα Ερεσού,photo_gate,imgs_0_strong_0
GR,EL411,"Lesvos, Limnos",beach,,57,57,osm:way/263844907,Κέρος,photo_gate,imgs_0_strong_0
GR,EL411,"Lesvos, Limnos",beach,,57,57,osm:way/389929696,Ταβάρι,score_gate,score_5.5_below_5.6
GR,EL411,"Lesvos, Limnos",beach,,57,57,wd:Q53633048,Kagia,score_gate,score_5.5_below_5.6
GR,EL411,"Lesvos, Limnos",beach,,57,57,osm:way/115699078,Havouli,score_gate,score_5.5_below_5.6
GR,EL411,"Lesvos, Limnos",beach,,57,57,osm:way/370704561,Ampelia,score_gate,score_5.5_below_5.6
GR,EL411,"Lesvos, Limnos",beach,,57,57,osm:way/299001842,Λίμενας,score_gate,score_5.5_below_5.6
GR,EL411,"Lesvos, Limnos",beach,,57,57,osm:way/1309000062,Καταβάθρα,score_gate,score_5.5_below_5.6
GR,EL411,"Lesvos, Limnos",beach,,57,57,wd:Q53633110,Platy,score_gate,score_5.4_below_5.6
GR,EL411,"Lesvos, Limnos",beach,,57,57,osm:way/295468368,Βαθύ Κριτήρι,score_gate,score_5.4_below_5.6
GR,EL411,"Lesvos, Limnos",beach,,57,57,osm:way/314127653,Nudist Beach,score_gate,score_5.4_below_5.6
GR,EL411,"Lesvos, Limnos",beach,,57,57,wd:Q53630682,Charamida,score_gate,score_5.4_below_5.6
GR,EL411,"Lesvos, Limnos",beach,,57,57,osm:way/265839203,Ποδαράς,score_gate,score_5.4_below_5.6
GR,EL411,"Lesvos, Limnos",beach,,57,57,osm:way/298272619,Niselia,score_gate,score_5.4_below_5.6
GR,EL411,"Lesvos, Limnos",beach,,57,57,osm:way/437477114,Tsichranta,score_gate,score_5.4_below_5.6
GR,EL411,"Lesvos, Limnos",beach,,57,57,osm:way/115657464,Neftina Beach,score_gate,score_5.4_below_5.6
GR,EL411,"Lesvos, Limnos",beach,,57,57,osm:way/425402048,Ξέρες Ευρειακής,score_gate,score_5.3_below_5.6
GR,EL411,"Lesvos, Limnos",beach,,57,57,osm:way/536469860,Μελίντα,score_gate,score_5.3_below_5.6
GR,EL411,"Lesvos, Limnos",beach,,57,57,osm:way/1117262212,Ψαροπόταμος,score_gate,score_5.3_below_5.6
GR,EL411,"Lesvos, Limnos",beach,,57,57,osm:way/614915848,Peristeria,score_gate,score_5.3_below_5.6
GR,EL411,"Lesvos, Limnos",beach,,57,57,osm:way/1005515438,Επάνω Σκάλα,score_gate,score_5.3_below_5.6
GR,EL411,"Lesvos, Limnos",beach,,57,57,osm:way/260659805,Agios Ermogenis,score_gate,score_5.2_below_5.6
GR,EL411,"Lesvos, Limnos",beach,,57,57,osm:way/269139068,Tarti Beach,score_gate,score_5.2_below_5.6
GR,EL411,"Lesvos, Limnos",beach,,57,57,osm:way/1117262209,Roman bathtub,score_gate,score_5.2_below_5.6
GR,EL411,"Lesvos, Limnos",beach,,57,57,osm:way/105315245,Parthenomythos Beach,score_gate,score_5.2_below_5.6
GR,EL411,"Lesvos, Limnos",beach,,57,57,osm:way/228337742,Λιμενάρια,score_gate,score_5.2_below_5.6
GR,EL411,"Lesvos, Limnos",beach,,57,57,wd:Q53633101,Agios Ioannis,score_gate,score_5.0_below_5.6
GR,EL411,"Lesvos, Limnos",beach,,57,57,osm:way/263844492,Κέρος,score_gate,score_5.0_below_5.6
GR,EL411,"Lesvos, Limnos",beach,,57,57,osm:way/407920757,Τσιπούρια,score_gate,score_5.0_below_5.6
GR,EL411,"Lesvos, Limnos",beach,,57,57,osm:way/425401875,Charamida niseli,score_gate,score_5.0_below_5.6
GR,EL411,"Lesvos, Limnos",beach,,57,57,osm:way/263843974,Κέρος,score_gate,score_5.0_below_5.6
GR,EL411,"Lesvos, Limnos",beach,,57,57,wd:Q53633090,Thanos,score_gate,score_4.9_below_5.6
GR,EL411,"Lesvos, Limnos",beach,,57,57,osm:way/465394828,Ammoudeli,score_gate,score_4.9_below_5.6
GR,EL411,"Lesvos, Limnos",beach,,57,57,osm:way/280103176,Tsília,score_gate,score_4.9_below_5.6
GR,EL411,"Lesvos, Limnos",beach,,57,57,osm:way/141612098,Romeikos Gialos,score_gate,score_4.9_below_5.6
GR,EL411,"Lesvos, Limnos",beach,,57,57,osm:way/539227340,Tsafi,score_gate,score_4.9_below_5.6
GR,EL411,"Lesvos, Limnos",beach,,57,57,osm:way/1308967852,Κόκκινο Λιμάνι,score_gate,score_4.9_below_5.6
GR,EL411,"Lesvos, Limnos",beach,,57,57,wd:Q53633057,Eftalou-Ag.Anargiri,score_gate,score_4.8_below_5.6
GR,EL411,"Lesvos, Limnos",beach,,57,57,osm:way/425096539,Kochilia,score_gate,score_4.8_below_5.6
GR,EL411,"Lesvos, Limnos",beach,,57,57,osm:way/254257088,Petalidi,score_gate,score_4.8_below_5.6
GR,EL411,"Lesvos, Limnos",beach,,57,57,osm:way/431207984,Πυραμιές,score_gate,score_4.8_below_5.6
GR,EL411,"Lesvos, Limnos",beach,,57,57,osm:way/633257800,ΛΙΝΔΡΟΜΥΛΟΣ,score_gate,score_4.8_below_5.6
GR,EL411,"Lesvos, Limnos",beach,,57,57,osm:way/1202743269,Λιγονάρι,score_gate,score_4.8_below_5.6
IS,IS002,Landsbyggð,beach,,60,57,osm:relation/14455130,Gjábakkafjara,photo_gate,imgs_1_strong_0
IS,IS002,Landsbyggð,beach,,60,57,wd:Q16419944,Langisandur,photo_gate,imgs_0_strong_0
IS,IS002,Landsbyggð,beach,,60,57,wd:Q53800852,Víkurfjara,photo_gate,imgs_3_strong_1
IS,IS002,Landsbyggð,beach,,60,57,osm:relation/11315678,Skarðsvík,photo_gate,imgs_2_strong_2
IS,IS002,Landsbyggð,beach,,60,57,wd:Q27000065,Sólheimafjara,score_gate,score_5.5_below_5.6
IS,IS002,Landsbyggð,beach,,60,57,wd:Q27007166,Fauskasandur,score_gate,score_5.2_below_5.6
IS,IS002,Landsbyggð,beach,,60,57,osm:relation/15971222,Hafnarskeið,score_gate,score_5.2_below_5.6
IS,IS002,Landsbyggð,beach,,60,57,osm:relation/12182692,Dyrhólafjara,score_gate,score_5.1_below_5.6
IS,IS002,Landsbyggð,beach,,60,57,osm:relation/13563181,Vestri-Fellsfjara,score_gate,score_5.1_below_5.6
IS,IS002,Landsbyggð,beach,,60,57,wd:Q26999504,Suðurfjörur,score_gate,score_5.0_below_5.6
IS,IS002,Landsbyggð,beach,,60,57,wd:Q27008651,Austurfjörur,score_gate,score_5.0_below_5.6
IS,IS002,Landsbyggð,beach,,60,57,wd:Q135067752,Minnibakki beach,score_gate,score_4.9_below_5.6
IS,IS002,Landsbyggð,beach,,60,57,wd:Q27016400,Skógarströnd,score_gate,score_4.9_below_5.6
IS,IS002,Landsbyggð,beach,,60,57,osm:relation/9397496,Landeyjasandur,score_gate,score_4.7_below_5.6
IS,IS002,Landsbyggð,beach,,60,57,wd:Q26999584,Svínafellsfjara,score_gate,score_4.7_below_5.6
IS,IS002,Landsbyggð,beach,,60,57,wd:Q27000506,Skaftafellsfjara,score_gate,score_4.7_below_5.6
IS,IS002,Landsbyggð,beach,,60,57,wd:Q26996912,Vopnafjarðarströnd,score_gate,score_4.7_below_5.6
IS,IS002,Landsbyggð,beach,,60,57,wd:Q27001378,Rifsmalir,score_gate,score_4.7_below_5.6
IS,IS002,Landsbyggð,beach,,60,57,wd:Q27005084,Hvalfjara,score_gate,score_4.7_below_5.6
IS,IS002,Landsbyggð,beach,,60,57,osm:relation/12182695,Sólheimasandur,score_gate,score_4.6_below_5.6
IS,IS002,Landsbyggð,beach,,60,57,osm:way/37921526,Víkin,score_gate,score_4.6_below_5.6
IS,IS002,Landsbyggð,beach,,60,57,osm:way/45273260,Kreppulón,score_gate,score_4.6_below_5.6
IS,IS002,Landsbyggð,beach,,60,57,osm:relation/11752098,Nausteyrarvík,score_gate,score_4.6_below_5.6
IS,IS002,Landsbyggð,beach,,60,57,osm:way/759021434,Djúpidalur,score_gate,score_4.6_below_5.6
IS,IS002,Landsbyggð,beach,,60,57,osm:way/148985504,Brúnavík,score_gate,score_4.5_below_5.6
IS,IS002,Landsbyggð,beach,,60,57,osm:relation/11865983,Bíldudalur,score_gate,score_4.5_below_5.6
IS,IS002,Landsbyggð,beach,,60,57,osm:way/692997536,Þengilseyri,score_gate,score_4.4_below_5.6
IS,IS002,Landsbyggð,beach,,60,57,osm:way/1374687539,Stafsnes,score_gate,score_4.4_below_5.6
IS,IS002,Landsbyggð,beach,,60,57,osm:node/7119519062,Thorli beach,score_gate,score_4.4_below_5.6
IS,IS002,Landsbyggð,beach,,60,57,osm:relation/19844701,Njarðvík,score_gate,score_4.3_below_5.6
IS,IS002,Landsbyggð,beach,,60,57,osm:relation/16702651,Bæjarvík,score_gate,score_4.3_below_5.6
IS,IS002,Landsbyggð,beach,,60,57,osm:way/402039742,Eldgjá,score_gate,score_4.3_below_5.6
IS,IS002,Landsbyggð,beach,,60,57,osm:relation/12523377,Víkursandur,score_gate,score_4.2_below_5.6
IS,IS002,Landsbyggð,beach,,60,57,wd:Q27011173,Sveinseyri,score_gate,score_4.1_below_5.6
IS,IS002,Landsbyggð,beach,,60,57,osm:way/692997535,Stóraeyri,score_gate,score_3.9_below_5.6
IS,IS002,Landsbyggð,beach,,60,57,osm:relation/12561704,Atlavík,score_gate,score_3.7_below_5.6
IS,IS002,Landsbyggð,beach,,60,57,osm:way/1424675075,Rekavík bak Höfn,score_gate,score_3.7_below_5.6
IS,IS002,Landsbyggð,beach,,60,57,osm:relation/15766943,Miðgarðar,score_gate,score_3.7_below_5.6
IS,IS002,Landsbyggð,beach,,60,57,osm:way/402039480,Eldjá,score_gate,score_3.6_below_5.6
IS,IS002,Landsbyggð,beach,,60,57,osm:way/648441700,Skúmey,score_gate,score_3.6_below_5.6
IS,IS002,Landsbyggð,beach,,60,57,osm:way/771736581,Laugardalsvík,score_gate,score_3.6_below_5.6
IS,IS002,Landsbyggð,beach,,60,57,osm:relation/9504639,Krosshólmi,score_gate,score_3.6_below_5.6
IS,IS002,Landsbyggð,beach,,60,57,osm:relation/10219071,Gjáin,score_gate,score_3.5_below_5.6
IS,IS002,Landsbyggð,beach,,60,57,osm:way/1424674562,Hesteyri,score_gate,score_3.5_below_5.6
IS,IS002,Landsbyggð,beach,,60,57,osm:relation/9104953,Skeiðarársandur,score_gate,score_3.4_below_5.6
IS,IS002,Landsbyggð,beach,,60,57,osm:way/701824559,Elliðaey,score_gate,score_3.4_below_5.6
IS,IS002,Landsbyggð,beach,,60,57,osm:way/253788416,Jörundarholt,score_gate,score_3.4_below_5.6
IS,IS002,Landsbyggð,beach,,60,57,osm:way/613078395,Hveradalir,score_gate,score_3.4_below_5.6
IS,IS002,Landsbyggð,beach,,60,57,osm:way/690895282,Ármótarhylur,score_gate,score_3.4_below_5.6
IS,IS002,Landsbyggð,beach,,60,57,osm:way/683784763,Grjóthólmi,score_gate,score_3.4_below_5.6
IS,IS002,Landsbyggð,beach,,60,57,osm:way/1032553831,Lambhagi,score_gate,score_3.4_below_5.6
IS,IS002,Landsbyggð,beach,,60,57,osm:relation/11296652,Mýrdalssandur,score_gate,score_3.4_below_5.6
IS,IS002,Landsbyggð,beach,,60,57,osm:relation/13737263,Dyngjusandur,score_gate,score_3.4_below_5.6
IS,IS002,Landsbyggð,beach,,60,57,osm:relation/14543344,Flæður,score_gate,score_3.4_below_5.6
IS,IS002,Landsbyggð,beach,,60,57,osm:way/1367655414,Djúpivogur,score_gate,score_3.3_below_5.6
IS,IS002,Landsbyggð,beach,,60,57,osm:relation/16738333,Lágey,score_gate,score_3.3_below_5.6
IS,IS002,Landsbyggð,beach,,60,57,osm:way/866432835,Bárufell,score_gate,score_3.3_below_5.6
GB,TLM20,Highlands and Islands,beach,,60,57,wd:Q430366,Dail Mòr,score_gate,score_5.4_below_5.6
GB,TLM20,Highlands and Islands,beach,,60,57,osm:way/204176732,Ardintoul,score_gate,score_5.2_below_5.6
GB,TLM20,Highlands and Islands,beach,,60,57,osm:way/487496092,Sgeir an Fheòir,score_gate,score_5.1_below_5.6
GB,TLM20,Highlands and Islands,beach,,60,57,osm:way/33533448,Corran Raa,score_gate,score_4.9_below_5.6
GB,TLM20,Highlands and Islands,beach,,60,57,osm:way/110249515,Ardgartan,score_gate,score_4.9_below_5.6
GB,TLM20,Highlands and Islands,beach,,60,57,osm:way/350928423,Traigh Bhalaig,score_gate,score_4.9_below_5.6
GB,TLM20,Highlands and Islands,beach,,60,57,osm:way/1286632162,Traigh an t-Seana-chaisteil,score_gate,score_4.9_below_5.6
GB,TLM20,Highlands and Islands,beach,,60,57,wd:Q6474114,Lairo Water,score_gate,score_4.8_below_5.6
GB,TLM20,Highlands and Islands,beach,,60,57,osm:way/154561676,Traigh nam Feannag,score_gate,score_4.8_below_5.6
GB,TLM20,Highlands and Islands,beach,,60,57,osm:relation/9268656,Culbin Sands,score_gate,score_4.7_below_5.6
GB,TLM20,Highlands and Islands,beach,,60,57,osm:way/503834563,Peanmeanach Beach,score_gate,score_4.7_below_5.6
GB,TLM20,Highlands and Islands,beach,,60,57,osm:relation/15851854,Dunskeig Bay,score_gate,score_4.7_below_5.6
GB,TLM20,Highlands and Islands,beach,,60,57,osm:way/385071604,Grutness,score_gate,score_4.7_below_5.6
GB,TLM20,Highlands and Islands,beach,,60,57,osm:way/987450589,Arranton,score_gate,score_4.5_below_5.6
GB,TLM20,Highlands and Islands,beach,,60,57,osm:way/162347029,Shian,score_gate,score_4.5_below_5.6
GB,TLM20,Highlands and Islands,beach,,60,57,osm:way/254321194,Bàgh nan Craobhag,score_gate,score_4.5_below_5.6
GB,TLM20,Highlands and Islands,beach,,60,57,osm:way/281448557,Ellenabeich,score_gate,score_4.5_below_5.6
GB,TLM20,Highlands and Islands,beach,,60,57,osm:way/621793265,Traigh Bhan,score_gate,score_4.4_below_5.6
GB,TLM20,Highlands and Islands,beach,,60,57,osm:way/27003279,Lossit,score_gate,score_4.4_below_5.6
GB,TLM20,Highlands and Islands,beach,,60,57,osm:way/49908060,Tràigh an Taoibh Thuath,score_gate,score_4.4_below_5.6
GB,TLM20,Highlands and Islands,beach,,60,57,osm:way/146534913,Torrisdale beach,score_gate,score_4.4_below_5.6
GB,TLM20,Highlands and Islands,beach,,60,57,osm:way/311286601,North Geo,score_gate,score_4.4_below_5.6
GB,TLM20,Highlands and Islands,beach,,60,57,osm:way/487011454,Tràigh Bhousd,score_gate,score_4.4_below_5.6
GB,TLM20,Highlands and Islands,beach,,60,57,osm:way/897667700,Dornoch Sands,score_gate,score_4.4_below_5.6
GB,TLM20,Highlands and Islands,beach,,60,57,osm:way/953079122,Seal Rock,score_gate,score_4.4_below_5.6
GB,TLM20,Highlands and Islands,beach,,60,57,osm:way/1107312290,Tràigh Flèisgein Mhòr,score_gate,score_4.4_below_5.6
GB,TLM20,Highlands and Islands,beach,,60,57,osm:way/1524077451,Rysa Little,score_gate,score_4.4_below_5.6
GB,TLM20,Highlands and Islands,beach,,60,57,osm:relation/1756891,Bagh Chrossapol,score_gate,score_4.4_below_5.6
GB,TLM20,Highlands and Islands,beach,,60,57,osm:way/457666787,Cleats Shore,score_gate,score_4.3_below_5.6
GB,TLM20,Highlands and Islands,beach,,60,57,osm:way/33754232,Tràigh Sgarasta,score_gate,score_4.3_below_5.6
GB,TLM20,Highlands and Islands,beach,,60,57,osm:way/210200151,Redpoint Beach,score_gate,score_4.3_below_5.6
GB,TLM20,Highlands and Islands,beach,,60,57,osm:way/318839654,Eilean nan Gobhar,score_gate,score_4.3_below_5.6
GB,TLM20,Highlands and Islands,beach,,60,57,osm:way/487011459,Tràigh Logabhaig,score_gate,score_4.3_below_5.6
GB,TLM20,Highlands and Islands,beach,,60,57,osm:way/487429899,Tràigh nan Uan,score_gate,score_4.3_below_5.6
GB,TLM20,Highlands and Islands,beach,,60,57,osm:way/1152634380,Sgeir Cleidir,score_gate,score_4.3_below_5.6
GB,TLM20,Highlands and Islands,beach,,60,57,osm:way/1152961724,Uamasbroc,score_gate,score_4.3_below_5.6
GB,TLM20,Highlands and Islands,beach,,60,57,osm:way/1286763872,Rubha Claidhe,score_gate,score_4.3_below_5.6
GB,TLM20,Highlands and Islands,beach,,60,57,wd:Q105906592,Vestey's beach,score_gate,score_4.2_below_5.6
GB,TLM20,Highlands and Islands,beach,,60,57,osm:way/375067261,Avernish,score_gate,score_4.2_below_5.6
GB,TLM20,Highlands and Islands,beach,,60,57,osm:way/987925229,Boneen,score_gate,score_4.2_below_5.6
GB,TLM20,Highlands and Islands,beach,,60,57,osm:way/987928084,Lamlash,score_gate,score_4.2_below_5.6
GB,TLM20,Highlands and Islands,beach,,60,57,osm:way/1123689716,Crotavig,score_gate,score_4.2_below_5.6
GB,TLM20,Highlands and Islands,beach,,60,57,osm:way/418471746,Àird Tro,score_gate,score_4.2_below_5.6
GB,TLM20,Highlands and Islands,beach,,60,57,osm:way/680993571,Wine Bay,score_gate,score_4.2_below_5.6
GB,TLM20,Highlands and Islands,beach,,60,57,osm:way/721584089,Camusterrach,score_gate,score_4.2_below_5.6
GB,TLM20,Highlands and Islands,beach,,60,57,osm:way/842355796,Bàgh Ciaraich,score_gate,score_4.2_below_5.6
GB,TLM20,Highlands and Islands,beach,,60,57,osm:way/844211997,Mul Thagaraidh,score_gate,score_4.2_below_5.6
GB,TLM20,Highlands and Islands,beach,,60,57,osm:way/1107328558,Sanaigmore,score_gate,score_4.2_below_5.6
GB,TLM20,Highlands and Islands,beach,,60,57,osm:way/425336018,Cuan Sound,score_gate,score_4.2_below_5.6
GB,TLM20,Highlands and Islands,beach,,60,57,osm:way/126548845,Port Stoth,score_gate,score_4.1_below_5.6
GB,TLM20,Highlands and Islands,beach,,60,57,osm:way/456929709,Kilmory Bay,score_gate,score_4.1_below_5.6
GB,TLM20,Highlands and Islands,beach,,60,57,osm:way/171437819,Traigh an Airgid,score_gate,score_4.1_below_5.6
GB,TLM20,Highlands and Islands,beach,,60,57,osm:way/267439224,Ronachan Beach,score_gate,score_4.1_below_5.6
GB,TLM20,Highlands and Islands,beach,,60,57,osm:way/456341162,Traigh Bhan,score_gate,score_4.1_below_5.6
GB,TLM20,Highlands and Islands,beach,,60,57,osm:way/680993572,Stinking Bay,score_gate,score_4.1_below_5.6
GB,TLM20,Highlands and Islands,beach,,60,57,osm:way/842355858,Eilean Glas na h-Acarsaid Fhalaich,score_gate,score_4.1_below_5.6
GB,TLM20,Highlands and Islands,beach,,60,57,osm:way/858330644,Rubha na Moine,score_gate,score_4.1_below_5.6
GR,EL613,"Magnisia, Sporades",beach,,60,56,wd:Q53632924,Anavros beach,photo_gate,imgs_1_strong_1
GR,EL613,"Magnisia, Sporades",beach,,60,56,wd:Q16328682,Paltsi,photo_gate,imgs_0_strong_0
GR,EL613,"Magnisia, Sporades",beach,,60,56,osm:way/167043662,Eleni Beach,photo_gate,imgs_0_strong_0
GR,EL613,"Magnisia, Sporades",beach,,60,56,wd:Q53632895,Maratha,photo_gate,imgs_0_strong_0
GR,EL613,"Magnisia, Sporades",beach,,60,56,osm:way/167042405,Big Banana Beach,photo_gate,imgs_0_strong_0
GR,EL613,"Magnisia, Sporades",beach,,60,56,wd:Q25162365,Chorefto Beach,photo_gate,imgs_3_strong_3
GR,EL613,"Magnisia, Sporades",beach,,60,56,wd:Q25535481,Καστάνι,photo_gate,imgs_0_strong_0
GR,EL613,"Magnisia, Sporades",beach,,60,56,wd:Q25164288,Paralia Vromolimnos,photo_gate,imgs_0_strong_0
GR,EL613,"Magnisia, Sporades",beach,,60,56,osm:node/1998444418,Άγιοι Σαράντα,photo_gate,imgs_0_strong_0
GR,EL613,"Magnisia, Sporades",beach,,60,56,osm:way/167075323,Agia Paraskevi,photo_gate,imgs_0_strong_0
GR,EL613,"Magnisia, Sporades",beach,,60,56,osm:way/167091723,Lygharies beach,photo_gate,imgs_0_strong_0
GR,EL613,"Magnisia, Sporades",beach,,60,56,osm:way/76449251,Paltsi,photo_gate,imgs_0_strong_0
GR,EL613,"Magnisia, Sporades",beach,,60,56,osm:node/1998444423,Άγιος Ιωάννης,photo_gate,imgs_0_strong_0
GR,EL613,"Magnisia, Sporades",beach,,60,56,osm:way/124979374,Παρίσαινα,photo_gate,imgs_0_strong_0
GR,EL613,"Magnisia, Sporades",beach,,60,56,wd:Q4693276,Agnontas,score_gate,score_5.5_below_5.6
GR,EL613,"Magnisia, Sporades",beach,,60,56,wd:Q25162331,Plaka Beach,score_gate,score_5.5_below_5.6
GR,EL613,"Magnisia, Sporades",beach,,60,56,osm:way/167043957,Achladies Beach,score_gate,score_5.5_below_5.6
GR,EL613,"Magnisia, Sporades",beach,,60,56,osm:way/167075322,Troulos Beach,score_gate,score_5.5_below_5.6
GR,EL613,"Magnisia, Sporades",beach,,60,56,osm:way/374439815,Megali Ammos,score_gate,score_5.5_below_5.6
GR,EL613,"Magnisia, Sporades",beach,,60,56,osm:way/37352585,Αμποβός,score_gate,score_5.5_below_5.6
GR,EL613,"Magnisia, Sporades",beach,,60,56,osm:way/491163471,Μικρό,score_gate,score_5.5_below_5.6
GR,EL613,"Magnisia, Sporades",beach,,60,56,osm:way/293183779,Χρυσή Μηλιά,score_gate,score_5.5_below_5.6
GR,EL613,"Magnisia, Sporades",beach,,60,56,osm:way/37507707,Λεφόκαστρο,score_gate,score_5.4_below_5.6
GR,EL613,"Magnisia, Sporades",beach,,60,56,wd:Q53629312,Nea Agchialos beach,score_gate,score_5.4_below_5.6
GR,EL613,"Magnisia, Sporades",beach,,60,56,osm:way/289026461,Limnonari,score_gate,score_5.4_below_5.6
GR,EL613,"Magnisia, Sporades",beach,,60,56,osm:way/167042414,Mandraki Elias Beach,score_gate,score_5.4_below_5.6
GR,EL613,"Magnisia, Sporades",beach,,60,56,osm:way/167081164,Kolios Beach,score_gate,score_5.4_below_5.6
GR,EL613,"Magnisia, Sporades",beach,,60,56,osm:way/277862365,Glyfa,score_gate,score_5.4_below_5.6
GR,EL613,"Magnisia, Sporades",beach,,60,56,osm:way/1539682424,Άγιος Ιωάννης Μουρεσίου,score_gate,score_5.4_below_5.6
GR,EL613,"Magnisia, Sporades",beach,,60,56,osm:way/167043660,Mystique beach,score_gate,score_5.4_below_5.6
GR,EL613,"Magnisia, Sporades",beach,,60,56,wd:Q123421263,Mikros Aselinos beach,score_gate,score_5.3_below_5.6
GR,EL613,"Magnisia, Sporades",beach,,60,56,osm:way/167043954,Tzaneira Beach,score_gate,score_5.3_below_5.6
GR,EL613,"Magnisia, Sporades",beach,,60,56,osm:way/305580865,Theotokos,score_gate,score_5.3_below_5.6
GR,EL613,"Magnisia, Sporades",beach,,60,56,osm:way/109403100,Ποτιστικά,score_gate,score_5.3_below_5.6
GR,EL613,"Magnisia, Sporades",beach,,60,56,wd:Q124291188,Vithisma,score_gate,score_5.3_below_5.6
GR,EL613,"Magnisia, Sporades",beach,,60,56,osm:way/289896969,Μηλιά,score_gate,score_5.3_below_5.6
GR,EL613,"Magnisia, Sporades",beach,,60,56,osm:way/293081016,"Panormos beach, Skopelos",score_gate,score_5.3_below_5.6
GR,EL613,"Magnisia, Sporades",beach,,60,56,osm:way/1434391382,Καλλιφτέρη,score_gate,score_5.3_below_5.6
GR,EL613,"Magnisia, Sporades",beach,,60,56,osm:way/709286477,Kechrias Beach,score_gate,score_5.3_below_5.6
GR,EL613,"Magnisia, Sporades",beach,,60,56,osm:way/293183775,Paraglia Votsi,score_gate,score_5.2_below_5.6
GR,EL613,"Magnisia, Sporades",beach,,60,56,osm:way/167043663,Big Aselinos,score_gate,score_5.2_below_5.6
GR,EL613,"Magnisia, Sporades",beach,,60,56,osm:way/516912458,Αχίλλειο,score_gate,score_5.2_below_5.6
GR,EL613,"Magnisia, Sporades",beach,,60,56,wd:Q53632947,Alykes,score_gate,score_5.2_below_5.6
GR,EL613,"Magnisia, Sporades",beach,,60,56,wd:Q25162334,Banikas Beach,score_gate,score_5.2_below_5.6
GR,EL613,"Magnisia, Sporades",beach,,60,56,osm:relation/547822,Κάλαμος,score_gate,score_5.2_below_5.6
GR,EL613,"Magnisia, Sporades",beach,,60,56,osm:way/37197321,Gourna beach,score_gate,score_5.2_below_5.6
GR,EL613,"Magnisia, Sporades",beach,,60,56,osm:way/37551500,Αγιά Θυμιά,score_gate,score_5.2_below_5.6
GR,EL613,"Magnisia, Sporades",beach,,60,56,osm:way/293183777,Λεφτό Γυαλός,score_gate,score_5.1_below_5.6
GR,EL613,"Magnisia, Sporades",beach,,60,56,osm:way/848075887,Koropi Beach,score_gate,score_5.0_below_5.6
GR,EL613,"Magnisia, Sporades",beach,,60,56,osm:way/293183773,Milia,score_gate,score_5.0_below_5.6
GR,EL613,"Magnisia, Sporades",beach,,60,56,osm:way/686944713,Eleos,score_gate,score_5.0_below_5.6
GR,EL613,"Magnisia, Sporades",beach,,60,56,wd:Q25162333,Limnionas Beach,score_gate,score_4.9_below_5.6
GR,EL613,"Magnisia, Sporades",beach,,60,56,osm:way/37551502,Ραζή,score_gate,score_4.9_below_5.6
GR,EL613,"Magnisia, Sporades",beach,,60,56,osm:way/1188080248,Paralia Kritharia,score_gate,score_4.9_below_5.6
GR,EL613,"Magnisia, Sporades",beach,,60,56,osm:way/493696377,Μουρτίτσα,score_gate,score_4.9_below_5.6
GR,EL613,"Magnisia, Sporades",beach,,60,56,osm:way/493697014,Στη Μεγάλη Άμμο,score_gate,score_4.9_below_5.6
FI,FI1B1,Helsinki-Uusimaa,beach,,60,56,osm:way/37117790,Laajasalon uimaranta,photo_gate,imgs_2_strong_0
FI,FI1B1,Helsinki-Uusimaa,beach,,60,56,osm:relation/14720968,Kasinonranta,photo_gate,imgs_1_strong_0
FI,FI1B1,Helsinki-Uusimaa,beach,,60,56,osm:node/1167724114,Oittaan koirauimaranta,photo_gate,imgs_0_strong_0
FI,FI1B1,Helsinki-Uusimaa,beach,,60,56,osm:way/44047200,Laaksolahden uimaranta,photo_gate,imgs_1_strong_0
FI,FI1B1,Helsinki-Uusimaa,beach,,60,56,osm:way/284317925,Ison Kallahden uimaranta,photo_gate,imgs_2_strong_2
FI,FI1B1,Helsinki-Uusimaa,beach,,60,56,osm:relation/2397188,Vetokannaksen uimaranta,photo_gate,imgs_0_strong_0
FI,FI1B1,Helsinki-Uusimaa,beach,,60,56,osm:way/8041547,Tuorinniemen uimaranta,photo_gate,imgs_3_strong_1
FI,FI1B1,Helsinki-Uusimaa,beach,,60,56,osm:way/1103673727,Liessaaren uimaranta,photo_gate,imgs_0_strong_0
FI,FI1B1,Helsinki-Uusimaa,beach,,60,56,osm:way/26371617,Hanikan uimaranta,photo_gate,imgs_0_strong_0
FI,FI1B1,Helsinki-Uusimaa,beach,,60,56,osm:way/33360539,Aurinkolahden uimaranta,photo_gate,imgs_4_strong_0
FI,FI1B1,Helsinki-Uusimaa,beach,,60,56,osm:way/413940781,Luukin uimaranta,photo_gate,imgs_0_strong_0
FI,FI1B1,Helsinki-Uusimaa,beach,,60,56,osm:way/478558114,Otalammen uimaranta,photo_gate,imgs_0_strong_0
FI,FI1B1,Helsinki-Uusimaa,beach,,60,56,osm:way/362033651,Usmin uimaranta,photo_gate,imgs_1_strong_0
FI,FI1B1,Helsinki-Uusimaa,beach,,60,56,osm:way/27373430,Lippajärven uimaranta,photo_gate,imgs_0_strong_0
FI,FI1B1,Helsinki-Uusimaa,beach,,60,56,osm:node/2254966749,Koirien uimapaikka Vetokannas,photo_gate,imgs_0_strong_0
FI,FI1B1,Helsinki-Uusimaa,beach,,60,56,osm:way/69872565,Casino,photo_gate,imgs_3_strong_3
FI,FI1B1,Helsinki-Uusimaa,beach,,60,56,osm:way/1105249079,Nälköönlammen uimaranta,photo_gate,imgs_0_strong_0
FI,FI1B1,Helsinki-Uusimaa,beach,,60,56,osm:way/1068654509,Pyhäjärven Vattolan uimaranta,photo_gate,imgs_0_strong_0
FI,FI1B1,Helsinki-Uusimaa,beach,,60,56,osm:way/1096376775,Tervanokan uimaranta,photo_gate,imgs_1_strong_0
FI,FI1B1,Helsinki-Uusimaa,beach,,60,56,osm:way/97212600,Tiiran uimaranta,photo_gate,imgs_2_strong_2
FI,FI1B1,Helsinki-Uusimaa,beach,,60,56,osm:way/115222071,Laurinlahden uimaranta,photo_gate,imgs_0_strong_0
FI,FI1B1,Helsinki-Uusimaa,beach,,60,56,osm:way/499669312,Myllylammen uimaranta,photo_gate,imgs_0_strong_0
FI,FI1B1,Helsinki-Uusimaa,beach,,60,56,wd:Q18660806,Merikylpylän puisto,photo_gate,imgs_2_strong_1
FI,FI1B1,Helsinki-Uusimaa,beach,,60,56,osm:way/26405568,Westendin uimaranta,photo_gate,imgs_0_strong_0
FI,FI1B1,Helsinki-Uusimaa,beach,,60,56,osm:way/514350838,Aurlahden uimaranta,photo_gate,imgs_0_strong_0
FI,FI1B1,Helsinki-Uusimaa,beach,,60,56,osm:relation/17844534,Palettilampi,photo_gate,imgs_0_strong_0
FI,FI1B1,Helsinki-Uusimaa,beach,,60,56,osm:node/1167723540,Vanhankylänniemen uimaranta,photo_gate,imgs_0_strong_0
FI,FI1B1,Helsinki-Uusimaa,beach,,60,56,osm:way/195271204,Tulliniemen eteläinen uimaranta,photo_gate,imgs_0_strong_0
FI,FI1B1,Helsinki-Uusimaa,beach,,60,56,osm:way/33524556,Vilniemen uimaranta,photo_gate,imgs_0_strong_0
FI,FI1B1,Helsinki-Uusimaa,beach,,60,56,osm:way/996480474,Lasitehdas beach,photo_gate,imgs_0_strong_0
FI,FI1B1,Helsinki-Uusimaa,beach,,60,56,osm:way/25810154,Tapionranta,photo_gate,imgs_0_strong_0
FI,FI1B1,Helsinki-Uusimaa,beach,,60,56,osm:way/25810153,Matarinpuiston uimaranta,photo_gate,imgs_0_strong_0
FI,FI1B1,Helsinki-Uusimaa,beach,,60,56,osm:way/39083981,Kaivolahti,photo_gate,imgs_0_strong_0
FI,FI1B1,Helsinki-Uusimaa,beach,,60,56,osm:way/36943811,Pikku Kallahti,photo_gate,imgs_0_strong_0
FI,FI1B1,Helsinki-Uusimaa,beach,,60,56,osm:relation/20314379,Aurinkolahti,photo_gate,imgs_0_strong_0
FI,FI1B1,Helsinki-Uusimaa,beach,,60,56,osm:way/195268090,Plagen,photo_gate,imgs_0_strong_0
FI,FI1B1,Helsinki-Uusimaa,beach,,60,56,osm:way/34420676,Tampajan uimaranta,photo_gate,imgs_0_strong_0
FI,FI1B1,Helsinki-Uusimaa,beach,,60,56,osm:way/291743551,Saaren uimaranta,photo_gate,imgs_0_strong_0
FI,FI1B1,Helsinki-Uusimaa,beach,,60,56,osm:way/1064037368,Heposaarenniemi,photo_gate,imgs_0_strong_0
FI,FI1B1,Helsinki-Uusimaa,beach,,60,56,osm:way/492344577,Vivamon uimaranta,photo_gate,imgs_0_strong_0
FI,FI1B1,Helsinki-Uusimaa,beach,,60,56,osm:way/962926657,Hasselholman uimaranta,photo_gate,imgs_0_strong_0
FI,FI1B1,Helsinki-Uusimaa,beach,,60,56,osm:way/229568877,Keskustan uimaranta,photo_gate,imgs_0_strong_0
FI,FI1B1,Helsinki-Uusimaa,beach,,60,56,osm:node/1167723650,Rusutjärven uimaranta,photo_gate,imgs_0_strong_0
FI,FI1B1,Helsinki-Uusimaa,beach,,60,56,osm:way/191936101,Syväjärven uimaranta,photo_gate,imgs_0_strong_0
FI,FI1B1,Helsinki-Uusimaa,beach,,60,56,osm:way/127284866,Ristikivi,photo_gate,imgs_0_strong_0
FI,FI1B1,Helsinki-Uusimaa,beach,,60,56,osm:way/34485902,Matinkylän rantauimala,score_gate,score_5.5_below_5.6
FI,FI1B1,Helsinki-Uusimaa,beach,,60,56,osm:way/1308621959,Bellevue,score_gate,score_5.5_below_5.6
FI,FI1B1,Helsinki-Uusimaa,beach,,60,56,osm:way/18619033,Kokonniemen maauimala,score_gate,score_5.5_below_5.6
FI,FI1B1,Helsinki-Uusimaa,beach,,60,56,osm:way/1220615086,Ruispelto (Pitkäjärvi),score_gate,score_5.5_below_5.6
FI,FI1B1,Helsinki-Uusimaa,beach,,60,56,osm:way/39017467,Torsniemen koirapuisto,score_gate,score_5.5_below_5.6
FI,FI1B1,Helsinki-Uusimaa,beach,,60,56,osm:way/777837899,Svedjaträskets badstrand,score_gate,score_5.4_below_5.6
FI,FI1B1,Helsinki-Uusimaa,beach,,60,56,eea:FI115430004,Saaksi Saaksjarvi,score_gate,score_5.4_below_5.6
FI,FI1B1,Helsinki-Uusimaa,beach,,60,56,eea:FI182638004,Taasjarvi,score_gate,score_5.4_below_5.6
FI,FI1B1,Helsinki-Uusimaa,beach,,60,56,eea:FI110920002,Kuusijarvi,score_gate,score_5.4_below_5.6
FI,FI1B1,Helsinki-Uusimaa,beach,,60,56,osm:way/23437652,Hietanen,score_gate,score_5.4_below_5.6
FI,FI1B1,Helsinki-Uusimaa,beach,,60,56,osm:way/815719966,Pilvijärven uimaranta,score_gate,score_5.4_below_5.6
HR,HR034,Šibensko-kninska županija,beach,,60,56,wd:Q97446135,Blue Beach,photo_gate,imgs_1_strong_1
HR,HR034,Šibensko-kninska županija,beach,,60,56,osm:way/364853493,Plaža Lokvice,photo_gate,imgs_0_strong_0
HR,HR034,Šibensko-kninska županija,beach,,60,56,osm:way/177088143,Lučica,photo_gate,imgs_0_strong_0
HR,HR034,Šibensko-kninska županija,beach,,60,56,osm:way/610041946,Vortex Beach Bar,score_gate,score_5.5_below_5.6
HR,HR034,Šibensko-kninska županija,beach,,60,56,osm:way/177582845,Rezalište,score_gate,score_5.4_below_5.6
HR,HR034,Šibensko-kninska županija,beach,,60,56,osm:way/303531953,Uvala Lovišća,score_gate,score_5.4_below_5.6
HR,HR034,Šibensko-kninska županija,beach,,60,56,osm:way/730234978,Uvala Vučigrađe,score_gate,score_5.2_below_5.6
HR,HR034,Šibensko-kninska županija,beach,,60,56,osm:way/1193794376,Sovlja,score_gate,score_4.9_below_5.6
HR,HR034,Šibensko-kninska županija,beach,,60,56,osm:way/481557516,beach Žaborić,score_gate,score_4.8_below_5.6
HR,HR034,Šibensko-kninska županija,beach,,60,56,osm:way/942145545,Jasenova uvala,score_gate,score_4.8_below_5.6
HR,HR034,Šibensko-kninska županija,beach,,60,56,osm:way/209807222,Prvić Luka,score_gate,score_4.7_below_5.6
HR,HR034,Šibensko-kninska županija,beach,,60,56,osm:way/369352110,Rogoznica,score_gate,score_4.7_below_5.6
HR,HR034,Šibensko-kninska županija,beach,,60,56,osm:way/172283172,Uvala Tužbine,score_gate,score_4.7_below_5.6
HR,HR034,Šibensko-kninska županija,beach,,60,56,eea:HRBWC-COAST-HR4-3048,"Brodarica, mjesto",score_gate,score_4.7_below_5.6
HR,HR034,Šibensko-kninska županija,beach,,60,56,eea:HRBWC-COAST-HR4-3114,Morinje,score_gate,score_4.7_below_5.6
HR,HR034,Šibensko-kninska županija,beach,,60,56,eea:HRBWC-COAST-HR4-3131,Šepurina plaža,score_gate,score_4.7_below_5.6
HR,HR034,Šibensko-kninska županija,beach,,60,56,osm:way/303534223,Jazina,score_gate,score_4.6_below_5.6
HR,HR034,Šibensko-kninska županija,beach,,60,56,osm:way/360416186,Luka Šepurine,score_gate,score_4.6_below_5.6
HR,HR034,Šibensko-kninska županija,beach,,60,56,osm:way/245264306,Vila,score_gate,score_4.5_below_5.6
IE,IE042,West,beach,,60,56,wd:Q56290076,Uggool Beach,photo_gate,imgs_0_strong_0
IE,IE042,West,beach,,60,56,wd:Q26718504,Keem Strand,photo_gate,imgs_3_strong_3
IE,IE042,West,beach,,60,56,wd:Q26718955,Barnynagappul Strand,photo_gate,imgs_0_strong_0
IE,IE042,West,beach,,60,56,osm:way/173056357,Dogs Bay Beach,photo_gate,imgs_3_strong_3
IE,IE042,West,beach,,60,56,osm:way/816242815,Mags Boreen,photo_gate,imgs_2_strong_0
IE,IE042,West,beach,,60,56,osm:relation/3582944,An Trá Mhór,photo_gate,imgs_0_strong_0
IE,IE042,West,beach,,60,56,osm:way/162430159,Ballyloughane Beach,photo_gate,imgs_1_strong_1
IE,IE042,West,beach,,60,56,osm:way/116661513,The Strand,photo_gate,imgs_0_strong_0
IE,IE042,West,beach,,60,56,osm:way/312574893,Lettergesh Beach,photo_gate,imgs_0_strong_0
IE,IE042,West,beach,,60,56,osm:way/203887975,Trá na Tismeáine,photo_gate,imgs_0_strong_0
IE,IE042,West,beach,,60,56,wd:Q26718966,Belderra Strand,photo_gate,imgs_0_strong_0
IE,IE042,West,beach,,60,56,osm:way/251807233,Doonloughan,photo_gate,imgs_0_strong_0
IE,IE042,West,beach,,60,56,osm:way/1393579503,Ballydavock,photo_gate,imgs_0_strong_0
IE,IE042,West,beach,,60,56,osm:way/1320417915,Port Bhéal an Dúin,score_gate,score_5.5_below_5.6
IE,IE042,West,beach,,60,56,osm:way/435036297,Elly Strand,score_gate,score_5.5_below_5.6
IE,IE042,West,beach,,60,56,osm:way/577274734,Doogort Beach,score_gate,score_5.5_below_5.6
IE,IE042,West,beach,,60,56,osm:way/165341458,Furbo Beach,score_gate,score_5.5_below_5.6
IE,IE042,West,beach,,60,56,osm:relation/7380885,Belnabraud,score_gate,score_5.5_below_5.6
IE,IE042,West,beach,,60,56,wd:Q26718956,Dooagh Strand,score_gate,score_5.5_below_5.6
IE,IE042,West,beach,,60,56,osm:way/248805079,Trá Mhaírois,score_gate,score_5.5_below_5.6
IE,IE042,West,beach,,60,56,osm:way/666328691,Bunlough Strand,score_gate,score_5.5_below_5.6
IE,IE042,West,beach,,60,56,osm:way/1028125088,Ooghnacallyduff,score_gate,score_5.4_below_5.6
IE,IE042,West,beach,,60,56,osm:way/472573923,Mullaghroe Beach,score_gate,score_5.4_below_5.6
IE,IE042,West,beach,,60,56,osm:way/495937213,Dumha Éige,score_gate,score_5.4_below_5.6
IE,IE042,West,beach,,60,56,osm:way/1475540353,An Bheairic Thuaidh,score_gate,score_5.4_below_5.6
IE,IE042,West,beach,,60,56,osm:way/251807231,False Bay,score_gate,score_5.4_below_5.6
IE,IE042,West,beach,,60,56,osm:way/1482686171,Camport,score_gate,score_5.3_below_5.6
IE,IE042,West,beach,,60,56,osm:relation/4524837,Traught Beach,score_gate,score_5.3_below_5.6
IE,IE042,West,beach,,60,56,wd:Q26718953,Annagh Strand,score_gate,score_5.2_below_5.6
IE,IE042,West,beach,,60,56,osm:way/616168989,Garranty,score_gate,score_5.2_below_5.6
IE,IE042,West,beach,,60,56,osm:way/1527836768,Maoilín an Ghríora,score_gate,score_5.1_below_5.6
IE,IE042,West,beach,,60,56,osm:way/1527836766,Ulán na gCrosán,score_gate,score_4.9_below_5.6
IE,IE042,West,beach,,60,56,osm:way/655655384,Port na hAille,score_gate,score_4.9_below_5.6
IE,IE042,West,beach,,60,56,osm:way/666355680,Turloughbeg Strand,score_gate,score_4.8_below_5.6
IE,IE042,West,beach,,60,56,osm:way/1263270851,Barr Aille,score_gate,score_4.8_below_5.6
IE,IE042,West,beach,,60,56,osm:way/1360947530,Creig an Chéirín,score_gate,score_4.8_below_5.6
IE,IE042,West,beach,,60,56,osm:way/177659885,Lackworish,score_gate,score_4.8_below_5.6
IE,IE042,West,beach,,60,56,osm:way/1294709874,Corrúch,score_gate,score_4.7_below_5.6
IE,IE042,West,beach,,60,56,osm:way/1307451866,Fearann an Choirce,score_gate,score_4.7_below_5.6
IE,IE042,West,beach,,60,56,osm:way/1316964540,Gort na gCapall,score_gate,score_4.7_below_5.6
IE,IE042,West,beach,,60,56,osm:way/1330449853,Aill na mBairneach,score_gate,score_4.7_below_5.6
IE,IE042,West,beach,,60,56,osm:way/1460793166,Sruthán,score_gate,score_4.7_below_5.6
IE,IE042,West,beach,,60,56,eea:IEWEBWC360_0000_0300,"Golden Strand, Achill Island",score_gate,score_4.7_below_5.6
IE,IE042,West,beach,,60,56,eea:IEWEBWC250_0000_0350,"Carrowniskey, Louisburgh",score_gate,score_4.7_below_5.6
IE,IE042,West,beach,,60,56,eea:IEWEBWC230_0000_0100,"Goirtín, Cloch Na Rón",score_gate,score_4.7_below_5.6
IE,IE042,West,beach,,60,56,eea:IEWEBWL29_194_0100,Loughrea Lake,score_gate,score_4.7_below_5.6
IE,IE042,West,beach,,60,56,eea:IEWEBWT180_0100_0100,Céibh An Spidéil,score_gate,score_4.7_below_5.6
IE,IE042,West,beach,,60,56,eea:IESHBWL25_191A_0100,Bathing Place At Portumna,score_gate,score_4.7_below_5.6
IE,IE042,West,beach,,60,56,eea:IEWEBWC010_0000_0040,Aillebrack/silverhill Beach,score_gate,score_4.7_below_5.6
IE,IE042,West,beach,,60,56,osm:way/225987952,Baile an Chaisleáin,score_gate,score_4.7_below_5.6
IE,IE042,West,beach,,60,56,osm:way/1016954960,Tooreen,score_gate,score_4.7_below_5.6
IE,IE042,West,beach,,60,56,osm:way/1263246749,Poll na Brioscarnach,score_gate,score_4.7_below_5.6
IE,IE042,West,beach,,60,56,osm:way/1282913927,Mainistir,score_gate,score_4.7_below_5.6
IE,IE042,West,beach,,60,56,osm:way/1283738707,Baile na Creige,score_gate,score_4.7_below_5.6
IE,IE042,West,beach,,60,56,osm:way/1329948837,Eochaill,score_gate,score_4.7_below_5.6
IE,IE042,West,beach,,60,56,osm:way/1354374004,Eoghanacht,score_gate,score_4.7_below_5.6
NO,NO092,Agder,beach,,60,56,osm:way/585758300,Åmlandsstranda,photo_gate,imgs_0_strong_0
NO,NO092,Agder,beach,,60,56,wd:Q20750879,Bendiksbukta,photo_gate,imgs_3_strong_3
NO,NO092,Agder,beach,,60,56,osm:way/19191266,Lundesanden,photo_gate,imgs_0_strong_0
NO,NO092,Agder,beach,,60,56,osm:way/391080392,Grefstadviga,photo_gate,imgs_0_strong_0
NO,NO092,Agder,beach,,60,56,osm:way/391080394,Moysanden,photo_gate,imgs_0_strong_0
NO,NO092,Agder,beach,,60,56,osm:way/649268236,EB-Stranda - Tangen strand,photo_gate,imgs_0_strong_0
NO,NO092,Agder,beach,,60,56,osm:relation/5814167,Husebysanden,photo_gate,imgs_0_strong_0
NO,NO092,Agder,beach,,60,56,osm:relation/15813458,Roresanden,photo_gate,imgs_0_strong_0
NO,NO092,Agder,beach,,60,56,osm:way/391080396,Fugleviga,photo_gate,imgs_0_strong_0
NO,NO092,Agder,beach,,60,56,osm:relation/5725122,Hanangersanden,photo_gate,imgs_0_strong_0
NO,NO092,Agder,beach,,60,56,osm:way/75096241,Bausje,photo_gate,imgs_0_strong_0
NO,NO092,Agder,beach,,60,56,osm:way/391080406,Morvigsanden,score_gate,score_5.4_below_5.6
NO,NO092,Agder,beach,,60,56,osm:node/12726152506,Osbu beach,score_gate,score_5.4_below_5.6
NO,NO092,Agder,beach,,60,56,osm:relation/5725126,Tarevika,score_gate,score_5.4_below_5.6
NO,NO092,Agder,beach,,60,56,osm:way/1423018829,Snig,score_gate,score_5.3_below_5.6
NO,NO092,Agder,beach,,60,56,osm:relation/15813449,Osterkilen,score_gate,score_5.3_below_5.6
NO,NO092,Agder,beach,,60,56,osm:relation/8392575,Nesheimsanden,score_gate,score_5.2_below_5.6
NO,NO092,Agder,beach,,60,56,osm:way/1131168241,Østre Randvik,score_gate,score_5.1_below_5.6
NO,NO092,Agder,beach,,60,56,osm:way/1366693651,Vestre Randvik,score_gate,score_5.1_below_5.6
NO,NO092,Agder,beach,,60,56,osm:way/548691731,Krågevika,score_gate,score_5.1_below_5.6
NO,NO092,Agder,beach,,60,56,osm:relation/21109104,Østre Drasvik,score_gate,score_5.0_below_5.6
NO,NO092,Agder,beach,,60,56,osm:way/294896492,Osevollen badeplass,score_gate,score_5.0_below_5.6
NO,NO092,Agder,beach,,60,56,osm:relation/8728243,Hammerskjær,score_gate,score_5.0_below_5.6
NO,NO092,Agder,beach,,60,56,osm:relation/14955792,Grooseneset,score_gate,score_5.0_below_5.6
NO,NO092,Agder,beach,,60,56,osm:way/599106117,Kådesanden,score_gate,score_5.0_below_5.6
NO,NO092,Agder,beach,,60,56,osm:way/515936595,Eiken,score_gate,score_5.0_below_5.6
NO,NO092,Agder,beach,,60,56,osm:relation/15813450,Hauslandsanden,score_gate,score_4.9_below_5.6
NO,NO092,Agder,beach,,60,56,osm:node/6006683044,Solstrand,score_gate,score_4.9_below_5.6
NO,NO092,Agder,beach,,60,56,osm:way/171039625,Bispen,score_gate,score_4.9_below_5.6
NO,NO092,Agder,beach,,60,56,osm:way/1384013745,Rågeloni Beach,score_gate,score_4.9_below_5.6
NO,NO092,Agder,beach,,60,56,osm:node/1822939795,Gloppan,score_gate,score_4.9_below_5.6
NO,NO092,Agder,beach,,60,56,osm:node/5109619611,Brynestrånna,score_gate,score_4.9_below_5.6
NO,NO092,Agder,beach,,60,56,osm:way/184941700,Tjuvholmen,score_gate,score_4.8_below_5.6
NO,NO092,Agder,beach,,60,56,osm:way/545272670,Legevika,score_gate,score_4.8_below_5.6
NO,NO092,Agder,beach,,60,56,osm:way/164750996,Persøygard,score_gate,score_4.8_below_5.6
NO,NO092,Agder,beach,,60,56,osm:way/355266407,Timlingen,score_gate,score_4.7_below_5.6
NO,NO092,Agder,beach,,60,56,osm:way/460562799,Byremosanden,score_gate,score_4.7_below_5.6
NO,NO092,Agder,beach,,60,56,osm:way/547873461,Bystranda,score_gate,score_4.6_below_5.6
NO,NO092,Agder,beach,,60,56,osm:way/1414381246,Værevoien,score_gate,score_4.6_below_5.6
NO,NO092,Agder,beach,,60,56,osm:relation/8233383,Åros stranda,score_gate,score_4.6_below_5.6
NO,NO092,Agder,beach,,60,56,osm:relation/10687907,Koppsåhylen,score_gate,score_4.6_below_5.6
NO,NO092,Agder,beach,,60,56,osm:way/172954374,Rosfjordsanden,score_gate,score_4.6_below_5.6
NO,NO092,Agder,beach,,60,56,osm:relation/7063126,Kjæring-skallet,score_gate,score_4.5_below_5.6
NO,NO092,Agder,beach,,60,56,osm:relation/10689404,Kjorrmoplassen,score_gate,score_4.5_below_5.6
NO,NO092,Agder,beach,,60,56,osm:relation/13460116,Bøylefoss bru,score_gate,score_4.5_below_5.6
NO,NO092,Agder,beach,,60,56,osm:relation/15813452,Storesand,score_gate,score_4.5_below_5.6
NO,NO092,Agder,beach,,60,56,osm:way/545811322,Sandvikstranna,score_gate,score_4.5_below_5.6
NO,NO092,Agder,beach,,60,56,osm:way/1131168258,Breibukt,score_gate,score_4.4_below_5.6
NO,NO092,Agder,beach,,60,56,osm:way/1459787148,Gråholmen,score_gate,score_4.4_below_5.6
NO,NO092,Agder,beach,,60,56,osm:relation/8631297,Gravane,score_gate,score_4.4_below_5.6
NO,NO092,Agder,beach,,60,56,osm:relation/15813448,Groos,score_gate,score_4.4_below_5.6
NO,NO092,Agder,beach,,60,56,osm:way/502154776,Agnefest,score_gate,score_4.4_below_5.6
NO,NO092,Agder,beach,,60,56,osm:way/361623667,Paradisbukta,score_gate,score_4.4_below_5.6
NO,NO092,Agder,beach,,60,56,osm:way/498814143,Badestranda,score_gate,score_4.4_below_5.6
NO,NO092,Agder,beach,,60,56,osm:way/556757791,Bjelland støa,score_gate,score_4.4_below_5.6
NO,NO092,Agder,beach,,60,56,osm:way/868309668,Toppøy,score_gate,score_4.4_below_5.6
SE,SE214,Gotlands län,beach,,60,56,wd:Q66132387,"Las Palmas, Gotska sandön",photo_gate,imgs_1_strong_1
SE,SE214,Gotlands län,beach,,60,56,osm:relation/8690196,Gotska Sandön,photo_gate,imgs_0_strong_0
SE,SE214,Gotlands län,beach,,60,56,wd:Q106687430,Ardrestranden,photo_gate,imgs_0_strong_0
SE,SE214,Gotlands län,beach,,60,56,osm:way/708078874,Sandvikens Strand,photo_gate,imgs_0_strong_0
SE,SE214,Gotlands län,beach,,60,56,osm:way/436131422,Nordersand,photo_gate,imgs_0_strong_0
SE,SE214,Gotlands län,beach,,60,56,osm:node/988558877,Las Palmas,photo_gate,imgs_0_strong_0
SE,SE214,Gotlands län,beach,,60,56,osm:relation/7313352,Langhammarshammaren,photo_gate,imgs_0_strong_0
SE,SE214,Gotlands län,beach,,60,56,osm:way/707430389,Åminne Strand,photo_gate,imgs_2_strong_2
SE,SE214,Gotlands län,beach,,60,56,osm:way/705828343,Lickershamn,photo_gate,imgs_0_strong_0
SE,SE214,Gotlands län,beach,,60,56,osm:way/1081103331,Vitvikens Strand,photo_gate,imgs_0_strong_0
SE,SE214,Gotlands län,beach,,60,56,osm:way/116647109,Lilla Varbos,photo_gate,imgs_0_strong_0
SE,SE214,Gotlands län,beach,,60,56,osm:way/1094698686,Vitvär,photo_gate,imgs_0_strong_0
SE,SE214,Gotlands län,beach,,60,56,osm:way/292513912,Bungeviken,photo_gate,imgs_0_strong_0
SE,SE214,Gotlands län,beach,,60,56,osm:way/708625055,Aurbacken,photo_gate,imgs_0_strong_0
SE,SE214,Gotlands län,beach,,60,56,osm:way/884866940,Djupviks fiskeläge,photo_gate,imgs_0_strong_0
SE,SE214,Gotlands län,beach,,60,56,wd:Q129565270,Käldhagens strand,score_gate,score_5.5_below_5.6
SE,SE214,Gotlands län,beach,,60,56,osm:way/431066989,Hideviken,score_gate,score_5.5_below_5.6
SE,SE214,Gotlands län,beach,,60,56,osm:relation/7297870,Smahällar,score_gate,score_5.5_below_5.6
SE,SE214,Gotlands län,beach,,60,56,eea:SE0940980000000242,Sandviken,score_gate,score_5.4_below_5.6
SE,SE214,Gotlands län,beach,,60,56,eea:SE0940980000000270,Ihreviken,score_gate,score_5.4_below_5.6
SE,SE214,Gotlands län,beach,,60,56,osm:way/1094119007,Malmunde,score_gate,score_5.4_below_5.6
SE,SE214,Gotlands län,beach,,60,56,osm:way/25931719,Sorkården,score_gate,score_5.3_below_5.6
SE,SE214,Gotlands län,beach,,60,56,osm:node/11065575649,Kappelshamns sandstrand,score_gate,score_5.3_below_5.6
SE,SE214,Gotlands län,beach,,60,56,osm:way/495084478,Lauter,score_gate,score_5.3_below_5.6
SE,SE214,Gotlands län,beach,,60,56,osm:way/498619399,Langhammars,score_gate,score_5.3_below_5.6
SE,SE214,Gotlands län,beach,,60,56,osm:way/1149395913,Kappelshamn,score_gate,score_5.2_below_5.6
SE,SE214,Gotlands län,beach,,60,56,osm:way/942422712,Kyllaj,score_gate,score_5.2_below_5.6
SE,SE214,Gotlands län,beach,,60,56,wd:Q16506203,Burgsbackar,score_gate,score_5.1_below_5.6
SE,SE214,Gotlands län,beach,,60,56,osm:way/1127640889,Askänge,score_gate,score_4.8_below_5.6
SE,SE214,Gotlands län,beach,,60,56,eea:SE0940980000004397,Blå Lagunen,score_gate,score_4.7_below_5.6
SE,SE214,Gotlands län,beach,,60,56,eea:SE0940980000000245,Ljugarn,score_gate,score_4.7_below_5.6
SE,SE214,Gotlands län,beach,,60,56,osm:way/482269629,Raudstajnsstrand,score_gate,score_4.7_below_5.6
SE,SE214,Gotlands län,beach,,60,56,osm:relation/11491895,Bjärby,score_gate,score_4.6_below_5.6
SE,SE214,Gotlands län,beach,,60,56,osm:way/493214443,Norra gattet,score_gate,score_4.6_below_5.6
DK,DK050,Nordjylland,beach,,60,55,wd:Q12304289,Bratten Strand,photo_gate,imgs_3_strong_3
DK,DK050,Nordjylland,beach,,60,55,wd:Q107118110,"Skagen Syd, V, Damstedvej",photo_gate,imgs_1_strong_1
DK,DK050,Nordjylland,beach,,60,55,wd:Q23754167,Novo Public beach,photo_gate,imgs_0_strong_0
DK,DK050,Nordjylland,beach,,60,55,wd:Q17489403,Hals strand,photo_gate,imgs_1_strong_1
DK,DK050,Nordjylland,beach,,60,55,wd:Q23754163,Mulbjerg public beach,photo_gate,imgs_0_strong_0
DK,DK050,Nordjylland,beach,,60,55,wd:Q107172399,Lyngby Strand,photo_gate,imgs_1_strong_1
DK,DK050,Nordjylland,beach,,60,55,wd:Q107117888,"Skagen Søndre Strand, V.vippefyr",photo_gate,imgs_1_strong_1
DK,DK050,Nordjylland,beach,,60,55,wd:Q23754160,Toftskov public beach,photo_gate,imgs_0_strong_0
DK,DK050,Nordjylland,beach,,60,55,wd:Q23754158,Øster Hurup Strand,photo_gate,imgs_1_strong_1
DK,DK050,Nordjylland,beach,,60,55,wd:Q136689360,Danzigmand,photo_gate,imgs_0_strong_0
DK,DK050,Nordjylland,beach,,60,55,osm:way/32083357,Råbjerg Mile,photo_gate,imgs_0_strong_0
DK,DK050,Nordjylland,beach,,60,55,osm:node/13811547973,Hesteskoen,photo_gate,imgs_0_strong_0
DK,DK050,Nordjylland,beach,,60,55,wd:Q133277723,Agger Beach,score_gate,score_5.5_below_5.6
DK,DK050,Nordjylland,beach,,60,55,eea:DKBW298,Vandet Sø,score_gate,score_5.4_below_5.6
DK,DK050,Nordjylland,beach,,60,55,eea:DKBW1899,Østre Havn,score_gate,score_5.4_below_5.6
DK,DK050,Nordjylland,beach,,60,55,osm:way/71339791,Tranum Strand,score_gate,score_5.4_below_5.6
DK,DK050,Nordjylland,beach,,60,55,osm:way/1526128304,Tæbring,score_gate,score_5.2_below_5.6
DK,DK050,Nordjylland,beach,,60,55,osm:way/1535041799,Navet,score_gate,score_4.9_below_5.6
DK,DK050,Nordjylland,beach,,60,55,osm:way/1534817938,Ejerslev Lyng,score_gate,score_4.8_below_5.6
DK,DK050,Nordjylland,beach,,60,55,osm:way/1534893946,Kronborgbugten,score_gate,score_4.8_below_5.6
DK,DK050,Nordjylland,beach,,60,55,eea:DKBW1597,Førby Sø,score_gate,score_4.7_below_5.6
DK,DK050,Nordjylland,beach,,60,55,eea:DKBW308,Kåglanding,score_gate,score_4.7_below_5.6
DK,DK050,Nordjylland,beach,,60,55,eea:DKBW306,Amtoft,score_gate,score_4.7_below_5.6
DK,DK050,Nordjylland,beach,,60,55,eea:DKBW913,"Vester Langeland, Mou (4261)",score_gate,score_4.7_below_5.6
DK,DK050,Nordjylland,beach,,60,55,eea:DKBW1596,Nors Sø,score_gate,score_4.7_below_5.6
DK,DK050,Nordjylland,beach,,60,55,eea:DKBW238,Bjørndrup,score_gate,score_4.7_below_5.6
DK,DK050,Nordjylland,beach,,60,55,eea:DKBW241,Søbugten,score_gate,score_4.7_below_5.6
DK,DK050,Nordjylland,beach,,60,55,eea:DKBW897,Stavn,score_gate,score_4.7_below_5.6
DK,DK050,Nordjylland,beach,,60,55,eea:DKBW243,Karby,score_gate,score_4.7_below_5.6
DK,DK050,Nordjylland,beach,,60,55,eea:DKBW305,"Søndergård, Øsløs",score_gate,score_4.7_below_5.6
DK,DK050,Nordjylland,beach,,60,55,eea:DKBW835,"Kirkebugt, Vest For Østerby Havn",score_gate,score_4.7_below_5.6
DK,DK050,Nordjylland,beach,,60,55,eea:DKBW980,Store Økssø,score_gate,score_4.7_below_5.6
DK,DK050,Nordjylland,beach,,60,55,eea:DKBW1456,V Campingplads Sv For Nibe,score_gate,score_4.7_below_5.6
DK,DK050,Nordjylland,beach,,60,55,eea:DKBW1457,200 M S For Nibe Havn,score_gate,score_4.7_below_5.6
DK,DK050,Nordjylland,beach,,60,55,eea:DKBW288,Doverodde,score_gate,score_4.7_below_5.6
DK,DK050,Nordjylland,beach,,60,55,eea:DKBW299,Sennels,score_gate,score_4.7_below_5.6
DK,DK050,Nordjylland,beach,,60,55,eea:DKBW248,Hulhøj,score_gate,score_4.7_below_5.6
DK,DK050,Nordjylland,beach,,60,55,eea:DKBW292,Kærgård,score_gate,score_4.7_below_5.6
DK,DK050,Nordjylland,beach,,60,55,eea:DKBW663,Illerisøre Strand,score_gate,score_4.7_below_5.6
DK,DK050,Nordjylland,beach,,60,55,eea:DKBW1646,Vestre Fjordpark,score_gate,score_4.7_below_5.6
DK,DK050,Nordjylland,beach,,60,55,eea:DKBW1657,Stistrup Strand,score_gate,score_4.7_below_5.6
DK,DK050,Nordjylland,beach,,60,55,wd:Q107118056,Kandestederne,score_gate,score_4.7_below_5.6
DK,DK050,Nordjylland,beach,,60,55,wd:Q107118067,"Tversted Strand, Ud For Nedkørsel",score_gate,score_4.7_below_5.6
DK,DK050,Nordjylland,beach,,60,55,wd:Q107118090,"Tversted Strand, 500m Øst For Nedkørsel",score_gate,score_4.7_below_5.6
DK,DK050,Nordjylland,beach,,60,55,wd:Q107118097,Bunken Strand,score_gate,score_4.7_below_5.6
DK,DK050,Nordjylland,beach,,60,55,wd:Q107118104,"Hulsig V, Karredvej",score_gate,score_4.7_below_5.6
DK,DK050,Nordjylland,beach,,60,55,eea:DKBW1012,Sjørup Sø,score_gate,score_4.7_below_5.6
DK,DK050,Nordjylland,beach,,60,55,eea:DKBW1501,Klim,score_gate,score_4.7_below_5.6
DK,DK050,Nordjylland,beach,,60,55,eea:DKBW884,Nr. Lyngby Strand,score_gate,score_4.7_below_5.6
DK,DK050,Nordjylland,beach,,60,55,eea:DKBW914,500m Syd For Aalbæk,score_gate,score_4.7_below_5.6
DK,DK050,Nordjylland,beach,,60,55,eea:DKBW1471,"Nordre Strandvej, Ud For Nedkørsel",score_gate,score_4.7_below_5.6
DK,DK050,Nordjylland,beach,,60,55,eea:DKBW251,Ørding,score_gate,score_4.7_below_5.6
DK,DK050,Nordjylland,beach,,60,55,eea:DKBW310,Nr. Vorupør,score_gate,score_4.7_below_5.6
DK,DK050,Nordjylland,beach,,60,55,eea:DKBW311,Stenbjerg,score_gate,score_4.7_below_5.6
DK,DK050,Nordjylland,beach,,60,55,eea:DKBW777,Tornby Strand,score_gate,score_4.7_below_5.6
HR,HR031,Primorsko-goranska županija,beach,,60,55,wd:Q16899579,Sahara Beach,photo_gate,imgs_2_strong_2
HR,HR031,Primorsko-goranska županija,beach,,60,55,osm:way/24872295,Bunculuka,photo_gate,imgs_1_strong_1
HR,HR031,Primorsko-goranska županija,beach,,60,55,osm:way/297826479,Pesja,photo_gate,imgs_3_strong_3
HR,HR031,Primorsko-goranska županija,beach,,60,55,osm:way/220301222,Drenova beach,photo_gate,imgs_3_strong_0
HR,HR031,Primorsko-goranska županija,beach,,60,55,osm:way/229296083,Spjaža,photo_gate,imgs_2_strong_1
HR,HR031,Primorsko-goranska županija,beach,,60,55,osm:way/220301223,Rajla,photo_gate,imgs_2_strong_0
HR,HR031,Primorsko-goranska županija,beach,,60,55,osm:way/265286875,Veli Mel,photo_gate,imgs_0_strong_0
HR,HR031,Primorsko-goranska županija,beach,,60,55,osm:way/285483171,Politin,photo_gate,imgs_0_strong_0
HR,HR031,Primorsko-goranska županija,beach,,60,55,osm:way/116632991,vela beach,photo_gate,imgs_0_strong_0
HR,HR031,Primorsko-goranska županija,beach,,60,55,osm:way/329302591,Gradsko kupalište,photo_gate,imgs_0_strong_0
HR,HR031,Primorsko-goranska županija,beach,,60,55,osm:way/976125883,Uvala Stipanja,photo_gate,imgs_0_strong_0
HR,HR031,Primorsko-goranska županija,beach,,60,55,osm:node/9958681613,Prelesje,photo_gate,imgs_0_strong_0
HR,HR031,Primorsko-goranska županija,beach,,60,55,osm:way/285483181,Uvala Dunat,photo_gate,imgs_0_strong_0
HR,HR031,Primorsko-goranska županija,beach,,60,55,osm:node/12107765053,Bribirska beach,photo_gate,imgs_0_strong_0
HR,HR031,Primorsko-goranska županija,beach,,60,55,osm:way/303703386,Putina,photo_gate,imgs_0_strong_0
HR,HR031,Primorsko-goranska županija,beach,,60,55,osm:way/1408438489,Uvala Vodotoč,photo_gate,imgs_0_strong_0
HR,HR031,Primorsko-goranska županija,beach,,60,55,osm:way/93862789,Medveja,score_gate,score_5.5_below_5.6
HR,HR031,Primorsko-goranska županija,beach,,60,55,osm:way/171925923,Skrila Sunny beach,score_gate,score_5.5_below_5.6
HR,HR031,Primorsko-goranska županija,beach,,60,55,osm:way/1374135835,Glavna gradska plaža,score_gate,score_5.5_below_5.6
HR,HR031,Primorsko-goranska županija,beach,,60,55,osm:way/87333081,Oprna,score_gate,score_5.5_below_5.6
HR,HR031,Primorsko-goranska županija,beach,,60,55,osm:way/977917277,Krajska Lučica,score_gate,score_5.4_below_5.6
HR,HR031,Primorsko-goranska županija,beach,,60,55,osm:node/14042263927,FKK beach Kamp Slatina,score_gate,score_5.4_below_5.6
HR,HR031,Primorsko-goranska županija,beach,,60,55,osm:way/166745812,Uvala Blatina,score_gate,score_5.4_below_5.6
HR,HR031,Primorsko-goranska županija,beach,,60,55,osm:way/629232566,Pod Kovač / Secret Beach,score_gate,score_5.4_below_5.6
HR,HR031,Primorsko-goranska županija,beach,,60,55,osm:way/503096087,Opatija,score_gate,score_5.3_below_5.6
HR,HR031,Primorsko-goranska županija,beach,,60,55,osm:way/440451511,Cesarova,score_gate,score_5.3_below_5.6
HR,HR031,Primorsko-goranska županija,beach,,60,55,osm:way/524392053,Town beach,score_gate,score_5.3_below_5.6
HR,HR031,Primorsko-goranska županija,beach,,60,55,osm:way/624772259,Koralj,score_gate,score_5.3_below_5.6
HR,HR031,Primorsko-goranska županija,beach,,60,55,osm:way/1374139184,Plaža Prva Dražica,score_gate,score_5.3_below_5.6
HR,HR031,Primorsko-goranska županija,beach,,60,55,osm:way/285483173,Uvala Sveti Danijel,score_gate,score_5.3_below_5.6
HR,HR031,Primorsko-goranska županija,beach,,60,55,osm:way/430678032,Potpećina,score_gate,score_5.3_below_5.6
HR,HR031,Primorsko-goranska županija,beach,,60,55,osm:way/451419576,Plaža Tomaševac,score_gate,score_5.3_below_5.6
HR,HR031,Primorsko-goranska županija,beach,,60,55,osm:way/175512438,Sipar sveti Ivan,score_gate,score_5.2_below_5.6
HR,HR031,Primorsko-goranska županija,beach,,60,55,osm:way/352882428,Plaža Ičići,score_gate,score_5.2_below_5.6
HR,HR031,Primorsko-goranska županija,beach,,60,55,osm:way/921010824,Uvala Barbat,score_gate,score_5.2_below_5.6
HR,HR031,Primorsko-goranska županija,beach,,60,55,osm:way/717529018,Kaštel beach,score_gate,score_5.2_below_5.6
HR,HR031,Primorsko-goranska županija,beach,,60,55,osm:way/38323389,Tiha,score_gate,score_5.1_below_5.6
HR,HR031,Primorsko-goranska županija,beach,,60,55,osm:way/602502516,Dražica,score_gate,score_5.1_below_5.6
HR,HR031,Primorsko-goranska županija,beach,,60,55,osm:way/329759336,Stara Porozina,score_gate,score_5.1_below_5.6
HR,HR031,Primorsko-goranska županija,beach,,60,55,osm:way/908373659,Uvala Konobe,score_gate,score_5.1_below_5.6
HR,HR031,Primorsko-goranska županija,beach,,60,55,osm:way/421616136,Kostrena,score_gate,score_5.0_below_5.6
HR,HR031,Primorsko-goranska županija,beach,,60,55,osm:way/281086582,Beach for the disabled,score_gate,score_5.0_below_5.6
HR,HR031,Primorsko-goranska županija,beach,,60,55,osm:way/38894288,Zdovice,score_gate,score_4.9_below_5.6
HR,HR031,Primorsko-goranska županija,beach,,60,55,osm:way/129088788,Zgribnica,score_gate,score_4.9_below_5.6
HR,HR031,Primorsko-goranska županija,beach,,60,55,osm:way/515686888,Beach for childs (no dogs),score_gate,score_4.9_below_5.6
HR,HR031,Primorsko-goranska županija,beach,,60,55,osm:way/729512091,Uvala Pod Crikvu,score_gate,score_4.9_below_5.6
HR,HR031,Primorsko-goranska županija,beach,,60,55,osm:way/715018057,Janijeva,score_gate,score_4.9_below_5.6
HR,HR031,Primorsko-goranska županija,beach,,60,55,osm:way/279371676,Bivio,score_gate,score_4.9_below_5.6
HR,HR031,Primorsko-goranska županija,beach,,60,55,osm:way/1191748763,Kupalište Riviera,score_gate,score_4.9_below_5.6
HR,HR031,Primorsko-goranska županija,beach,,60,55,osm:way/871601518,Uvala Velike Slatine,score_gate,score_4.9_below_5.6
HR,HR031,Primorsko-goranska županija,beach,,60,55,osm:way/1126518672,Vajavina,score_gate,score_4.9_below_5.6
HR,HR031,Primorsko-goranska županija,beach,,60,55,osm:way/926684177,Uvala Pećina,score_gate,score_4.9_below_5.6
HR,HR031,Primorsko-goranska županija,beach,,60,55,osm:way/279683417,Artatore,score_gate,score_4.8_below_5.6
HR,HR031,Primorsko-goranska županija,beach,,60,55,osm:way/230100682,Plaža Sveti Ilija jug,score_gate,score_4.8_below_5.6
HR,HR031,Primorsko-goranska županija,beach,,60,55,osm:way/929660109,Beli,score_gate,score_4.8_below_5.6
DE,DE80L,Vorpommern-Rügen,beach,,60,54,wd:Q1388707,Schmale Heide,photo_gate,imgs_0_strong_0
DE,DE80L,Vorpommern-Rügen,beach,,60,54,wd:Q15785306,Bakenberg,photo_gate,imgs_0_strong_0
DE,DE80L,Vorpommern-Rügen,beach,,60,54,wd:Q33326586,Großer Strand,photo_gate,imgs_0_strong_0
DE,DE80L,Vorpommern-Rügen,beach,,60,54,osm:way/25681717,Haken,photo_gate,imgs_0_strong_0
DE,DE80L,Vorpommern-Rügen,beach,,60,54,osm:way/1421256346,Nordstrand,photo_gate,imgs_0_strong_0
DE,DE80L,Vorpommern-Rügen,beach,,60,54,wd:Q136410113,Beach of Zingst,photo_gate,imgs_3_strong_3
DE,DE80L,Vorpommern-Rügen,beach,,60,54,osm:way/157308877,Lietzow,score_gate,score_5.5_below_5.6
DE,DE80L,Vorpommern-Rügen,beach,,60,54,osm:way/1343007828,Dierhagen Ost,score_gate,score_5.5_below_5.6
DE,DE80L,Vorpommern-Rügen,beach,,60,54,eea:DEMV_PR_1_0201,Ostsee Zingst Sundische Wiese,score_gate,score_4.7_below_5.6
ES,ES111,A Coruña,beach,,60,54,wd:Q12398074,Beach of Bastiagueiro,photo_gate,imgs_3_strong_3
ES,ES111,A Coruña,beach,,60,54,wd:Q28121681,Lariño,photo_gate,imgs_0_strong_0
ES,ES111,A Coruña,beach,,60,54,wd:Q20548622,Praia da Frouxeira,photo_gate,imgs_0_strong_0
ES,ES111,A Coruña,beach,,60,54,wd:Q26945285,"Beach of Esteiro, Mañón",photo_gate,imgs_0_strong_0
ES,ES111,A Coruña,beach,,60,54,wd:Q24003099,Baldaio beach,photo_gate,imgs_0_strong_0
ES,ES111,A Coruña,beach,,60,54,osm:way/200584139,Praia de San Pedro,photo_gate,imgs_0_strong_0
ES,ES111,A Coruña,beach,,60,54,wd:Q20542521,Beach of A Madanela,photo_gate,imgs_0_strong_0
ES,ES111,A Coruña,beach,,60,54,wd:Q12398093,Beach of Santa Cristina,photo_gate,imgs_0_strong_0
ES,ES111,A Coruña,beach,,60,54,wd:Q28121875,Soesto,photo_gate,imgs_0_strong_0
ES,ES111,A Coruña,beach,,60,54,wd:Q28121877,Traba Beach,photo_gate,imgs_0_strong_0
ES,ES111,A Coruña,beach,,60,54,wd:Q24024609,Barraña,photo_gate,imgs_0_strong_0
ES,ES111,A Coruña,beach,,60,54,wd:Q20549737,Carragueiros,photo_gate,imgs_0_strong_0
ES,ES111,A Coruña,beach,,60,54,wd:Q20545096,Beach of A Aguieira,photo_gate,imgs_0_strong_0
ES,ES111,A Coruña,beach,,60,54,wd:Q2107545,Beach of Carnota,photo_gate,imgs_0_strong_0
ES,ES111,A Coruña,beach,,60,54,wd:Q18576054,Adormideiras,photo_gate,imgs_0_strong_0
ES,ES111,A Coruña,beach,,60,54,wd:Q20543103,Grande de Miño,photo_gate,imgs_0_strong_0
ES,ES111,A Coruña,beach,,60,54,wd:Q25509129,Barrañán,photo_gate,imgs_0_strong_0
ES,ES111,A Coruña,beach,,60,54,wd:Q28121665,Razo,photo_gate,imgs_0_strong_0
ES,ES111,A Coruña,beach,,60,54,wd:Q24024604,Playa Coroso,photo_gate,imgs_0_strong_0
ES,ES111,A Coruña,beach,,60,54,wd:Q20542779,Beach of Espiñeirido,photo_gate,imgs_0_strong_0
ES,ES111,A Coruña,beach,,60,54,wd:Q23995169,praia da Lagosteira,photo_gate,imgs_0_strong_0
ES,ES111,A Coruña,beach,,60,54,wd:Q25509130,Combouzas,photo_gate,imgs_0_strong_0
ES,ES111,A Coruña,beach,,60,54,wd:Q28121964,Canaval,photo_gate,imgs_0_strong_0
ES,ES111,A Coruña,beach,,60,54,wd:Q28121874,Laxe,photo_gate,imgs_0_strong_0
ES,ES111,A Coruña,beach,,60,54,wd:Q28121907,San Francisco,photo_gate,imgs_0_strong_0
ES,ES111,A Coruña,beach,,60,54,wd:Q28121797,Salomba,photo_gate,imgs_0_strong_0
ES,ES111,A Coruña,beach,,60,54,wd:Q28121904,Area Maior,photo_gate,imgs_0_strong_0
ES,ES111,A Coruña,beach,,60,54,wd:Q28121887,Seiruga,photo_gate,imgs_0_strong_0
ES,ES111,A Coruña,beach,,60,54,wd:Q28121843,San Xurxo,photo_gate,imgs_0_strong_0
ES,ES111,A Coruña,beach,,60,54,wd:Q28121688,Beo,photo_gate,imgs_0_strong_0
ES,ES111,A Coruña,beach,,60,54,wd:Q28122066,O Castro,photo_gate,imgs_0_strong_0
ES,ES111,A Coruña,beach,,60,54,wd:Q24003799,Gandarío,photo_gate,imgs_0_strong_0
ES,ES111,A Coruña,beach,,60,54,wd:Q28121801,Caldebarcos,photo_gate,imgs_0_strong_0
ES,ES111,A Coruña,beach,,60,54,wd:Q28122025,Rio Sieira,photo_gate,imgs_0_strong_0
ES,ES111,A Coruña,beach,,60,54,wd:Q24024572,Playa Valcovo,photo_gate,imgs_0_strong_0
ES,ES111,A Coruña,beach,,60,54,wd:Q28121803,Cons,photo_gate,imgs_0_strong_0
ES,ES111,A Coruña,beach,,60,54,osm:way/290004930,Praia da Vouga,photo_gate,imgs_0_strong_0
ES,ES111,A Coruña,beach,,60,54,osm:relation/2600152,Praia de Prameán,photo_gate,imgs_0_strong_0
ES,ES111,A Coruña,beach,,60,54,wd:Q19744443,Beach of A Arnela,photo_gate,imgs_0_strong_0
ES,ES111,A Coruña,beach,,60,54,wd:Q61389931,Beach of Ponzos,photo_gate,imgs_0_strong_0
ES,ES111,A Coruña,beach,,60,54,wd:Q28121893,Perbes,photo_gate,imgs_0_strong_0
ES,ES111,A Coruña,beach,,60,54,wd:Q20542981,Beach of Bens,photo_gate,imgs_0_strong_0
ES,ES111,A Coruña,beach,,60,54,wd:Q23992574,Praia Sarridal,photo_gate,imgs_0_strong_0
ES,ES111,A Coruña,beach,,60,54,osm:way/976147493,A Boca do Río,photo_gate,imgs_0_strong_0
ES,ES111,A Coruña,beach,,60,54,wd:Q23992476,Praia de Santa Comba,photo_gate,imgs_0_strong_0
ES,ES111,A Coruña,beach,,60,54,osm:way/294809919,Praia de Queiruga,photo_gate,imgs_0_strong_0
ES,ES111,A Coruña,beach,,60,54,wd:Q12398079,Chanteiro,photo_gate,imgs_0_strong_0
ES,ES111,A Coruña,beach,,60,54,wd:Q12398069,A Torre,photo_gate,imgs_0_strong_0
ES,ES111,A Coruña,beach,,60,54,wd:Q24023129,Playa Santa Cruz de Oleiros,photo_gate,imgs_0_strong_0
ES,ES111,A Coruña,beach,,60,54,wd:Q20544056,Corna,photo_gate,imgs_0_strong_0
ES,ES111,A Coruña,beach,,60,54,wd:Q28121438,A Salsa,photo_gate,imgs_0_strong_0
ES,ES111,A Coruña,beach,,60,54,wd:Q28121856,Mar de Fóra,photo_gate,imgs_0_strong_0
ES,ES111,A Coruña,beach,,60,54,wd:Q28122018,Balarés,photo_gate,imgs_0_strong_0
ES,ES111,A Coruña,beach,,60,54,wd:Q28121450,Ares,photo_gate,imgs_0_strong_0
EE,EE004,Lääne-Eesti,beach,,60,54,osm:way/50807545,Kuressaare rand,photo_gate,imgs_2_strong_2
EE,EE004,Lääne-Eesti,beach,,60,54,osm:way/1106533746,Seljametsa beach,photo_gate,imgs_1_strong_1
EE,EE004,Lääne-Eesti,beach,,60,54,osm:way/32686967,Tõrvanina beach,photo_gate,imgs_0_strong_0
EE,EE004,Lääne-Eesti,beach,,60,54,osm:way/364182053,Peraküla beach,photo_gate,imgs_2_strong_2
EE,EE004,Lääne-Eesti,beach,,60,54,wd:Q113145689,Kassari beach,photo_gate,imgs_0_strong_0
EE,EE004,Lääne-Eesti,beach,,60,54,osm:node/7801647974,Kaleste rand,photo_gate,imgs_0_strong_0
EE,EE004,Lääne-Eesti,beach,,60,54,osm:way/706170757,Puise beach,photo_gate,imgs_1_strong_1
EE,EE004,Lääne-Eesti,beach,,60,54,osm:relation/4256178,Valgerand,photo_gate,imgs_0_strong_0
EE,EE004,Lääne-Eesti,beach,,60,54,osm:way/837246397,Luidja beach,photo_gate,imgs_1_strong_1
EE,EE004,Lääne-Eesti,beach,,60,54,osm:way/1150264544,Liivalauka beach,photo_gate,imgs_0_strong_0
EE,EE004,Lääne-Eesti,beach,,60,54,osm:way/548228926,Hoitstainvike,photo_gate,imgs_0_strong_0
EE,EE004,Lääne-Eesti,beach,,60,54,osm:way/69162906,Pallasmaa beach,photo_gate,imgs_0_strong_0
EE,EE004,Lääne-Eesti,beach,,60,54,osm:way/1074581694,Ermistu puhkeküla beach,photo_gate,imgs_0_strong_0
EE,EE004,Lääne-Eesti,beach,,60,54,osm:way/45531447,Matsi rand,photo_gate,imgs_0_strong_0
EE,EE004,Lääne-Eesti,beach,,60,54,osm:way/443042622,Roosta Beach,photo_gate,imgs_1_strong_1
EE,EE004,Lääne-Eesti,beach,,60,54,osm:way/507951893,Mändjala Beach,photo_gate,imgs_0_strong_0
EE,EE004,Lääne-Eesti,beach,,60,54,osm:way/1365363057,Kassesilm,photo_gate,imgs_0_strong_0
EE,EE004,Lääne-Eesti,beach,,60,54,osm:way/649659468,Metskonna Beach,photo_gate,imgs_0_strong_0
EE,EE004,Lääne-Eesti,beach,,60,54,osm:way/1184941880,Paope beach,photo_gate,imgs_0_strong_0
EE,EE004,Lääne-Eesti,beach,,60,54,osm:way/1180466882,Matsi beach,photo_gate,imgs_0_strong_0
EE,EE004,Lääne-Eesti,beach,,60,54,osm:way/1184933749,Hirmuste beach,photo_gate,imgs_0_strong_0
EE,EE004,Lääne-Eesti,beach,,60,54,osm:way/1184960137,Prähnu beach,photo_gate,imgs_0_strong_0
EE,EE004,Lääne-Eesti,beach,,60,54,wd:Q31275507,Vana-Pärnu rand,score_gate,score_5.4_below_5.6
EE,EE004,Lääne-Eesti,beach,,60,54,osm:way/1172585588,Pärnu Veteran park beach,score_gate,score_5.4_below_5.6
EE,EE004,Lääne-Eesti,beach,,60,54,osm:way/1178800037,Saarde paisjärve ujumiskoht,score_gate,score_5.4_below_5.6
EE,EE004,Lääne-Eesti,beach,,60,54,osm:way/1184426921,Lalli ujumiskoht,score_gate,score_5.4_below_5.6
EE,EE004,Lääne-Eesti,beach,,60,54,osm:way/1181719511,Tirbi ujumiskoht,score_gate,score_5.3_below_5.6
EE,EE004,Lääne-Eesti,beach,,60,54,osm:way/1181726365,Virtsu Vanaluubi ujumiskoht,score_gate,score_5.3_below_5.6
EE,EE004,Lääne-Eesti,beach,,60,54,osm:way/1182210082,Saialille ujumiskoht,score_gate,score_5.3_below_5.6
EE,EE004,Lääne-Eesti,beach,,60,54,osm:way/1390301316,Tiigi pargi ujumiskoht,score_gate,score_5.3_below_5.6
EE,EE004,Lääne-Eesti,beach,,60,54,osm:way/1365363054,Kasselaid,score_gate,score_5.3_below_5.6
EE,EE004,Lääne-Eesti,beach,,60,54,osm:way/511674961,Vasikaholm beach,score_gate,score_5.2_below_5.6
EE,EE004,Lääne-Eesti,beach,,60,54,osm:way/1190597808,Kellissaare ujumiskoht,score_gate,score_5.2_below_5.6
EE,EE004,Lääne-Eesti,beach,,60,54,osm:way/1178808308,Jõulumäe Tervisekeskuse ujumiskoht,score_gate,score_5.2_below_5.6
EE,EE004,Lääne-Eesti,beach,,60,54,wd:Q133515082,Parnu ladies beach,score_gate,score_5.1_below_5.6
EE,EE004,Lääne-Eesti,beach,,60,54,osm:way/412119771,Rae Lake's beach,score_gate,score_5.1_below_5.6
EE,EE004,Lääne-Eesti,beach,,60,54,osm:way/1178802580,Laiksaare järve ujumiskoht,score_gate,score_5.1_below_5.6
EE,EE004,Lääne-Eesti,beach,,60,54,osm:way/1180460583,Sindi väliujula,score_gate,score_5.1_below_5.6
EE,EE004,Lääne-Eesti,beach,,60,54,osm:way/1184948120,Mangu beach,score_gate,score_5.1_below_5.6
EE,EE004,Lääne-Eesti,beach,,60,54,osm:way/1185669999,Pärnu jõe Pahke ujumiskoht,score_gate,score_5.1_below_5.6
EE,EE004,Lääne-Eesti,beach,,60,54,osm:way/45572746,Rooglaid,score_gate,score_4.9_below_5.6
EE,EE004,Lääne-Eesti,beach,,60,54,osm:way/1158920464,Kullamaa ujumiskoht,score_gate,score_4.9_below_5.6
EE,EE004,Lääne-Eesti,beach,,60,54,osm:way/1181769946,Alu beach,score_gate,score_4.9_below_5.6
EE,EE004,Lääne-Eesti,beach,,60,54,osm:way/1183409992,Sandla ujumiskoht,score_gate,score_4.9_below_5.6
EE,EE004,Lääne-Eesti,beach,,60,54,osm:way/1186155185,Onni beach,score_gate,score_4.9_below_5.6
EE,EE004,Lääne-Eesti,beach,,60,54,osm:way/1161084242,Muratsi Harbour beach,score_gate,score_4.8_below_5.6
EE,EE004,Lääne-Eesti,beach,,60,54,osm:way/1178525050,Laisilla ujumiskoht,score_gate,score_4.8_below_5.6
EE,EE004,Lääne-Eesti,beach,,60,54,osm:way/1178777050,Rahujärve ujumiskoht,score_gate,score_4.8_below_5.6
EE,EE004,Lääne-Eesti,beach,,60,54,osm:way/1178799522,Väike-Lavi beach,score_gate,score_4.8_below_5.6
EE,EE004,Lääne-Eesti,beach,,60,54,osm:way/1178801151,Sillaotsa beach,score_gate,score_4.8_below_5.6
EE,EE004,Lääne-Eesti,beach,,60,54,osm:way/1180460005,Viira ujumiskoht,score_gate,score_4.8_below_5.6
EE,EE004,Lääne-Eesti,beach,,60,54,osm:way/1181728901,Pitsalu tiigi ujumiskoht,score_gate,score_4.8_below_5.6
EE,EE004,Lääne-Eesti,beach,,60,54,osm:way/1183418072,Kasari ujumiskoht,score_gate,score_4.8_below_5.6
EE,EE004,Lääne-Eesti,beach,,60,54,osm:way/1183433838,Säärenina beach,score_gate,score_4.8_below_5.6
FR,FRH04,Morbihan,beach,,60,54,wd:Q120212371,plage du Poudrantais,photo_gate,imgs_1_strong_1
FR,FRH04,Morbihan,beach,,60,54,wd:Q23927489,plage de la Mine d'Or,photo_gate,imgs_3_strong_3
FR,FRH04,Morbihan,beach,,60,54,wd:Q123258140,plage du Goret de l’Île aux Moines,photo_gate,imgs_1_strong_1
FR,FRH04,Morbihan,beach,,60,54,wd:Q17347180,Plage du Salus,photo_gate,imgs_3_strong_3
FR,FRH04,Morbihan,beach,,60,54,wd:Q115137082,Plage de Kerminihy,photo_gate,imgs_1_strong_1
FR,FRH04,Morbihan,beach,,60,54,wd:Q3390857,plage de Port Miquel,photo_gate,imgs_3_strong_3
FR,FRH04,Morbihan,beach,,60,54,wd:Q49322726,plage des Grands Sables,score_gate,score_5.5_below_5.6
FR,FRH04,Morbihan,beach,,60,54,wd:Q49322597,plage de Kerbilouet,score_gate,score_5.5_below_5.6
FR,FRH04,Morbihan,beach,,60,54,wd:Q49322602,plage de Kerver,score_gate,score_5.5_below_5.6
FR,FRH04,Morbihan,beach,,60,54,wd:Q49322599,plage de Kerguélen,score_gate,score_5.5_below_5.6
FR,FRH04,Morbihan,beach,,60,54,osm:way/40402840,Plage des Poulains,score_gate,score_5.4_below_5.6
FR,FRH04,Morbihan,beach,,60,54,osm:way/40402851,Plage de Stêr-Vraz,score_gate,score_5.4_below_5.6
FR,FRH04,Morbihan,beach,,60,54,osm:way/430210721,Plage de Bordery,score_gate,score_5.4_below_5.6
FR,FRH04,Morbihan,beach,,60,54,osm:way/430210722,Plage de Deuborh,score_gate,score_5.4_below_5.6
FR,FRH04,Morbihan,beach,,60,54,osm:way/430213415,Plage de Port Puce,score_gate,score_5.4_below_5.6
FR,FRH04,Morbihan,beach,,60,54,wd:Q120210934,Saint-Colomban beach,score_gate,score_5.3_below_5.6
FR,FRH04,Morbihan,beach,,60,54,wd:Q97015140,Plage de Kervillen,score_gate,score_5.3_below_5.6
FR,FRH04,Morbihan,beach,,60,54,osm:way/411379387,Plage de la Falaise,score_gate,score_5.3_below_5.6
FR,FRH04,Morbihan,beach,,60,54,osm:way/27114603,Plage des Sables Rouges,score_gate,score_5.3_below_5.6
FR,FRH04,Morbihan,beach,,60,54,osm:way/1024554203,Plage de Locmaria,score_gate,score_5.3_below_5.6
FR,FRH04,Morbihan,beach,,60,54,osm:node/8296634485,Plage naturiste,score_gate,score_5.3_below_5.6
FR,FRH04,Morbihan,beach,,60,54,osm:way/169131968,Plage de Penboch,score_gate,score_5.3_below_5.6
FR,FRH04,Morbihan,beach,,60,54,osm:way/169132738,Anse Jeannine,score_gate,score_5.3_below_5.6
FR,FRH04,Morbihan,beach,,60,54,osm:way/496470976,Plage du Halguen,score_gate,score_5.3_below_5.6
FR,FRH04,Morbihan,beach,,60,54,osm:way/496470977,Plage de Camaret,score_gate,score_5.3_below_5.6
FR,FRH04,Morbihan,beach,,60,54,osm:relation/8705179,Plage du Lomer,score_gate,score_5.3_below_5.6
FR,FRH04,Morbihan,beach,,60,54,osm:way/24422464,Grève de la Nourriguel,score_gate,score_5.3_below_5.6
FR,FRH04,Morbihan,beach,,60,54,osm:way/170211739,Plage de Port Andro,score_gate,score_5.3_below_5.6
FR,FRH04,Morbihan,beach,,60,54,osm:way/183484250,Plage du Treno,score_gate,score_5.3_below_5.6
FR,FRH04,Morbihan,beach,,60,54,osm:way/231687966,Plage des Enfants,score_gate,score_5.3_below_5.6
FR,FRH04,Morbihan,beach,,60,54,osm:relation/7477816,Plage de Loscolo,score_gate,score_5.3_below_5.6
FR,FRH04,Morbihan,beach,,60,54,osm:way/176020639,Plage de Dotchot,score_gate,score_5.3_below_5.6
FR,FRH04,Morbihan,beach,,60,54,osm:way/23032058,Plage de Locmariaquer,score_gate,score_5.3_below_5.6
FR,FRH04,Morbihan,beach,,60,54,osm:way/24573675,Plage de l'Anse du Stole,score_gate,score_5.3_below_5.6
FR,FRH04,Morbihan,beach,,60,54,osm:way/26418419,Port-Fontaine,score_gate,score_5.3_below_5.6
FR,FRH04,Morbihan,beach,,60,54,osm:way/226398145,Plage du Petit Pérello,score_gate,score_5.3_below_5.6
FR,FRH04,Morbihan,beach,,60,54,osm:way/506568149,Plage de la Source,score_gate,score_5.3_below_5.6
FR,FRH04,Morbihan,beach,,60,54,osm:way/560658202,Plage du Toul Keun,score_gate,score_5.3_below_5.6
FR,FRH04,Morbihan,beach,,60,54,osm:way/957870757,Plage de Locqueltas,score_gate,score_5.3_below_5.6
FR,FRH04,Morbihan,beach,,60,54,wd:Q49322558,Plage de Herlin,score_gate,score_5.1_below_5.6
FR,FRH04,Morbihan,beach,,60,54,wd:Q49322660,plage de Penthièvre,score_gate,score_4.9_below_5.6
FR,FRH04,Morbihan,beach,,60,54,osm:way/23038009,Plage du Roaliguen,score_gate,score_4.9_below_5.6
FR,FRH04,Morbihan,beach,,60,54,osm:way/23860690,Plage du Courégant,score_gate,score_4.8_below_5.6
FR,FRH04,Morbihan,beach,,60,54,osm:way/256227671,Port Melin,score_gate,score_4.8_below_5.6
FR,FRH04,Morbihan,beach,,60,54,osm:way/255896659,Plage de Port-Blanc,score_gate,score_4.8_below_5.6
FR,FRH04,Morbihan,beach,,60,54,osm:way/467790338,Plage du Maresclé,score_gate,score_4.7_below_5.6
FR,FRH04,Morbihan,beach,,60,54,osm:node/8299993597,Crique naturiste,score_gate,score_4.7_below_5.6
FR,FRH04,Morbihan,beach,,60,54,osm:way/23860684,Plage du Loc'h,score_gate,score_4.7_below_5.6
FR,FRH04,Morbihan,beach,,60,54,osm:way/236474745,Kerguen,score_gate,score_4.7_below_5.6
FR,FRH04,Morbihan,beach,,60,54,osm:way/255992150,Plage des Sables Rouges,score_gate,score_4.7_below_5.6
FR,FRH04,Morbihan,beach,,60,54,osm:way/256018057,Plage de Porz Skedoul,score_gate,score_4.7_below_5.6
FR,FRH04,Morbihan,beach,,60,54,osm:way/698885305,Plage de Port Fouquet,score_gate,score_4.7_below_5.6
FR,FRH04,Morbihan,beach,,60,54,osm:way/23049204,Plage de Landrezac,score_gate,score_4.7_below_5.6
FR,FRH04,Morbihan,beach,,60,54,osm:way/24227390,Plage de Kercambre,score_gate,score_4.7_below_5.6
IE,IE053,South-West ,beach,,60,54,wd:Q4461740,Tragumna,photo_gate,imgs_0_strong_0
IE,IE053,South-West ,beach,,60,54,osm:relation/2789141,Men's Beach,photo_gate,imgs_1_strong_1
IE,IE053,South-West ,beach,,60,54,wd:Q15264841,Owenahincha,photo_gate,imgs_1_strong_0
IE,IE053,South-West ,beach,,60,54,osm:way/58876888,Myrtleville Beach,photo_gate,imgs_2_strong_2
IE,IE053,South-West ,beach,,60,54,osm:way/256859659,The Long Strand,photo_gate,imgs_0_strong_0
IE,IE053,South-West ,beach,,60,54,osm:way/165985431,Garretstown Strand,photo_gate,imgs_2_strong_2
IE,IE053,South-West ,beach,,60,54,osm:way/983603155,An Cúl Tráigh,photo_gate,imgs_0_strong_0
IE,IE053,South-West ,beach,,60,54,osm:way/165985941,White Strand,photo_gate,imgs_1_strong_1
IE,IE053,South-West ,beach,,60,54,osm:way/1002791361,Stony Beach,photo_gate,imgs_0_strong_0
IE,IE053,South-West ,beach,,60,54,osm:way/175567926,Tralispean,photo_gate,imgs_0_strong_0
IE,IE053,South-West ,beach,,60,54,osm:relation/5957120,Barley Cove,photo_gate,imgs_0_strong_0
IE,IE053,South-West ,beach,,60,54,osm:way/88015863,Fountainstown Beach,photo_gate,imgs_3_strong_3
IE,IE053,South-West ,beach,,60,54,osm:way/979142775,Trá na Bó,photo_gate,imgs_0_strong_0
IE,IE053,South-West ,beach,,60,54,osm:way/131940359,Kells Beach,photo_gate,imgs_2_strong_2
IE,IE053,South-West ,beach,,60,54,osm:way/228767312,Sandy Bay Beach,photo_gate,imgs_0_strong_0
IE,IE053,South-West ,beach,,60,54,osm:way/330908387,Back strand,photo_gate,imgs_0_strong_0
IE,IE053,South-West ,beach,,60,54,osm:way/431190156,Reenrow Beach,photo_gate,imgs_0_strong_0
IE,IE053,South-West ,beach,,60,54,osm:relation/12312910,Long Strand,photo_gate,imgs_0_strong_0
IE,IE053,South-West ,beach,,60,54,osm:node/9497533103,Trá an Ghleanntáin,photo_gate,imgs_0_strong_0
IE,IE053,South-West ,beach,,60,54,osm:way/256859658,Little Island Strand,photo_gate,imgs_0_strong_0
IE,IE053,South-West ,beach,,60,54,wd:Q105612820,Inny Strand,photo_gate,imgs_0_strong_0
IE,IE053,South-West ,beach,,60,54,osm:node/9497480163,Trá Phraisce,photo_gate,imgs_1_strong_0
IE,IE053,South-West ,beach,,60,54,osm:way/347757212,Garranefeen Strand,photo_gate,imgs_0_strong_0
IE,IE053,South-West ,beach,,60,54,osm:relation/2809860,Tráigh Bhéal Bán,photo_gate,imgs_0_strong_0
IE,IE053,South-West ,beach,,60,54,osm:way/320560459,Emlagh Strand,photo_gate,imgs_1_strong_0
IE,IE053,South-West ,beach,,60,54,osm:way/908569445,Glanbeg Beach,photo_gate,imgs_0_strong_0
IE,IE053,South-West ,beach,,60,54,osm:way/190627105,White Strand,photo_gate,imgs_0_strong_0
IE,IE053,South-West ,beach,,60,54,osm:way/190629030,Main Beach,photo_gate,imgs_0_strong_0
IE,IE053,South-West ,beach,,60,54,osm:way/1001383957,Liath Oileán,photo_gate,imgs_0_strong_0
IE,IE053,South-West ,beach,,60,54,osm:way/980846003,An Geocán,photo_gate,imgs_0_strong_0
IE,IE053,South-West ,beach,,60,54,osm:way/190627100,Cow Strand,photo_gate,imgs_0_strong_0
IE,IE053,South-West ,beach,,60,54,osm:way/190627102,Silver Strand,photo_gate,imgs_0_strong_0
IE,IE053,South-West ,beach,,60,54,osm:way/1001543321,Tráig Mór,photo_gate,imgs_0_strong_0
IE,IE053,South-West ,beach,,60,54,osm:way/1046477399,Trá Transil,photo_gate,imgs_0_strong_0
IE,IE053,South-West ,beach,,60,54,osm:way/355367997,Traligach,photo_gate,imgs_0_strong_0
IE,IE053,South-West ,beach,,60,54,osm:way/191144243,An Trá Mhór,photo_gate,imgs_0_strong_0
IE,IE053,South-West ,beach,,60,54,osm:relation/13603282,Inishglass,score_gate,score_5.5_below_5.6
IE,IE053,South-West ,beach,,60,54,osm:node/6055376430,Kilcolman Strand,score_gate,score_5.5_below_5.6
IE,IE053,South-West ,beach,,60,54,osm:node/9497548957,Trá na h Úine,score_gate,score_5.5_below_5.6
IE,IE053,South-West ,beach,,60,54,osm:way/1293392091,Derrylea,score_gate,score_5.5_below_5.6
IE,IE053,South-West ,beach,,60,54,osm:way/124663775,Waterville,score_gate,score_5.5_below_5.6
IE,IE053,South-West ,beach,,60,54,osm:way/980846004,Cuas na gCleití,score_gate,score_5.4_below_5.6
IE,IE053,South-West ,beach,,60,54,osm:way/980125283,Barloge Creek,score_gate,score_5.4_below_5.6
IE,IE053,South-West ,beach,,60,54,osm:way/223074652,Red Strand,score_gate,score_5.4_below_5.6
IE,IE053,South-West ,beach,,60,54,osm:way/190629035,Deadman's Rock,score_gate,score_5.4_below_5.6
IE,IE053,South-West ,beach,,60,54,osm:way/384148510,Sandy Cove,score_gate,score_5.4_below_5.6
IE,IE053,South-West ,beach,,60,54,osm:way/661214791,Trá Ciaráin,score_gate,score_5.4_below_5.6
IE,IE053,South-West ,beach,,60,54,osm:way/1001543320,An Cuasín,score_gate,score_5.4_below_5.6
IE,IE053,South-West ,beach,,60,54,osm:way/395979008,Nuns' Beach,score_gate,score_5.3_below_5.6
IE,IE053,South-West ,beach,,60,54,osm:way/1002639609,Cuas na Sroithí,score_gate,score_5.3_below_5.6
IE,IE053,South-West ,beach,,60,54,osm:relation/6913427,Coral Beach,score_gate,score_5.3_below_5.6
IE,IE053,South-West ,beach,,60,54,osm:way/1001705821,Tráig a ' Tí,score_gate,score_5.3_below_5.6
IE,IE053,South-West ,beach,,60,54,osm:way/1071065975,Trá na hAidhleann,score_gate,score_5.3_below_5.6
IE,IE053,South-West ,beach,,60,54,osm:way/1378871243,Bunaneer Strand,score_gate,score_5.3_below_5.6
DK,DK032,Sydjylland,beach,,60,53,wd:Q23753425,Flovt Strand,photo_gate,imgs_0_strong_0
DK,DK032,Sydjylland,beach,,60,53,wd:Q12317369,Hovens Odde,photo_gate,imgs_2_strong_2
DK,DK032,Sydjylland,beach,,60,53,osm:way/1408415556,Avbæk Strand,photo_gate,imgs_1_strong_1
DK,DK032,Sydjylland,beach,,60,53,wd:Q20202455,Houstrup Strand,photo_gate,imgs_1_strong_0
DK,DK032,Sydjylland,beach,,60,53,osm:way/286314799,Halk Strand,photo_gate,imgs_0_strong_0
DK,DK032,Sydjylland,beach,,60,53,wd:Q23747694,Grærup Strand,photo_gate,imgs_0_strong_0
DK,DK032,Sydjylland,beach,,60,53,osm:way/237070208,Knud Strand,photo_gate,imgs_0_strong_0
DK,DK032,Sydjylland,beach,,60,53,osm:way/103941265,Høll strand,photo_gate,imgs_0_strong_0
DK,DK032,Sydjylland,beach,,60,53,wd:Q23747361,Havsand,photo_gate,imgs_1_strong_1
DK,DK032,Sydjylland,beach,,60,53,osm:way/38883154,Tirsbæk Strand,photo_gate,imgs_0_strong_0
DK,DK032,Sydjylland,beach,,60,53,wd:Q23753282,Rindby Strand,photo_gate,imgs_0_strong_0
DK,DK032,Sydjylland,beach,,60,53,osm:way/1138871938,Houstrup Strand,photo_gate,imgs_0_strong_0
DK,DK032,Sydjylland,beach,,60,53,osm:way/327670739,Vemmingbund,photo_gate,imgs_0_strong_0
DK,DK032,Sydjylland,beach,,60,53,osm:way/435719182,Drejby Strand - Kerneland,photo_gate,imgs_0_strong_0
DK,DK032,Sydjylland,beach,,60,53,osm:way/426539279,Kelstrup Strand,score_gate,score_5.5_below_5.6
DK,DK032,Sydjylland,beach,,60,53,wd:Q12304896,Børsmose Strand,score_gate,score_5.4_below_5.6
DK,DK032,Sydjylland,beach,,60,53,eea:DKBW1089,Madeskoven,score_gate,score_5.4_below_5.6
DK,DK032,Sydjylland,beach,,60,53,eea:DKBW1285,Erritsøhus Strand,score_gate,score_5.4_below_5.6
DK,DK032,Sydjylland,beach,,60,53,eea:DKBW830,Sønderballe Strand,score_gate,score_5.4_below_5.6
DK,DK032,Sydjylland,beach,,60,53,eea:DKBW931,Kalvø,score_gate,score_5.4_below_5.6
DK,DK032,Sydjylland,beach,,60,53,osm:way/63576695,Hvidbjerg Klit,score_gate,score_5.3_below_5.6
DK,DK032,Sydjylland,beach,,60,53,osm:way/322221914,Badeanstalten,score_gate,score_5.2_below_5.6
DK,DK032,Sydjylland,beach,,60,53,osm:way/1527562098,Varnæs Vig,score_gate,score_5.1_below_5.6
DK,DK032,Sydjylland,beach,,60,53,wd:Q113549770,Aabenraa Strand,score_gate,score_5.0_below_5.6
DK,DK032,Sydjylland,beach,,60,53,osm:way/1527265513,Hyby Lund,score_gate,score_5.0_below_5.6
DK,DK032,Sydjylland,beach,,60,53,osm:way/107233404,Bøgeskov strand,score_gate,score_4.9_below_5.6
DK,DK032,Sydjylland,beach,,60,53,osm:way/1527741685,Tamdrup Strand,score_gate,score_4.8_below_5.6
DK,DK032,Sydjylland,beach,,60,53,eea:DKBW1402,Kollund Østerskov Strand,score_gate,score_4.7_below_5.6
DK,DK032,Sydjylland,beach,,60,53,eea:DKBW748,Egernsund,score_gate,score_4.7_below_5.6
DK,DK032,Sydjylland,beach,,60,53,eea:DKBW1487,Årø Odde,score_gate,score_4.7_below_5.6
DK,DK032,Sydjylland,beach,,60,53,eea:DKBW827,Rinkenæs,score_gate,score_4.7_below_5.6
DK,DK032,Sydjylland,beach,,60,53,eea:DKBW1113,Vedsted Sø,score_gate,score_4.7_below_5.6
DK,DK032,Sydjylland,beach,,60,53,eea:DKBW1459,Løjt Feriecenter,score_gate,score_4.7_below_5.6
DK,DK032,Sydjylland,beach,,60,53,eea:DKBW851,Vikær Strand,score_gate,score_4.7_below_5.6
DK,DK032,Sydjylland,beach,,60,53,eea:DKBW850,Gåsevig,score_gate,score_4.7_below_5.6
DK,DK032,Sydjylland,beach,,60,53,eea:DKBW852,Vilstrup Strand,score_gate,score_4.7_below_5.6
DK,DK032,Sydjylland,beach,,60,53,eea:DKBW976,Lambjerglund,score_gate,score_4.7_below_5.6
DK,DK032,Sydjylland,beach,,60,53,eea:DKBW1429,Agtrup Vig,score_gate,score_4.7_below_5.6
DK,DK032,Sydjylland,beach,,60,53,eea:DKBW828,Alnor Strandpark,score_gate,score_4.7_below_5.6
DK,DK032,Sydjylland,beach,,60,53,eea:DKBW1247,Ål Præstesø,score_gate,score_4.7_below_5.6
DK,DK032,Sydjylland,beach,,60,53,eea:DKBW1410,Binderup Strand,score_gate,score_4.7_below_5.6
DK,DK032,Sydjylland,beach,,60,53,eea:DKBW1441,"Skærsø, Søvej",score_gate,score_4.7_below_5.6
DK,DK032,Sydjylland,beach,,60,53,eea:DKBW1567,Uge Fiskesø,score_gate,score_4.7_below_5.6
DK,DK032,Sydjylland,beach,,60,53,eea:DKBW1115,Enstedværket Syd,score_gate,score_4.7_below_5.6
DK,DK032,Sydjylland,beach,,60,53,eea:DKBW1136,Dyrhave,score_gate,score_4.7_below_5.6
DK,DK032,Sydjylland,beach,,60,53,eea:DKBW1405,Bjert Strand,score_gate,score_4.7_below_5.6
DK,DK032,Sydjylland,beach,,60,53,eea:DKBW1411,Fristrand,score_gate,score_4.7_below_5.6
DK,DK032,Sydjylland,beach,,60,53,eea:DKBW1584,Engelsholm Sø,score_gate,score_4.7_below_5.6
DK,DK032,Sydjylland,beach,,60,53,eea:DKBW1365,"Fårup Sø, Badebroen",score_gate,score_4.7_below_5.6
DK,DK032,Sydjylland,beach,,60,53,eea:DKBW814,Grønninghoved Strand Nord,score_gate,score_4.7_below_5.6
DK,DK032,Sydjylland,beach,,60,53,eea:DKBW895,Havnbjerg Strand,score_gate,score_4.7_below_5.6
DK,DK032,Sydjylland,beach,,60,53,eea:DKBW900,Købingsmark Strand,score_gate,score_4.7_below_5.6
DK,DK032,Sydjylland,beach,,60,53,eea:DKBW1586,Fanø Bad,score_gate,score_4.7_below_5.6
FR,FRL04,Bouches-du-Rhône,beach,,60,53,wd:Q65131265,Calanque de la Melette,photo_gate,imgs_1_strong_1
FR,FRL04,Bouches-du-Rhône,beach,,60,53,wd:Q132582146,Calanque de l'Eissadon,photo_gate,imgs_2_strong_2
FR,FRL04,Bouches-du-Rhône,beach,,60,53,wd:Q132636981,Anse du Cannier,photo_gate,imgs_3_strong_3
FR,FRL04,Bouches-du-Rhône,beach,,60,53,wd:Q2037477,Plages du Prado,score_gate,score_5.5_below_5.6
FR,FRL04,Bouches-du-Rhône,beach,,60,53,wd:Q132643173,Calanque de l'Aiglon,score_gate,score_5.5_below_5.6
FR,FRL04,Bouches-du-Rhône,beach,,60,53,wd:Q3342073,Calanque de Niolon,score_gate,score_5.5_below_5.6
FR,FRL04,Bouches-du-Rhône,beach,,60,53,wd:Q132577976,Calanque des Queyrons,score_gate,score_5.5_below_5.6
FR,FRL04,Bouches-du-Rhône,beach,,60,53,wd:Q132578883,Calanque de la Piade,score_gate,score_5.5_below_5.6
FR,FRL04,Bouches-du-Rhône,beach,,60,53,wd:Q132579181,Anse du Livre,score_gate,score_5.5_below_5.6
FR,FRL04,Bouches-du-Rhône,beach,,60,53,wd:Q132582936,Calanque de l'Escu,score_gate,score_5.5_below_5.6
FR,FRL04,Bouches-du-Rhône,beach,,60,53,wd:Q49322685,plage de Sainte-Croix,score_gate,score_5.5_below_5.6
FR,FRL04,Bouches-du-Rhône,beach,,60,53,wd:Q132732526,Grande Calanque,score_gate,score_5.5_below_5.6
FR,FRL04,Bouches-du-Rhône,beach,,60,53,wd:Q49322728,plage des Laurons,score_gate,score_5.5_below_5.6
FR,FRL04,Bouches-du-Rhône,beach,,60,53,osm:way/165293704,Plage de la Batterie,score_gate,score_5.5_below_5.6
FR,FRL04,Bouches-du-Rhône,beach,,60,53,wd:Q112111892,Plage du Verdon,score_gate,score_5.4_below_5.6
FR,FRL04,Bouches-du-Rhône,beach,,60,53,wd:Q112111963,plage de la Couronne Vieille,score_gate,score_5.4_below_5.6
FR,FRL04,Bouches-du-Rhône,beach,,60,53,osm:way/676802969,Plage des Marettes,score_gate,score_5.4_below_5.6
FR,FRL04,Bouches-du-Rhône,beach,,60,53,osm:relation/18086572,Le Jaï,score_gate,score_5.4_below_5.6
FR,FRL04,Bouches-du-Rhône,beach,,60,53,osm:relation/18086573,Le Jaï,score_gate,score_5.4_below_5.6
FR,FRL04,Bouches-du-Rhône,beach,,60,53,osm:way/113114731,Grande Plage,score_gate,score_5.3_below_5.6
FR,FRL04,Bouches-du-Rhône,beach,,60,53,osm:way/1183864950,Plage de Fromage,score_gate,score_5.3_below_5.6
FR,FRL04,Bouches-du-Rhône,beach,,60,53,osm:way/25952266,Plage de la Saulce,score_gate,score_5.3_below_5.6
FR,FRL04,Bouches-du-Rhône,beach,,60,53,osm:way/44650573,Plage du Rouet,score_gate,score_5.3_below_5.6
FR,FRL04,Bouches-du-Rhône,beach,,60,53,osm:way/77811064,Plage Rives d'Or,score_gate,score_5.3_below_5.6
FR,FRL04,Bouches-du-Rhône,beach,,60,53,osm:way/418554671,Plage de la Roselière,score_gate,score_5.3_below_5.6
FR,FRL04,Bouches-du-Rhône,beach,,60,53,osm:way/460120618,La Dugue,score_gate,score_5.3_below_5.6
FR,FRL04,Bouches-du-Rhône,beach,,60,53,osm:way/165192391,Plage des Capucins,score_gate,score_5.3_below_5.6
FR,FRL04,Bouches-du-Rhône,beach,,60,53,osm:way/783007314,Plage Cyrnos,score_gate,score_5.3_below_5.6
FR,FRL04,Bouches-du-Rhône,beach,,60,53,osm:way/280675069,Plage de Ferrières,score_gate,score_5.3_below_5.6
FR,FRL04,Bouches-du-Rhône,beach,,60,53,osm:way/1071682915,Plage de Champigny,score_gate,score_5.3_below_5.6
FR,FRL04,Bouches-du-Rhône,beach,,60,53,osm:node/1723311727,Plage de la Goule,score_gate,score_5.3_below_5.6
FR,FRL04,Bouches-du-Rhône,beach,,60,53,osm:way/122193684,Plage du David,score_gate,score_5.0_below_5.6
FR,FRL04,Bouches-du-Rhône,beach,,60,53,osm:way/165293703,Plage de La Lave,score_gate,score_5.0_below_5.6
FR,FRL04,Bouches-du-Rhône,beach,,60,53,wd:Q49322624,plage de la Calanque de Sugiton,score_gate,score_4.9_below_5.6
FR,FRL04,Bouches-du-Rhône,beach,,60,53,wd:Q49322565,plage de Beauduc,score_gate,score_4.9_below_5.6
FR,FRL04,Bouches-du-Rhône,beach,,60,53,osm:way/60202583,Plage du Prophète,score_gate,score_4.9_below_5.6
FR,FRL04,Bouches-du-Rhône,beach,,60,53,osm:way/165293705,Plage du Fortin,score_gate,score_4.8_below_5.6
FR,FRL04,Bouches-du-Rhône,beach,,60,53,osm:way/45144648,Plage du Cap Rousset,score_gate,score_4.8_below_5.6
FR,FRL04,Bouches-du-Rhône,beach,,60,53,osm:way/1482190994,Plage de l’Arène,score_gate,score_4.7_below_5.6
FR,FRL04,Bouches-du-Rhône,beach,,60,53,wd:Q52801106,plage du Jaî Nord,score_gate,score_4.7_below_5.6
FR,FRL04,Bouches-du-Rhône,beach,,60,53,wd:Q140193786,calanque de Méjean,score_gate,score_4.7_below_5.6
FR,FRL04,Bouches-du-Rhône,beach,,60,53,osm:way/172067427,Plage du Corton,score_gate,score_4.7_below_5.6
FR,FRL04,Bouches-du-Rhône,beach,,60,53,wd:Q112145990,plage de Carro,score_gate,score_4.7_below_5.6
FR,FRL04,Bouches-du-Rhône,beach,,60,53,osm:node/1723311236,Queyrons,score_gate,score_4.7_below_5.6
FR,FRL04,Bouches-du-Rhône,beach,,60,53,osm:way/181316768,Plagette du Grand Nid,score_gate,score_4.7_below_5.6
FR,FRL04,Bouches-du-Rhône,beach,,60,53,osm:way/282397906,Lafarge,score_gate,score_4.7_below_5.6
FR,FRL04,Bouches-du-Rhône,beach,,60,53,osm:way/282397918,Plage de l'Ours,score_gate,score_4.7_below_5.6
FR,FRL04,Bouches-du-Rhône,beach,,60,53,osm:way/496826095,La plage de Saint-Pierre,score_gate,score_4.7_below_5.6
FR,FRL04,Bouches-du-Rhône,beach,,60,53,osm:way/496826309,Seynerolle,score_gate,score_4.7_below_5.6
FR,FRL04,Bouches-du-Rhône,beach,,60,53,osm:way/130809219,Plage de la Bonne Brise,score_gate,score_4.7_below_5.6
FR,FRL04,Bouches-du-Rhône,beach,,60,53,osm:node/8768365118,Zone naturiste de la plage de Piémanson,score_gate,score_4.7_below_5.6
FR,FRL04,Bouches-du-Rhône,beach,,60,53,osm:way/362993632,Plage Lumière,score_gate,score_4.7_below_5.6
FR,FRL04,Bouches-du-Rhône,beach,,60,53,osm:way/165296469,La Grande Plage,score_gate,score_4.7_below_5.6
TR,TR611,Antalya,beach,,53,53,,,,
UA,UA-74538382B38253727574875,Novoazovsk,beach,,53,53,,,,
GR,EL631,Aitoloakarnania,beach,,52,52,wd:Q25159885,Asprogiali,photo_gate,imgs_0_strong_0
GR,EL631,Aitoloakarnania,beach,,52,52,wd:Q12731735,Kryoneri,photo_gate,imgs_1_strong_1
GR,EL631,Aitoloakarnania,beach,,52,52,osm:way/362759741,Παλιόβαρκα,score_gate,score_5.5_below_5.6
GR,EL631,Aitoloakarnania,beach,,52,52,osm:way/137726051,Vathiavali Beach,score_gate,score_5.4_below_5.6
GR,EL631,Aitoloakarnania,beach,,52,52,osm:way/973444861,Παλιονήσι,score_gate,score_5.3_below_5.6
GR,EL631,Aitoloakarnania,beach,,52,52,wd:Q53610088,Psani,score_gate,score_5.1_below_5.6
GR,EL631,Aitoloakarnania,beach,,52,52,wd:Q25159880,Vella (Greece),score_gate,score_5.0_below_5.6
GR,EL631,Aitoloakarnania,beach,,52,52,osm:node/1510325962,Λυγιά,score_gate,score_5.0_below_5.6
GR,EL631,Aitoloakarnania,beach,,52,52,wd:Q25159872,Steni Kablafka,score_gate,score_5.0_below_5.6
GR,EL631,Aitoloakarnania,beach,,52,52,wd:Q25159873,Goylia,score_gate,score_5.0_below_5.6
GR,EL631,Aitoloakarnania,beach,,52,52,wd:Q25159879,Alogomandra,score_gate,score_5.0_below_5.6
GR,EL631,Aitoloakarnania,beach,,52,52,wd:Q25159882,Karatzoyni,score_gate,score_5.0_below_5.6
GR,EL631,Aitoloakarnania,beach,,52,52,wd:Q25159883,Kamplafka,score_gate,score_5.0_below_5.6
GR,EL631,Aitoloakarnania,beach,,52,52,wd:Q25159884,Mikri Kamplafka,score_gate,score_5.0_below_5.6
GR,EL631,Aitoloakarnania,beach,,52,52,wd:Q53631550,Kato Vasiliki,score_gate,score_4.9_below_5.6
GR,EL631,Aitoloakarnania,beach,,52,52,wd:Q110425525,Gribovo,score_gate,score_4.8_below_5.6
GR,EL631,Aitoloakarnania,beach,,52,52,wd:Q53631557,Krioneri,score_gate,score_4.8_below_5.6
GR,EL631,Aitoloakarnania,beach,,52,52,osm:node/8489910780,Παραλία Διόνι,score_gate,score_4.7_below_5.6
GR,EL631,Aitoloakarnania,beach,,52,52,eea:ELBW049127030101,Louros,score_gate,score_4.7_below_5.6
GR,EL631,Aitoloakarnania,beach,,52,52,eea:ELBW049128052101,Ormos Kalamaki,score_gate,score_4.7_below_5.6
GR,EL631,Aitoloakarnania,beach,,52,52,eea:ELBW049124004101,Vonitsa Panagia,score_gate,score_4.7_below_5.6
GR,EL631,Aitoloakarnania,beach,,52,52,eea:ELBW049124001101,Nerokratima,score_gate,score_4.7_below_5.6
GR,EL631,Aitoloakarnania,beach,,52,52,eea:ELBW049124002101,Paliampela,score_gate,score_4.7_below_5.6
GR,EL631,Aitoloakarnania,beach,,52,52,eea:ELBW049124003101,Vonitsa Plaz,score_gate,score_4.7_below_5.6
GR,EL631,Aitoloakarnania,beach,,52,52,eea:ELBW049129055101,Schinos,score_gate,score_4.7_below_5.6
GR,EL631,Aitoloakarnania,beach,,52,52,eea:ELBW049125010101,Katafourko,score_gate,score_4.7_below_5.6
GR,EL631,Aitoloakarnania,beach,,52,52,osm:way/103003958,Μαραθιάς,score_gate,score_4.7_below_5.6
GR,EL631,Aitoloakarnania,beach,,52,52,eea:ELBW049124065101,Varko,score_gate,score_4.7_below_5.6
GR,EL631,Aitoloakarnania,beach,,52,52,eea:ELBW049125014101,Loutro Arapis,score_gate,score_4.7_below_5.6
GR,EL631,Aitoloakarnania,beach,,52,52,osm:way/1008709032,Αστακός,score_gate,score_4.6_below_5.6
GR,EL631,Aitoloakarnania,beach,,52,52,osm:way/93973460,Παραλία Αμφιλοχίας,score_gate,score_4.3_below_5.6
GR,EL631,Aitoloakarnania,beach,,52,52,eea:ELBW049125007101,Menidi,score_gate,score_4.2_below_5.6
GR,EL527,Chalkidiki,beach,,53,52,wd:Q25162321,Glarokampos Beach,photo_gate,imgs_0_strong_0
GR,EL527,Chalkidiki,beach,,53,52,wd:Q53630310,Armenistis,photo_gate,imgs_0_strong_0
GR,EL527,Chalkidiki,beach,,53,52,wd:Q25162325,Solina Beach,photo_gate,imgs_0_strong_0
GR,EL527,Chalkidiki,beach,,53,52,wd:Q53630751,Salonikiou,photo_gate,imgs_0_strong_0
GR,EL527,Chalkidiki,beach,,53,52,wd:Q53630280,Sykia Sithonia,photo_gate,imgs_0_strong_0
GR,EL527,Chalkidiki,beach,,53,52,wd:Q10617538,Paradisos,photo_gate,imgs_0_strong_0
GR,EL527,Chalkidiki,beach,,53,52,osm:way/1547867342,Παραλία Δεβελίκι,photo_gate,imgs_0_strong_0
GR,EL527,Chalkidiki,beach,,53,52,wd:Q53631595,Flogita,photo_gate,imgs_0_strong_0
GR,EL527,Chalkidiki,beach,,53,52,wd:Q53629322,Nikiti 2,photo_gate,imgs_0_strong_0
GR,EL527,Chalkidiki,beach,,53,52,osm:way/297788643,Κομίτσα,photo_gate,imgs_0_strong_0
GR,EL527,Chalkidiki,beach,,53,52,osm:way/367260816,Vina beach,photo_gate,imgs_0_strong_0
GR,EL527,Chalkidiki,beach,,53,52,osm:relation/16920175,Τσιφλίκι,photo_gate,imgs_0_strong_0
GR,EL527,Chalkidiki,beach,,53,52,wd:Q53630299,Platanitsi,photo_gate,imgs_0_strong_0
GR,EL527,Chalkidiki,beach,,53,52,wd:Q53629338,Livrochio,photo_gate,imgs_0_strong_0
GR,EL527,Chalkidiki,beach,,53,52,wd:Q53631183,Olympiada,photo_gate,imgs_0_strong_0
GR,EL527,Chalkidiki,beach,,53,52,wd:Q53630256,Nea Potidea-Portes Beach,photo_gate,imgs_0_strong_0
GR,EL527,Chalkidiki,beach,,53,52,wd:Q53629758,Ierissos Dimotiki 1,photo_gate,imgs_0_strong_0
GR,EL527,Chalkidiki,beach,,53,52,osm:way/166071778,Livari Beach,photo_gate,imgs_0_strong_0
GR,EL527,Chalkidiki,beach,,53,52,osm:relation/5148471,Vourvourou Beach,photo_gate,imgs_0_strong_0
GR,EL527,Chalkidiki,beach,,53,52,wd:Q53629816,Kampos,photo_gate,imgs_0_strong_0
GR,EL527,Chalkidiki,beach,,53,52,wd:Q53630693,Alykes Chalkidiki,photo_gate,imgs_0_strong_0
GR,EL527,Chalkidiki,beach,,53,52,osm:way/258898358,Valti Beach,photo_gate,imgs_0_strong_0
GR,EL527,Chalkidiki,beach,,53,52,osm:way/361446635,Limani,photo_gate,imgs_0_strong_0
GR,EL527,Chalkidiki,beach,,53,52,wd:Q53630023,Nea Roda 2,photo_gate,imgs_0_strong_0
GR,EL527,Chalkidiki,beach,,53,52,wd:Q53629839,Chanioti 1,photo_gate,imgs_0_strong_0
GR,EL527,Chalkidiki,beach,,53,52,osm:way/79447222,Bousoulas,photo_gate,imgs_0_strong_0
GR,EL527,Chalkidiki,beach,,53,52,osm:way/166443752,Παραλία Αζάπικο,photo_gate,imgs_0_strong_0
GR,EL527,Chalkidiki,beach,,53,52,osm:way/313433450,agjio mama,photo_gate,imgs_0_strong_0
GR,EL527,Chalkidiki,beach,,53,52,osm:way/623153166,Blue Dream,photo_gate,imgs_0_strong_0
GR,EL527,Chalkidiki,beach,,53,52,wd:Q25162326,Kallithea Beach,score_gate,score_5.5_below_5.6
GR,EL527,Chalkidiki,beach,,53,52,wd:Q25162322,Pefkochori Beach,score_gate,score_5.5_below_5.6
GR,EL527,Chalkidiki,beach,,53,52,wd:Q53630013,Kampoudi 2,score_gate,score_5.5_below_5.6
GR,EL527,Chalkidiki,beach,,53,52,wd:Q53630901,Elani Kassandras,score_gate,score_5.5_below_5.6
GR,EL527,Chalkidiki,beach,,53,52,wd:Q53630741,Kalogrias Sithonias,score_gate,score_5.5_below_5.6
GR,EL527,Chalkidiki,beach,,53,52,wd:Q25164456,Lefki Peristera Beach,score_gate,score_5.5_below_5.6
GR,EL527,Chalkidiki,beach,,53,52,wd:Q53630494,Pefkochori-Fyki beach,score_gate,score_5.5_below_5.6
GR,EL527,Chalkidiki,beach,,53,52,osm:way/178610190,Agios Ioannis Beach,score_gate,score_5.5_below_5.6
GR,EL527,Chalkidiki,beach,,53,52,osm:way/166443620,Παραλία,score_gate,score_5.5_below_5.6
GR,EL527,Chalkidiki,beach,,53,52,osm:way/362807124,Pyrgos Beach,score_gate,score_5.5_below_5.6
GR,EL527,Chalkidiki,beach,,53,52,osm:way/258892583,Thalatta Beach,score_gate,score_5.5_below_5.6
GR,EL527,Chalkidiki,beach,,53,52,wd:Q53629829,Chanioti 3,score_gate,score_5.4_below_5.6
GR,EL527,Chalkidiki,beach,,53,52,wd:Q25162317,Skioni Beach,score_gate,score_5.4_below_5.6
GR,EL527,Chalkidiki,beach,,53,52,wd:Q53630811,Pefkochori Yalla Flegra,score_gate,score_5.4_below_5.6
GR,EL527,Chalkidiki,beach,,53,52,osm:way/240958121,Karagatsia,score_gate,score_5.4_below_5.6
GR,EL527,Chalkidiki,beach,,53,52,wd:Q53630341,Ouranoupoli 3,score_gate,score_5.4_below_5.6
GR,EL527,Chalkidiki,beach,,53,52,wd:Q53629741,Ierissos Dimotiki 3,score_gate,score_5.4_below_5.6
GR,EL527,Chalkidiki,beach,,53,52,wd:Q53629746,Ierissos Dimotiki 2,score_gate,score_5.4_below_5.6
GR,EL527,Chalkidiki,beach,,53,52,osm:way/166071797,Lagonisi Beach,score_gate,score_5.4_below_5.6
GR,EL527,Chalkidiki,beach,,53,52,osm:way/258910912,Onirou Beach,score_gate,score_5.4_below_5.6
GR,EL527,Chalkidiki,beach,,53,52,osm:way/269333595,Δρένια,score_gate,score_5.4_below_5.6
GR,EL527,Chalkidiki,beach,,53,52,osm:way/314031488,Eleonas Beach,score_gate,score_5.4_below_5.6
GR,EL527,Chalkidiki,beach,,53,52,osm:way/1224672326,Bara Beach,score_gate,score_5.4_below_5.6
FR,FRD12,Manche ,beach,,53,52,wd:Q3115006,Grande Plage de Barneville à Portbail,score_gate,score_5.5_below_5.6
FR,FRD12,Manche ,beach,,53,52,wd:Q3390849,plage de La Potinière,score_gate,score_5.4_below_5.6
FR,FRD12,Manche ,beach,,53,52,osm:node/1723311188,Plage de Vauville,score_gate,score_5.4_below_5.6
FR,FRD12,Manche ,beach,,53,52,wd:Q113631893,Le Plat Gousset,score_gate,score_5.3_below_5.6
FR,FRD12,Manche ,beach,,53,52,osm:way/135709323,Plage du Port-Marie,score_gate,score_5.3_below_5.6
FR,FRD12,Manche ,beach,,53,52,osm:way/191978711,Plage d'Hacqueville,score_gate,score_5.3_below_5.6
FR,FRD12,Manche ,beach,,53,52,wd:Q3390871,Plage de la Vieille église,score_gate,score_5.1_below_5.6
FR,FRD12,Manche ,beach,,53,52,wd:Q49322572,plage de Bretteville,score_gate,score_4.9_below_5.6
FR,FRD12,Manche ,beach,,53,52,osm:way/837616142,Plage surveillée de l'Ermitage,score_gate,score_4.7_below_5.6
FR,FRD12,Manche ,beach,,53,52,osm:node/1723311169,Barneville-Carteret,score_gate,score_4.7_below_5.6
FR,FRD12,Manche ,beach,,53,52,osm:node/1723311213,Bréville-sur-Mer,score_gate,score_4.7_below_5.6
FR,FRD12,Manche ,beach,,53,52,osm:node/13993449146,Plage de la Vierge,score_gate,score_4.7_below_5.6
FR,FRH02,Finistère,beach,,60,52,wd:Q20747653,Plage de Trescadec,photo_gate,imgs_2_strong_2
FR,FRH02,Finistère,beach,,60,52,osm:way/180633468,Plage de l'Aber,photo_gate,imgs_0_strong_0
FR,FRH02,Finistère,beach,,60,52,osm:way/823165814,Plage de Groa Rouz,photo_gate,imgs_0_strong_0
FR,FRH02,Finistère,beach,,60,52,wd:Q49322682,plage de Sainte Anne,photo_gate,imgs_1_strong_1
FR,FRH02,Finistère,beach,,60,52,wd:Q49322616,plage de l'île Saint-Nicolas,photo_gate,imgs_0_strong_0
FR,FRH02,Finistère,beach,,60,52,wd:Q49322715,plage des Blancs Sablons,score_gate,score_5.5_below_5.6
FR,FRH02,Finistère,beach,,60,52,wd:Q49322767,plage du Kérou,score_gate,score_5.5_below_5.6
FR,FRH02,Finistère,beach,,60,52,wd:Q49322645,plage de la Torche,score_gate,score_5.5_below_5.6
FR,FRH02,Finistère,beach,,60,52,wd:Q49322672,plage de Portez,score_gate,score_5.5_below_5.6
FR,FRH02,Finistère,beach,,60,52,wd:Q49322698,plage de Trégana,score_gate,score_5.5_below_5.6
FR,FRH02,Finistère,beach,,60,52,osm:node/913288867,Plage de Laber,score_gate,score_5.4_below_5.6
FR,FRH02,Finistère,beach,,60,52,osm:node/7040982028,Crique de Poulgueguen,score_gate,score_5.4_below_5.6
FR,FRH02,Finistère,beach,,60,52,osm:way/163078411,Plage du Laber,score_gate,score_5.4_below_5.6
FR,FRH02,Finistère,beach,,60,52,osm:way/163079177,Plage des Cures,score_gate,score_5.4_below_5.6
FR,FRH02,Finistère,beach,,60,52,osm:relation/4028849,Plages de Keremma,score_gate,score_5.4_below_5.6
FR,FRH02,Finistère,beach,,60,52,osm:way/117616932,Ancienne Décharge,score_gate,score_5.4_below_5.6
FR,FRH02,Finistère,beach,,60,52,wd:Q120209494,plage des Sables Blancs de Concarneau,score_gate,score_5.3_below_5.6
FR,FRH02,Finistère,beach,,60,52,osm:way/25590397,Traezh Morgad,score_gate,score_5.3_below_5.6
FR,FRH02,Finistère,beach,,60,52,osm:way/126248337,Plage du Porzic,score_gate,score_5.3_below_5.6
FR,FRH02,Finistère,beach,,60,52,osm:way/180633469,Plage de la Source,score_gate,score_5.3_below_5.6
FR,FRH02,Finistère,beach,,60,52,osm:node/943272242,plage de Kersaliou,score_gate,score_5.3_below_5.6
FR,FRH02,Finistère,beach,,60,52,osm:way/176649504,Crique de Lamzoz,score_gate,score_5.3_below_5.6
FR,FRH02,Finistère,beach,,60,52,osm:way/260899637,Plage du Petit Nice,score_gate,score_5.3_below_5.6
FR,FRH02,Finistère,beach,,60,52,osm:way/451761602,Pors an Iliz,score_gate,score_5.3_below_5.6
FR,FRH02,Finistère,beach,,60,52,osm:way/451761609,Porz Reter,score_gate,score_5.3_below_5.6
FR,FRH02,Finistère,beach,,60,52,osm:way/451761613,Grève Saint-Pol,score_gate,score_5.3_below_5.6
FR,FRH02,Finistère,beach,,60,52,osm:way/699890081,Grève du Man,score_gate,score_5.3_below_5.6
FR,FRH02,Finistère,beach,,60,52,osm:way/228737713,Plage de Porz ar Villiec,score_gate,score_5.3_below_5.6
FR,FRH02,Finistère,beach,,60,52,osm:way/285022899,Plage de Tahiti,score_gate,score_5.3_below_5.6
FR,FRH02,Finistère,beach,,60,52,osm:way/414866063,Plage de Porspaul,score_gate,score_5.3_below_5.6
FR,FRH02,Finistère,beach,,60,52,osm:way/414866083,Plage du Gouerou,score_gate,score_5.3_below_5.6
FR,FRH02,Finistère,beach,,60,52,osm:relation/4037352,Plage des Chardons Bleus,score_gate,score_5.3_below_5.6
FR,FRH02,Finistère,beach,,60,52,osm:way/154982461,Plage naturiste Phoenix,score_gate,score_5.3_below_5.6
FR,FRH02,Finistère,beach,,60,52,osm:node/852978823,Grève du Port,score_gate,score_5.3_below_5.6
FR,FRH02,Finistère,beach,,60,52,osm:node/3163071666,Port blanc,score_gate,score_5.3_below_5.6
FR,FRH02,Finistère,beach,,60,52,osm:way/28243585,Plage de la Roche Percée,score_gate,score_5.3_below_5.6
FR,FRH02,Finistère,beach,,60,52,osm:way/61483519,Plage de Ster-Greich,score_gate,score_5.3_below_5.6
FR,FRH02,Finistère,beach,,60,52,osm:way/111621168,Gwen Trez,score_gate,score_5.3_below_5.6
FR,FRH02,Finistère,beach,,60,52,osm:way/134817065,Plage de Porz Tévigné,score_gate,score_5.3_below_5.6
FR,FRH02,Finistère,beach,,60,52,osm:way/134817070,Plage de Ruscumunoc,score_gate,score_5.3_below_5.6
FR,FRH02,Finistère,beach,,60,52,osm:way/135074651,Plage de Porz Liogan,score_gate,score_5.3_below_5.6
FR,FRH02,Finistère,beach,,60,52,osm:way/156942309,Plage du Port,score_gate,score_5.3_below_5.6
FR,FRH02,Finistère,beach,,60,52,osm:way/164439223,Plage du Kelenn,score_gate,score_5.3_below_5.6
FR,FRH02,Finistère,beach,,60,52,osm:way/173747515,Plage des Sables-Blancs,score_gate,score_5.3_below_5.6
FR,FRH02,Finistère,beach,,60,52,osm:way/175071410,plage de la Belle Etoile,score_gate,score_5.3_below_5.6
FR,FRH02,Finistère,beach,,60,52,osm:way/176649626,Plage du Veryac'h,score_gate,score_5.3_below_5.6
FR,FRH02,Finistère,beach,,60,52,osm:way/179053567,Plage de Kerleven,score_gate,score_5.3_below_5.6
FR,FRH02,Finistère,beach,,60,52,osm:way/203039337,Grève Blanche,score_gate,score_5.3_below_5.6
FR,FRH02,Finistère,beach,,60,52,osm:way/230551980,Plage de Benniget,score_gate,score_5.3_below_5.6
FR,FRH02,Finistère,beach,,60,52,osm:way/235223582,Plage du Bilou,score_gate,score_5.3_below_5.6
FR,FRH02,Finistère,beach,,60,52,osm:way/259334383,Plage de La Baleine,score_gate,score_5.3_below_5.6
FR,FRH02,Finistère,beach,,60,52,osm:way/259334385,Plage de Trezcao,score_gate,score_5.3_below_5.6
TR,TR905,Artvin,beach,,52,52,,,,
SE,SE110,Stockholms län,beach,,60,51,osm:way/120402853,Grills havsbad,photo_gate,imgs_0_strong_0
SE,SE110,Stockholms län,beach,,60,51,osm:way/447686617,Långsjöbadet,photo_gate,imgs_1_strong_0
SE,SE110,Stockholms län,beach,,60,51,osm:way/24492952,Mälarhöjdsbadet,photo_gate,imgs_1_strong_1
SE,SE110,Stockholms län,beach,,60,51,osm:way/169452615,Skavlötsbadet,photo_gate,imgs_0_strong_0
SE,SE110,Stockholms län,beach,,60,51,wd:Q106687169,Rönningesjöns hundbad,photo_gate,imgs_0_strong_0
SE,SE110,Stockholms län,beach,,60,51,wd:Q106687167,Sätra hundstrand,photo_gate,imgs_1_strong_1
SE,SE110,Stockholms län,beach,,60,51,wd:Q56301739,Ågestabadet,photo_gate,imgs_2_strong_2
SE,SE110,Stockholms län,beach,,60,51,osm:way/123464439,Fittjaängsbadet,photo_gate,imgs_0_strong_0
SE,SE110,Stockholms län,beach,,60,51,osm:way/1305224384,Gårdens bad,photo_gate,imgs_1_strong_1
SE,SE110,Stockholms län,beach,,60,51,osm:way/595474611,Malmsjöbadet,photo_gate,imgs_0_strong_0
SE,SE110,Stockholms län,beach,,60,51,wd:Q106687171,Rösjö hundstrand,photo_gate,imgs_0_strong_0
SE,SE110,Stockholms län,beach,,60,51,osm:way/35969333,Hökmossbadet,photo_gate,imgs_0_strong_0
SE,SE110,Stockholms län,beach,,60,51,osm:way/92438483,Eklundsnäsbadet,photo_gate,imgs_2_strong_2
SE,SE110,Stockholms län,beach,,60,51,osm:way/70379121,Tanto strandbad,photo_gate,imgs_2_strong_2
SE,SE110,Stockholms län,beach,,60,51,wd:Q106687111,Dog bath Drevviken,photo_gate,imgs_0_strong_0
SE,SE110,Stockholms län,beach,,60,51,osm:way/51070895,Erstaviksbadet,photo_gate,imgs_0_strong_0
SE,SE110,Stockholms län,beach,,60,51,osm:way/1305222522,Norrby Holme,photo_gate,imgs_0_strong_0
SE,SE110,Stockholms län,beach,,60,51,osm:way/129128863,Hästhagsbadet,photo_gate,imgs_0_strong_0
SE,SE110,Stockholms län,beach,,60,51,osm:relation/15631889,Kärsön nudist beach,photo_gate,imgs_0_strong_0
SE,SE110,Stockholms län,beach,,60,51,osm:way/129128821,Kumlabadet,photo_gate,imgs_0_strong_0
SE,SE110,Stockholms län,beach,,60,51,osm:way/887613892,Stockbybadet,photo_gate,imgs_0_strong_0
SE,SE110,Stockholms län,beach,,60,51,osm:relation/18099409,Badberget,photo_gate,imgs_0_strong_0
SE,SE110,Stockholms län,beach,,60,51,wd:Q45088522,Nickstabadet,photo_gate,imgs_3_strong_3
SE,SE110,Stockholms län,beach,,60,51,osm:way/30474226,Rösjötorp,photo_gate,imgs_0_strong_0
SE,SE110,Stockholms län,beach,,60,51,osm:way/23984973,Flaten,photo_gate,imgs_0_strong_0
SE,SE110,Stockholms län,beach,,60,51,osm:way/97014978,Vårbybadet,photo_gate,imgs_0_strong_0
SE,SE110,Stockholms län,beach,,60,51,osm:way/375610000,Badplats,photo_gate,imgs_0_strong_0
SE,SE110,Stockholms län,beach,,60,51,osm:node/9316273352,Ullnabadet,photo_gate,imgs_0_strong_0
SE,SE110,Stockholms län,beach,,60,51,osm:way/422017049,Jan-Olsken,photo_gate,imgs_0_strong_0
SE,SE110,Stockholms län,beach,,60,51,osm:way/19784690,Hässelby allmänna bad,photo_gate,imgs_1_strong_0
SE,SE110,Stockholms län,beach,,60,51,osm:way/757046045,Överbybadet,photo_gate,imgs_0_strong_0
SE,SE110,Stockholms län,beach,,60,51,wd:Q106814787,Svinninge hundbad,photo_gate,imgs_0_strong_0
SE,SE110,Stockholms län,beach,,60,51,osm:way/152185742,Gärdsnäs strand,photo_gate,imgs_0_strong_0
SE,SE110,Stockholms län,beach,,60,51,osm:way/152188654,Gärdsnäs östra badplats,photo_gate,imgs_0_strong_0
SE,SE110,Stockholms län,beach,,60,51,osm:way/64790790,Fläskbergets strand,photo_gate,imgs_0_strong_0
SE,SE110,Stockholms län,beach,,60,51,osm:relation/9347066,Vita grindarna,photo_gate,imgs_0_strong_0
SE,SE110,Stockholms län,beach,,60,51,osm:way/37803167,Rösjöholmen,photo_gate,imgs_0_strong_0
SE,SE110,Stockholms län,beach,,60,51,osm:way/244087844,Boo havsbad,photo_gate,imgs_0_strong_0
SE,SE110,Stockholms län,beach,,60,51,osm:way/322935629,Storsand,photo_gate,imgs_0_strong_0
SE,SE110,Stockholms län,beach,,60,51,wd:Q106687168,Långholmens hundbad,photo_gate,imgs_1_strong_1
SE,SE110,Stockholms län,beach,,60,51,osm:way/618552956,Kairo,photo_gate,imgs_0_strong_0
SE,SE110,Stockholms län,beach,,60,51,osm:node/12106188144,Sickla strand,photo_gate,imgs_2_strong_2
SE,SE110,Stockholms län,beach,,60,51,osm:way/129128862,Fornuddsbadet,photo_gate,imgs_0_strong_0
SE,SE110,Stockholms län,beach,,60,51,osm:way/322935628,Skarsand,photo_gate,imgs_0_strong_0
SE,SE110,Stockholms län,beach,,60,51,osm:way/19782892,Lövstabadet,photo_gate,imgs_0_strong_0
SE,SE110,Stockholms län,beach,,60,51,osm:relation/7162697,Stora Sandarna,photo_gate,imgs_0_strong_0
SE,SE110,Stockholms län,beach,,60,51,wd:Q106814682,Ängsjö Hundbad,photo_gate,imgs_2_strong_2
SE,SE110,Stockholms län,beach,,60,51,osm:way/699836640,Svinningeviken,photo_gate,imgs_0_strong_0
SE,SE110,Stockholms län,beach,,60,51,osm:way/1089712185,Rösjöns badplats,photo_gate,imgs_0_strong_0
SE,SE110,Stockholms län,beach,,60,51,osm:way/1502219087,Vintervikens badplats,photo_gate,imgs_0_strong_0
SE,SE110,Stockholms län,beach,,60,51,osm:way/29281664,Albybadet,photo_gate,imgs_0_strong_0
DK,DK042,Østjylland,beach,,58,50,wd:Q23753270,Moesgård Beach,photo_gate,imgs_3_strong_3
DK,DK042,Østjylland,beach,,58,50,osm:way/1244696208,Fuglsø Strand,photo_gate,imgs_0_strong_0
DK,DK042,Østjylland,beach,,58,50,osm:way/1244675521,Vibæk Strand,photo_gate,imgs_0_strong_0
DK,DK042,Østjylland,beach,,58,50,osm:way/588193476,Femmøller Strand,photo_gate,imgs_1_strong_1
DK,DK042,Østjylland,beach,,58,50,osm:way/588193475,Strandkær Strand,photo_gate,imgs_0_strong_0
DK,DK042,Østjylland,beach,,58,50,osm:relation/19176141,Rude Strand,photo_gate,imgs_0_strong_0
DK,DK042,Østjylland,beach,,58,50,osm:way/232022620,Bogens Strand,photo_gate,imgs_0_strong_0
DK,DK042,Østjylland,beach,,58,50,osm:way/88281611,Aggerholm,photo_gate,imgs_0_strong_0
DK,DK042,Østjylland,beach,,58,50,osm:relation/19176142,Saksild Strand,photo_gate,imgs_0_strong_0
DK,DK042,Østjylland,beach,,58,50,osm:way/88281544,Vestre Søbad,photo_gate,imgs_0_strong_0
DK,DK042,Østjylland,beach,,58,50,osm:way/1141219396,Fjellerup badestrand,photo_gate,imgs_0_strong_0
DK,DK042,Østjylland,beach,,58,50,eea:DKBW721,Handrup Strand,photo_gate,imgs_0_strong_0
DK,DK042,Østjylland,beach,,58,50,eea:DKBW922,Fussing Sø,photo_gate,imgs_0_strong_0
DK,DK042,Østjylland,beach,,58,50,wd:Q107117858,Tålfor Strand,photo_gate,imgs_0_strong_0
DK,DK042,Østjylland,beach,,58,50,osm:way/60931068,Knudhule,photo_gate,imgs_0_strong_0
DK,DK042,Østjylland,beach,,58,50,osm:way/1526015136,Havhuse,photo_gate,imgs_0_strong_0
DK,DK042,Østjylland,beach,,58,50,osm:way/1244696209,Den lange Aale,score_gate,score_5.4_below_5.6
DK,DK042,Østjylland,beach,,58,50,osm:relation/16171120,Ferdinands Plads,score_gate,score_5.4_below_5.6
DK,DK042,Østjylland,beach,,58,50,osm:way/324050335,Kirkholm,score_gate,score_5.4_below_5.6
DK,DK042,Østjylland,beach,,58,50,eea:DKBW1918,Alroe Daemningen,score_gate,score_5.4_below_5.6
DK,DK042,Østjylland,beach,,58,50,osm:way/909621061,Udbyhøj Strand,score_gate,score_5.3_below_5.6
DK,DK042,Østjylland,beach,,58,50,osm:way/298046951,Ballen,score_gate,score_5.1_below_5.6
DK,DK042,Østjylland,beach,,58,50,osm:way/1032783842,Stilling,score_gate,score_5.1_below_5.6
DK,DK042,Østjylland,beach,,58,50,osm:way/1240086774,Dråby Strand,score_gate,score_5.0_below_5.6
DK,DK042,Østjylland,beach,,58,50,osm:way/1234559709,Boeslum Strand,score_gate,score_4.9_below_5.6
DK,DK042,Østjylland,beach,,58,50,osm:way/1312368667,Skødshoved Syd Strand,score_gate,score_4.9_below_5.6
DK,DK042,Østjylland,beach,,58,50,osm:relation/1616962,Husodde,score_gate,score_4.9_below_5.6
DK,DK042,Østjylland,beach,,58,50,osm:way/1296263250,Egå Strand,score_gate,score_4.8_below_5.6
DK,DK042,Østjylland,beach,,58,50,osm:way/1518081407,Endelave Lynger Strand,score_gate,score_4.8_below_5.6
DK,DK042,Østjylland,beach,,58,50,osm:way/1525698324,Lille Sandvig,score_gate,score_4.8_below_5.6
DK,DK042,Østjylland,beach,,58,50,eea:DKBW1341,Sejet Nørremark,score_gate,score_4.7_below_5.6
DK,DK042,Østjylland,beach,,58,50,eea:DKBW1509,"Studstrup Strand, Fiskerhøj",score_gate,score_4.7_below_5.6
DK,DK042,Østjylland,beach,,58,50,eea:DKBW754,Begtrupvig Vest,score_gate,score_4.7_below_5.6
DK,DK042,Østjylland,beach,,58,50,eea:DKBW1211,Hou Strand,score_gate,score_4.7_below_5.6
DK,DK042,Østjylland,beach,,58,50,eea:DKBW712,Holme Strand,score_gate,score_4.7_below_5.6
DK,DK042,Østjylland,beach,,58,50,eea:DKBW1063,Norsminde Strand,score_gate,score_4.7_below_5.6
DK,DK042,Østjylland,beach,,58,50,eea:DKBW1566,Fløjstrup Strand,score_gate,score_4.7_below_5.6
DK,DK042,Østjylland,beach,,58,50,eea:DKBW717,Øer Strand,score_gate,score_4.7_below_5.6
DK,DK042,Østjylland,beach,,58,50,eea:DKBW1019,Thorsøbadet,score_gate,score_4.7_below_5.6
DK,DK042,Østjylland,beach,,58,50,eea:DKBW1054,Varna,score_gate,score_4.7_below_5.6
DK,DK042,Østjylland,beach,,58,50,eea:DKBW1068,"Karl Sø, Vindbjergvej",score_gate,score_4.7_below_5.6
DK,DK042,Østjylland,beach,,58,50,eea:DKBW1085,"Ring Sø, Opholdsareal",score_gate,score_4.7_below_5.6
DK,DK042,Østjylland,beach,,58,50,eea:DKBW1265,Mårup Østerstrand V. Sommerhusområde,score_gate,score_4.7_below_5.6
DK,DK042,Østjylland,beach,,58,50,eea:DKBW1024,Ludvigslyst,score_gate,score_4.7_below_5.6
DK,DK042,Østjylland,beach,,58,50,eea:DKBW1026,Schoubys Sø,score_gate,score_4.7_below_5.6
DK,DK042,Østjylland,beach,,58,50,eea:DKBW1023,Sejs Ladeplads,score_gate,score_4.7_below_5.6
DK,DK042,Østjylland,beach,,58,50,eea:DKBW1034,Gjessø,score_gate,score_4.7_below_5.6
DK,DK042,Østjylland,beach,,58,50,eea:DKBW1536,Bølling Sø,score_gate,score_4.7_below_5.6
DK,DK042,Østjylland,beach,,58,50,eea:DKBW1033,Bryrup Søbad,score_gate,score_4.7_below_5.6
DK,DK042,Østjylland,beach,,58,50,eea:DKBW796,Ramskovgård,score_gate,score_4.7_below_5.6
HR,HR035,Splitsko-dalmatinska županija,beach,,60,50,wd:Q135238795,Cvitačka Beach,photo_gate,imgs_1_strong_1
HR,HR035,Splitsko-dalmatinska županija,beach,,60,50,osm:way/122492637,Beach Zvončac,photo_gate,imgs_2_strong_2
HR,HR035,Splitsko-dalmatinska županija,beach,,60,50,osm:way/42438398,Plaža Ramova,photo_gate,imgs_0_strong_0
HR,HR035,Splitsko-dalmatinska županija,beach,,60,50,osm:node/2460993667,FKK,photo_gate,imgs_0_strong_0
HR,HR035,Splitsko-dalmatinska županija,beach,,60,50,osm:relation/18169344,Trstenik,photo_gate,imgs_0_strong_0
HR,HR035,Splitsko-dalmatinska županija,beach,,60,50,wd:Q97446232,Pantan,photo_gate,imgs_1_strong_1
HR,HR035,Splitsko-dalmatinska županija,beach,,60,50,wd:Q136450190,Maslinica Bay in Stari Grad,photo_gate,imgs_3_strong_3
HR,HR035,Splitsko-dalmatinska županija,beach,,60,50,wd:Q130272298,Lučice Beach,photo_gate,imgs_1_strong_1
HR,HR035,Splitsko-dalmatinska županija,beach,,60,50,osm:way/38102640,Copacabana,photo_gate,imgs_1_strong_1
HR,HR035,Splitsko-dalmatinska županija,beach,,60,50,wd:Q97445951,Velika,photo_gate,imgs_0_strong_0
HR,HR035,Splitsko-dalmatinska županija,beach,,60,50,osm:way/42438416,Pliševac,photo_gate,imgs_4_strong_0
HR,HR035,Splitsko-dalmatinska županija,beach,,60,50,osm:way/54188001,Beach Galeb,photo_gate,imgs_0_strong_0
HR,HR035,Splitsko-dalmatinska županija,beach,,60,50,osm:way/242486949,Uvala Orij,photo_gate,imgs_0_strong_0
HR,HR035,Splitsko-dalmatinska županija,beach,,60,50,osm:way/243818457,Krilo,photo_gate,imgs_0_strong_0
HR,HR035,Splitsko-dalmatinska županija,beach,,60,50,osm:way/237691554,Punta Tica,photo_gate,imgs_0_strong_0
HR,HR035,Splitsko-dalmatinska županija,beach,,60,50,osm:way/198582911,Garma,photo_gate,imgs_0_strong_0
HR,HR035,Splitsko-dalmatinska županija,beach,,60,50,osm:way/244127446,Brzet,photo_gate,imgs_0_strong_0
HR,HR035,Splitsko-dalmatinska županija,beach,,60,50,osm:way/181351754,Banj,photo_gate,imgs_0_strong_0
HR,HR035,Splitsko-dalmatinska županija,beach,,60,50,osm:way/942560812,Miševac,photo_gate,imgs_0_strong_0
HR,HR035,Splitsko-dalmatinska županija,beach,,60,50,osm:way/124239300,Soline,photo_gate,imgs_0_strong_0
HR,HR035,Splitsko-dalmatinska županija,beach,,60,50,osm:way/357084025,Omiš,photo_gate,imgs_0_strong_0
HR,HR035,Splitsko-dalmatinska županija,beach,,60,50,osm:way/326989033,Supetarska uvala,photo_gate,imgs_0_strong_0
HR,HR035,Splitsko-dalmatinska županija,beach,,60,50,osm:way/973549633,Dračevice,score_gate,score_5.5_below_5.6
HR,HR035,Splitsko-dalmatinska županija,beach,,60,50,osm:way/42438417,Kraj,score_gate,score_5.5_below_5.6
HR,HR035,Splitsko-dalmatinska županija,beach,,60,50,osm:way/123066274,Milna,score_gate,score_5.5_below_5.6
HR,HR035,Splitsko-dalmatinska županija,beach,,60,50,osm:way/42438517,Donja luka,score_gate,score_5.4_below_5.6
HR,HR035,Splitsko-dalmatinska županija,beach,,60,50,osm:way/505948462,Macel,score_gate,score_5.4_below_5.6
HR,HR035,Splitsko-dalmatinska županija,beach,,60,50,eea:HRBWC-COAST-HR4-2071,Duhanska Stanica,score_gate,score_5.4_below_5.6
HR,HR035,Splitsko-dalmatinska županija,beach,,60,50,osm:way/27849537,Beach Tatijna,score_gate,score_5.4_below_5.6
HR,HR035,Splitsko-dalmatinska županija,beach,,60,50,osm:way/942556773,Mastrinka,score_gate,score_5.4_below_5.6
HR,HR035,Splitsko-dalmatinska županija,beach,,60,50,osm:way/242945676,Sumpetar,score_gate,score_5.3_below_5.6
HR,HR035,Splitsko-dalmatinska županija,beach,,60,50,osm:way/719354450,Česminica Beach,score_gate,score_5.3_below_5.6
HR,HR035,Splitsko-dalmatinska županija,beach,,60,50,osm:node/4696107112,Plaża Okrug,score_gate,score_5.3_below_5.6
HR,HR035,Splitsko-dalmatinska županija,beach,,60,50,osm:way/942556724,Uvala Mržodel,score_gate,score_5.3_below_5.6
HR,HR035,Splitsko-dalmatinska županija,beach,,60,50,osm:node/9939531296,Mina Beach,score_gate,score_5.3_below_5.6
HR,HR035,Splitsko-dalmatinska županija,beach,,60,50,osm:node/13103040293,Plaža Vela Luka,score_gate,score_5.3_below_5.6
HR,HR035,Splitsko-dalmatinska županija,beach,,60,50,osm:way/1086815017,Gradska plaža,score_gate,score_5.2_below_5.6
HR,HR035,Splitsko-dalmatinska županija,beach,,60,50,osm:way/42438403,Uvala Promajna,score_gate,score_5.2_below_5.6
HR,HR035,Splitsko-dalmatinska županija,beach,,60,50,wd:Q97445998,Nikolina,score_gate,score_5.2_below_5.6
HR,HR035,Splitsko-dalmatinska županija,beach,,60,50,osm:way/142955197,Žnjan,score_gate,score_5.1_below_5.6
HR,HR035,Splitsko-dalmatinska županija,beach,,60,50,osm:way/27849592,Uvala Bočići,score_gate,score_5.1_below_5.6
HR,HR035,Splitsko-dalmatinska županija,beach,,60,50,osm:way/523236987,Dračevac beach,score_gate,score_5.1_below_5.6
HR,HR035,Splitsko-dalmatinska županija,beach,,60,50,osm:way/1548911931,Beach bar Music,score_gate,score_5.1_below_5.6
HR,HR035,Splitsko-dalmatinska županija,beach,,60,50,osm:way/42438401,Uvala Bratuš,score_gate,score_5.0_below_5.6
HR,HR035,Splitsko-dalmatinska županija,beach,,60,50,osm:way/219836045,Martinica,score_gate,score_5.0_below_5.6
HR,HR035,Splitsko-dalmatinska županija,beach,,60,50,osm:way/333500649,Miljenko i Dobrila,score_gate,score_5.0_below_5.6
HR,HR035,Splitsko-dalmatinska županija,beach,,60,50,osm:way/519090549,Lucica,score_gate,score_5.0_below_5.6
HR,HR035,Splitsko-dalmatinska županija,beach,,60,50,osm:way/397083675,Matejuška,score_gate,score_5.0_below_5.6
HR,HR035,Splitsko-dalmatinska županija,beach,,60,50,osm:node/10249702022,Šaldun,score_gate,score_4.9_below_5.6
HR,HR035,Splitsko-dalmatinska županija,beach,,60,50,osm:way/182727983,Luka Supetar,score_gate,score_4.9_below_5.6
EE,EE00A,Kirde-Eesti,beach,,49,48,wd:Q18626754,Utria savikallas,photo_gate,imgs_0_strong_0
EE,EE00A,Kirde-Eesti,beach,,49,48,osm:way/35379993,Joaoru rand,photo_gate,imgs_0_strong_0
EE,EE00A,Kirde-Eesti,beach,,49,48,wd:Q14948300,Aa Beach,photo_gate,imgs_1_strong_1
EE,EE00A,Kirde-Eesti,beach,,49,48,wd:Q12375005,Sillamäe Beach,photo_gate,imgs_3_strong_3
EE,EE00A,Kirde-Eesti,beach,,49,48,eea:EE00301004KAUKSI,Kauksi Rand,score_gate,score_4.7_below_5.6
EE,EE00A,Kirde-Eesti,beach,,49,48,eea:EE00301021NJOES,Narva-jõesuu Rand,score_gate,score_4.2_below_5.6
TR,TR221,Balıkesir,beach,,48,48,,,,
HR,HR037,Dubrovačko-neretvanska županija,beach,,60,47,wd:Q97445872,Vela Pržina,photo_gate,imgs_0_strong_0
HR,HR037,Dubrovačko-neretvanska županija,beach,,60,47,wd:Q20526831,Veliki žali Beach,photo_gate,imgs_2_strong_2
HR,HR037,Dubrovačko-neretvanska županija,beach,,60,47,osm:way/1420433151,Natutist / FKK Beach,photo_gate,imgs_0_strong_0
HR,HR037,Dubrovačko-neretvanska županija,beach,,60,47,wd:Q16111067,Srebreno Beach,photo_gate,imgs_3_strong_3
HR,HR037,Dubrovačko-neretvanska županija,beach,,60,47,osm:way/234554370,Blaca,photo_gate,imgs_0_strong_0
HR,HR037,Dubrovačko-neretvanska županija,beach,,60,47,osm:way/172908836,Plaža Ušće,photo_gate,imgs_0_strong_0
HR,HR037,Dubrovačko-neretvanska županija,beach,,60,47,osm:way/180979702,Uvala Žuljana,photo_gate,imgs_0_strong_0
HR,HR037,Dubrovačko-neretvanska županija,beach,,60,47,osm:way/199964756,Plaža Žrnovska banja,photo_gate,imgs_0_strong_0
HR,HR037,Dubrovačko-neretvanska županija,beach,,60,47,osm:node/749528000,Uvala Mala Poma,photo_gate,imgs_0_strong_0
HR,HR037,Dubrovačko-neretvanska županija,beach,,60,47,osm:way/199784489,Plaža Medvinjak,photo_gate,imgs_0_strong_0
HR,HR037,Dubrovačko-neretvanska županija,beach,,60,47,osm:way/170510763,Bilin Žal,photo_gate,imgs_0_strong_0
HR,HR037,Dubrovačko-neretvanska županija,beach,,60,47,osm:node/818910219,Uvala pod Glog,photo_gate,imgs_0_strong_0
HR,HR037,Dubrovačko-neretvanska županija,beach,,60,47,osm:way/1155919437,Uvala Sita,photo_gate,imgs_0_strong_0
HR,HR037,Dubrovačko-neretvanska županija,beach,,60,47,osm:way/1200835757,Uvala Vrbovačka,photo_gate,imgs_0_strong_0
HR,HR037,Dubrovačko-neretvanska županija,beach,,60,47,wd:Q16111055,Astarea Beach,photo_gate,imgs_2_strong_0
HR,HR037,Dubrovačko-neretvanska županija,beach,,60,47,osm:way/293236526,Luka,photo_gate,imgs_0_strong_0
HR,HR037,Dubrovačko-neretvanska županija,beach,,60,47,wd:Q12639832,Mlini Beach,score_gate,score_5.5_below_5.6
HR,HR037,Dubrovačko-neretvanska županija,beach,,60,47,osm:way/260077474,Plitvine,score_gate,score_5.5_below_5.6
HR,HR037,Dubrovačko-neretvanska županija,beach,,60,47,osm:way/301102957,Uvala Mala Luka,score_gate,score_5.5_below_5.6
HR,HR037,Dubrovačko-neretvanska županija,beach,,60,47,osm:way/173694852,Beach Prapratno,score_gate,score_5.5_below_5.6
HR,HR037,Dubrovačko-neretvanska županija,beach,,60,47,osm:way/171239374,Žal,score_gate,score_5.5_below_5.6
HR,HR037,Dubrovačko-neretvanska županija,beach,,60,47,eea:HRBWC-COAST-HR4-1089,Trsteno,score_gate,score_5.4_below_5.6
HR,HR037,Dubrovačko-neretvanska županija,beach,,60,47,osm:way/1198022406,secret beach,score_gate,score_5.4_below_5.6
HR,HR037,Dubrovačko-neretvanska županija,beach,,60,47,osm:way/1147650547,Jurjeva Luka,score_gate,score_5.4_below_5.6
HR,HR037,Dubrovačko-neretvanska županija,beach,,60,47,osm:node/3648560194,Pasadur,score_gate,score_5.4_below_5.6
HR,HR037,Dubrovačko-neretvanska županija,beach,,60,47,osm:way/193501391,Plaza Popova Luka,score_gate,score_5.4_below_5.6
HR,HR037,Dubrovačko-neretvanska županija,beach,,60,47,wd:Q16115003,Ingalo Beach,score_gate,score_5.3_below_5.6
HR,HR037,Dubrovačko-neretvanska županija,beach,,60,47,osm:way/58784833,Uvala Klek,score_gate,score_5.3_below_5.6
HR,HR037,Dubrovačko-neretvanska županija,beach,,60,47,osm:way/301633894,Velika Saplunara,score_gate,score_5.3_below_5.6
HR,HR037,Dubrovačko-neretvanska županija,beach,,60,47,osm:way/627137163,Uvala Smokovača,score_gate,score_5.3_below_5.6
HR,HR037,Dubrovačko-neretvanska županija,beach,,60,47,osm:way/607989810,Luka Orebić,score_gate,score_5.3_below_5.6
HR,HR037,Dubrovačko-neretvanska županija,beach,,60,47,osm:way/636544979,Uvala Smokovijenac,score_gate,score_5.2_below_5.6
HR,HR037,Dubrovačko-neretvanska županija,beach,,60,47,osm:way/238361036,Tri žala,score_gate,score_5.2_below_5.6
HR,HR037,Dubrovačko-neretvanska županija,beach,,60,47,osm:way/171501272,Uvala Sumartin,score_gate,score_5.2_below_5.6
HR,HR037,Dubrovačko-neretvanska županija,beach,,60,47,osm:way/1304739938,Uvala Slađenovići,score_gate,score_5.2_below_5.6
HR,HR037,Dubrovačko-neretvanska županija,beach,,60,47,osm:way/199965701,Plaža Dom sam.,score_gate,score_5.0_below_5.6
HR,HR037,Dubrovačko-neretvanska županija,beach,,60,47,osm:way/301637430,Paljevina,score_gate,score_4.9_below_5.6
HR,HR037,Dubrovačko-neretvanska županija,beach,,60,47,osm:way/129695557,Badija,score_gate,score_4.9_below_5.6
HR,HR037,Dubrovačko-neretvanska županija,beach,,60,47,osm:way/91935602,Uvala Pod Gaj,score_gate,score_4.9_below_5.6
HR,HR037,Dubrovačko-neretvanska županija,beach,,60,47,osm:way/207893756,Uvala Moračna,score_gate,score_4.9_below_5.6
HR,HR037,Dubrovačko-neretvanska županija,beach,,60,47,osm:way/230438056,Uvala Potok,score_gate,score_4.9_below_5.6
HR,HR037,Dubrovačko-neretvanska županija,beach,,60,47,osm:way/1286659612,Slano,score_gate,score_4.8_below_5.6
HR,HR037,Dubrovačko-neretvanska županija,beach,,60,47,osm:way/617396701,Zatonska draga,score_gate,score_4.8_below_5.6
HR,HR037,Dubrovačko-neretvanska županija,beach,,60,47,osm:way/199784177,Gradska plaža Banje,score_gate,score_4.8_below_5.6
HR,HR037,Dubrovačko-neretvanska županija,beach,,60,47,osm:way/301457693,Suđurađ,score_gate,score_4.7_below_5.6
HR,HR037,Dubrovačko-neretvanska županija,beach,,60,47,eea:HRBWC-COAST-HR4-1048,Ht. Odisej,score_gate,score_4.7_below_5.6
HR,HR037,Dubrovačko-neretvanska županija,beach,,60,47,eea:HRBWC-COAST-HR4-1159,Mali Zaton - Bunica,score_gate,score_4.7_below_5.6
NO,NO094,Telemark,beach,,47,47,osm:way/435222551,Hydrostranda,photo_gate,imgs_1_strong_1
NO,NO094,Telemark,beach,,47,47,wd:Q33325595,Bjørnehistranda,photo_gate,imgs_0_strong_0
NO,NO094,Telemark,beach,,47,47,wd:Q33346474,Vinjestranda,photo_gate,imgs_0_strong_0
NO,NO094,Telemark,beach,,47,47,wd:Q33326876,Kleivstrand,photo_gate,imgs_0_strong_0
NO,NO094,Telemark,beach,,47,47,osm:way/239654686,Jomfruland,photo_gate,imgs_0_strong_0
NO,NO094,Telemark,beach,,47,47,osm:way/113514770,Bakkestranda,photo_gate,imgs_1_strong_1
NO,NO094,Telemark,beach,,47,47,osm:relation/1438906,Heistadstranda,photo_gate,imgs_0_strong_0
NO,NO094,Telemark,beach,,47,47,osm:way/1162480002,Ulefoss,score_gate,score_5.1_below_5.6
NO,NO094,Telemark,beach,,47,47,osm:way/162905054,Bergsbygda,score_gate,score_5.1_below_5.6
NO,NO094,Telemark,beach,,47,47,osm:way/1062621059,Havråkerholmen,score_gate,score_5.0_below_5.6
NO,NO094,Telemark,beach,,47,47,osm:way/833798337,Ivarsand,score_gate,score_5.0_below_5.6
NO,NO094,Telemark,beach,,47,47,osm:way/173792015,Plassen,score_gate,score_4.9_below_5.6
NO,NO094,Telemark,beach,,47,47,osm:way/833798338,Prisgrunn,score_gate,score_4.9_below_5.6
NO,NO094,Telemark,beach,,47,47,osm:way/1303794590,Nome strand,score_gate,score_4.9_below_5.6
NO,NO094,Telemark,beach,,47,47,osm:way/1235134665,Torsholmen,score_gate,score_4.9_below_5.6
NO,NO094,Telemark,beach,,47,47,osm:relation/15743775,Prestegarden,score_gate,score_4.9_below_5.6
NO,NO094,Telemark,beach,,47,47,osm:way/485211470,Telnessanden,score_gate,score_4.7_below_5.6
NO,NO094,Telemark,beach,,47,47,osm:way/458883198,Skutevika,score_gate,score_4.7_below_5.6
NO,NO094,Telemark,beach,,47,47,osm:relation/15743437,Åsland,score_gate,score_4.7_below_5.6
NO,NO094,Telemark,beach,,47,47,osm:relation/15743515,Nordal,score_gate,score_4.7_below_5.6
NO,NO094,Telemark,beach,,47,47,osm:way/1304406709,Klokkargarden,score_gate,score_4.6_below_5.6
NO,NO094,Telemark,beach,,47,47,osm:way/437059127,Fjordglimt,score_gate,score_4.6_below_5.6
NO,NO094,Telemark,beach,,47,47,osm:relation/15740011,Kilen Feriesenter,score_gate,score_4.6_below_5.6
NO,NO094,Telemark,beach,,47,47,osm:way/162905055,Brønnstadbukta,score_gate,score_4.5_below_5.6
NO,NO094,Telemark,beach,,47,47,osm:way/165471610,Rekevika,score_gate,score_4.5_below_5.6
NO,NO094,Telemark,beach,,47,47,osm:way/439138386,Hamaren,score_gate,score_4.5_below_5.6
NO,NO094,Telemark,beach,,47,47,osm:way/729560919,Sanden,score_gate,score_4.5_below_5.6
NO,NO094,Telemark,beach,,47,47,osm:way/356198146,Gamle Eikenes,score_gate,score_4.4_below_5.6
NO,NO094,Telemark,beach,,47,47,osm:way/494665426,Buvika,score_gate,score_4.4_below_5.6
NO,NO094,Telemark,beach,,47,47,osm:way/710286418,Lyngstad,score_gate,score_4.4_below_5.6
NO,NO094,Telemark,beach,,47,47,osm:way/833798339,Rognstranda,score_gate,score_4.4_below_5.6
NO,NO094,Telemark,beach,,47,47,osm:relation/8141919,Selbenken,score_gate,score_4.4_below_5.6
NO,NO094,Telemark,beach,,47,47,osm:relation/11481816,Melandstangen,score_gate,score_4.4_below_5.6
NO,NO094,Telemark,beach,,47,47,osm:way/389069152,Sjøstrand,score_gate,score_4.4_below_5.6
NO,NO094,Telemark,beach,,47,47,osm:way/1163614102,Lårdal,score_gate,score_4.3_below_5.6
NO,NO094,Telemark,beach,,47,47,osm:way/173455468,Lilleøya,score_gate,score_4.3_below_5.6
NO,NO094,Telemark,beach,,47,47,osm:way/388124336,Breibukta,score_gate,score_4.3_below_5.6
NO,NO094,Telemark,beach,,47,47,osm:way/833798336,Rakkestadstranda,score_gate,score_4.3_below_5.6
NO,NO094,Telemark,beach,,47,47,osm:way/1450312374,Sandåsskjæret,score_gate,score_4.3_below_5.6
NO,NO094,Telemark,beach,,47,47,osm:way/1508658904,Frydensborgbukten,score_gate,score_4.3_below_5.6
NO,NO094,Telemark,beach,,47,47,osm:node/5679141365,Olavsberget,score_gate,score_4.3_below_5.6
NO,NO094,Telemark,beach,,47,47,osm:way/967067644,Fjelltun,score_gate,score_4.3_below_5.6
NO,NO094,Telemark,beach,,47,47,osm:relation/10451214,Taraldlihylen,score_gate,score_4.3_below_5.6
NO,NO094,Telemark,beach,,47,47,osm:way/1299045110,Presteevja,score_gate,score_4.2_below_5.6
NO,NO094,Telemark,beach,,47,47,osm:way/1163341360,Kvitsund,score_gate,score_4.2_below_5.6
NO,NO094,Telemark,beach,,47,47,osm:relation/15743436,Straumebukti,score_gate,score_4.2_below_5.6
NO,NO094,Telemark,beach,,47,47,osm:way/548997685,Albertsholmen,score_gate,score_4.1_below_5.6
GR,EL422,"Andros, Thira, Kea - Kythnos, Milos, Mykonos, Naxos, Paros,  Syros, Tinos",beach,,60,46,wd:Q25166752,Achivadolimni Beach,photo_gate,imgs_0_strong_0
GR,EL422,"Andros, Thira, Kea - Kythnos, Milos, Mykonos, Naxos, Paros,  Syros, Tinos",beach,,60,46,wd:Q111913444,Kalotaritissa,photo_gate,imgs_1_strong_1
GR,EL422,"Andros, Thira, Kea - Kythnos, Milos, Mykonos, Naxos, Paros,  Syros, Tinos",beach,,60,46,wd:Q25162370,Galissas beach,photo_gate,imgs_2_strong_2
GR,EL422,"Andros, Thira, Kea - Kythnos, Milos, Mykonos, Naxos, Paros,  Syros, Tinos",beach,,60,46,wd:Q1472325,Ftelia,photo_gate,imgs_1_strong_1
GR,EL422,"Andros, Thira, Kea - Kythnos, Milos, Mykonos, Naxos, Paros,  Syros, Tinos",beach,,60,46,wd:Q25162352,Agiassos beach,photo_gate,imgs_2_strong_2
GR,EL422,"Andros, Thira, Kea - Kythnos, Milos, Mykonos, Naxos, Paros,  Syros, Tinos",beach,,60,46,osm:way/496024869,Πράσα (Άγιος Γεώργιος),photo_gate,imgs_0_strong_0
GR,EL422,"Andros, Thira, Kea - Kythnos, Milos, Mykonos, Naxos, Paros,  Syros, Tinos",beach,,60,46,wd:Q65962819,Aetos beach,photo_gate,imgs_2_strong_2
GR,EL422,"Andros, Thira, Kea - Kythnos, Milos, Mykonos, Naxos, Paros,  Syros, Tinos",beach,,60,46,wd:Q25162369,Lotos beach,photo_gate,imgs_0_strong_0
GR,EL422,"Andros, Thira, Kea - Kythnos, Milos, Mykonos, Naxos, Paros,  Syros, Tinos",beach,,60,46,osm:node/4482508502,krios Beach,photo_gate,imgs_0_strong_0
GR,EL422,"Andros, Thira, Kea - Kythnos, Milos, Mykonos, Naxos, Paros,  Syros, Tinos",beach,,60,46,osm:way/994955600,Pigados Beach,photo_gate,imgs_0_strong_0
GR,EL422,"Andros, Thira, Kea - Kythnos, Milos, Mykonos, Naxos, Paros,  Syros, Tinos",beach,,60,46,wd:Q25162377,Megas Gialos beach,photo_gate,imgs_2_strong_2
GR,EL422,"Andros, Thira, Kea - Kythnos, Milos, Mykonos, Naxos, Paros,  Syros, Tinos",beach,,60,46,osm:relation/542023,Μυλοπότας,photo_gate,imgs_0_strong_0
GR,EL422,"Andros, Thira, Kea - Kythnos, Milos, Mykonos, Naxos, Paros,  Syros, Tinos",beach,,60,46,osm:relation/542026,Agia Theodoti,photo_gate,imgs_0_strong_0
GR,EL422,"Andros, Thira, Kea - Kythnos, Milos, Mykonos, Naxos, Paros,  Syros, Tinos",beach,,60,46,osm:relation/9653646,Κάλαμος,photo_gate,imgs_0_strong_0
GR,EL422,"Andros, Thira, Kea - Kythnos, Milos, Mykonos, Naxos, Paros,  Syros, Tinos",beach,,60,46,osm:relation/10004045,Ψάθη,photo_gate,imgs_0_strong_0
GR,EL422,"Andros, Thira, Kea - Kythnos, Milos, Mykonos, Naxos, Paros,  Syros, Tinos",beach,,60,46,osm:relation/2855960,Santorenaiko,photo_gate,imgs_0_strong_0
GR,EL422,"Andros, Thira, Kea - Kythnos, Milos, Mykonos, Naxos, Paros,  Syros, Tinos",beach,,60,46,osm:way/305564266,Voudia,photo_gate,imgs_0_strong_0
GR,EL422,"Andros, Thira, Kea - Kythnos, Milos, Mykonos, Naxos, Paros,  Syros, Tinos",beach,,60,46,osm:way/265931887,Άγιος Ρωμανός,photo_gate,imgs_0_strong_0
GR,EL422,"Andros, Thira, Kea - Kythnos, Milos, Mykonos, Naxos, Paros,  Syros, Tinos",beach,,60,46,osm:way/363516878,Mikri Vigla Beach (South),photo_gate,imgs_0_strong_0
GR,EL422,"Andros, Thira, Kea - Kythnos, Milos, Mykonos, Naxos, Paros,  Syros, Tinos",beach,,60,46,osm:relation/9636428,Περάμμος,photo_gate,imgs_0_strong_0
GR,EL422,"Andros, Thira, Kea - Kythnos, Milos, Mykonos, Naxos, Paros,  Syros, Tinos",beach,,60,46,wd:Q25162374,Agathopes,photo_gate,imgs_1_strong_1
GR,EL422,"Andros, Thira, Kea - Kythnos, Milos, Mykonos, Naxos, Paros,  Syros, Tinos",beach,,60,46,wd:Q12875866,Δελφίνι Σύρου,photo_gate,imgs_0_strong_0
GR,EL422,"Andros, Thira, Kea - Kythnos, Milos, Mykonos, Naxos, Paros,  Syros, Tinos",beach,,60,46,wd:Q25162355,Plaka beach,photo_gate,imgs_2_strong_2
GR,EL422,"Andros, Thira, Kea - Kythnos, Milos, Mykonos, Naxos, Paros,  Syros, Tinos",beach,,60,46,wd:Q25162379,Vari beach,photo_gate,imgs_0_strong_0
GR,EL422,"Andros, Thira, Kea - Kythnos, Milos, Mykonos, Naxos, Paros,  Syros, Tinos",beach,,60,46,osm:relation/2856091,Plakes,photo_gate,imgs_0_strong_0
GR,EL422,"Andros, Thira, Kea - Kythnos, Milos, Mykonos, Naxos, Paros,  Syros, Tinos",beach,,60,46,osm:relation/10457381,Βαθύ Ρέμα,photo_gate,imgs_0_strong_0
GR,EL422,"Andros, Thira, Kea - Kythnos, Milos, Mykonos, Naxos, Paros,  Syros, Tinos",beach,,60,46,osm:way/118631897,Ronkounas beach,photo_gate,imgs_0_strong_0
GR,EL422,"Andros, Thira, Kea - Kythnos, Milos, Mykonos, Naxos, Paros,  Syros, Tinos",beach,,60,46,osm:way/270035638,Παραλία Φελού,photo_gate,imgs_0_strong_0
GR,EL422,"Andros, Thira, Kea - Kythnos, Milos, Mykonos, Naxos, Paros,  Syros, Tinos",beach,,60,46,wd:Q25166879,Agios Ioannes beach,photo_gate,imgs_0_strong_0
GR,EL422,"Andros, Thira, Kea - Kythnos, Milos, Mykonos, Naxos, Paros,  Syros, Tinos",beach,,60,46,wd:Q25535675,Μαρμάρι Σύρου,photo_gate,imgs_0_strong_0
GR,EL422,"Andros, Thira, Kea - Kythnos, Milos, Mykonos, Naxos, Paros,  Syros, Tinos",beach,,60,46,wd:Q25162152,Livadia Beach,photo_gate,imgs_0_strong_0
GR,EL422,"Andros, Thira, Kea - Kythnos, Milos, Mykonos, Naxos, Paros,  Syros, Tinos",beach,,60,46,wd:Q25163846,Elia Beach,photo_gate,imgs_0_strong_0
GR,EL422,"Andros, Thira, Kea - Kythnos, Milos, Mykonos, Naxos, Paros,  Syros, Tinos",beach,,60,46,osm:way/365983108,Ornos,photo_gate,imgs_0_strong_0
GR,EL422,"Andros, Thira, Kea - Kythnos, Milos, Mykonos, Naxos, Paros,  Syros, Tinos",beach,,60,46,osm:way/265943528,Άγιος Ιωάννης Πόρτο,photo_gate,imgs_0_strong_0
GR,EL422,"Andros, Thira, Kea - Kythnos, Milos, Mykonos, Naxos, Paros,  Syros, Tinos",beach,,60,46,osm:relation/2858670,Kolitsani,photo_gate,imgs_0_strong_0
GR,EL422,"Andros, Thira, Kea - Kythnos, Milos, Mykonos, Naxos, Paros,  Syros, Tinos",beach,,60,46,osm:relation/9642747,Sapounochoma,photo_gate,imgs_0_strong_0
GR,EL422,"Andros, Thira, Kea - Kythnos, Milos, Mykonos, Naxos, Paros,  Syros, Tinos",beach,,60,46,osm:relation/9846165,Παναγιά,photo_gate,imgs_0_strong_0
GR,EL422,"Andros, Thira, Kea - Kythnos, Milos, Mykonos, Naxos, Paros,  Syros, Tinos",beach,,60,46,wd:Q53633690,Logaras,photo_gate,imgs_0_strong_0
GR,EL422,"Andros, Thira, Kea - Kythnos, Milos, Mykonos, Naxos, Paros,  Syros, Tinos",beach,,60,46,osm:way/830928458,Διπλό,photo_gate,imgs_0_strong_0
GR,EL422,"Andros, Thira, Kea - Kythnos, Milos, Mykonos, Naxos, Paros,  Syros, Tinos",beach,,60,46,osm:relation/9711119,Papas,photo_gate,imgs_0_strong_0
GR,EL422,"Andros, Thira, Kea - Kythnos, Milos, Mykonos, Naxos, Paros,  Syros, Tinos",beach,,60,46,osm:way/128467421,Συκαμιά,photo_gate,imgs_0_strong_0
GR,EL422,"Andros, Thira, Kea - Kythnos, Milos, Mykonos, Naxos, Paros,  Syros, Tinos",beach,,60,46,wd:Q23308648,Μέγας Λάκκος Σύρου,photo_gate,imgs_0_strong_0
GR,EL422,"Andros, Thira, Kea - Kythnos, Milos, Mykonos, Naxos, Paros,  Syros, Tinos",beach,,60,46,wd:Q53630627,Otzias,photo_gate,imgs_0_strong_0
GR,EL422,"Andros, Thira, Kea - Kythnos, Milos, Mykonos, Naxos, Paros,  Syros, Tinos",beach,,60,46,wd:Q25162375,Komito beach,photo_gate,imgs_0_strong_0
GR,EL422,"Andros, Thira, Kea - Kythnos, Milos, Mykonos, Naxos, Paros,  Syros, Tinos",beach,,60,46,osm:way/305564222,Pollonia Beach,photo_gate,imgs_0_strong_0
GR,EL422,"Andros, Thira, Kea - Kythnos, Milos, Mykonos, Naxos, Paros,  Syros, Tinos",beach,,60,46,osm:way/118631907,Kleisidi beach,photo_gate,imgs_0_strong_0
IT,ITG2D,Sassari,beach,,60,46,wd:Q33325710,Cala Andreana,photo_gate,imgs_1_strong_1
IT,ITG2D,Sassari,beach,,60,46,wd:Q3905173,Spiaggia di Mugoni,photo_gate,imgs_3_strong_3
IT,ITG2D,Sassari,beach,,60,46,wd:Q33325432,Bau Bau Beach,photo_gate,imgs_2_strong_0
IT,ITG2D,Sassari,beach,,60,46,wd:Q33333852,Spiaggia Cala Brigantina,photo_gate,imgs_3_strong_3
IT,ITG2D,Sassari,beach,,60,46,wd:Q3828296,Spiaggia delle Bombarde,photo_gate,imgs_1_strong_1
IT,ITG2D,Sassari,beach,,60,46,wd:Q33332897,Rena Majori,photo_gate,imgs_1_strong_1
IT,ITG2D,Sassari,beach,,60,46,wd:Q33344208,spiaggia della Speranza,photo_gate,imgs_2_strong_2
IT,ITG2D,Sassari,beach,,60,46,wd:Q33342828,Spiaggia La Marinedda,photo_gate,imgs_1_strong_1
IT,ITG2D,Sassari,beach,,60,46,wd:Q33342792,Spiaggia La Licciola,photo_gate,imgs_0_strong_0
IT,ITG2D,Sassari,beach,,60,46,wd:Q33334286,Spiaggia de La Cinta,photo_gate,imgs_2_strong_2
IT,ITG2D,Sassari,beach,,60,46,wd:Q33333449,spiaggia di Li Vitriceddi,photo_gate,imgs_1_strong_1
IT,ITG2D,Sassari,beach,,60,46,wd:Q33332880,Rena Bianca,photo_gate,imgs_1_strong_1
IT,ITG2D,Sassari,beach,,60,46,wd:Q33339684,spiaggia  di Portisco,photo_gate,imgs_1_strong_1
IT,ITG2D,Sassari,beach,,60,46,wd:Q33334878,Romazzino beach,photo_gate,imgs_3_strong_3
IT,ITG2D,Sassari,beach,,60,46,wd:Q33335168,Spiaggia della Baia delle Mimose,photo_gate,imgs_1_strong_1
IT,ITG2D,Sassari,beach,,60,46,wd:Q33339176,Spiaggia di Murta Maria,photo_gate,imgs_1_strong_1
IT,ITG2D,Sassari,beach,,60,46,wd:Q33335190,Spiaggia della Baia Salinedda,photo_gate,imgs_1_strong_1
IT,ITG2D,Sassari,beach,,60,46,wd:Q33336329,Spiaggia di Cala Coticcio,photo_gate,imgs_2_strong_1
IT,ITG2D,Sassari,beach,,60,46,wd:Q33337632,Spiaggia di Fertilia,photo_gate,imgs_2_strong_2
IT,ITG2D,Sassari,beach,,60,46,wd:Q33342758,Spiaggia La Celvia,photo_gate,imgs_2_strong_1
IT,ITG2D,Sassari,beach,,60,46,wd:Q33336443,Spiaggia di Cala Garibaldi,photo_gate,imgs_0_strong_0
IT,ITG2D,Sassari,beach,,60,46,wd:Q33340616,Spiaggia di Salina Manna,photo_gate,imgs_0_strong_0
IT,ITG2D,Sassari,beach,,60,46,osm:way/102783330,Spiaggia Lu Impostu,photo_gate,imgs_0_strong_0
IT,ITG2D,Sassari,beach,,60,46,wd:Q33327314,Liscia Ruja,photo_gate,imgs_0_strong_0
IT,ITG2D,Sassari,beach,,60,46,osm:way/238312681,Le Saline,photo_gate,imgs_0_strong_0
IT,ITG2D,Sassari,beach,,60,46,osm:way/1130941543,Pultu Biancu,photo_gate,imgs_0_strong_0
IT,ITG2D,Sassari,beach,,60,46,osm:way/118831608,Cala Trabuccato,photo_gate,imgs_0_strong_0
IT,ITG2D,Sassari,beach,,60,46,wd:Q33345439,Spiaggia Zia Culumba,photo_gate,imgs_1_strong_1
IT,ITG2D,Sassari,beach,,60,46,wd:Q33331647,Playa Razza de junco,photo_gate,imgs_1_strong_1
IT,ITG2D,Sassari,beach,,60,46,wd:Q135221492,Baia Trinità,photo_gate,imgs_0_strong_0
IT,ITG2D,Sassari,beach,,60,46,osm:way/422620587,Riviera dei Pini,photo_gate,imgs_0_strong_0
IT,ITG2D,Sassari,beach,,60,46,wd:Q33344935,Spiaggia Tanca manna,photo_gate,imgs_0_strong_0
IT,ITG2D,Sassari,beach,,60,46,osm:way/119920069,Tonnara,photo_gate,imgs_0_strong_0
IT,ITG2D,Sassari,beach,,60,46,osm:way/364541078,Doggie Beach,photo_gate,imgs_0_strong_0
IT,ITG2D,Sassari,beach,,60,46,wd:Q33325807,Cala Girgolu,photo_gate,imgs_0_strong_0
IT,ITG2D,Sassari,beach,,60,46,wd:Q33338537,Spiaggia di Lu Bagnu,photo_gate,imgs_0_strong_0
IT,ITG2D,Sassari,beach,,60,46,osm:way/128057081,Spiagge Porto Ainu,photo_gate,imgs_0_strong_0
IT,ITG2D,Sassari,beach,,60,46,osm:way/185812124,Cala D'Ambra,photo_gate,imgs_0_strong_0
IT,ITG2D,Sassari,beach,,60,46,osm:way/119020439,Cala Pischina,photo_gate,imgs_0_strong_0
IT,ITG2D,Sassari,beach,,60,46,osm:way/73541439,Cala Ajaccetta,photo_gate,imgs_0_strong_0
IT,ITG2D,Sassari,beach,,60,46,osm:way/73543284,Cala Andreani,photo_gate,imgs_0_strong_0
IT,ITG2D,Sassari,beach,,60,46,wd:Q33334622,Spiaggia del Golfo delle Saline,photo_gate,imgs_1_strong_1
IT,ITG2D,Sassari,beach,,60,46,wd:Q33341296,Spiaggia di Spalmatore,photo_gate,imgs_0_strong_0
IT,ITG2D,Sassari,beach,,60,46,wd:Q33334560,Spiaggia del Costone,photo_gate,imgs_0_strong_0
IT,ITG2D,Sassari,beach,,60,46,osm:way/1414271730,Porto Palma,photo_gate,imgs_0_strong_0
IT,ITG2D,Sassari,beach,,60,46,wd:Q33329852,Petra Ruja,photo_gate,imgs_0_strong_0
IE,IE051,Mid-West ,beach,,47,46,osm:relation/4250166,White Strand,photo_gate,imgs_1_strong_0
IE,IE051,Mid-West ,beach,,47,46,osm:relation/4250072,Spanish Point Beach,photo_gate,imgs_2_strong_2
IE,IE051,Mid-West ,beach,,47,46,osm:way/24547527,Lahinch Beach,photo_gate,imgs_3_strong_3
IE,IE051,Mid-West ,beach,,47,46,osm:relation/4202889,Brew's Bridge Beach,score_gate,score_5.5_below_5.6
IE,IE051,Mid-West ,beach,,47,46,osm:relation/4460131,Trawvealecalaha,score_gate,score_5.3_below_5.6
IE,IE051,Mid-West ,beach,,47,46,eea:IESHBWL27_72_0100,"Ballyallia Lake, Ennis",score_gate,score_4.7_below_5.6
IE,IE051,Mid-West ,beach,,47,46,eea:IESHBWL25_191A_0200,"Mountshannon, Lough Derg",score_gate,score_4.7_below_5.6
IE,IE051,Mid-West ,beach,,47,46,eea:IESHBWL25_191A_0300,Ballycuggeran,score_gate,score_4.7_below_5.6
IE,IE051,Mid-West ,beach,,47,46,eea:IESHBWC060_0000_0050,Carrigaholt,score_gate,score_4.7_below_5.6
IE,IE051,Mid-West ,beach,,47,46,eea:IESHBWC070_0000_0330,Quilty,score_gate,score_4.7_below_5.6
IE,IE051,Mid-West ,beach,,47,46,osm:way/414839816,Kilkee,score_gate,score_4.5_below_5.6
IE,IE051,Mid-West ,beach,,47,46,osm:node/7396094906,Garrykennedy,score_gate,score_4.4_below_5.6
IE,IE051,Mid-West ,beach,,47,46,eea:IESHBWL25_191A_0190,Dromineer Beach,score_gate,score_4.2_below_5.6
TR,TR100,İstanbul,beach,,46,46,,,,
GB,TLK30,Cornwall and Isles of Scilly,beach,,60,46,wd:Q7417545,Sandymouth Beach,photo_gate,imgs_2_strong_1
GB,TLK30,Cornwall and Isles of Scilly,beach,,60,46,wd:Q7300723,Readymoney Cove,photo_gate,imgs_2_strong_2
GB,TLK30,Cornwall and Isles of Scilly,beach,,60,46,wd:Q29788964,Porthgwarra Beach,photo_gate,imgs_3_strong_3
GB,TLK30,Cornwall and Isles of Scilly,beach,,60,46,wd:Q24677841,Pendower Beach,score_gate,score_5.2_below_5.6
GB,TLK30,Cornwall and Isles of Scilly,beach,,60,46,osm:way/814274941,Housel Bay,score_gate,score_5.2_below_5.6
GB,TLK30,Cornwall and Isles of Scilly,beach,,60,46,osm:way/805814202,Lizard Point,score_gate,score_5.1_below_5.6
GB,TLK30,Cornwall and Isles of Scilly,beach,,60,46,osm:way/191607823,Gilbert's Porth,score_gate,score_5.0_below_5.6
GB,TLK30,Cornwall and Isles of Scilly,beach,,60,46,osm:way/33458867,Porth Minick,score_gate,score_4.9_below_5.6
GB,TLK30,Cornwall and Isles of Scilly,beach,,60,46,osm:way/304055818,Porth Kidney Sands,score_gate,score_4.9_below_5.6
GB,TLK30,Cornwall and Isles of Scilly,beach,,60,46,osm:relation/2194118,Brea Beach,score_gate,score_4.9_below_5.6
GB,TLK30,Cornwall and Isles of Scilly,beach,,60,46,wd:Q116883768,Shorthorn,score_gate,score_4.8_below_5.6
GB,TLK30,Cornwall and Isles of Scilly,beach,,60,46,osm:way/291298888,Crinnis Beach,score_gate,score_4.8_below_5.6
GB,TLK30,Cornwall and Isles of Scilly,beach,,60,46,osm:way/803305496,Treath,score_gate,score_4.8_below_5.6
GB,TLK30,Cornwall and Isles of Scilly,beach,,60,46,osm:way/239318322,Bar Point,score_gate,score_4.7_below_5.6
GB,TLK30,Cornwall and Isles of Scilly,beach,,60,46,osm:way/221913963,Church Cove,score_gate,score_4.7_below_5.6
GB,TLK30,Cornwall and Isles of Scilly,beach,,60,46,osm:way/1496526425,Turnaware Point,score_gate,score_4.7_below_5.6
GB,TLK30,Cornwall and Isles of Scilly,beach,,60,46,wd:Q31844954,Swanpool Beach,score_gate,score_4.6_below_5.6
GB,TLK30,Cornwall and Isles of Scilly,beach,,60,46,osm:way/33458979,Gugh Bar,score_gate,score_4.6_below_5.6
GB,TLK30,Cornwall and Isles of Scilly,beach,,60,46,osm:way/304190684,Porthminster Beach,score_gate,score_4.6_below_5.6
GB,TLK30,Cornwall and Isles of Scilly,beach,,60,46,wd:Q139893089,Polzeath Beach,score_gate,score_4.5_below_5.6
GB,TLK30,Cornwall and Isles of Scilly,beach,,60,46,osm:way/367006561,Samphire Beach,score_gate,score_4.5_below_5.6
GB,TLK30,Cornwall and Isles of Scilly,beach,,60,46,osm:way/25382241,Loe Bar,score_gate,score_4.5_below_5.6
GB,TLK30,Cornwall and Isles of Scilly,beach,,60,46,osm:way/239344349,Samson,score_gate,score_4.5_below_5.6
GB,TLK30,Cornwall and Isles of Scilly,beach,,60,46,osm:relation/11478129,Porthzennor Cove,score_gate,score_4.4_below_5.6
GB,TLK30,Cornwall and Isles of Scilly,beach,,60,46,osm:way/33458802,Toll's Porth,score_gate,score_4.3_below_5.6
GB,TLK30,Cornwall and Isles of Scilly,beach,,60,46,osm:way/203556953,Little Porth,score_gate,score_4.3_below_5.6
GB,TLK30,Cornwall and Isles of Scilly,beach,,60,46,osm:way/458085353,Nornour,score_gate,score_4.3_below_5.6
GB,TLK30,Cornwall and Isles of Scilly,beach,,60,46,osm:node/9662549427,Rock Pool - Treyarnon,score_gate,score_4.3_below_5.6
GB,TLK30,Cornwall and Isles of Scilly,beach,,60,46,osm:way/66380618,Mother Ivy's Bay,score_gate,score_4.3_below_5.6
GB,TLK30,Cornwall and Isles of Scilly,beach,,60,46,osm:way/797972294,Porthallow,score_gate,score_4.3_below_5.6
GB,TLK30,Cornwall and Isles of Scilly,beach,,60,46,osm:way/834814814,Porthglaze Cove,score_gate,score_4.3_below_5.6
GB,TLK30,Cornwall and Isles of Scilly,beach,,60,46,osm:way/33458980,Great Bay,score_gate,score_4.3_below_5.6
GB,TLK30,Cornwall and Isles of Scilly,beach,,60,46,osm:way/33459047,West Gap Rock,score_gate,score_4.3_below_5.6
GB,TLK30,Cornwall and Isles of Scilly,beach,,60,46,osm:way/202654817,Percunning,score_gate,score_4.2_below_5.6
GB,TLK30,Cornwall and Isles of Scilly,beach,,60,46,osm:way/203153015,Beady Pool,score_gate,score_4.2_below_5.6
GB,TLK30,Cornwall and Isles of Scilly,beach,,60,46,osm:way/806052832,Tor Balk,score_gate,score_4.2_below_5.6
GB,TLK30,Cornwall and Isles of Scilly,beach,,60,46,osm:way/972301236,Looe Island,score_gate,score_4.2_below_5.6
GB,TLK30,Cornwall and Isles of Scilly,beach,,60,46,osm:node/9660751025,Maer High Cliff Beach,score_gate,score_4.2_below_5.6
GB,TLK30,Cornwall and Isles of Scilly,beach,,60,46,osm:node/9660751027,First Cove,score_gate,score_4.2_below_5.6
GB,TLK30,Cornwall and Isles of Scilly,beach,,60,46,osm:way/800751681,Fletching's Cove,score_gate,score_4.2_below_5.6
GB,TLK30,Cornwall and Isles of Scilly,beach,,60,46,osm:way/291111300,Spit Beach,score_gate,score_4.1_below_5.6
GB,TLK30,Cornwall and Isles of Scilly,beach,,60,46,osm:way/1009579600,Wherrytown,score_gate,score_4.1_below_5.6
GB,TLK30,Cornwall and Isles of Scilly,beach,,60,46,osm:way/174329462,Crackington Haven,score_gate,score_4.1_below_5.6
GB,TLK30,Cornwall and Isles of Scilly,beach,,60,46,osm:way/388716638,Boat Cove,score_gate,score_4.0_below_5.6
GB,TLK30,Cornwall and Isles of Scilly,beach,,60,46,osm:way/1512700917,Lamorran,score_gate,score_4.0_below_5.6
GB,TLK30,Cornwall and Isles of Scilly,beach,,60,46,osm:way/33458806,Lower Town,score_gate,score_4.0_below_5.6
SE,SE224,Skåne län,beach,,48,45,osm:way/893269405,Östra Stranden,photo_gate,imgs_0_strong_0
SE,SE224,Skåne län,beach,,48,45,osm:way/893286203,Dalabadet,photo_gate,imgs_0_strong_0
SE,SE224,Skåne län,beach,,48,45,osm:node/13072540795,Ålabodarna Nakenstrand,photo_gate,imgs_0_strong_0
SE,SE224,Skåne län,beach,,48,45,osm:node/10781369253,Svanebäcksstranden,photo_gate,imgs_0_strong_0
SE,SE224,Skåne län,beach,,48,45,osm:way/985064067,Sjöbräck,photo_gate,imgs_0_strong_0
SE,SE224,Skåne län,beach,,48,45,osm:way/221338814,Gamla Bjärred,photo_gate,imgs_0_strong_0
SE,SE224,Skåne län,beach,,48,45,osm:way/174592503,Mälarhusens dynlandskap,photo_gate,imgs_0_strong_0
SE,SE224,Skåne län,beach,,48,45,osm:way/128544595,Åhus Strand,photo_gate,imgs_0_strong_0
SE,SE224,Skåne län,beach,,48,45,osm:way/936201386,Hjärtasjöbadet,photo_gate,imgs_0_strong_0
SE,SE224,Skåne län,beach,,48,45,osm:way/149812057,Snickarhaken,photo_gate,imgs_0_strong_0
SE,SE224,Skåne län,beach,,48,45,osm:way/1388009293,Sibbarp,photo_gate,imgs_0_strong_0
SE,SE224,Skåne län,beach,,48,45,osm:way/38777974,Kyrkbacken,photo_gate,imgs_0_strong_0
SE,SE224,Skåne län,beach,,48,45,eea:SE0441291000000332,Stenshuvud,photo_gate,imgs_0_strong_0
SE,SE224,Skåne län,beach,,48,45,wd:Q32240630,Gislövs Strandmark,photo_gate,imgs_0_strong_0
SE,SE224,Skåne län,beach,,48,45,osm:way/320572299,Lursjöbadet,photo_gate,imgs_0_strong_0
SE,SE224,Skåne län,beach,,48,45,osm:way/246357855,Ewerlöfs holme,photo_gate,imgs_0_strong_0
SE,SE224,Skåne län,beach,,48,45,osm:relation/14989145,Vikens Havsbad,photo_gate,imgs_0_strong_0
SE,SE224,Skåne län,beach,,48,45,osm:way/610766237,Kvickbadet,score_gate,score_5.5_below_5.6
SE,SE224,Skåne län,beach,,48,45,osm:way/1453825989,Ålabodarna,score_gate,score_5.5_below_5.6
SE,SE224,Skåne län,beach,,48,45,osm:way/124079192,Vitemölla,score_gate,score_5.5_below_5.6
SE,SE224,Skåne län,beach,,48,45,osm:way/431932495,Björkviken,score_gate,score_5.5_below_5.6
SE,SE224,Skåne län,beach,,48,45,osm:way/1316919804,Getahålan,score_gate,score_5.5_below_5.6
SE,SE224,Skåne län,beach,,48,45,eea:SE0441264000000306,Mossbylund,score_gate,score_5.4_below_5.6
SE,SE224,Skåne län,beach,,48,45,eea:SE0441264000000307,Mossbystrand,score_gate,score_5.4_below_5.6
SE,SE224,Skåne län,beach,,48,45,eea:SE0441286000000348,Ryssvägen,score_gate,score_5.4_below_5.6
SE,SE224,Skåne län,beach,,48,45,eea:SE0441291000000281,Skepparp,score_gate,score_5.4_below_5.6
SE,SE224,Skåne län,beach,,48,45,eea:SE0441284000002331,"Mölle, Ransvik",score_gate,score_5.4_below_5.6
SE,SE224,Skåne län,beach,,48,45,eea:SE0441262000000325,Habo Ljungs Camping,score_gate,score_5.4_below_5.6
SE,SE224,Skåne län,beach,,48,45,eea:SE0441291000000328,Mälarhusen,score_gate,score_5.4_below_5.6
SE,SE224,Skåne län,beach,,48,45,eea:SE0441284000000501,Farhultsbaden,score_gate,score_5.4_below_5.6
SE,SE224,Skåne län,beach,,48,45,eea:SE0441290000000677,Snickarhakens Badplats,score_gate,score_5.4_below_5.6
SE,SE224,Skåne län,beach,,48,45,eea:SE0441273000000002,"Osbysjön, Ebbarps Camping",score_gate,score_5.4_below_5.6
SE,SE224,Skåne län,beach,,48,45,eea:SE0441291000000329,Gyllebosjön,score_gate,score_5.4_below_5.6
SE,SE224,Skåne län,beach,,48,45,eea:SE0441284000000491,"Höganäs, Margreteberg",score_gate,score_5.4_below_5.6
SE,SE224,Skåne län,beach,,48,45,eea:SE0441287000004634,Pärlan,score_gate,score_5.4_below_5.6
SE,SE224,Skåne län,beach,,48,45,osm:way/1197742613,Kullagården,score_gate,score_5.4_below_5.6
SE,SE224,Skåne län,beach,,48,45,osm:node/4338885546,Ålabodarnas strand,score_gate,score_5.4_below_5.6
SE,SE224,Skåne län,beach,,48,45,osm:node/13039636964,Margretebergs Havsbad,score_gate,score_5.4_below_5.6
SE,SE224,Skåne län,beach,,48,45,osm:way/174949952,Tydinge,score_gate,score_5.4_below_5.6
SE,SE224,Skåne län,beach,,48,45,osm:way/62382061,Lotsstugan,score_gate,score_5.4_below_5.6
SE,SE224,Skåne län,beach,,48,45,osm:way/125964685,Lerhamn,score_gate,score_5.4_below_5.6
SE,SE224,Skåne län,beach,,48,45,osm:way/1068913686,Sjöhagen,score_gate,score_5.4_below_5.6
SE,SE224,Skåne län,beach,,48,45,osm:way/1316918646,Rävasanden,score_gate,score_5.4_below_5.6
SE,SE224,Skåne län,beach,,48,45,osm:way/169558285,Fria Bad,score_gate,score_5.3_below_5.6
SE,SE224,Skåne län,beach,,48,45,osm:way/290690347,Knähakenbadet - naturistbad,score_gate,score_5.3_below_5.6
GB,TLM92,Dumfries and Galloway,beach,,45,45,osm:way/1127377342,Portpatrick Beach,score_gate,score_3.9_below_5.6
GB,TLM92,Dumfries and Galloway,beach,,45,45,osm:way/1192169486,Battlehill,score_gate,score_3.6_below_5.6
DE,DEF07,Nordfriesland,beach,,44,44,osm:way/144075839,Kniepsand,photo_gate,imgs_0_strong_0
DE,DEF07,Nordfriesland,beach,,44,44,osm:way/620827969,Dogg beach,photo_gate,imgs_0_strong_0
DE,DEF07,Nordfriesland,beach,,44,44,osm:way/620834713,Naturists Beach,photo_gate,imgs_0_strong_0
DE,DEF07,Nordfriesland,beach,,44,44,osm:way/612388781,Badestelle Holmer Siel,score_gate,score_5.3_below_5.6
DE,DEF07,Nordfriesland,beach,,44,44,osm:way/28263076,Badestelle Lüttmoorsiel,score_gate,score_5.1_below_5.6
FR,FRM01,Corse-du-Sud,beach,,46,43,osm:way/147054634,Mucchiu Biancu,photo_gate,imgs_0_strong_0
FR,FRM01,Corse-du-Sud,beach,,46,43,wd:Q49322789,plage du Ricanto,photo_gate,imgs_2_strong_2
FR,FRM01,Corse-du-Sud,beach,,46,43,wd:Q49322586,plage de Cupabia,photo_gate,imgs_0_strong_0
FR,FRM01,Corse-du-Sud,beach,,46,43,wd:Q49322580,Canella beach,score_gate,score_5.5_below_5.6
FR,FRM01,Corse-du-Sud,beach,,46,43,wd:Q49322686,Santa Giulia beach,score_gate,score_5.5_below_5.6
FR,FRM01,Corse-du-Sud,beach,,46,43,wd:Q122978580,Arone beach,score_gate,score_5.5_below_5.6
FR,FRM01,Corse-du-Sud,beach,,46,43,wd:Q124733755,Plage du Grand Capo,score_gate,score_5.5_below_5.6
FR,FRM01,Corse-du-Sud,beach,,46,43,wd:Q49322588,plage de Fautea,score_gate,score_5.5_below_5.6
FR,FRM01,Corse-du-Sud,beach,,46,43,wd:Q49322555,plage d'Agosta,score_gate,score_5.5_below_5.6
FR,FRM01,Corse-du-Sud,beach,,46,43,wd:Q49322582,plage de Carataggio,score_gate,score_5.5_below_5.6
FR,FRM01,Corse-du-Sud,beach,,46,43,osm:way/25421190,Plage Trottel,score_gate,score_5.4_below_5.6
FR,FRM01,Corse-du-Sud,beach,,46,43,osm:way/224880814,Separella,score_gate,score_5.4_below_5.6
FR,FRM01,Corse-du-Sud,beach,,46,43,osm:way/282951286,Cala d'Orzu / a piaghja d'Orzu,score_gate,score_5.4_below_5.6
FR,FRM01,Corse-du-Sud,beach,,46,43,wd:Q122978719,Erbaju beach,score_gate,score_5.3_below_5.6
FR,FRM01,Corse-du-Sud,beach,,46,43,wd:Q123256137,Rondinara Beach,score_gate,score_5.3_below_5.6
FR,FRM01,Corse-du-Sud,beach,,46,43,wd:Q122978507,Plage du petit Spérone,score_gate,score_5.3_below_5.6
FR,FRM01,Corse-du-Sud,beach,,46,43,wd:Q123419824,Plage de Campomoro,score_gate,score_5.3_below_5.6
FR,FRM01,Corse-du-Sud,beach,,46,43,wd:Q123420007,Plage de Portigliolo,score_gate,score_5.3_below_5.6
FR,FRM01,Corse-du-Sud,beach,,46,43,osm:way/188083468,Plage de Balistra,score_gate,score_5.3_below_5.6
FR,FRM01,Corse-du-Sud,beach,,46,43,osm:way/266594411,Plage de Murtoli,score_gate,score_5.3_below_5.6
FR,FRM01,Corse-du-Sud,beach,,46,43,osm:way/711326495,Plage Thia,score_gate,score_5.3_below_5.6
FR,FRM01,Corse-du-Sud,beach,,46,43,osm:way/61963035,Vardiola,score_gate,score_5.3_below_5.6
FR,FRM01,Corse-du-Sud,beach,,46,43,osm:way/178165986,Tarco,score_gate,score_5.3_below_5.6
FR,FRM01,Corse-du-Sud,beach,,46,43,wd:Q123419849,Plage de Maora,score_gate,score_5.3_below_5.6
FR,FRM01,Corse-du-Sud,beach,,46,43,osm:way/158743674,Campo Dell'Oro,score_gate,score_5.3_below_5.6
FR,FRM01,Corse-du-Sud,beach,,46,43,osm:relation/17614346,Plage de Capitello,score_gate,score_5.3_below_5.6
FR,FRM01,Corse-du-Sud,beach,,46,43,wd:Q123739774,Plage d'Argent,score_gate,score_5.3_below_5.6
FR,FRM01,Corse-du-Sud,beach,,46,43,osm:way/187938663,Cara Longu,score_gate,score_5.3_below_5.6
FR,FRM01,Corse-du-Sud,beach,,46,43,osm:way/224876367,Plage de Saint-Cyprien,score_gate,score_5.3_below_5.6
FR,FRM01,Corse-du-Sud,beach,,46,43,osm:way/224876865,Barcaju,score_gate,score_5.3_below_5.6
FR,FRM01,Corse-du-Sud,beach,,46,43,osm:way/244194480,Menasina,score_gate,score_5.3_below_5.6
FR,FRM01,Corse-du-Sud,beach,,46,43,osm:way/281356343,Plage Sampiero,score_gate,score_5.3_below_5.6
FR,FRM01,Corse-du-Sud,beach,,46,43,osm:way/664754420,Plage de la Terre Sacrée,score_gate,score_5.3_below_5.6
FR,FRM01,Corse-du-Sud,beach,,46,43,osm:way/664754421,Plage Week-end,score_gate,score_5.3_below_5.6
FR,FRM01,Corse-du-Sud,beach,,46,43,osm:relation/18813541,Plage dolce Vita,score_gate,score_5.3_below_5.6
FR,FRM01,Corse-du-Sud,beach,,46,43,osm:way/154260402,La Chiappa,score_gate,score_5.3_below_5.6
FR,FRM01,Corse-du-Sud,beach,,46,43,osm:way/130103561,Plage de Paragan,score_gate,score_5.3_below_5.6
FR,FRM01,Corse-du-Sud,beach,,46,43,wd:Q49322819,plage Saint-François,score_gate,score_4.9_below_5.6
FR,FRM01,Corse-du-Sud,beach,,46,43,wd:Q49322547,plage de Bussaglia,score_gate,score_4.9_below_5.6
FR,FRM01,Corse-du-Sud,beach,,46,43,wd:Q49322589,Figari Beach,score_gate,score_4.9_below_5.6
FR,FRM01,Corse-du-Sud,beach,,46,43,wd:Q49322677,plage de Ruppione,score_gate,score_4.9_below_5.6
FR,FRM01,Corse-du-Sud,beach,,46,43,wd:Q49322657,Pargan Beach,score_gate,score_4.9_below_5.6
FR,FRM01,Corse-du-Sud,beach,,46,43,wd:Q49322554,plage d'Agliu,score_gate,score_4.9_below_5.6
CY,CY000,Kýpros,beach,,60,42,wd:Q117000911,White River Beach,photo_gate,imgs_2_strong_2
CY,CY000,Kýpros,beach,,60,42,osm:way/998252647,North Lara Beach,photo_gate,imgs_0_strong_0
CY,CY000,Kýpros,beach,,60,42,osm:way/137702796,Kotsia Beach,photo_gate,imgs_1_strong_0
CY,CY000,Kýpros,beach,,60,42,osm:way/1041621407,Venus blue beach,photo_gate,imgs_0_strong_0
CY,CY000,Kýpros,beach,,60,42,osm:way/286275732,Diana Beach,photo_gate,imgs_0_strong_0
CY,CY000,Kýpros,beach,,60,42,wd:Q109558840,Landa Golden Beach,photo_gate,imgs_1_strong_1
CY,CY000,Kýpros,beach,,60,42,osm:relation/1236241,Green Bay,photo_gate,imgs_0_strong_0
CY,CY000,Kýpros,beach,,60,42,osm:relation/8311055,Skoutari Beach,photo_gate,imgs_0_strong_0
CY,CY000,Kýpros,beach,,60,42,osm:way/22764463,Latchi Beach,photo_gate,imgs_3_strong_3
CY,CY000,Kýpros,beach,,60,42,osm:way/606238633,Beach Club,photo_gate,imgs_0_strong_0
CY,CY000,Kýpros,beach,,60,42,wd:Q5436159,Faros Beach,photo_gate,imgs_0_strong_0
CY,CY000,Kýpros,beach,,60,42,osm:relation/1241119,Trinity Beach | Agia Triada Beach,photo_gate,imgs_2_strong_2
CY,CY000,Kýpros,beach,,60,42,osm:node/287586756,Pantachou beach (Limanaki),photo_gate,imgs_0_strong_0
CY,CY000,Kýpros,beach,,60,42,osm:way/298687591,Elysium Beach,photo_gate,imgs_0_strong_0
CY,CY000,Kýpros,beach,,60,42,osm:way/612326180,Armyropigado Beach,photo_gate,imgs_4_strong_0
CY,CY000,Kýpros,beach,,60,42,osm:node/9090949264,Paradisos,photo_gate,imgs_4_strong_0
CY,CY000,Kýpros,beach,,60,42,osm:way/606238631,Silver Beach,photo_gate,imgs_0_strong_0
CY,CY000,Kýpros,beach,,60,42,osm:way/226555170,Alagadi Turtle Beach 2,photo_gate,imgs_1_strong_0
CY,CY000,Kýpros,beach,,60,42,wd:Q139070400,"Vrysoudia Beach, Paphos",photo_gate,imgs_3_strong_3
CY,CY000,Kýpros,beach,,60,42,osm:way/289625766,Kermia (Limnara) Beach,photo_gate,imgs_0_strong_0
CY,CY000,Kýpros,beach,,60,42,osm:way/1354214220,CTO Beach,photo_gate,imgs_1_strong_0
CY,CY000,Kýpros,beach,,60,42,osm:way/663447863,Kafizis Beach,photo_gate,imgs_0_strong_0
CY,CY000,Kýpros,beach,,60,42,osm:way/1215861046,Kalymnos Beach,photo_gate,imgs_2_strong_2
CY,CY000,Kýpros,beach,,60,42,osm:relation/1201169,Vrissi Beach | Sunrise Beach,photo_gate,imgs_2_strong_2
CY,CY000,Kýpros,beach,,60,42,osm:relation/1241120,Pernera P Beach,photo_gate,imgs_3_strong_1
CY,CY000,Kýpros,beach,,60,42,osm:way/82305392,Nissia Bay Beach,photo_gate,imgs_0_strong_0
CY,CY000,Kýpros,beach,,60,42,osm:way/835851046,Alki Beach,photo_gate,imgs_0_strong_0
CY,CY000,Kýpros,beach,,60,42,osm:way/394876557,Kapparis Bay,photo_gate,imgs_3_strong_1
CY,CY000,Kýpros,beach,,60,42,osm:relation/12567504,Glossa Beach,photo_gate,imgs_0_strong_0
CY,CY000,Kýpros,beach,,60,42,osm:relation/1241141,Potami Bay Beach,photo_gate,imgs_4_strong_0
CY,CY000,Kýpros,beach,,60,42,osm:way/606238634,Derinya Halk Plajı,photo_gate,imgs_0_strong_0
CY,CY000,Kýpros,beach,,60,42,osm:way/952236170,Ayphilon Beach,photo_gate,imgs_0_strong_0
CY,CY000,Kýpros,beach,,60,42,osm:way/243807509,Louma Beach,photo_gate,imgs_0_strong_0
CY,CY000,Kýpros,beach,,60,42,osm:way/400612591,Vizakia Beach,photo_gate,imgs_4_strong_0
CY,CY000,Kýpros,beach,,60,42,osm:relation/1236242,Nisia Loumbardi Beach,photo_gate,imgs_0_strong_0
CY,CY000,Kýpros,beach,,60,42,osm:way/26172800,Geroskipou Beach,photo_gate,imgs_0_strong_0
CY,CY000,Kýpros,beach,,60,42,osm:way/1049689256,Omega Beach,photo_gate,imgs_0_strong_0
CY,CY000,Kýpros,beach,,60,42,osm:way/45199815,Firemans Beach,photo_gate,imgs_4_strong_0
CY,CY000,Kýpros,beach,,60,42,osm:way/300836202,Νεάπολη,photo_gate,imgs_0_strong_0
CY,CY000,Kýpros,beach,,60,42,osm:way/632302189,Amphitheatre,photo_gate,imgs_0_strong_0
CY,CY000,Kýpros,beach,,60,42,osm:way/286276160,Korenium beach,photo_gate,imgs_0_strong_0
CY,CY000,Kýpros,beach,,60,42,osm:way/510986434,Nowhere Beach,photo_gate,imgs_0_strong_0
ES,ES615,Huelva,beach,,40,40,wd:Q104816696,Rompeculos,photo_gate,imgs_0_strong_0
ES,ES615,Huelva,beach,,40,40,wd:Q24021457,Playa de la Bota,photo_gate,imgs_0_strong_0
ES,ES615,Huelva,beach,,40,40,wd:Q24021458,playa de Punta Umbría,photo_gate,imgs_0_strong_0
ES,ES615,Huelva,beach,,40,40,wd:Q6079115,Playa de la Gola (Isla Cristina),photo_gate,imgs_0_strong_0
ES,ES615,Huelva,beach,,40,40,wd:Q6078825,Playa de La Redondela,photo_gate,imgs_0_strong_0
ES,ES615,Huelva,beach,,40,40,wd:Q6079232,Playa del Cantil,photo_gate,imgs_0_strong_0
ES,ES615,Huelva,beach,,40,40,wd:Q105883585,Playa de Torre del Loro,photo_gate,imgs_0_strong_0
ES,ES615,Huelva,beach,,40,40,wd:Q104816844,Playa de Santa Pura,photo_gate,imgs_0_strong_0
ES,ES615,Huelva,beach,,40,40,wd:Q24024695,Playa Islantilla,photo_gate,imgs_0_strong_0
ES,ES615,Huelva,beach,,40,40,wd:Q6078730,Playa de El Portil,score_gate,score_5.0_below_5.6
ES,ES615,Huelva,beach,,40,40,wd:Q104698935,Playa del Parador de Mazagón,score_gate,score_5.0_below_5.6
ES,ES615,Huelva,beach,,40,40,wd:Q24024690,Matalascañas beach,score_gate,score_5.0_below_5.6
ES,ES615,Huelva,beach,,40,40,osm:way/228518871,Playa de San Bruno,photo_gate,imgs_0_strong_0
UA,UA-74538382B33781793273381,Henichesk,beach,,40,40,,,,
FI,FI1D8,Kainuu,beach,,39,39,osm:way/26310490,Kesäniemi beach,photo_gate,imgs_0_strong_0
FI,FI1D8,Kainuu,beach,,39,39,osm:node/7726175394,Hiukka,photo_gate,imgs_0_strong_0
FI,FI1D8,Kainuu,beach,,39,39,osm:way/554609589,Jätkänpuiston uimaranta,score_gate,score_5.5_below_5.6
LT,LT023,Klaipėdos apskritis,beach,,39,39,wd:Q135581306,Nida nudist beach,photo_gate,imgs_1_strong_1
LT,LT023,Klaipėdos apskritis,beach,,39,39,osm:way/160070904,Rusnė beach,photo_gate,imgs_3_strong_3
LT,LT023,Klaipėdos apskritis,beach,,39,39,osm:relation/20776981,Juodkrantės paplūdimys,photo_gate,imgs_1_strong_0
LT,LT023,Klaipėdos apskritis,beach,,39,39,osm:relation/20743741,Palangos paplūdimys,photo_gate,imgs_1_strong_1
LT,LT023,Klaipėdos apskritis,beach,,39,39,osm:relation/20743732,Pietinis Šventosios paplūdimys,photo_gate,imgs_1_strong_0
LT,LT023,Klaipėdos apskritis,beach,,39,39,osm:relation/20776662,Melnragės II paplūdimys,photo_gate,imgs_1_strong_0
LT,LT023,Klaipėdos apskritis,beach,,39,39,osm:relation/20776722,Naujosios Smiltynės Perkėlos paplūdimys,photo_gate,imgs_0_strong_0
LT,LT023,Klaipėdos apskritis,beach,,39,39,osm:node/11640079852,Pervalka nudist beach,photo_gate,imgs_1_strong_1
LT,LT023,Klaipėdos apskritis,beach,,39,39,osm:relation/20776718,Senosios Smiltynės perkėlos paplūdimys,photo_gate,imgs_0_strong_0
LT,LT023,Klaipėdos apskritis,beach,,39,39,osm:relation/20776983,Juodkrantė Nudist Beach,photo_gate,imgs_0_strong_0
LT,LT023,Klaipėdos apskritis,beach,,39,39,osm:relation/20743730,Nemirsetos paplūdimys,photo_gate,imgs_0_strong_0
LT,LT023,Klaipėdos apskritis,beach,,39,39,osm:relation/20776666,Klaipėdos centrinis paplūdimys,photo_gate,imgs_0_strong_0
LT,LT023,Klaipėdos apskritis,beach,,39,39,osm:relation/20776982,Juodkrantės moterų paplūdimys,photo_gate,imgs_0_strong_0
LT,LT023,Klaipėdos apskritis,beach,,39,39,osm:node/11640077622,Preila nudist beach,photo_gate,imgs_3_strong_3
LT,LT023,Klaipėdos apskritis,beach,,39,39,osm:relation/20776665,Melnragės I paplūdimys,photo_gate,imgs_0_strong_0
LT,LT023,Klaipėdos apskritis,beach,,39,39,osm:relation/20743740,Palangos moterų paplūdimys,photo_gate,imgs_0_strong_0
LT,LT023,Klaipėdos apskritis,beach,,39,39,osm:relation/20776667,Girulių paplūdimys,photo_gate,imgs_0_strong_0
LT,LT023,Klaipėdos apskritis,beach,,39,39,osm:relation/20776720,Smiltynės vyrų paplūdimys,photo_gate,imgs_0_strong_0
LT,LT023,Klaipėdos apskritis,beach,,39,39,osm:relation/20776663,Melnragės I moterų paplūdymys,photo_gate,imgs_0_strong_0
LT,LT023,Klaipėdos apskritis,beach,,39,39,osm:relation/20743739,Vanagupės paplūdimys,photo_gate,imgs_0_strong_0
LT,LT023,Klaipėdos apskritis,beach,,39,39,eea:LT0032500101014,Palangos Bendrojo Papludimio Ties Botanikos Parku,photo_gate,imgs_0_strong_0
LT,LT023,Klaipėdos apskritis,beach,,39,39,osm:relation/4580545,Grey Dunes,photo_gate,imgs_0_strong_0
LT,LT023,Klaipėdos apskritis,beach,,39,39,osm:relation/17638718,Skuodo paplūdimys,score_gate,score_5.5_below_5.6
LT,LT023,Klaipėdos apskritis,beach,,39,39,osm:relation/20776721,Smiltynė nudist beach,score_gate,score_5.5_below_5.6
LT,LT023,Klaipėdos apskritis,beach,,39,39,wd:Q107125617,Nidos,score_gate,score_5.3_below_5.6
LT,LT023,Klaipėdos apskritis,beach,,39,39,osm:relation/20743738,Palangos vyrų paplūdimys,score_gate,score_4.9_below_5.6
LT,LT023,Klaipėdos apskritis,beach,,39,39,osm:relation/20743734,Šventosios moterų paplūdymys,score_gate,score_4.8_below_5.6
LT,LT023,Klaipėdos apskritis,beach,,39,39,eea:LT0032520010720,Razes,score_gate,score_4.7_below_5.6
LT,LT023,Klaipėdos apskritis,beach,,39,39,osm:node/13879050543,Monciškės neįgaliųjų paplūdimys,score_gate,score_4.7_below_5.6
LT,LT023,Klaipėdos apskritis,beach,,39,39,eea:LT0038850100201100,Kursiu Mariu Ties Kintais,score_gate,score_4.2_below_5.6
LT,LT023,Klaipėdos apskritis,beach,,39,39,eea:LT003882010050553,Zemaiciu Naumiescio,score_gate,score_3.5_below_5.6
SE,SE231,Hallands län,beach,,40,38,wd:Q6470375,Laholm Bay Beach,photo_gate,imgs_3_strong_3
SE,SE231,Hallands län,beach,,40,38,wd:Q131279708,West beach,photo_gate,imgs_2_strong_2
SE,SE231,Hallands län,beach,,40,38,osm:way/1372991885,Långasand,photo_gate,imgs_0_strong_0
SE,SE231,Hallands län,beach,,40,38,osm:node/13381681846,Badplats Glommen,photo_gate,imgs_0_strong_0
SE,SE231,Hallands län,beach,,40,38,osm:relation/10492725,Olofsbo strand,photo_gate,imgs_0_strong_0
SE,SE231,Hallands län,beach,,40,38,osm:relation/12994982,Röskiten,photo_gate,imgs_0_strong_0
SE,SE231,Hallands län,beach,,40,38,osm:relation/8529089,Skrea Strand,photo_gate,imgs_1_strong_1
SE,SE231,Hallands län,beach,,40,38,osm:relation/10492784,Östra Stranden,photo_gate,imgs_0_strong_0
SE,SE231,Hallands län,beach,,40,38,osm:node/10130075458,Balgö Brygga,photo_gate,imgs_0_strong_0
SE,SE231,Hallands län,beach,,40,38,osm:relation/10230324,Vargaslätten,photo_gate,imgs_0_strong_0
SE,SE231,Hallands län,beach,,40,38,osm:relation/10492339,Kohuvudet,photo_gate,imgs_0_strong_0
SE,SE231,Hallands län,beach,,40,38,osm:relation/14178072,Skallkroken,photo_gate,imgs_0_strong_0
SE,SE231,Hallands län,beach,,40,38,osm:relation/10230317,Ibro badplats,photo_gate,imgs_0_strong_0
SE,SE231,Hallands län,beach,,40,38,osm:relation/10227297,Lilla Trälviken,photo_gate,imgs_0_strong_0
SE,SE231,Hallands län,beach,,40,38,osm:relation/10228277,Frösakull,photo_gate,imgs_0_strong_0
SE,SE231,Hallands län,beach,,40,38,osm:relation/10460379,Vita bandet,photo_gate,imgs_0_strong_0
SE,SE231,Hallands län,beach,,40,38,wd:Q10593848,Nabben,score_gate,score_5.5_below_5.6
SE,SE231,Hallands län,beach,,40,38,osm:relation/10230315,Nässja badplats,score_gate,score_5.5_below_5.6
SE,SE231,Hallands län,beach,,40,38,eea:SE0A11380000002976,Hagöns Campingplats,score_gate,score_5.4_below_5.6
SE,SE231,Hallands län,beach,,40,38,eea:SE0A11380000000368,Haverdal,score_gate,score_5.4_below_5.6
SE,SE231,Hallands län,beach,,40,38,eea:SE0A11380000000369,Vilshärad,score_gate,score_5.4_below_5.6
SE,SE231,Hallands län,beach,,40,38,osm:relation/19348283,Ölmanäs,score_gate,score_5.4_below_5.6
SE,SE231,Hallands län,beach,,40,38,eea:SE0A11380000000366,Steninge,score_gate,score_5.4_below_5.6
SE,SE231,Hallands län,beach,,40,38,osm:relation/10228335,Björkäng,score_gate,score_5.4_below_5.6
SE,SE231,Hallands län,beach,,40,38,osm:way/1377763978,Söder,score_gate,score_5.4_below_5.6
SE,SE231,Hallands län,beach,,40,38,osm:way/1378318475,Slottsjorden,score_gate,score_5.4_below_5.6
SE,SE231,Hallands län,beach,,40,38,osm:relation/10491557,Trollåsen,score_gate,score_5.2_below_5.6
SE,SE231,Hallands län,beach,,40,38,osm:relation/9794758,Bråtaviken,score_gate,score_5.1_below_5.6
SE,SE231,Hallands län,beach,,40,38,osm:relation/10227265,Kohall,score_gate,score_4.9_below_5.6
SE,SE231,Hallands län,beach,,40,38,eea:SE0A11381000000182,"Laholmsbukten, Kolonivägen",score_gate,score_4.9_below_5.6
SE,SE231,Hallands län,beach,,40,38,eea:SE0A11381000000181,"Laholmsbukten, Fiskaregatan",score_gate,score_4.9_below_5.6
SE,SE231,Hallands län,beach,,40,38,osm:relation/10263185,Stafsingestrand,score_gate,score_4.8_below_5.6
SE,SE231,Hallands län,beach,,40,38,osm:way/334438837,Ekegårdens strand,score_gate,score_4.8_below_5.6
SE,SE231,Hallands län,beach,,40,38,osm:relation/10230319,Sjögård,score_gate,score_4.8_below_5.6
SE,SE231,Hallands län,beach,,40,38,eea:SE0A11381000000183,"Laholmsbukten, Birger Pers Väg",score_gate,score_4.7_below_5.6
SE,SE231,Hallands län,beach,,40,38,eea:SE0A11384000000450,Smarholmen,score_gate,score_4.7_below_5.6
SE,SE231,Hallands län,beach,,40,38,eea:SE0A11380000000370,Ringenäs,score_gate,score_4.7_below_5.6
SE,SE231,Hallands län,beach,,40,38,eea:SE0A11383000000635,Djupa Dräkt,score_gate,score_4.7_below_5.6
GB,TLK43,Devon CC,beach,,42,38,wd:Q4972286,Broadsands Beach,photo_gate,imgs_3_strong_3
GB,TLK43,Devon CC,beach,,42,38,wd:Q7989455,Weston Mouth,photo_gate,imgs_2_strong_2
GB,TLK43,Devon CC,beach,,42,38,wd:Q99796491,Man Sands,photo_gate,imgs_3_strong_3
GB,TLK43,Devon CC,beach,,42,38,wd:Q31844931,Bantham Beach,photo_gate,imgs_3_strong_3
GB,TLK43,Devon CC,beach,,42,38,osm:way/259351500,Rodney Bay,score_gate,score_5.3_below_5.6
GB,TLK43,Devon CC,beach,,42,38,wd:Q31844928,Lannacombe Beach,score_gate,score_5.2_below_5.6
GB,TLK43,Devon CC,beach,,42,38,wd:Q124358179,Wildersmouth Beach,score_gate,score_5.0_below_5.6
GB,TLK43,Devon CC,beach,,42,38,osm:way/374101519,Biddlehead Point,score_gate,score_4.9_below_5.6
GB,TLK43,Devon CC,beach,,42,38,osm:way/151234392,Northam Beach,score_gate,score_4.9_below_5.6
GB,TLK43,Devon CC,beach,,42,38,wd:Q124358090,Mothecombe Beach,score_gate,score_4.7_below_5.6
GB,TLK43,Devon CC,beach,,42,38,osm:way/1075164702,Pirate Cove,score_gate,score_4.7_below_5.6
GB,TLK43,Devon CC,beach,,42,38,osm:way/39390768,Yarmer Beach,score_gate,score_4.6_below_5.6
GB,TLK43,Devon CC,beach,,42,38,osm:node/7164417118,Branscombe Beach,score_gate,score_4.6_below_5.6
GB,TLK43,Devon CC,beach,,42,38,osm:node/7164437702,Hooken Beach,score_gate,score_4.4_below_5.6
GB,TLK43,Devon CC,beach,,42,38,osm:way/42561845,Croyde Dunes,score_gate,score_4.4_below_5.6
GB,TLK43,Devon CC,beach,,42,38,osm:way/118222993,Mill Bay,score_gate,score_4.4_below_5.6
GB,TLK43,Devon CC,beach,,42,38,osm:relation/14261736,Leasfoot Beach,score_gate,score_4.3_below_5.6
GB,TLK43,Devon CC,beach,,42,38,osm:way/99423870,Peppercombe Beach,score_gate,score_4.3_below_5.6
GB,TLK43,Devon CC,beach,,42,38,osm:way/156118750,Sunny Cove,score_gate,score_4.2_below_5.6
GB,TLK43,Devon CC,beach,,42,38,osm:way/366684831,Lynmouth,score_gate,score_4.2_below_5.6
GB,TLK43,Devon CC,beach,,42,38,osm:way/472652446,Combe Martin beach,score_gate,score_4.2_below_5.6
GB,TLK43,Devon CC,beach,,42,38,osm:way/850891102,Cellar Bay,score_gate,score_4.1_below_5.6
GB,TLK43,Devon CC,beach,,42,38,osm:way/972486456,Great Mew Stone,score_gate,score_4.1_below_5.6
GB,TLK43,Devon CC,beach,,42,38,osm:way/871084982,Middledown Gate,score_gate,score_4.1_below_5.6
GB,TLK43,Devon CC,beach,,42,38,osm:way/871568335,Old Gamp,score_gate,score_4.1_below_5.6
GB,TLK43,Devon CC,beach,,42,38,osm:way/68283420,Monkey Rock,score_gate,score_4.1_below_5.6
GB,TLK43,Devon CC,beach,,42,38,wd:Q124358204,Wonwell Beach,score_gate,score_4.0_below_5.6
GB,TLK43,Devon CC,beach,,42,38,osm:way/1164436260,Langstone Rock,score_gate,score_4.0_below_5.6
GB,TLK43,Devon CC,beach,,42,38,wd:Q31844932,Wadham Rocks Beach,score_gate,score_4.0_below_5.6
GB,TLK43,Devon CC,beach,,42,38,wd:Q124358139,Hallsands Beach,score_gate,score_3.9_below_5.6
GB,TLK43,Devon CC,beach,,42,38,osm:way/99525502,Gauter Beach,score_gate,score_3.9_below_5.6
GB,TLK43,Devon CC,beach,,42,38,osm:node/6784531422,Hele Beach,score_gate,score_3.8_below_5.6
GB,TLK43,Devon CC,beach,,42,38,wd:Q31844972,Mouthmill Beach,score_gate,score_3.8_below_5.6
GB,TLK43,Devon CC,beach,,42,38,osm:way/165350459,Westcombe Beach,score_gate,score_3.8_below_5.6
GB,TLK43,Devon CC,beach,,42,38,osm:way/254491024,Flow Point,score_gate,score_3.7_below_5.6
GB,TLK43,Devon CC,beach,,42,38,osm:way/165323326,Instow Beach,score_gate,score_3.7_below_5.6
GB,TLK43,Devon CC,beach,,42,38,osm:way/125808700,Beer Roads,score_gate,score_3.6_below_5.6
GB,TLK43,Devon CC,beach,,42,38,osm:way/158511213,Coryton's Cove Beach,score_gate,score_3.6_below_5.6
GR,EL623,"Ithaki, Kefallinia",beach,,38,36,wd:Q8044038,Xi Beach,photo_gate,imgs_4_strong_4
GR,EL623,"Ithaki, Kefallinia",beach,,38,36,wd:Q140834704,Foki beach,photo_gate,imgs_2_strong_1
GR,EL623,"Ithaki, Kefallinia",beach,,38,36,wd:Q53629502,Antisamos,photo_gate,imgs_3_strong_3
GR,EL623,"Ithaki, Kefallinia",beach,,38,36,wd:Q15242255,Lepeda Beach,photo_gate,imgs_0_strong_0
GR,EL623,"Ithaki, Kefallinia",beach,,38,36,osm:way/41427182,Μεγας Λακος,photo_gate,imgs_0_strong_0
GR,EL623,"Ithaki, Kefallinia",beach,,38,36,osm:way/1022096031,Mouda nudist beach,photo_gate,imgs_0_strong_0
GR,EL623,"Ithaki, Kefallinia",beach,,38,36,osm:way/127089178,Kaminia Beach,photo_gate,imgs_0_strong_0
GR,EL623,"Ithaki, Kefallinia",beach,,38,36,wd:Q53632065,Lourdas,photo_gate,imgs_0_strong_0
GR,EL623,"Ithaki, Kefallinia",beach,,38,36,wd:Q53632089,Aragia Porou,photo_gate,imgs_0_strong_0
GR,EL623,"Ithaki, Kefallinia",beach,,38,36,wd:Q138857014,Gidaki beach,photo_gate,imgs_0_strong_0
GR,EL623,"Ithaki, Kefallinia",beach,,38,36,osm:way/237382153,Kanali naturist beach,photo_gate,imgs_0_strong_0
GR,EL623,"Ithaki, Kefallinia",beach,,38,36,osm:way/299660309,Karavomilos Beach,photo_gate,imgs_0_strong_0
GR,EL623,"Ithaki, Kefallinia",beach,,38,36,osm:way/296689945,Megali Ammos,score_gate,score_5.5_below_5.6
GR,EL623,"Ithaki, Kefallinia",beach,,38,36,wd:Q20553127,Trapezaki,score_gate,score_5.4_below_5.6
GR,EL623,"Ithaki, Kefallinia",beach,,38,36,osm:way/237379109,Agia Kiriaki Beach,score_gate,score_5.4_below_5.6
GR,EL623,"Ithaki, Kefallinia",beach,,38,36,osm:way/1022083497,Avithos South (nudist),score_gate,score_5.4_below_5.6
GR,EL623,"Ithaki, Kefallinia",beach,,38,36,wd:Q138856111,Ai Chelis beach,score_gate,score_5.4_below_5.6
GR,EL623,"Ithaki, Kefallinia",beach,,38,36,osm:way/500970762,Λυγιά,score_gate,score_5.4_below_5.6
GR,EL623,"Ithaki, Kefallinia",beach,,38,36,osm:relation/16241219,Poli,score_gate,score_5.3_below_5.6
GR,EL623,"Ithaki, Kefallinia",beach,,38,36,wd:Q53631966,Ammes,score_gate,score_5.3_below_5.6
GR,EL623,"Ithaki, Kefallinia",beach,,38,36,wd:Q53632109,Platis Gialos,score_gate,score_5.3_below_5.6
GR,EL623,"Ithaki, Kefallinia",beach,,38,36,wd:Q53630997,Bouka-Paliostafida,score_gate,score_5.3_below_5.6
GR,EL623,"Ithaki, Kefallinia",beach,,38,36,osm:way/1193371476,Ελληνικά,score_gate,score_5.3_below_5.6
GR,EL623,"Ithaki, Kefallinia",beach,,38,36,wd:Q53632073,Avythos,score_gate,score_5.3_below_5.6
GR,EL623,"Ithaki, Kefallinia",beach,,38,36,osm:relation/16241220,Όρμος Πόλης,score_gate,score_5.3_below_5.6
GR,EL623,"Ithaki, Kefallinia",beach,,38,36,wd:Q123059149,Vouti beach,score_gate,score_5.2_below_5.6
GR,EL623,"Ithaki, Kefallinia",beach,,38,36,wd:Q7917175,Vatsa Bay,score_gate,score_5.2_below_5.6
GR,EL623,"Ithaki, Kefallinia",beach,,38,36,osm:way/288182036,Emblisi Beach,score_gate,score_5.2_below_5.6
GR,EL623,"Ithaki, Kefallinia",beach,,38,36,osm:way/500979152,Σπαρτιάς,score_gate,score_5.2_below_5.6
GR,EL623,"Ithaki, Kefallinia",beach,,38,36,wd:Q53632059,Poli-Ta Dexia,score_gate,score_5.1_below_5.6
GR,EL623,"Ithaki, Kefallinia",beach,,38,36,osm:way/80502199,Skinos,score_gate,score_5.1_below_5.6
GR,EL623,"Ithaki, Kefallinia",beach,,38,36,osm:way/145313609,Atheras,score_gate,score_4.9_below_5.6
GR,EL623,"Ithaki, Kefallinia",beach,,38,36,osm:way/1193372335,Λιθοβάτης,score_gate,score_4.9_below_5.6
GR,EL623,"Ithaki, Kefallinia",beach,,38,36,osm:way/288000459,Φισκάρδο,score_gate,score_4.8_below_5.6
GR,EL623,"Ithaki, Kefallinia",beach,,38,36,osm:way/719936194,Cronidis Beach,score_gate,score_4.8_below_5.6
GR,EL623,"Ithaki, Kefallinia",beach,,38,36,osm:relation/16239690,Limenia,score_gate,score_4.8_below_5.6
HR,HR036,Istarska županija,beach,,39,35,osm:way/40897014,Njive,photo_gate,imgs_0_strong_0
HR,HR036,Istarska županija,beach,,39,35,osm:way/970111851,Podlokva,photo_gate,imgs_0_strong_0
HR,HR036,Istarska županija,beach,,39,35,osm:way/1090524666,Dražice,photo_gate,imgs_0_strong_0
HR,HR036,Istarska županija,beach,,39,35,osm:way/40896998,Pinižule,photo_gate,imgs_2_strong_2
HR,HR036,Istarska županija,beach,,39,35,osm:way/977481047,Mali Portić,photo_gate,imgs_0_strong_0
HR,HR036,Istarska županija,beach,,39,35,osm:node/9939448678,Školjić,photo_gate,imgs_0_strong_0
HR,HR036,Istarska županija,beach,,39,35,osm:way/40897004,Polje,photo_gate,imgs_1_strong_1
HR,HR036,Istarska županija,beach,,39,35,osm:way/719979221,Kanegra,photo_gate,imgs_0_strong_0
HR,HR036,Istarska županija,beach,,39,35,osm:way/173456151,Maslenica,photo_gate,imgs_0_strong_0
HR,HR036,Istarska županija,beach,,39,35,osm:way/407983652,Uvala Slana,photo_gate,imgs_0_strong_0
HR,HR036,Istarska županija,beach,,39,35,osm:way/465224602,Gripišće,photo_gate,imgs_0_strong_0
HR,HR036,Istarska županija,beach,,39,35,osm:way/1090253478,Uvala Brulo,score_gate,score_5.5_below_5.6
HR,HR036,Istarska županija,beach,,39,35,osm:way/1090524662,Debeljak,score_gate,score_5.5_below_5.6
HR,HR036,Istarska županija,beach,,39,35,osm:way/966350084,Lijom,score_gate,score_5.4_below_5.6
HR,HR036,Istarska županija,beach,,39,35,osm:way/755977276,Plaža Stella Maris,score_gate,score_5.4_below_5.6
HR,HR036,Istarska županija,beach,,39,35,eea:HRBWC-COAST-HR3-7262,Tarska vala,score_gate,score_5.4_below_5.6
HR,HR036,Istarska županija,beach,,39,35,osm:way/966352471,Beach Centinera,score_gate,score_5.3_below_5.6
HR,HR036,Istarska županija,beach,,39,35,osm:way/299527908,Tanka Punta,score_gate,score_5.3_below_5.6
HR,HR036,Istarska županija,beach,,39,35,osm:way/182943527,Amarin,score_gate,score_5.2_below_5.6
HR,HR036,Istarska županija,beach,,39,35,osm:way/1182590317,Uvala Runci,score_gate,score_5.2_below_5.6
HR,HR036,Istarska županija,beach,,39,35,osm:way/997119092,Munte Beach,score_gate,score_5.2_below_5.6
HR,HR036,Istarska županija,beach,,39,35,osm:way/437657200,Ščuza,score_gate,score_5.1_below_5.6
HR,HR036,Istarska županija,beach,,39,35,osm:way/203352190,Uvala Sveta Marina,score_gate,score_5.1_below_5.6
HR,HR036,Istarska županija,beach,,39,35,osm:way/143436730,Monterol,score_gate,score_5.1_below_5.6
HR,HR036,Istarska županija,beach,,39,35,osm:way/235737727,Uvala Karpinjan,score_gate,score_4.9_below_5.6
HR,HR036,Istarska županija,beach,,39,35,osm:way/1029039465,Istočna uvala,score_gate,score_4.9_below_5.6
HR,HR036,Istarska županija,beach,,39,35,osm:way/1299093141,Rt Trav,score_gate,score_4.9_below_5.6
HR,HR036,Istarska županija,beach,,39,35,osm:way/175055914,Gortanova draga,score_gate,score_4.9_below_5.6
HR,HR036,Istarska županija,beach,,39,35,osm:way/1181780268,Rt Šćuzela,score_gate,score_4.9_below_5.6
HR,HR036,Istarska županija,beach,,39,35,osm:way/217463146,Uvala Valeta,score_gate,score_4.8_below_5.6
HR,HR036,Istarska županija,beach,,39,35,osm:way/367136073,Ambrela Beach,score_gate,score_4.8_below_5.6
HR,HR036,Istarska županija,beach,,39,35,osm:way/262830323,FKK / Naturist Beach Valkane,score_gate,score_4.8_below_5.6
HR,HR036,Istarska županija,beach,,39,35,osm:node/1783326622,Pomer,score_gate,score_4.8_below_5.6
HR,HR036,Istarska županija,beach,,39,35,osm:way/436322165,Uvala Stoja,score_gate,score_4.8_below_5.6
HR,HR036,Istarska županija,beach,,39,35,osm:way/1199459705,Uvala Sveti Jakov,score_gate,score_4.8_below_5.6
IT,ITH35,Venezia,beach,,37,35,wd:Q226221,Lido di Venezia,photo_gate,imgs_3_strong_3
IT,ITH35,Venezia,beach,,37,35,osm:way/146991799,Brussa,photo_gate,imgs_0_strong_0
IT,ITH35,Venezia,beach,,37,35,osm:way/264206535,Venice Lido,photo_gate,imgs_0_strong_0
IT,ITH35,Venezia,beach,,37,35,osm:way/74050706,Brussa,score_gate,score_5.4_below_5.6
IT,ITH35,Venezia,beach,,37,35,osm:way/1361707661,Caorle,score_gate,score_5.1_below_5.6
IT,ITH35,Venezia,beach,,37,35,wd:Q33343434,Spiaggia Lungomare d'Annunzio,score_gate,score_5.0_below_5.6
IT,ITH35,Venezia,beach,,37,35,wd:Q33337499,Spiaggia di Duna Verde,score_gate,score_5.0_below_5.6
IT,ITH35,Venezia,beach,,37,35,wd:Q33334579,Spiaggia del Faro,score_gate,score_4.9_below_5.6
IE,IE052,South-East ,beach,,35,35,osm:way/35221218,Bunmahon Strand,photo_gate,imgs_1_strong_1
IE,IE052,South-East ,beach,,35,35,osm:way/58744470,Cullenstown Strand,photo_gate,imgs_0_strong_0
IE,IE052,South-East ,beach,,35,35,osm:node/6462851824,Carne Beach,photo_gate,imgs_1_strong_1
IE,IE052,South-East ,beach,,35,35,osm:way/36414317,Morriscastle Beach,photo_gate,imgs_2_strong_2
IE,IE052,South-East ,beach,,35,35,osm:way/57042639,Ballinesker Beach,photo_gate,imgs_0_strong_0
IE,IE052,South-East ,beach,,35,35,osm:way/49847489,Nethertown Beach,photo_gate,imgs_0_strong_0
IE,IE052,South-East ,beach,,35,35,osm:way/57019994,Duffcarrig Rocks Beach,photo_gate,imgs_0_strong_0
IE,IE052,South-East ,beach,,35,35,osm:relation/13472334,Curracloe Beach,photo_gate,imgs_1_strong_1
IE,IE052,South-East ,beach,,35,35,osm:way/668358567,Councillors Strand,photo_gate,imgs_1_strong_0
IE,IE052,South-East ,beach,,35,35,osm:relation/5379268,Ardmore Beach,photo_gate,imgs_3_strong_3
IE,IE052,South-East ,beach,,35,35,osm:way/35220855,Woodstown Strand,photo_gate,imgs_0_strong_0
IE,IE052,South-East ,beach,,35,35,osm:way/35220857,Fornaght Strand,photo_gate,imgs_0_strong_0
IE,IE052,South-East ,beach,,35,35,osm:way/43909756,Lawlor's Strand,photo_gate,imgs_1_strong_0
IE,IE052,South-East ,beach,,35,35,osm:way/64775562,Dollar Bay Beach,photo_gate,imgs_0_strong_0
IE,IE052,South-East ,beach,,35,35,osm:relation/5379270,Curragh/Pebble Beach,score_gate,score_5.5_below_5.6
IE,IE052,South-East ,beach,,35,35,osm:way/1052466400,Garrarus Strand,score_gate,score_5.5_below_5.6
IE,IE052,South-East ,beach,,35,35,osm:relation/14642303,Portally Cove,score_gate,score_5.4_below_5.6
IE,IE052,South-East ,beach,,35,35,osm:way/778937863,Kilfarrasy Beach,score_gate,score_5.4_below_5.6
IE,IE052,South-East ,beach,,35,35,osm:way/96151846,Templetown Bay Beach,score_gate,score_5.4_below_5.6
IE,IE052,South-East ,beach,,35,35,osm:way/112636415,Boyce's Bay,score_gate,score_5.4_below_5.6
IE,IE052,South-East ,beach,,35,35,osm:way/778929857,Ballydowane Cove,score_gate,score_5.4_below_5.6
IE,IE052,South-East ,beach,,35,35,wd:Q26717528,Boat Strand,score_gate,score_5.2_below_5.6
IE,IE052,South-East ,beach,,35,35,osm:way/1205352711,The Weir Pool,score_gate,score_5.2_below_5.6
IE,IE052,South-East ,beach,,35,35,osm:way/37849956,Annestown Beach,score_gate,score_5.0_below_5.6
IE,IE052,South-East ,beach,,35,35,osm:way/148219227,Benvoy Beach,score_gate,score_4.9_below_5.6
IE,IE052,South-East ,beach,,35,35,osm:way/182670538,Caliso Bay,score_gate,score_4.8_below_5.6
IE,IE052,South-East ,beach,,35,35,eea:IESEBWC010_0000_0100,Rosslare Strand,score_gate,score_4.7_below_5.6
IE,IE052,South-East ,beach,,35,35,eea:IESEBWC010_0000_0400,"Courtown, North Beach",score_gate,score_4.7_below_5.6
IE,IE052,South-East ,beach,,35,35,osm:way/762513078,Ferry Point,score_gate,score_4.7_below_5.6
IE,IE052,South-East ,beach,,35,35,osm:way/849719131,Tra na mBo,score_gate,score_4.7_below_5.6
IE,IE052,South-East ,beach,,35,35,osm:way/1377431861,Bunmahon Head,score_gate,score_4.7_below_5.6
IE,IE052,South-East ,beach,,35,35,osm:way/221095296,Blackturf Landing,score_gate,score_4.6_below_5.6
IE,IE052,South-East ,beach,,35,35,osm:way/248603504,Glenwater Bay,score_gate,score_4.6_below_5.6
IE,IE052,South-East ,beach,,35,35,osm:way/1005591780,White Gap Beach,score_gate,score_4.5_below_5.6
IE,IE052,South-East ,beach,,35,35,osm:way/962582842,Ronan's Bay,score_gate,score_4.5_below_5.6
UA,UA-74538382B78065593112494,Dzhankoy,beach,,35,35,,,,
UA,UA-74538382B24236776375789,Sorokyne,beach,,35,35,,,,
FR,FRH01,Côtes-d’Armor,beach,,37,34,osm:way/115714837,Plage de Buglais,photo_gate,imgs_0_strong_0
FR,FRH01,Côtes-d’Armor,beach,,37,34,wd:Q49322737,plage des Rosaires,score_gate,score_5.5_below_5.6
FR,FRH01,Côtes-d’Armor,beach,,37,34,osm:way/184557682,Plage de l'Hôtellerie,score_gate,score_5.4_below_5.6
FR,FRH01,Côtes-d’Armor,beach,,37,34,osm:way/385638398,Plage de la Sintelette,score_gate,score_5.4_below_5.6
FR,FRH01,Côtes-d’Armor,beach,,37,34,osm:way/44656086,Plage de la Pissote,score_gate,score_5.3_below_5.6
FR,FRH01,Côtes-d’Armor,beach,,37,34,osm:way/115108965,Plage de la Cerisaie,score_gate,score_5.3_below_5.6
FR,FRH01,Côtes-d’Armor,beach,,37,34,osm:way/251645973,Grève des Curés,score_gate,score_5.3_below_5.6
FR,FRH01,Côtes-d’Armor,beach,,37,34,osm:way/251645974,Toul Bihan,score_gate,score_5.3_below_5.6
FR,FRH01,Côtes-d’Armor,beach,,37,34,osm:way/282202694,Anse du Pissot,score_gate,score_5.3_below_5.6
FR,FRH01,Côtes-d’Armor,beach,,37,34,osm:way/291792437,Plage de la Fresnaye,score_gate,score_5.3_below_5.6
FR,FRH01,Côtes-d’Armor,beach,,37,34,osm:way/301687022,Plage du Rieul,score_gate,score_5.3_below_5.6
FR,FRH01,Côtes-d’Armor,beach,,37,34,osm:way/403539040,Plage de Poul ar Hautès,score_gate,score_5.3_below_5.6
FR,FRH01,Côtes-d’Armor,beach,,37,34,osm:way/478465793,Port-morvan,score_gate,score_5.3_below_5.6
FR,FRH01,Côtes-d’Armor,beach,,37,34,osm:way/228474945,Plage de Tresmeur,score_gate,score_5.3_below_5.6
FR,FRH01,Côtes-d’Armor,beach,,37,34,osm:way/228738744,Plage de Porz Mellec,score_gate,score_5.3_below_5.6
FR,FRH01,Côtes-d’Armor,beach,,37,34,osm:way/135595467,Plage de la Mare,score_gate,score_5.3_below_5.6
FR,FRH01,Côtes-d’Armor,beach,,37,34,osm:way/228474171,Plage de Saint-Quiriou,score_gate,score_5.3_below_5.6
FR,FRH01,Côtes-d’Armor,beach,,37,34,osm:way/228475687,Plage de Porz Termen,score_gate,score_5.3_below_5.6
FR,FRH01,Côtes-d’Armor,beach,,37,34,osm:way/228475707,Plage de Goaz Treiz,score_gate,score_5.3_below_5.6
FR,FRH01,Côtes-d’Armor,beach,,37,34,osm:way/228737077,Plage de Tossen Arc Choz,score_gate,score_5.3_below_5.6
FR,FRH01,Côtes-d’Armor,beach,,37,34,osm:way/246651821,Plage de Keriec,score_gate,score_5.3_below_5.6
FR,FRH01,Côtes-d’Armor,beach,,37,34,osm:way/328949294,Plage Porz Gwen,score_gate,score_5.3_below_5.6
FR,FRH01,Côtes-d’Armor,beach,,37,34,osm:way/576060228,Plage de Launay,score_gate,score_5.3_below_5.6
FR,FRH01,Côtes-d’Armor,beach,,37,34,osm:way/1498620107,Plage du petit havre,score_gate,score_5.3_below_5.6
FR,FRH01,Côtes-d’Armor,beach,,37,34,osm:relation/3615209,Plage du Casino,score_gate,score_5.3_below_5.6
FR,FRH01,Côtes-d’Armor,beach,,37,34,osm:way/425935256,Plage du Valais,score_gate,score_5.3_below_5.6
FR,FRH01,Côtes-d’Armor,beach,,37,34,osm:way/1193331068,Plage de Bréhec,score_gate,score_4.9_below_5.6
FR,FRH01,Côtes-d’Armor,beach,,37,34,osm:way/1196098598,Plage du Cruckin,score_gate,score_4.9_below_5.6
FR,FRH01,Côtes-d’Armor,beach,,37,34,osm:way/403538603,Plage Sainte-Anne,score_gate,score_4.8_below_5.6
FR,FRH01,Côtes-d’Armor,beach,,37,34,osm:way/76017099,Plage de la Banche,score_gate,score_4.8_below_5.6
FR,FRH01,Côtes-d’Armor,beach,,37,34,osm:way/265783269,Plage de Saint-Marc,score_gate,score_4.8_below_5.6
FR,FRH01,Côtes-d’Armor,beach,,37,34,osm:way/425935258,Plage de la Granville,score_gate,score_4.7_below_5.6
FR,FRH01,Côtes-d’Armor,beach,,37,34,osm:way/26425912,Plage du Groa,score_gate,score_4.7_below_5.6
FR,FRH01,Côtes-d’Armor,beach,,37,34,osm:way/246653391,Plage de Nantouar,score_gate,score_4.7_below_5.6
ES,ES532,Mallorca,beach,,45,33,wd:Q11910983,Caló d'es Moro,photo_gate,imgs_0_strong_0
ES,ES532,Mallorca,beach,,45,33,wd:Q1026165,Cala Torta,photo_gate,imgs_2_strong_2
ES,ES532,Mallorca,beach,,45,33,wd:Q28120163,Cala Petita,photo_gate,imgs_0_strong_0
ES,ES532,Mallorca,beach,,45,33,wd:Q11910836,Cala Estància,photo_gate,imgs_0_strong_0
ES,ES532,Mallorca,beach,,45,33,wd:Q24024412,Cala Santanyí (beach),photo_gate,imgs_0_strong_0
ES,ES532,Mallorca,beach,,45,33,wd:Q2382877,Arenalet del Verger,photo_gate,imgs_0_strong_0
ES,ES532,Mallorca,beach,,45,33,wd:Q5018268,"Cala Sant Vicenç, Majorca",photo_gate,imgs_0_strong_0
ES,ES532,Mallorca,beach,,45,33,wd:Q24024406,Platja de Sa Coma,photo_gate,imgs_0_strong_0
ES,ES532,Mallorca,beach,,45,33,wd:Q1700555,Sa Font Salada,photo_gate,imgs_0_strong_0
ES,ES532,Mallorca,beach,,45,33,wd:Q11941963,Playa de Muro,photo_gate,imgs_3_strong_3
ES,ES532,Mallorca,beach,,45,33,wd:Q11193918,Platja del Mago,photo_gate,imgs_0_strong_0
ES,ES532,Mallorca,beach,,45,33,wd:Q24023560,Platja de Son Moro,photo_gate,imgs_0_strong_0
ES,ES532,Mallorca,beach,,45,33,wd:Q1026151,Platja de Cala Millor,photo_gate,imgs_0_strong_0
ES,ES532,Mallorca,beach,,45,33,wd:Q24023566,Cala Serena,photo_gate,imgs_0_strong_0
ES,ES532,Mallorca,beach,,45,33,wd:Q28120257,Cala Basset,photo_gate,imgs_0_strong_0
ES,ES532,Mallorca,beach,,45,33,wd:Q28120265,Palmira beach,photo_gate,imgs_0_strong_0
ES,ES532,Mallorca,beach,,45,33,osm:node/13727364783,Platja de Ca'n Picafort,photo_gate,imgs_0_strong_0
ES,ES532,Mallorca,beach,,45,33,wd:Q11910851,Cala Mendia,photo_gate,imgs_0_strong_0
ES,ES532,Mallorca,beach,,45,33,wd:Q2098646,Sa Marjal,photo_gate,imgs_0_strong_0
ES,ES532,Mallorca,beach,,45,33,wd:Q11918292,El Dolç,photo_gate,imgs_0_strong_0
ES,ES532,Mallorca,beach,,45,33,wd:Q2098656,El Caragol,photo_gate,imgs_0_strong_0
ES,ES532,Mallorca,beach,,45,33,wd:Q1660108,Platja de Canyamel,photo_gate,imgs_0_strong_0
ES,ES532,Mallorca,beach,,45,33,wd:Q11910849,Cala Major,photo_gate,imgs_0_strong_0
ES,ES532,Mallorca,beach,,45,33,wd:Q2382873,Sa Canova,photo_gate,imgs_0_strong_0
ES,ES532,Mallorca,beach,,45,33,wd:Q107264663,Platja de Torà,photo_gate,imgs_0_strong_0
ES,ES532,Mallorca,beach,,45,33,wd:Q107256309,Palmanova beach,photo_gate,imgs_0_strong_0
ES,ES532,Mallorca,beach,,45,33,wd:Q11941967,Platja de Santa Ponça,photo_gate,imgs_0_strong_0
ES,ES532,Mallorca,beach,,45,33,wd:Q28120276,Ca'n Pere Antoni,photo_gate,imgs_0_strong_0
ES,ES532,Mallorca,beach,,45,33,wd:Q21470326,Platja de Son Serra de Marina,photo_gate,imgs_0_strong_0
ES,ES532,Mallorca,beach,,45,33,wd:Q11910840,Cala Gamba,photo_gate,imgs_0_strong_0
ES,ES532,Mallorca,beach,,45,33,wd:Q28120388,Cala Formentor,photo_gate,imgs_0_strong_0
ES,ES532,Mallorca,beach,,45,33,wd:Q5412136,Ciutat Jardí,photo_gate,imgs_2_strong_2
ES,ES532,Mallorca,beach,,45,33,wd:Q1318335,Platja de Son Real,photo_gate,imgs_0_strong_0
FR,FRM02,Haute-Corse,beach,,35,33,wd:Q3390865,Saleccia beach,photo_gate,imgs_0_strong_0
FR,FRM02,Haute-Corse,beach,,35,33,wd:Q3390850,plage de Lotu,photo_gate,imgs_0_strong_0
FR,FRM02,Haute-Corse,beach,,35,33,wd:Q3324072,Moriani-Plage,photo_gate,imgs_0_strong_0
FR,FRM02,Haute-Corse,beach,,35,33,osm:way/303473688,Plage de Cala,score_gate,score_5.4_below_5.6
FR,FRM02,Haute-Corse,beach,,35,33,wd:Q124545583,Plage de Algajola,score_gate,score_5.3_below_5.6
FR,FRM02,Haute-Corse,beach,,35,33,osm:relation/14178898,Plage aux Vaches,score_gate,score_5.3_below_5.6
FR,FRM02,Haute-Corse,beach,,35,33,osm:way/603397324,Plage de Calzarellu,score_gate,score_5.3_below_5.6
FR,FRM02,Haute-Corse,beach,,35,33,osm:way/26833002,Plage de Vignale,score_gate,score_5.3_below_5.6
FR,FRM02,Haute-Corse,beach,,35,33,osm:way/159630741,Aregno Plage,score_gate,score_5.3_below_5.6
FR,FRM02,Haute-Corse,beach,,35,33,osm:way/211922077,Plage Caruchettu,score_gate,score_5.3_below_5.6
FR,FRM02,Haute-Corse,beach,,35,33,osm:way/212501913,Sant'Ambroggio,score_gate,score_5.3_below_5.6
FR,FRM02,Haute-Corse,beach,,35,33,osm:way/227216747,Plage de Pisonaccio,score_gate,score_5.3_below_5.6
FR,FRM02,Haute-Corse,beach,,35,33,osm:way/227217302,Plage de Pianicciolli,score_gate,score_5.3_below_5.6
FR,FRM02,Haute-Corse,beach,,35,33,osm:way/227223528,Plage naturisme,score_gate,score_5.3_below_5.6
FR,FRM02,Haute-Corse,beach,,35,33,osm:way/245076428,Plage de Bravone,score_gate,score_5.3_below_5.6
FR,FRM02,Haute-Corse,beach,,35,33,osm:way/273051124,Baracataggio,score_gate,score_5.3_below_5.6
FR,FRM02,Haute-Corse,beach,,35,33,osm:way/623036418,Plage de Farinole,score_gate,score_5.3_below_5.6
FR,FRM02,Haute-Corse,beach,,35,33,osm:way/625649076,Plage Napoléon,score_gate,score_5.3_below_5.6
FR,FRM02,Haute-Corse,beach,,35,33,osm:way/1182398229,Plage de Pisonaccio,score_gate,score_5.3_below_5.6
FR,FRM02,Haute-Corse,beach,,35,33,wd:Q49322654,plage de Nonza,score_gate,score_4.9_below_5.6
FR,FRM02,Haute-Corse,beach,,35,33,wd:Q123419901,Plage de l'Alga,score_gate,score_4.9_below_5.6
FR,FRM02,Haute-Corse,beach,,35,33,wd:Q49322562,Ostriconi beach,score_gate,score_4.9_below_5.6
FR,FRM02,Haute-Corse,beach,,35,33,wd:Q49322705,plage de Vignale,score_gate,score_4.9_below_5.6
FR,FRM02,Haute-Corse,beach,,35,33,osm:way/1185847945,Plage de Ficaghjola,score_gate,score_4.8_below_5.6
FR,FRM02,Haute-Corse,beach,,35,33,wd:Q123039140,Cala beach,score_gate,score_4.7_below_5.6
FR,FRM02,Haute-Corse,beach,,35,33,wd:Q53743047,L’Ospedale,score_gate,score_4.7_below_5.6
FR,FRM02,Haute-Corse,beach,,35,33,wd:Q123419943,Plage de la Roya,score_gate,score_4.7_below_5.6
FR,FRM02,Haute-Corse,beach,,35,33,wd:Q123420125,Plage de l'Arinella,score_gate,score_4.7_below_5.6
FR,FRM02,Haute-Corse,beach,,35,33,osm:way/399582975,Plage de la Marana,score_gate,score_4.7_below_5.6
FR,FRM02,Haute-Corse,beach,,35,33,osm:way/27392232,Delta du Fango Beach,score_gate,score_4.7_below_5.6
FR,FRM02,Haute-Corse,beach,,35,33,osm:way/669489058,Plage de Grisgione - Arinella di Grisgione,score_gate,score_4.7_below_5.6
FR,FRM02,Haute-Corse,beach,,35,33,osm:way/469476806,Plage de Travo,score_gate,score_4.7_below_5.6
FR,FRM02,Haute-Corse,beach,,35,33,wd:Q124545572,Ghjunchitu Beach,score_gate,score_4.7_below_5.6
NL,NL342,Overig Zeeland,beach,,34,33,osm:way/77867306,Yerseke Beach,photo_gate,imgs_0_strong_0
NL,NL342,Overig Zeeland,beach,,34,33,wd:Q129566166,Nollestrand,photo_gate,imgs_3_strong_1
NL,NL342,Overig Zeeland,beach,,34,33,osm:way/98470428,Stavenisse Badstrand,score_gate,score_5.5_below_5.6
NL,NL342,Overig Zeeland,beach,,34,33,osm:way/1330919349,Molenpolder,score_gate,score_5.1_below_5.6
NL,NL342,Overig Zeeland,beach,,34,33,eea:NLBW89_BERGSDSNBSD,Bergse Diepsluis Noord Badstrand,score_gate,score_4.7_below_5.6
NL,NL342,Overig Zeeland,beach,,34,33,eea:NLBW89_KRAMMSLBKBSD,Krammersluis Laagbekken Badstrand,score_gate,score_4.7_below_5.6
NL,NL342,Overig Zeeland,beach,,34,33,eea:NLBW89_SCHOTSMCPBSD,Schotsman Campensweg Badstrand,score_gate,score_4.7_below_5.6
NL,NL342,Overig Zeeland,beach,,34,33,eea:NLBW89_SINTPLLBSD,Sint Philipsland Badstrand,score_gate,score_4.7_below_5.6
NL,NL342,Overig Zeeland,beach,,34,33,eea:NLBW89_VEERSGDMZBSD,Veersegat Dam Meerzijde Badstrand,score_gate,score_4.7_below_5.6
NL,NL342,Overig Zeeland,beach,,34,33,eea:NLBW89_SINTMTDMEBSD,Sint Maartensdijk Muiepolder Badstrand,score_gate,score_4.7_below_5.6
NL,NL342,Overig Zeeland,beach,,34,33,eea:NLBW89_BROUWHVBSD,Brouwershaven Badstrand,score_gate,score_4.7_below_5.6
TR,TR622,Mersin,beach,,33,33,,,,
DE,DE80N,Vorpommern-Greifswald,beach,,36,32,osm:relation/19479228,Strandbad Eldena,photo_gate,imgs_0_strong_0
DE,DE80N,Vorpommern-Greifswald,beach,,36,32,osm:way/577585274,FKK,score_gate,score_5.5_below_5.6
DE,DE80N,Vorpommern-Greifswald,beach,,36,32,osm:way/1414126265,Waldbad,score_gate,score_4.8_below_5.6
GR,EL412,"Ikaria, Samos",beach,,32,32,osm:relation/454536,Psili Amos,photo_gate,imgs_0_strong_0
GR,EL412,"Ikaria, Samos",beach,,32,32,osm:relation/454577,Psili Ammos,photo_gate,imgs_0_strong_0
GR,EL412,"Ikaria, Samos",beach,,32,32,osm:way/132802158,Πέρρη,photo_gate,imgs_0_strong_0
GR,EL412,"Ikaria, Samos",beach,,32,32,osm:relation/6551726,Kampos,photo_gate,imgs_0_strong_0
GR,EL412,"Ikaria, Samos",beach,,32,32,osm:relation/454527,Μυκάλη,photo_gate,imgs_0_strong_0
GR,EL412,"Ikaria, Samos",beach,,32,32,osm:way/92688923,Kampos Marathokampou Beach,photo_gate,imgs_0_strong_0
GR,EL412,"Ikaria, Samos",beach,,32,32,osm:relation/454576,Beach Limnionas,photo_gate,imgs_0_strong_0
GR,EL412,"Ikaria, Samos",beach,,32,32,osm:way/148614778,Messakti,photo_gate,imgs_0_strong_0
GR,EL412,"Ikaria, Samos",beach,,32,32,osm:way/231364296,Pythagorio beach,photo_gate,imgs_0_strong_0
GR,EL412,"Ikaria, Samos",beach,,32,32,osm:relation/454578,Koukounara,photo_gate,imgs_0_strong_0
GR,EL412,"Ikaria, Samos",beach,,32,32,osm:relation/454560,Potami,score_gate,score_5.5_below_5.6
GR,EL412,"Ikaria, Samos",beach,,32,32,osm:relation/3304459,Nas,score_gate,score_5.4_below_5.6
GR,EL412,"Ikaria, Samos",beach,,32,32,osm:way/148614227,Livadi,score_gate,score_5.3_below_5.6
GR,EL412,"Ikaria, Samos",beach,,32,32,osm:way/92688951,Tripiti,score_gate,score_5.3_below_5.6
GR,EL412,"Ikaria, Samos",beach,,32,32,osm:way/249322002,Handaki,score_gate,score_5.3_below_5.6
GR,EL412,"Ikaria, Samos",beach,,32,32,osm:way/249321602,Beach Aspres,score_gate,score_5.2_below_5.6
GR,EL412,"Ikaria, Samos",beach,,32,32,osm:relation/454542,Χαραυγή,score_gate,score_5.0_below_5.6
GR,EL412,"Ikaria, Samos",beach,,32,32,osm:way/235112628,Small lemonákia beach,score_gate,score_4.9_below_5.6
GR,EL412,"Ikaria, Samos",beach,,32,32,osm:way/250505422,Kaladakia,score_gate,score_4.9_below_5.6
GR,EL412,"Ikaria, Samos",beach,,32,32,osm:way/92481328,Tsabou,score_gate,score_4.9_below_5.6
GR,EL412,"Ikaria, Samos",beach,,32,32,osm:way/432340461,Fytema,score_gate,score_4.9_below_5.6
GR,EL412,"Ikaria, Samos",beach,,32,32,osm:way/504565940,Πεύκος,score_gate,score_4.9_below_5.6
GR,EL412,"Ikaria, Samos",beach,,32,32,osm:way/609523589,Κάμπος Σκουραιίκων,score_gate,score_4.9_below_5.6
GR,EL412,"Ikaria, Samos",beach,,32,32,osm:way/92744754,Λεμονάκια,score_gate,score_4.8_below_5.6
GR,EL412,"Ikaria, Samos",beach,,32,32,osm:way/181123973,Ηραίο,score_gate,score_4.8_below_5.6
GR,EL412,"Ikaria, Samos",beach,,32,32,osm:way/1081318114,Ormos,score_gate,score_4.7_below_5.6
GR,EL412,"Ikaria, Samos",beach,,32,32,eea:ELBW149264276101,Balos,score_gate,score_4.7_below_5.6
GR,EL412,"Ikaria, Samos",beach,,32,32,osm:way/502839109,Θέρμα,score_gate,score_4.7_below_5.6
GR,EL412,"Ikaria, Samos",beach,,32,32,wd:Q53633170,Glikoriza,score_gate,score_4.7_below_5.6
GR,EL412,"Ikaria, Samos",beach,,32,32,eea:ELBW149264281101,Seitani Megalo,score_gate,score_4.7_below_5.6
GR,EL412,"Ikaria, Samos",beach,,32,32,eea:ELBW149259060101,Faros,score_gate,score_4.7_below_5.6
GR,EL412,"Ikaria, Samos",beach,,32,32,eea:ELBW149264273101,Agias Paraskevis,score_gate,score_4.7_below_5.6
EE,EE001,Põhja-Eesti,beach,,39,32,osm:way/290530048,Suurupi beach,photo_gate,imgs_0_strong_0
EE,EE001,Põhja-Eesti,beach,,39,32,osm:way/1182167449,Rohuneeme Otilõuka beach,photo_gate,imgs_1_strong_0
EE,EE001,Põhja-Eesti,beach,,39,32,osm:way/684178527,Maardu beach,photo_gate,imgs_1_strong_1
EE,EE001,Põhja-Eesti,beach,,39,32,osm:way/232450058,Kehra beach,photo_gate,imgs_3_strong_3
EE,EE001,Põhja-Eesti,beach,,39,32,osm:way/1312431541,Põhjarand,photo_gate,imgs_0_strong_0
EE,EE001,Põhja-Eesti,beach,,39,32,osm:way/256663053,Kakumäe rand,photo_gate,imgs_0_strong_0
EE,EE001,Põhja-Eesti,beach,,39,32,osm:way/171045557,Valkla-Salmistu rand,photo_gate,imgs_0_strong_0
EE,EE001,Põhja-Eesti,beach,,39,32,osm:way/1075280517,Loo beach,photo_gate,imgs_0_strong_0
EE,EE001,Põhja-Eesti,beach,,39,32,osm:way/1169135128,Lagedi beach,photo_gate,imgs_0_strong_0
EE,EE001,Põhja-Eesti,beach,,39,32,osm:way/862097253,Kelvingi beach,photo_gate,imgs_0_strong_0
EE,EE001,Põhja-Eesti,beach,,39,32,osm:way/1312431531,Rabasloom,photo_gate,imgs_0_strong_0
EE,EE001,Põhja-Eesti,beach,,39,32,osm:way/1312431546,Kurikneem,photo_gate,imgs_0_strong_0
EE,EE001,Põhja-Eesti,beach,,39,32,osm:way/1181711520,Saviranna ujumiskoht,photo_gate,imgs_0_strong_0
EE,EE001,Põhja-Eesti,beach,,39,32,osm:way/1186827520,Ihasalu Laheranna beach,photo_gate,imgs_0_strong_0
EE,EE001,Põhja-Eesti,beach,,39,32,osm:way/1354658377,The beach of Lake Männiku,photo_gate,imgs_0_strong_0
EE,EE001,Põhja-Eesti,beach,,39,32,osm:relation/1542534,Vanakas,photo_gate,imgs_0_strong_0
EE,EE001,Põhja-Eesti,beach,,39,32,osm:way/1163657528,Ristinina Beach,photo_gate,imgs_0_strong_0
EE,EE001,Põhja-Eesti,beach,,39,32,osm:way/958658262,Alavere beach,photo_gate,imgs_1_strong_1
EE,EE001,Põhja-Eesti,beach,,39,32,osm:way/1181714279,Purgatsi lake's beach,photo_gate,imgs_1_strong_1
EE,EE001,Põhja-Eesti,beach,,39,32,osm:way/1384281565,Tuulevälja AÜ ujumiskoht,photo_gate,imgs_0_strong_0
EE,EE001,Põhja-Eesti,beach,,39,32,osm:way/1312431550,Talneem,photo_gate,imgs_0_strong_0
EE,EE001,Põhja-Eesti,beach,,39,32,osm:way/517022095,Nikerjärve beach,photo_gate,imgs_0_strong_0
EE,EE001,Põhja-Eesti,beach,,39,32,osm:way/766568073,Lake Klooga beach,photo_gate,imgs_0_strong_0
EE,EE001,Põhja-Eesti,beach,,39,32,osm:way/1203504070,Harku järve väliujula,photo_gate,imgs_0_strong_0
EE,EE001,Põhja-Eesti,beach,,39,32,osm:node/6654760367,Jüri rand,photo_gate,imgs_0_strong_0
EE,EE001,Põhja-Eesti,beach,,39,32,osm:way/1019467387,Kurgala beach,photo_gate,imgs_0_strong_0
EE,EE001,Põhja-Eesti,beach,,39,32,osm:way/1188926621,Patika beach,photo_gate,imgs_0_strong_0
EE,EE001,Põhja-Eesti,beach,,39,32,osm:way/865123472,Uuesalu beach,photo_gate,imgs_0_strong_0
EE,EE001,Põhja-Eesti,beach,,39,32,wd:Q12367117,Klooga rand,score_gate,score_5.4_below_5.6
EE,EE001,Põhja-Eesti,beach,,39,32,osm:way/1312431538,Saadukse,score_gate,score_5.4_below_5.6
EE,EE001,Põhja-Eesti,beach,,39,32,osm:way/1182169463,Ninamaa beach,score_gate,score_5.4_below_5.6
EE,EE001,Põhja-Eesti,beach,,39,32,osm:way/707222003,Keibu Beach,score_gate,score_5.4_below_5.6
IT,ITG13,Messina,beach,,32,32,wd:Q33342017,Spiaggia di Villagonia,photo_gate,imgs_0_strong_0
IT,ITG13,Messina,beach,,32,32,osm:way/233645184,Marinello,photo_gate,imgs_0_strong_0
IT,ITG13,Messina,beach,,32,32,osm:way/572677689,Spiaggia di Tonnarella,photo_gate,imgs_0_strong_0
IT,ITG13,Messina,beach,,32,32,osm:relation/5341496,Trabesi,photo_gate,imgs_0_strong_0
IT,ITG13,Messina,beach,,32,32,wd:Q33341352,Spiaggia di Spisone,photo_gate,imgs_0_strong_0
IT,ITG13,Messina,beach,,32,32,osm:way/44018607,Schisò,photo_gate,imgs_0_strong_0
IT,ITG13,Messina,beach,,32,32,osm:way/476371182,Scaletta Marina,photo_gate,imgs_0_strong_0
IT,ITG13,Messina,beach,,32,32,osm:way/202323764,Sant'Agata,photo_gate,imgs_0_strong_0
IT,ITG13,Messina,beach,,32,32,osm:way/260563929,Letojanni,photo_gate,imgs_0_strong_0
IT,ITG13,Messina,beach,,32,32,wd:Q33341134,Spiaggia di Siena,score_gate,score_5.5_below_5.6
IT,ITG13,Messina,beach,,32,32,osm:relation/4676859,Mazzaro beach,score_gate,score_5.4_below_5.6
IT,ITG13,Messina,beach,,32,32,eea:IT019083097003,Camping S. Leo,score_gate,score_5.4_below_5.6
IT,ITG13,Messina,beach,,32,32,eea:IT019083048011,Mortelle Lido Guardia Di Finanza,score_gate,score_5.4_below_5.6
IT,ITG13,Messina,beach,,32,32,eea:IT019083097002,Stazione Ff.ss.,score_gate,score_5.4_below_5.6
IT,ITG13,Messina,beach,,32,32,osm:way/202393801,Ganzirri,score_gate,score_5.4_below_5.6
IT,ITG13,Messina,beach,,32,32,osm:way/557817838,Le tre pietracce,score_gate,score_5.3_below_5.6
IT,ITG13,Messina,beach,,32,32,osm:way/138650787,Punta di Mastro Stefano,score_gate,score_5.3_below_5.6
IT,ITG13,Messina,beach,,32,32,osm:way/411466136,Scogli di Sant'Antonio,score_gate,score_5.2_below_5.6
IT,ITG13,Messina,beach,,32,32,osm:way/1184795910,Spiaggia Cala dei Liparoti,score_gate,score_5.1_below_5.6
IT,ITG13,Messina,beach,,32,32,wd:Q33339233,Spiaggia di Naxos,score_gate,score_5.0_below_5.6
IT,ITG13,Messina,beach,,32,32,wd:Q33327203,Lido L'Aurora Celeste,score_gate,score_5.0_below_5.6
IT,ITG13,Messina,beach,,32,32,osm:way/298761119,La Fenice,score_gate,score_4.8_below_5.6
IT,ITG13,Messina,beach,,32,32,osm:way/307016942,OpenSea,score_gate,score_4.8_below_5.6
IT,ITG13,Messina,beach,,32,32,eea:IT019083097001,Foce Torrente Sirina,score_gate,score_4.7_below_5.6
IT,ITG13,Messina,beach,,32,32,eea:IT019083097008,Hotel Caparena,score_gate,score_4.7_below_5.6
IT,ITG13,Messina,beach,,32,32,eea:IT019083032003,Hotel Arathena,score_gate,score_4.7_below_5.6
IT,ITG13,Messina,beach,,32,32,eea:IT019083032005,Foce Torrente S. Giovanni,score_gate,score_4.7_below_5.6
IT,ITG13,Messina,beach,,32,32,eea:IT019083048006,Contemplazione Hotel Paradise,score_gate,score_4.7_below_5.6
IT,ITG13,Messina,beach,,32,32,eea:IT019083048007,Pace Fortino,score_gate,score_4.7_below_5.6
IT,ITG13,Messina,beach,,32,32,eea:IT019083032006,Casa Comunale,score_gate,score_4.7_below_5.6
IT,ITG13,Messina,beach,,32,32,eea:IT019083048012,"Casabianca S.s. 113 Km 15,600",score_gate,score_4.7_below_5.6
IT,ITG13,Messina,beach,,32,32,eea:IT019083048013,Tono M 100 Est Foce Fiumara Tono,score_gate,score_4.7_below_5.6
FI,FI1D5,Keski-Pohjanmaa,beach,,30,30,wd:Q24349732,Vattajanhietikko,photo_gate,imgs_0_strong_0
FI,FI1D5,Keski-Pohjanmaa,beach,,30,30,osm:way/659385357,Meripuisto,score_gate,score_4.9_below_5.6
FI,FI1D5,Keski-Pohjanmaa,beach,,30,30,osm:way/440102226,Lahdenperän uimaranta,score_gate,score_4.6_below_5.6
IT,ITG2H,Sud Sardegna,beach,,38,30,osm:way/141865544,Spiaggia di Villasimius,photo_gate,imgs_0_strong_0
IT,ITG2H,Sud Sardegna,beach,,38,30,wd:Q33339760,Spiaggia di Porto Botte,photo_gate,imgs_1_strong_1
IT,ITG2H,Sud Sardegna,beach,,38,30,wd:Q33336407,Spiaggia di Cala Domestica,photo_gate,imgs_2_strong_2
IT,ITG2H,Sud Sardegna,beach,,38,30,wd:Q33335740,Spiaggia delle Saline,photo_gate,imgs_1_strong_1
IT,ITG2H,Sud Sardegna,beach,,38,30,wd:Q33338611,Spiaggia di Maladroxia,photo_gate,imgs_2_strong_2
IT,ITG2H,Sud Sardegna,beach,,38,30,wd:Q33340011,Spiaggia di Porto Sa Ruxi,photo_gate,imgs_0_strong_0
IT,ITG2H,Sud Sardegna,beach,,38,30,wd:Q33341813,Spiaggia di Tuerredda,photo_gate,imgs_0_strong_0
IT,ITG2H,Sud Sardegna,beach,,38,30,osm:way/232818649,Spiaggia del Riso,photo_gate,imgs_0_strong_0
IT,ITG2H,Sud Sardegna,beach,,38,30,osm:way/142108351,Spiaggia di Cala Caterina,photo_gate,imgs_0_strong_0
IT,ITG2H,Sud Sardegna,beach,,38,30,wd:Q33337323,Spiaggia di Coacuaddus,photo_gate,imgs_1_strong_1
IT,ITG2H,Sud Sardegna,beach,,38,30,wd:Q33341406,Spiaggia di Su Giudeu,photo_gate,imgs_0_strong_0
IT,ITG2H,Sud Sardegna,beach,,38,30,wd:Q33337921,Spiaggia di Funtanazza,photo_gate,imgs_2_strong_2
IT,ITG2H,Sud Sardegna,beach,,38,30,wd:Q33336869,Spiaggia di Campulongu,photo_gate,imgs_2_strong_1
IT,ITG2H,Sud Sardegna,beach,,38,30,wd:Q56323657,Spiaggia dei Francesi,photo_gate,imgs_0_strong_0
IT,ITG2H,Sud Sardegna,beach,,38,30,wd:Q33342541,Spiaggia Grande,photo_gate,imgs_0_strong_0
IT,ITG2H,Sud Sardegna,beach,,38,30,wd:Q33337002,Spiaggia di Capo Carbonara,photo_gate,imgs_0_strong_0
IT,ITG2H,Sud Sardegna,beach,,38,30,osm:way/117038318,Spiaggia di Cristolu Axedu,photo_gate,imgs_0_strong_0
IT,ITG2H,Sud Sardegna,beach,,38,30,osm:way/117054356,Spiaggia di Feraxi,photo_gate,imgs_0_strong_0
IT,ITG2H,Sud Sardegna,beach,,38,30,osm:way/313761682,Spiaggia di Is Solinas,photo_gate,imgs_0_strong_0
IT,ITG2H,Sud Sardegna,beach,,38,30,wd:Q33338861,Spiaggia di Marina Rei,photo_gate,imgs_1_strong_1
IT,ITG2H,Sud Sardegna,beach,,38,30,wd:Q33341757,Spiaggia di Tramatzu,photo_gate,imgs_0_strong_0
IT,ITG2H,Sud Sardegna,beach,,38,30,osm:relation/14329411,Spiaggia di Coaquaddus,photo_gate,imgs_0_strong_0
IT,ITG2H,Sud Sardegna,beach,,38,30,wd:Q33341277,Spiaggia di Sottotorre,photo_gate,imgs_0_strong_0
IT,ITG2H,Sud Sardegna,beach,,38,30,wd:Q33337250,Spiaggia di Chia,photo_gate,imgs_0_strong_0
IT,ITG2H,Sud Sardegna,beach,,38,30,wd:Q33344013,Spiaggia Porto Pirastu,photo_gate,imgs_0_strong_0
IT,ITG2H,Sud Sardegna,beach,,38,30,osm:way/142027878,Spiaggia di Campus,photo_gate,imgs_0_strong_0
IT,ITG2H,Sud Sardegna,beach,,38,30,osm:way/236975660,Spiaggia Sant'Elmo,photo_gate,imgs_0_strong_0
IT,ITG2H,Sud Sardegna,beach,,38,30,eea:IT020092100003,Tanka Village,photo_gate,imgs_0_strong_0
IT,ITG2H,Sud Sardegna,beach,,38,30,wd:Q33336731,Spiaggia di Cala Sapone,photo_gate,imgs_0_strong_0
IT,ITG2H,Sud Sardegna,beach,,38,30,wd:Q33338205,Spiaggia di Is Traias,photo_gate,imgs_0_strong_0
GB,TLL42,South West Wales,beach,,39,30,wd:Q107356885,Sandy Haven Beach,score_gate,score_4.9_below_5.6
GB,TLL42,South West Wales,beach,,39,30,wd:Q107356891,Newgale Beach,score_gate,score_4.8_below_5.6
GB,TLL42,South West Wales,beach,,39,30,wd:Q107356884,West Angle Bay,score_gate,score_4.5_below_5.6
GB,TLL42,South West Wales,beach,,39,30,wd:Q107356888,Broad Haven Beach,score_gate,score_4.4_below_5.6
GB,TLL42,South West Wales,beach,,39,30,wd:Q107356875,Coppet Hall Beach,score_gate,score_4.3_below_5.6
GB,TLL42,South West Wales,beach,,39,30,wd:Q107356882,Freshwater East Beach,score_gate,score_4.3_below_5.6
GB,TLL42,South West Wales,beach,,39,30,wd:Q107356890,Nolton Haven Beach,score_gate,score_4.3_below_5.6
GB,TLL42,South West Wales,beach,,39,30,osm:way/195441033,Sandtop Bay,score_gate,score_4.3_below_5.6
GB,TLL42,South West Wales,beach,,39,30,osm:way/906987299,Waterwynch Bay,score_gate,score_4.0_below_5.6
GB,TLL42,South West Wales,beach,,39,30,wd:Q107356892,Abereiddy Beach,score_gate,score_3.9_below_5.6
GB,TLL42,South West Wales,beach,,39,30,wd:Q107356874,Wiseman's Bridge beach,score_gate,score_3.8_below_5.6
GB,TLL42,South West Wales,beach,,39,30,wd:Q31845048,Porthlisky Beach,score_gate,score_3.8_below_5.6
GB,TLL42,South West Wales,beach,,39,30,osm:way/906784534,Tafarn-y-bwlch,score_gate,score_3.4_below_5.6
GB,TLL42,South West Wales,beach,,39,30,osm:way/306399246,Caerbwdy Bay,score_gate,score_3.4_below_5.6
GB,TLL42,South West Wales,beach,,39,30,osm:way/1051206974,Parrog,score_gate,score_3.3_below_5.6
GB,TLL42,South West Wales,beach,,39,30,osm:way/904369219,Aberfforest Beach,score_gate,score_3.3_below_5.6
GB,TLL42,South West Wales,beach,,39,30,osm:way/1080240584,Hazelbeach,score_gate,score_3.2_below_5.6
GR,EL434,Chania,beach,,36,29,wd:Q31284434,Seitan Limania,photo_gate,imgs_2_strong_2
GR,EL434,Chania,beach,,36,29,wd:Q4692589,Agioi Apostoli,photo_gate,imgs_0_strong_0
GR,EL434,Chania,beach,,36,29,wd:Q107598901,Koutalas Beach,photo_gate,imgs_3_strong_3
GR,EL434,Chania,beach,,36,29,wd:Q24924244,Sarakiniko,photo_gate,imgs_0_strong_0
GR,EL434,Chania,beach,,36,29,osm:relation/537010,Alonáki Beach,photo_gate,imgs_0_strong_0
GR,EL434,Chania,beach,,36,29,wd:Q53630055,Grammeno,photo_gate,imgs_0_strong_0
GR,EL434,Chania,beach,,36,29,osm:node/10968724672,Orthi Ammos Paralia,photo_gate,imgs_0_strong_0
GR,EL434,Chania,beach,,36,29,osm:way/376297508,Vatalos Beach,photo_gate,imgs_0_strong_0
GR,EL434,Chania,beach,,36,29,osm:way/52593671,Agia Marina Beach,photo_gate,imgs_0_strong_0
GR,EL434,Chania,beach,,36,29,osm:way/383275428,Georgioupolis Beach,photo_gate,imgs_0_strong_0
GR,EL434,Chania,beach,,36,29,wd:Q53629195,Falasarna-Paxeia Ammos 1,photo_gate,imgs_0_strong_0
GR,EL434,Chania,beach,,36,29,wd:Q53630198,Kalyves Xyda,photo_gate,imgs_0_strong_0
GR,EL434,Chania,beach,,36,29,osm:way/1225873753,Meatemaki Beach,photo_gate,imgs_0_strong_0
GR,EL434,Chania,beach,,36,29,wd:Q53629465,Rapaniana,photo_gate,imgs_0_strong_0
GR,EL434,Chania,beach,,36,29,osm:way/52595525,Sunset Beach,photo_gate,imgs_0_strong_0
GR,EL434,Chania,beach,,36,29,osm:way/485173614,Blue Coast,photo_gate,imgs_0_strong_0
GR,EL434,Chania,beach,,36,29,wd:Q53630077,Chryssi,photo_gate,imgs_0_strong_0
GR,EL434,Chania,beach,,36,29,wd:Q124804700,Korfos beach,photo_gate,imgs_0_strong_0
GR,EL434,Chania,beach,,36,29,wd:Q53629395,Nea Chora,photo_gate,imgs_0_strong_0
GR,EL434,Chania,beach,,36,29,osm:way/232204981,Máleme Beach,photo_gate,imgs_0_strong_0
GR,EL434,Chania,beach,,36,29,wd:Q53630038,Paxeia Ammos,photo_gate,imgs_0_strong_0
GR,EL434,Chania,beach,,36,29,osm:node/11928038436,Pahia Ammos Nudist Beach,photo_gate,imgs_0_strong_0
GR,EL434,Chania,beach,,36,29,osm:way/181163167,Pink Beach,photo_gate,imgs_0_strong_0
GR,EL434,Chania,beach,,36,29,osm:way/377197117,Paralia Drapanias,photo_gate,imgs_0_strong_0
GR,EL434,Chania,beach,,36,29,osm:relation/537009,Trahili Beach,photo_gate,imgs_0_strong_0
GR,EL434,Chania,beach,,36,29,wd:Q124804650,Potamos Beach,score_gate,score_5.5_below_5.6
GR,EL434,Chania,beach,,36,29,wd:Q53630230,Kalathas,score_gate,score_5.4_below_5.6
GR,EL434,Chania,beach,,36,29,wd:Q138847770,Glyka Nera beach,score_gate,score_5.4_below_5.6
GR,EL434,Chania,beach,,36,29,osm:way/350420661,Aptera,score_gate,score_5.4_below_5.6
LV,LV00B,Kurzeme,beach,,31,29,osm:way/694265797,Pludmales volejbola zona,photo_gate,imgs_0_strong_0
LV,LV00B,Kurzeme,beach,,31,29,osm:way/55953951,Nudist beach zone,photo_gate,imgs_0_strong_0
LV,LV00B,Kurzeme,beach,,31,29,osm:way/434337815,Jumpravas ezera peldvieta,photo_gate,imgs_0_strong_0
LV,LV00B,Kurzeme,beach,,31,29,osm:relation/15654076,Gausās jūdzes Kuplās priedes pludmale,photo_gate,imgs_0_strong_0
LV,LV00B,Kurzeme,beach,,31,29,osm:relation/12639912,Bigauņciems,photo_gate,imgs_0_strong_0
LV,LV00B,Kurzeme,beach,,31,29,osm:relation/15656135,Gausās jūdzes Aizraga pludmale,photo_gate,imgs_0_strong_0
LV,LV00B,Kurzeme,beach,,31,29,osm:way/312466910,Veckrūmi,photo_gate,imgs_0_strong_0
LV,LV00B,Kurzeme,beach,,31,29,eea:LV00364141301,Pāvilosta,score_gate,score_5.4_below_5.6
LV,LV00B,Kurzeme,beach,,31,29,osm:relation/15656139,Ķesterciema pludmale,score_gate,score_5.4_below_5.6
LV,LV00B,Kurzeme,beach,,31,29,osm:way/808514718,Gudenieki,score_gate,score_5.3_below_5.6
LV,LV00B,Kurzeme,beach,,31,29,osm:way/627132801,Milzkalne,score_gate,score_5.1_below_5.6
LV,LV00B,Kurzeme,beach,,31,29,eea:LV00317000001,Liepājas Dienvidrietumu Pludmale,score_gate,score_4.7_below_5.6
LV,LV00B,Kurzeme,beach,,31,29,eea:LV00317000003,"Karjers ""beberliņi""",score_gate,score_4.7_below_5.6
LV,LV00B,Kurzeme,beach,,31,29,eea:LV00790660001,Ragaciems,score_gate,score_4.7_below_5.6
LV,LV00B,Kurzeme,beach,,31,29,eea:LV00327000003,Būšnieku Ezers,score_gate,score_4.7_below_5.6
LV,LV00B,Kurzeme,beach,,31,29,eea:LV00384010001,Saldus Ezers,score_gate,score_4.7_below_5.6
LV,LV00B,Kurzeme,beach,,31,29,eea:LV00384060001,Cieceres Ezers,score_gate,score_4.7_below_5.6
LV,LV00B,Kurzeme,beach,,31,29,eea:LV00790500003,Ķesterciems,score_gate,score_4.7_below_5.6
LV,LV00B,Kurzeme,beach,,31,29,eea:LV00327000001,Ventspils Pilsētas Pludmale,score_gate,score_4.7_below_5.6
LV,LV00B,Kurzeme,beach,,31,29,osm:way/1421765853,Ķelšu ciems,score_gate,score_4.7_below_5.6
LV,LV00B,Kurzeme,beach,,31,29,osm:way/1247739037,Priežkalni,score_gate,score_4.7_below_5.6
LV,LV00B,Kurzeme,beach,,31,29,osm:relation/17387407,Pavasari,score_gate,score_4.7_below_5.6
LV,LV00B,Kurzeme,beach,,31,29,osm:node/7514733771,Ābeļi,score_gate,score_4.7_below_5.6
LV,LV00B,Kurzeme,beach,,31,29,osm:node/9129633568,Mundigciems,score_gate,score_4.7_below_5.6
LV,LV00B,Kurzeme,beach,,31,29,osm:way/331862421,Plostnieki,score_gate,score_4.7_below_5.6
LV,LV00B,Kurzeme,beach,,31,29,osm:way/794642348,Pāce,score_gate,score_4.7_below_5.6
LV,LV00B,Kurzeme,beach,,31,29,eea:LV00388820001,Roja,score_gate,score_4.2_below_5.6
LV,LV00B,Kurzeme,beach,,31,29,eea:LV00362010001,"Ventas Upe, Kuldīgas Peldvieta ""mārtiņsala""",score_gate,score_4.2_below_5.6
PL,PL621,Elbląski,beach,,29,29,osm:way/1537522365,Olszowa Kępa,score_gate,score_4.7_below_5.6
PL,PL621,Elbląski,beach,,29,29,eea:PL6211508528000049,Kąpielisko Bogaczewo,score_gate,score_4.7_below_5.6
ES,ES120,Asturias,beach,,30,28,wd:Q6079110,Playa de La Espasa,photo_gate,imgs_0_strong_0
ES,ES120,Asturias,beach,,30,28,wd:Q18418160,Cuevas del Mar Beach,photo_gate,imgs_0_strong_0
ES,ES120,Asturias,beach,,30,28,wd:Q17625295,Playa de Arnao de Figueras,photo_gate,imgs_1_strong_1
ES,ES120,Asturias,beach,,30,28,wd:Q18224636,Playa de Cueva,photo_gate,imgs_0_strong_0
ES,ES120,Asturias,beach,,30,28,wd:Q9060803,"Playa del Arbeyal, Gijón",photo_gate,imgs_3_strong_3
ES,ES120,Asturias,beach,,30,28,wd:Q19280235,Playa de Carranques,photo_gate,imgs_0_strong_0
ES,ES120,Asturias,beach,,30,28,wd:Q6079129,Playa de La Isla,photo_gate,imgs_0_strong_0
ES,ES120,Asturias,beach,,30,28,wd:Q6079079,Cabo Peñas,photo_gate,imgs_0_strong_0
ES,ES120,Asturias,beach,,30,28,wd:Q9060645,Playa de Barayo,photo_gate,imgs_0_strong_0
ES,ES120,Asturias,beach,,30,28,wd:Q9060665,El Espartal beach,photo_gate,imgs_0_strong_0
ES,ES120,Asturias,beach,,30,28,wd:Q5555397,Playa de San Martín,photo_gate,imgs_0_strong_0
ES,ES120,Asturias,beach,,30,28,wd:Q2888465,Frexulfe Beach,photo_gate,imgs_0_strong_0
ES,ES120,Asturias,beach,,30,28,wd:Q6079206,Beach of Los Quebrantos,photo_gate,imgs_0_strong_0
ES,ES120,Asturias,beach,,30,28,wd:Q6078938,Playa de Penarronda,photo_gate,imgs_0_strong_0
ES,ES120,Asturias,beach,,30,28,wd:Q6079118,Playa de la Griega,photo_gate,imgs_0_strong_0
ES,ES120,Asturias,beach,,30,28,wd:Q5400220,Playa de El Barrigón,photo_gate,imgs_0_strong_0
ES,ES120,Asturias,beach,,30,28,wd:Q18714129,Playa de San Antonio,photo_gate,imgs_0_strong_0
ES,ES120,Asturias,beach,,30,28,wd:Q19360708,Playa de Verdicio,photo_gate,imgs_0_strong_0
ES,ES120,Asturias,beach,,30,28,wd:Q19013616,La Palmera Beach,photo_gate,imgs_0_strong_0
ES,ES120,Asturias,beach,,30,28,wd:Q19637144,Campofrío and Aguilar Beaches,photo_gate,imgs_0_strong_0
ES,ES120,Asturias,beach,,30,28,wd:Q5963423,Playa de La Franca,photo_gate,imgs_0_strong_0
ES,ES120,Asturias,beach,,30,28,wd:Q6078582,Playa de Arnao,photo_gate,imgs_0_strong_0
ES,ES120,Asturias,beach,,30,28,wd:Q18755861,Playa de Andrín,photo_gate,imgs_0_strong_0
ES,ES120,Asturias,beach,,30,28,wd:Q6078975,Salinas Beach,photo_gate,imgs_0_strong_0
ES,ES120,Asturias,beach,,30,28,wd:Q18812527,Arenal de Morís Beach,photo_gate,imgs_0_strong_0
ES,ES120,Asturias,beach,,30,28,wd:Q18952502,"Xiglú, Sorraos and Barro beach",photo_gate,imgs_0_strong_0
ES,ES120,Asturias,beach,,30,28,wd:Q19339035,Playa de Aguilera,photo_gate,imgs_0_strong_0
ES,ES120,Asturias,beach,,30,28,wd:Q9060729,San Lorenzo Beach,photo_gate,imgs_3_strong_3
GR,EL432,Lasithi,beach,,34,28,wd:Q121011277,Kalamaki beach,photo_gate,imgs_0_strong_0
GR,EL432,Lasithi,beach,,34,28,wd:Q53633832,Kato Zakros,photo_gate,imgs_0_strong_0
GR,EL432,Lasithi,beach,,34,28,osm:way/832883053,Παραλία Αλμυρού,photo_gate,imgs_0_strong_0
GR,EL432,Lasithi,beach,,34,28,wd:Q53633932,Almyros Lasithi,photo_gate,imgs_1_strong_1
GR,EL432,Lasithi,beach,,34,28,wd:Q7122033,Pachia Ammos Beach,photo_gate,imgs_2_strong_2
GR,EL432,Lasithi,beach,,34,28,wd:Q7331108,Richtis Gorge,photo_gate,imgs_0_strong_0
GR,EL432,Lasithi,beach,,34,28,wd:Q12883234,Achlia Schinokapsalon,photo_gate,imgs_1_strong_1
GR,EL432,Lasithi,beach,,34,28,wd:Q53633992,Schisma,photo_gate,imgs_0_strong_0
GR,EL432,Lasithi,beach,,34,28,wd:Q53633869,Myrtos Ierapetra,photo_gate,imgs_0_strong_0
GR,EL432,Lasithi,beach,,34,28,osm:way/279354406,Paralia Lagada,photo_gate,imgs_0_strong_0
GR,EL432,Lasithi,beach,,34,28,wd:Q60848073,Langada Beach,score_gate,score_5.5_below_5.6
GR,EL432,Lasithi,beach,,34,28,osm:way/223746941,Vourlia beach,score_gate,score_5.5_below_5.6
GR,EL432,Lasithi,beach,,34,28,osm:way/505994085,Alatsolimni beach,score_gate,score_5.5_below_5.6
GR,EL432,Lasithi,beach,,34,28,wd:Q53633806,Voulisma,score_gate,score_5.5_below_5.6
GR,EL432,Lasithi,beach,,34,28,wd:Q53633924,Ammos-Marina,score_gate,score_5.4_below_5.6
GR,EL432,Lasithi,beach,,34,28,osm:way/132854773,Palm Bay Beach,score_gate,score_5.4_below_5.6
GR,EL432,Lasithi,beach,,34,28,wd:Q53633780,Mirabello,score_gate,score_5.4_below_5.6
GR,EL432,Lasithi,beach,,34,28,osm:node/8483061832,Αμμουδάρα,score_gate,score_5.4_below_5.6
GR,EL432,Lasithi,beach,,34,28,eea:ELBW139310010101,Agia Varvara,score_gate,score_5.4_below_5.6
GR,EL432,Lasithi,beach,,34,28,osm:way/52631595,Πλατεία Κανουπάκη,score_gate,score_5.4_below_5.6
GR,EL432,Lasithi,beach,,34,28,osm:way/710288091,Όρμος,score_gate,score_5.4_below_5.6
GR,EL432,Lasithi,beach,,34,28,wd:Q16627476,Παραλία Θόλος,score_gate,score_5.3_below_5.6
GR,EL432,Lasithi,beach,,34,28,wd:Q53634023,Plaka,score_gate,score_5.3_below_5.6
GR,EL432,Lasithi,beach,,34,28,wd:Q53629586,Karavostasi Lasithi,score_gate,score_5.3_below_5.6
GR,EL432,Lasithi,beach,,34,28,wd:Q53633973,Xavania 2,score_gate,score_5.3_below_5.6
GR,EL432,Lasithi,beach,,34,28,osm:way/590778786,Παραλία Διασκάρι,score_gate,score_5.3_below_5.6
GR,EL432,Lasithi,beach,,34,28,wd:Q60848243,Chiona,score_gate,score_5.2_below_5.6
GR,EL432,Lasithi,beach,,34,28,wd:Q53633897,Ierapetra 1-Dimotiki,score_gate,score_5.2_below_5.6
PL,PL428,Szczeciński,beach,,29,28,wd:Q138583899,"Beach Przytór, Świnoujście",photo_gate,imgs_1_strong_1
PL,PL428,Szczeciński,beach,,29,28,osm:way/692035961,Kąpielisko Wschód,photo_gate,imgs_0_strong_0
PL,PL428,Szczeciński,beach,,29,28,osm:way/623852642,Niechorze East Beach swimming area,photo_gate,imgs_0_strong_0
PL,PL428,Szczeciński,beach,,29,28,osm:way/692035962,Kąpielisko Zachód,photo_gate,imgs_0_strong_0
PL,PL428,Szczeciński,beach,,29,28,osm:way/688446982,Kąpielisko Morskie Świnoujście Uznam,score_gate,score_5.5_below_5.6
PL,PL428,Szczeciński,beach,,29,28,wd:Q49323526,Pobierowo beach,score_gate,score_5.3_below_5.6
PL,PL428,Szczeciński,beach,,29,28,osm:way/1243248128,Kąpielisko w Stepnicy nad Zalewem Szczecińskim,score_gate,score_5.3_below_5.6
PL,PL428,Szczeciński,beach,,29,28,osm:way/698579791,Rewal East Beach swimming area,score_gate,score_4.9_below_5.6
PL,PL428,Szczeciński,beach,,29,28,osm:way/623869942,kąpielisko Pobierowo plaża zachodnia,score_gate,score_4.7_below_5.6
PL,PL428,Szczeciński,beach,,29,28,eea:PL4210602432000132A,Kąpielisko Miejskie W Cedyni,score_gate,score_4.7_below_5.6
TR,TRC21,Şanlıurfa,beach,,28,28,,,,
GR,EL413,Chios,beach,,27,27,wd:Q53629376,Karfas,photo_gate,imgs_3_strong_3
GR,EL413,Chios,beach,,27,27,wd:Q53630399,Lithi,score_gate,score_5.5_below_5.6
GR,EL413,Chios,beach,,27,27,wd:Q53630408,komi,score_gate,score_5.5_below_5.6
GR,EL413,Chios,beach,,27,27,osm:way/399767356,Managros Beach,score_gate,score_5.5_below_5.6
GR,EL413,Chios,beach,,27,27,wd:Q25164037,Mavra Volia,score_gate,score_5.4_below_5.6
GR,EL413,Chios,beach,,27,27,osm:way/295467456,Ναγός,score_gate,score_5.4_below_5.6
GR,EL413,Chios,beach,,27,27,wd:Q25164064,Makria Amos,score_gate,score_5.4_below_5.6
GR,EL413,Chios,beach,,27,27,wd:Q53629383,Ag. Fotini,score_gate,score_5.4_below_5.6
GR,EL413,Chios,beach,,27,27,osm:node/1330605393,Mega Limionas Beach,score_gate,score_5.2_below_5.6
GR,EL413,Chios,beach,,27,27,wd:Q25164073,Glaroi Beach,score_gate,score_5.0_below_5.6
GR,EL413,Chios,beach,,27,27,wd:Q25167247,Limnos Beach,score_gate,score_5.0_below_5.6
GR,EL413,Chios,beach,,27,27,wd:Q25164092,Ghiosonas,score_gate,score_5.0_below_5.6
GR,EL413,Chios,beach,,27,27,wd:Q25164105,Amadhes Beach,score_gate,score_5.0_below_5.6
GR,EL413,Chios,beach,,27,27,wd:Q25164066,Managhros,score_gate,score_5.0_below_5.6
GR,EL413,Chios,beach,,27,27,wd:Q25164085,Ezousa,score_gate,score_5.0_below_5.6
GR,EL413,Chios,beach,,27,27,wd:Q25167245,Tighani,score_gate,score_5.0_below_5.6
GR,EL413,Chios,beach,,27,27,osm:way/399726024,Παραλία Άγιος Ισίδωρος,score_gate,score_4.8_below_5.6
GR,EL413,Chios,beach,,27,27,osm:way/403164787,Τηγάνι,score_gate,score_4.8_below_5.6
GR,EL413,Chios,beach,,27,27,wd:Q53631148,Dimotiki Plaz Chiou,score_gate,score_4.7_below_5.6
GR,EL413,Chios,beach,,27,27,osm:node/13009174040,Βροντάδος,score_gate,score_4.7_below_5.6
GR,EL413,Chios,beach,,27,27,eea:ELBW149266367101,Gonia,score_gate,score_4.7_below_5.6
GR,EL413,Chios,beach,,27,27,eea:ELBW149266339101,Zanakounta,score_gate,score_4.7_below_5.6
GR,EL413,Chios,beach,,27,27,eea:ELBW149266364101,Metochi,score_gate,score_4.7_below_5.6
GR,EL413,Chios,beach,,27,27,osm:way/410873606,Αγιάσματα,score_gate,score_4.7_below_5.6
GR,EL413,Chios,beach,,27,27,wd:Q53631305,Daskalopetra,score_gate,score_4.7_below_5.6
GR,EL413,Chios,beach,,27,27,osm:node/9922780810,Lilikas,score_gate,score_4.7_below_5.6
GR,EL413,Chios,beach,,27,27,eea:ELBW149266351101,Agios Aimilianos Kallimasias,score_gate,score_4.7_below_5.6
FR,FRL05,Var,beach,,33,27,wd:Q135109335,plage du Pellegrin,photo_gate,imgs_1_strong_1
FR,FRL05,Var,beach,,33,27,wd:Q123419601,Bonporteau Beach,photo_gate,imgs_3_strong_3
FR,FRL05,Var,beach,,33,27,wd:Q49322723,plage des Darboussières,photo_gate,imgs_0_strong_0
FR,FRL05,Var,beach,,33,27,osm:way/1368061887,Plage des Américains,photo_gate,imgs_0_strong_0
FR,FRL05,Var,beach,,33,27,wd:Q123334065,Brouis Beach,photo_gate,imgs_1_strong_1
FR,FRL05,Var,beach,,33,27,wd:Q123447915,Graniers Beach,photo_gate,imgs_2_strong_2
FR,FRL05,Var,beach,,33,27,wd:Q49322593,Gigaro Beach,photo_gate,imgs_3_strong_3
FR,FRL05,Var,beach,,33,27,wd:Q49322742,plage des Trois Pins,photo_gate,imgs_0_strong_0
FR,FRL05,Var,beach,,33,27,osm:way/121823396,Plage du Figuier,photo_gate,imgs_0_strong_0
FR,FRL05,Var,beach,,33,27,wd:Q49322631,plage de la Garonne,score_gate,score_5.5_below_5.6
FR,FRL05,Var,beach,,33,27,wd:Q123476302,Rayol Beach,score_gate,score_5.5_below_5.6
FR,FRL05,Var,beach,,33,27,wd:Q49322559,plage d'Héraclée,score_gate,score_5.5_below_5.6
FR,FRL05,Var,beach,,33,27,osm:way/317427599,Plage de Portissol,score_gate,score_5.5_below_5.6
FR,FRL05,Var,beach,,33,27,osm:way/978357719,Plage de la Gorguette,score_gate,score_5.5_below_5.6
FR,FRL05,Var,beach,,33,27,osm:way/1433884252,Plage du Centre-ville,score_gate,score_5.5_below_5.6
FR,FRL05,Var,beach,,33,27,osm:way/77594385,Plage Centrale,score_gate,score_5.5_below_5.6
FR,FRL05,Var,beach,,33,27,osm:way/138422227,Plage de Renecros,score_gate,score_5.5_below_5.6
FR,FRL05,Var,beach,,33,27,osm:way/208693407,Plage du Casino,score_gate,score_5.5_below_5.6
FR,FRL05,Var,beach,,33,27,osm:way/227845072,Plage du Grand Vallat,score_gate,score_5.5_below_5.6
FR,FRL05,Var,beach,,33,27,osm:way/251742877,Plage des Sablettes,score_gate,score_5.5_below_5.6
FR,FRL05,Var,beach,,33,27,osm:way/760245636,Plage du Canadel,score_gate,score_5.5_below_5.6
FR,FRL05,Var,beach,,33,27,wd:Q130387892,plage de la Badine,score_gate,score_5.4_below_5.6
FR,FRL05,Var,beach,,33,27,osm:way/954178304,The Galetas Beach,score_gate,score_5.4_below_5.6
FR,FRL05,Var,beach,,33,27,osm:way/263844909,Plage du Touring,score_gate,score_5.4_below_5.6
FR,FRL05,Var,beach,,33,27,osm:way/437476558,Plage du Rix,score_gate,score_5.4_below_5.6
FR,FRL05,Var,beach,,33,27,osm:way/861316211,Plage de la Croisette,score_gate,score_5.4_below_5.6
FR,FRL05,Var,beach,,33,27,osm:way/861316212,Plage des Allemands,score_gate,score_5.4_below_5.6
IT,ITG11,Trapani,beach,,28,26,osm:way/262426887,Spiaggia di Santa Margherita,photo_gate,imgs_0_strong_0
IT,ITG11,Trapani,beach,,28,26,osm:node/1497872699,Lido al Sabbione,score_gate,score_5.4_below_5.6
IT,ITG11,Trapani,beach,,28,26,osm:way/514866187,Lido Burrone,score_gate,score_5.3_below_5.6
IT,ITG11,Trapani,beach,,28,26,osm:way/1216610718,Cala Azzurra,score_gate,score_5.3_below_5.6
IT,ITG11,Trapani,beach,,28,26,osm:way/426081034,Spiaggia Seno dell'Arena,score_gate,score_5.2_below_5.6
IT,ITG11,Trapani,beach,,28,26,wd:Q33334496,Spiaggia del Bue Marino,score_gate,score_5.1_below_5.6
IT,ITG11,Trapani,beach,,28,26,wd:Q33330642,Playa di Castellammare,score_gate,score_5.0_below_5.6
IT,ITG11,Trapani,beach,,28,26,wd:Q33335851,Spiaggia di Alcamo Marina,score_gate,score_5.0_below_5.6
IT,ITG11,Trapani,beach,,28,26,wd:Q33327590,Mazza di Sciacca,score_gate,score_5.0_below_5.6
IT,ITG11,Trapani,beach,,28,26,osm:way/792086122,Spiaggia di Cala Bove,score_gate,score_5.0_below_5.6
IT,ITG11,Trapani,beach,,28,26,osm:way/374796724,Spiaggia Calamazzo,score_gate,score_4.9_below_5.6
IT,ITG11,Trapani,beach,,28,26,wd:Q33325869,Cala Rotonda,score_gate,score_4.9_below_5.6
IT,ITG11,Trapani,beach,,28,26,eea:IT019081014005,Cala Di Gadir,score_gate,score_4.7_below_5.6
IT,ITG11,Trapani,beach,,28,26,eea:IT019081014006,Porticello Di Campobello,score_gate,score_4.7_below_5.6
IT,ITG11,Trapani,beach,,28,26,eea:IT019081014004,Cala Di Levante,score_gate,score_4.7_below_5.6
IT,ITG11,Trapani,beach,,28,26,wd:Q123012723,Cala Tonnarella dell'Uzzo,score_gate,score_4.7_below_5.6
IT,ITG11,Trapani,beach,,28,26,eea:IT019081009014,Approdo Ulisse (prosp. Villaggio),score_gate,score_4.7_below_5.6
IT,ITG11,Trapani,beach,,28,26,eea:IT019081012003,Ex Istorante La Rotonda San Vito,score_gate,score_4.7_below_5.6
IT,ITG11,Trapani,beach,,28,26,eea:IT019081011002,Spiaggia Spagnola,score_gate,score_4.7_below_5.6
IT,ITG11,Trapani,beach,,28,26,osm:way/1141056179,Torretta Granitola,score_gate,score_4.7_below_5.6
IT,ITG11,Trapani,beach,,28,26,osm:relation/12588587,Cala Capreria,score_gate,score_4.7_below_5.6
IT,ITG11,Trapani,beach,,28,26,eea:IT019081021005,Tonnara Tipa,score_gate,score_4.7_below_5.6
IT,ITG11,Trapani,beach,,28,26,osm:way/374796723,Cala Mazzo di Sciacca,score_gate,score_4.6_below_5.6
NO,NO084,Akershus,beach,,26,26,wd:Q33326736,Holmenskjæret,photo_gate,imgs_0_strong_0
NO,NO084,Akershus,beach,,26,26,wd:Q33325486,Bestemorstranda,photo_gate,imgs_0_strong_0
NO,NO084,Akershus,beach,,26,26,osm:way/436801594,Stampetjernet Stranden,photo_gate,imgs_0_strong_0
NO,NO084,Akershus,beach,,26,26,wd:Q49320034,Apotekerstranda,photo_gate,imgs_0_strong_0
NO,NO084,Akershus,beach,,26,26,osm:way/118514408,Langøyene,photo_gate,imgs_0_strong_0
NO,NO084,Akershus,beach,,26,26,osm:way/1148482623,Kirkevika,photo_gate,imgs_0_strong_0
NO,NO084,Akershus,beach,,26,26,osm:way/118242358,Knatvoldstranda,score_gate,score_5.3_below_5.6
NO,NO084,Akershus,beach,,26,26,osm:way/127080015,Ertsvika,score_gate,score_5.3_below_5.6
NO,NO084,Akershus,beach,,26,26,osm:way/30606444,Badebukta,score_gate,score_5.2_below_5.6
NO,NO084,Akershus,beach,,26,26,osm:way/691821710,Haugerstranda,score_gate,score_5.2_below_5.6
NO,NO084,Akershus,beach,,26,26,osm:way/1462402522,Holtekilen,score_gate,score_5.2_below_5.6
NO,NO084,Akershus,beach,,26,26,osm:node/807752425,Bondistranda,score_gate,score_5.2_below_5.6
NO,NO084,Akershus,beach,,26,26,osm:way/113796506,Hanseberget,score_gate,score_5.2_below_5.6
NO,NO084,Akershus,beach,,26,26,osm:way/177999822,Alværnbukta,score_gate,score_5.2_below_5.6
NO,NO084,Akershus,beach,,26,26,osm:way/460878433,Åsanden,score_gate,score_5.2_below_5.6
NO,NO084,Akershus,beach,,26,26,osm:way/1393486280,Døves feriehjem,score_gate,score_5.2_below_5.6
NO,NO084,Akershus,beach,,26,26,osm:way/184358506,Båtbukta,score_gate,score_5.1_below_5.6
NO,NO084,Akershus,beach,,26,26,osm:way/988086935,Godthåp,score_gate,score_5.1_below_5.6
NO,NO084,Akershus,beach,,26,26,osm:way/129486438,Fornebukta,score_gate,score_5.1_below_5.6
NO,NO084,Akershus,beach,,26,26,osm:way/346373189,Preisserstranda,score_gate,score_5.1_below_5.6
NO,NO084,Akershus,beach,,26,26,osm:way/1256579051,Sandbukta,score_gate,score_5.1_below_5.6
NO,NO084,Akershus,beach,,26,26,osm:way/47290066,Hyggenstranda,score_gate,score_5.0_below_5.6
NO,NO084,Akershus,beach,,26,26,osm:way/1056601462,Sætre bystrand,score_gate,score_5.0_below_5.6
NO,NO084,Akershus,beach,,26,26,osm:way/416650081,Ingerskjær,score_gate,score_4.9_below_5.6
NO,NO084,Akershus,beach,,26,26,osm:way/117265824,Bjørneskjær,score_gate,score_4.9_below_5.6
NO,NO084,Akershus,beach,,26,26,osm:way/1148454571,Hellvikbukta,score_gate,score_4.9_below_5.6
NL,NL127,Noord-Friesland,beach,,28,26,wd:Q2715427,Westerstrand,photo_gate,imgs_2_strong_2
NL,NL127,Noord-Friesland,beach,,28,26,osm:way/642677769,Naaktstrandje Groene Ster,photo_gate,imgs_1_strong_1
NL,NL127,Noord-Friesland,beach,,28,26,wd:Q33325442,Beach Ameland,photo_gate,imgs_3_strong_3
NL,NL127,Noord-Friesland,beach,,28,26,osm:relation/20733569,Noorderstrand,photo_gate,imgs_0_strong_0
NL,NL127,Noord-Friesland,beach,,28,26,osm:way/436610178,Midsland aan Zee,photo_gate,imgs_0_strong_0
NL,NL127,Noord-Friesland,beach,,28,26,eea:NLBW81_NESBSD,"Badstrand Nes, Ameland",score_gate,score_5.4_below_5.6
NL,NL127,Noord-Friesland,beach,,28,26,osm:way/79643386,Zwemplaats Earnewâld,score_gate,score_5.3_below_5.6
NL,NL127,Noord-Friesland,beach,,28,26,eea:NLBW81_BURBSD,"Badstrand Buren, Ameland",score_gate,score_4.7_below_5.6
NL,NL127,Noord-Friesland,beach,,28,26,eea:NLBW02_9012,"Lytse Wielen, Leeuwarden",score_gate,score_4.7_below_5.6
GR,EL651,"Argolida, Arkadia",beach,,28,25,wd:Q64580068,Kondyli,photo_gate,imgs_3_strong_3
GR,EL651,"Argolida, Arkadia",beach,,28,25,osm:way/238176460,Τολό,photo_gate,imgs_0_strong_0
GR,EL651,"Argolida, Arkadia",beach,,28,25,osm:way/362924185,Πλαζ Παράλιου Άστρους,photo_gate,imgs_0_strong_0
GR,EL651,"Argolida, Arkadia",beach,,28,25,osm:way/153302048,Kandia beach,photo_gate,imgs_0_strong_0
GR,EL651,"Argolida, Arkadia",beach,,28,25,osm:relation/543199,Plaka Beach,score_gate,score_5.5_below_5.6
GR,EL651,"Argolida, Arkadia",beach,,28,25,osm:way/1078289073,Gliati,score_gate,score_5.4_below_5.6
GR,EL651,"Argolida, Arkadia",beach,,28,25,osm:way/362923290,Πλαζ Παράλιου Άστρους,score_gate,score_5.3_below_5.6
GR,EL651,"Argolida, Arkadia",beach,,28,25,osm:way/362922632,Παράλιο Άστρος,score_gate,score_5.2_below_5.6
GR,EL651,"Argolida, Arkadia",beach,,28,25,osm:way/454030296,Φωκιανό,score_gate,score_5.2_below_5.6
GR,EL651,"Argolida, Arkadia",beach,,28,25,osm:way/431359787,Poulithra,score_gate,score_5.1_below_5.6
GR,EL651,"Argolida, Arkadia",beach,,28,25,wd:Q53630974,Atsigganos,score_gate,score_5.0_below_5.6
GR,EL651,"Argolida, Arkadia",beach,,28,25,wd:Q25159860,Kalamaki beach,score_gate,score_4.9_below_5.6
GR,EL651,"Argolida, Arkadia",beach,,28,25,osm:way/522096191,Κρυονέρι,score_gate,score_4.9_below_5.6
GR,EL651,"Argolida, Arkadia",beach,,28,25,osm:way/642533287,Paliochano,score_gate,score_4.9_below_5.6
GR,EL651,"Argolida, Arkadia",beach,,28,25,osm:way/153302053,Ανω Σκάλα,score_gate,score_4.8_below_5.6
GR,EL651,"Argolida, Arkadia",beach,,28,25,osm:relation/11255155,Vagionia beach,score_gate,score_4.8_below_5.6
GR,EL651,"Argolida, Arkadia",beach,,28,25,osm:way/837953821,"Παραλία ""Παναγιά Πολέμαρχος""",score_gate,score_4.7_below_5.6
GR,EL651,"Argolida, Arkadia",beach,,28,25,wd:Q53632501,Kallisto beach,score_gate,score_4.7_below_5.6
GR,EL651,"Argolida, Arkadia",beach,,28,25,eea:ELBW039235037101,Lefkes,score_gate,score_4.7_below_5.6
GR,EL651,"Argolida, Arkadia",beach,,28,25,eea:ELBW039236081101,Iria,score_gate,score_4.7_below_5.6
GR,EL651,"Argolida, Arkadia",beach,,28,25,eea:ELBW039235038101,Dardeza,score_gate,score_4.7_below_5.6
GR,EL651,"Argolida, Arkadia",beach,,28,25,osm:way/395771097,Σαμπατική,score_gate,score_4.7_below_5.6
GR,EL651,"Argolida, Arkadia",beach,,28,25,eea:ELBW039237124101,Mylos-heronisi,score_gate,score_4.7_below_5.6
GR,EL651,"Argolida, Arkadia",beach,,28,25,osm:way/154561488,Ελληνικό,score_gate,score_4.7_below_5.6
GR,EL651,"Argolida, Arkadia",beach,,28,25,osm:node/747841712,Kiveri Beach,score_gate,score_4.7_below_5.6
GR,EL622,Kerkyra,beach,,27,25,wd:Q53632183,Canal D Amour,photo_gate,imgs_2_strong_0
GR,EL622,Kerkyra,beach,,27,25,wd:Q53631312,Kontogialos-Pelekas Beach,photo_gate,imgs_3_strong_3
GR,EL622,Kerkyra,beach,,27,25,wd:Q53632172,Almyros,photo_gate,imgs_0_strong_0
GR,EL622,Kerkyra,beach,,27,25,osm:way/152116918,Glyfada Beach,photo_gate,imgs_0_strong_0
GR,EL622,Kerkyra,beach,,27,25,osm:way/582937467,Portelo Beach,photo_gate,imgs_0_strong_0
GR,EL622,Kerkyra,beach,,27,25,osm:relation/15968968,Gardeno Beach,photo_gate,imgs_0_strong_0
GR,EL622,Kerkyra,beach,,27,25,osm:way/43118333,Sidari Beach,photo_gate,imgs_0_strong_0
GR,EL622,Kerkyra,beach,,27,25,osm:relation/15663352,Dassia Beach,photo_gate,imgs_0_strong_0
GR,EL622,Kerkyra,beach,,27,25,osm:way/425504996,Lakkiess Beach,photo_gate,imgs_0_strong_0
GR,EL622,Kerkyra,beach,,27,25,wd:Q53631604,Issos beach,photo_gate,imgs_1_strong_1
GR,EL622,Kerkyra,beach,,27,25,osm:way/121549601,Barbati Beach,photo_gate,imgs_0_strong_0
GR,EL622,Kerkyra,beach,,27,25,osm:way/93887470,Avlaki Beach,photo_gate,imgs_0_strong_0
GR,EL622,Kerkyra,beach,,27,25,osm:way/93943011,Kerasia Beach,photo_gate,imgs_0_strong_0
GR,EL622,Kerkyra,beach,,27,25,osm:way/1072595392,Κιπιάδι,photo_gate,imgs_0_strong_0
GR,EL622,Kerkyra,beach,,27,25,osm:way/122934061,Agios Stefanos,photo_gate,imgs_0_strong_0
GR,EL622,Kerkyra,beach,,27,25,osm:relation/17449058,Molos,photo_gate,imgs_0_strong_0
GR,EL622,Kerkyra,beach,,27,25,osm:way/190817328,Kanoula Beach,photo_gate,imgs_0_strong_0
GR,EL622,Kerkyra,beach,,27,25,osm:way/1456736155,Apraos–Kalamaki,photo_gate,imgs_0_strong_0
GR,EL622,Kerkyra,beach,,27,25,osm:way/150549018,Astrakeri,score_gate,score_5.5_below_5.6
GR,EL622,Kerkyra,beach,,27,25,osm:way/428429279,Santa Barbara beach,score_gate,score_5.5_below_5.6
GR,EL622,Kerkyra,beach,,27,25,osm:way/1433789757,Kogevina Beach,score_gate,score_5.5_below_5.6
GR,EL622,Kerkyra,beach,,27,25,wd:Q53632131,Dafnila,score_gate,score_5.4_below_5.6
GR,EL622,Kerkyra,beach,,27,25,osm:relation/6370728,Marathias beach,score_gate,score_5.4_below_5.6
GR,EL622,Kerkyra,beach,,27,25,osm:relation/3818808,Moraitika Beach,score_gate,score_5.4_below_5.6
GR,EL622,Kerkyra,beach,,27,25,osm:way/659132498,Monodendri,score_gate,score_5.4_below_5.6
FR,FRI32,Charente-Maritime,beach,,29,25,wd:Q49322734,Plage des Nonnes,photo_gate,imgs_1_strong_1
FR,FRI32,Charente-Maritime,beach,,29,25,wd:Q2991944,Conche de Saint-Georges,photo_gate,imgs_0_strong_0
FR,FRI32,Charente-Maritime,beach,,29,25,wd:Q23013102,plage de la Lède,photo_gate,imgs_0_strong_0
FR,FRI32,Charente-Maritime,beach,,29,25,wd:Q49322691,Plage de Suzac,photo_gate,imgs_0_strong_0
FR,FRI32,Charente-Maritime,beach,,29,25,wd:Q23013105,plage des Pins de Cordouan,photo_gate,imgs_0_strong_0
FR,FRI32,Charente-Maritime,beach,,29,25,wd:Q49322828,plage Sud,photo_gate,imgs_0_strong_0
FR,FRI32,Charente-Maritime,beach,,29,25,osm:way/367088644,Plage de la Phibie,photo_gate,imgs_0_strong_0
FR,FRI32,Charente-Maritime,beach,,29,25,osm:way/515922507,Plage de l'Arnerault,photo_gate,imgs_0_strong_0
FR,FRI32,Charente-Maritime,beach,,29,25,wd:Q49322743,Plage des Vergnes,score_gate,score_5.5_below_5.6
FR,FRI32,Charente-Maritime,beach,,29,25,wd:Q49322816,plage Nord,score_gate,score_5.5_below_5.6
FR,FRI32,Charente-Maritime,beach,,29,25,osm:way/89687658,Plage de l'Espérance,score_gate,score_5.5_below_5.6
FR,FRI32,Charente-Maritime,beach,,29,25,osm:way/89679888,Plage Nord,score_gate,score_5.5_below_5.6
FR,FRI32,Charente-Maritime,beach,,29,25,osm:way/194912874,Plage de Gros Jonc,score_gate,score_5.5_below_5.6
FR,FRI32,Charente-Maritime,beach,,29,25,osm:way/300037537,Plage de Chaucre,score_gate,score_5.5_below_5.6
FR,FRI32,Charente-Maritime,beach,,29,25,osm:way/316981030,La Grande Plage,score_gate,score_5.5_below_5.6
FR,FRI32,Charente-Maritime,beach,,29,25,osm:way/1090874794,Plage de la Platère,score_gate,score_5.5_below_5.6
FR,FRI32,Charente-Maritime,beach,,29,25,osm:way/1238604911,Plage de la Gautrelle,score_gate,score_5.5_below_5.6
FR,FRI32,Charente-Maritime,beach,,29,25,osm:way/1494402921,Plage des Huttes,score_gate,score_5.5_below_5.6
FR,FRI32,Charente-Maritime,beach,,29,25,wd:Q124744007,Plage de la Boirie,score_gate,score_5.4_below_5.6
FR,FRI32,Charente-Maritime,beach,,29,25,osm:relation/2978492,Conche des Anglais,score_gate,score_5.4_below_5.6
FR,FRI32,Charente-Maritime,beach,,29,25,wd:Q28040030,plage de la Cèpe,score_gate,score_5.3_below_5.6
FR,FRI32,Charente-Maritime,beach,,29,25,osm:way/1384964493,Plage du Mail,score_gate,score_5.3_below_5.6
FR,FRI32,Charente-Maritime,beach,,29,25,osm:relation/14455660,Plage de la Côte Sauvage,score_gate,score_5.3_below_5.6
FR,FRI32,Charente-Maritime,beach,,29,25,osm:way/79539892,Conche de Cadet,score_gate,score_5.3_below_5.6
FR,FRI32,Charente-Maritime,beach,,29,25,osm:way/197358476,Plage du Lizay,score_gate,score_5.3_below_5.6
RO,RO223,Constanţa,beach,,27,25,osm:node/6594076636,Plaja Tuzla,photo_gate,imgs_2_strong_2
RO,RO223,Constanţa,beach,,27,25,osm:way/563711871,Plaja Agigea Nord,photo_gate,imgs_0_strong_0
RO,RO223,Constanţa,beach,,27,25,osm:way/301026323,Plaja Șincai,photo_gate,imgs_0_strong_0
RO,RO223,Constanţa,beach,,27,25,osm:relation/8045971,Plaja Corbu,photo_gate,imgs_1_strong_1
RO,RO223,Constanţa,beach,,27,25,osm:way/32534073,Plajă nudiști,photo_gate,imgs_3_strong_0
RO,RO223,Constanţa,beach,,27,25,wd:Q124658614,Plajă Corbu,photo_gate,imgs_1_strong_1
RO,RO223,Constanţa,beach,,27,25,osm:way/88002653,Plaja Midia,photo_gate,imgs_0_strong_0
RO,RO223,Constanţa,beach,,27,25,osm:way/32534041,Plaja Saturn - Venus,photo_gate,imgs_0_strong_0
RO,RO223,Constanţa,beach,,27,25,osm:way/32534117,Plaja Júpiter,photo_gate,imgs_2_strong_2
RO,RO223,Constanţa,beach,,27,25,osm:way/849430210,Cochilia,photo_gate,imgs_1_strong_0
RO,RO223,Constanţa,beach,,27,25,osm:way/32534060,Plaja 23 August,photo_gate,imgs_0_strong_0
RO,RO223,Constanţa,beach,,27,25,osm:way/84977538,Plaja Vadu,photo_gate,imgs_0_strong_0
RO,RO223,Constanţa,beach,,27,25,osm:way/563394154,Plaja Gura Buhazului,photo_gate,imgs_0_strong_0
RO,RO223,Constanţa,beach,,27,25,osm:way/563466553,Plaja Chituc,photo_gate,imgs_0_strong_0
RO,RO223,Constanţa,beach,,27,25,osm:way/563673382,Plaja Pricop,photo_gate,imgs_0_strong_0
RO,RO223,Constanţa,beach,,27,25,osm:relation/2898537,Ostrovul Talchia,photo_gate,imgs_0_strong_0
RO,RO223,Constanţa,beach,,27,25,osm:node/5873712649,Plaja Corsa,score_gate,score_5.4_below_5.6
RO,RO223,Constanţa,beach,,27,25,osm:relation/13638447,Pescărie,score_gate,score_5.0_below_5.6
RO,RO223,Constanţa,beach,,27,25,osm:node/2963157252,Habibi Beach Mamaia,score_gate,score_4.8_below_5.6
RO,RO223,Constanţa,beach,,27,25,eea:RO2230009055500001,Neptun I Terasa Briza,score_gate,score_4.7_below_5.6
RO,RO223,Constanţa,beach,,27,25,osm:node/7857453643,The Camp,score_gate,score_4.7_below_5.6
RO,RO223,Constanţa,beach,,27,25,osm:node/11030332052,Marina Regia,score_gate,score_4.7_below_5.6
RO,RO223,Constanţa,beach,,27,25,osm:node/11030332053,Tiki beach,score_gate,score_4.7_below_5.6
RO,RO223,Constanţa,beach,,27,25,osm:node/11030332067,Axxis Nova Beach,score_gate,score_4.7_below_5.6
RO,RO223,Constanţa,beach,,27,25,eea:RO2230009055000002,Olimp I Pescarie,score_gate,score_4.7_below_5.6
TR,TR621,Adana,beach,,25,25,,,,
UA,UA-74538382B72369548204787,Bilozerka,beach,,25,25,,,,
GR,EL541,"Arta, Preveza",beach,,25,24,wd:Q16330480,Alonaki,photo_gate,imgs_0_strong_0
GR,EL541,"Arta, Preveza",beach,,25,24,wd:Q7912676,Valtos Beach,photo_gate,imgs_2_strong_2
GR,EL541,"Arta, Preveza",beach,,25,24,osm:relation/558503,Lichnos Beach,photo_gate,imgs_0_strong_0
GR,EL541,"Arta, Preveza",beach,,25,24,osm:way/1256852632,Alonaki,photo_gate,imgs_0_strong_0
GR,EL541,"Arta, Preveza",beach,,25,24,wd:Q53630652,Ammoudia,photo_gate,imgs_0_strong_0
GR,EL541,"Arta, Preveza",beach,,25,24,osm:relation/2999591,Όρμος του Οδυσσέα,photo_gate,imgs_0_strong_0
GR,EL541,"Arta, Preveza",beach,,25,24,wd:Q53633355,Kyani,score_gate,score_5.5_below_5.6
GR,EL541,"Arta, Preveza",beach,,25,24,osm:relation/2999593,Skala,score_gate,score_5.2_below_5.6
GR,EL541,"Arta, Preveza",beach,,25,24,osm:way/25976305,Krioneri,score_gate,score_4.7_below_5.6
GR,EL541,"Arta, Preveza",beach,,25,24,osm:way/181441365,Σαρακήνικο,score_gate,score_4.7_below_5.6
GR,EL541,"Arta, Preveza",beach,,25,24,eea:ELBW059090084101,Lithari Despos,score_gate,score_4.7_below_5.6
GR,EL541,"Arta, Preveza",beach,,25,24,wd:Q53629580,Tsoukes,score_gate,score_4.7_below_5.6
GR,EL541,"Arta, Preveza",beach,,25,24,wd:Q53633337,Loutsa Preveza,score_gate,score_4.7_below_5.6
GR,EL541,"Arta, Preveza",beach,,25,24,eea:ELBW059090083101,Kalamitsi,score_gate,score_4.7_below_5.6
GR,EL541,"Arta, Preveza",beach,,25,24,eea:ELBW059090081101,Mytikas - Kanali - Kastrosykia 1,score_gate,score_4.7_below_5.6
GR,EL541,"Arta, Preveza",beach,,25,24,eea:ELBW059090087101,Mytikas - Kanali - Kastrosykia 2,score_gate,score_4.7_below_5.6
GR,EL541,"Arta, Preveza",beach,,25,24,osm:way/674847161,Παραλία Βράχου,score_gate,score_4.6_below_5.6
GR,EL541,"Arta, Preveza",beach,,25,24,osm:way/181465291,Spartila,score_gate,score_4.6_below_5.6
GR,EL541,"Arta, Preveza",beach,,25,24,osm:way/181465316,Άγιος Σώστης,score_gate,score_4.6_below_5.6
ES,ES612,Cádiz,beach,,30,24,wd:Q4906586,Playa de Levante,photo_gate,imgs_2_strong_2
ES,ES612,Cádiz,beach,,30,24,wd:Q5945144,Playa de la Barrosa,photo_gate,imgs_2_strong_2
ES,ES612,Cádiz,beach,,30,24,wd:Q6078863,Playa de Levante de Los Toruños,photo_gate,imgs_3_strong_3
ES,ES612,Cádiz,beach,,30,24,wd:Q4968669,Playa de Getares,photo_gate,imgs_0_strong_0
ES,ES612,Cádiz,beach,,30,24,wd:Q7203161,Playa de La Atunara,photo_gate,imgs_0_strong_0
ES,ES612,Cádiz,beach,,30,24,wd:Q31920215,Playa de Punta Candor,photo_gate,imgs_0_strong_0
ES,ES612,Cádiz,beach,,30,24,wd:Q24022072,Playa de la Caleta,photo_gate,imgs_4_strong_4
ES,ES612,Cádiz,beach,,30,24,wd:Q4907193,La Alcaidesa beach,photo_gate,imgs_0_strong_0
ES,ES612,Cádiz,beach,,30,24,wd:Q24024578,Los Caños de Meca,photo_gate,imgs_0_strong_0
ES,ES612,Cádiz,beach,,30,24,wd:Q23979166,Playa de Santa Catalina,photo_gate,imgs_0_strong_0
ES,ES612,Cádiz,beach,,30,24,wd:Q4985079,Valdevaqueros,photo_gate,imgs_0_strong_0
ES,ES612,Cádiz,beach,,30,24,wd:Q6078339,"Playa Chica, Tarifa",photo_gate,imgs_0_strong_0
ES,ES612,Cádiz,beach,,30,24,wd:Q24024472,Playa el Palmar,photo_gate,imgs_0_strong_0
ES,ES612,Cádiz,beach,,30,24,wd:Q6079181,Playa los Bateles,photo_gate,imgs_0_strong_0
ES,ES612,Cádiz,beach,,30,24,wd:Q6078585,Playa de Atlanterra,photo_gate,imgs_0_strong_0
ES,ES612,Cádiz,beach,,30,24,wd:Q4267640,Playa de El Chinarral,photo_gate,imgs_0_strong_0
ES,ES612,Cádiz,beach,,30,24,wd:Q24023634,La Playa de Regla,photo_gate,imgs_0_strong_0
ES,ES612,Cádiz,beach,,30,24,wd:Q28119522,La Ministra,photo_gate,imgs_0_strong_0
ES,ES612,Cádiz,beach,,30,24,wd:Q16619835,Playa de la Hierbabuena,photo_gate,imgs_0_strong_0
ES,ES612,Cádiz,beach,,30,24,wd:Q31844125,Playa de la Costilla,photo_gate,imgs_0_strong_0
ES,ES612,Cádiz,beach,,30,24,wd:Q6079004,Playa de Sancti Petri,photo_gate,imgs_0_strong_0
ES,ES612,Cádiz,beach,,30,24,wd:Q6079179,Playa de los Alemanes,photo_gate,imgs_0_strong_0
ES,ES612,Cádiz,beach,,30,24,osm:way/662846307,Playa de Puente Mayorga-Campamento,photo_gate,imgs_0_strong_0
ES,ES612,Cádiz,beach,,30,24,wd:Q24023640,Fuente del Gallo beach,photo_gate,imgs_0_strong_0
UA,UA-74538382B63146168478131,Bilovodsk,beach,,24,24,,,,
ES,ES114,Pontevedra,beach,,34,23,wd:Q6078602,Bascuas,photo_gate,imgs_1_strong_1
ES,ES114,Pontevedra,beach,,34,23,wd:Q20543532,Praia da Ladeira,photo_gate,imgs_1_strong_1
ES,ES114,Pontevedra,beach,,34,23,wd:Q24003868,Praia Canido,photo_gate,imgs_0_strong_0
ES,ES114,Pontevedra,beach,,34,23,wd:Q9060660,Compostela,photo_gate,imgs_0_strong_0
ES,ES114,Pontevedra,beach,,34,23,wd:Q2839584,Panxón,photo_gate,imgs_0_strong_0
ES,ES114,Pontevedra,beach,,34,23,wd:Q24023079,Praia de Areabrava,photo_gate,imgs_0_strong_0
ES,ES114,Pontevedra,beach,,34,23,wd:Q24023092,Praia de Rodeira,photo_gate,imgs_0_strong_0
ES,ES114,Pontevedra,beach,,34,23,wd:Q12398075,Caneliñas,photo_gate,imgs_0_strong_0
ES,ES114,Pontevedra,beach,,34,23,wd:Q28120022,O Fuchiño,photo_gate,imgs_0_strong_0
ES,ES114,Pontevedra,beach,,34,23,wd:Q28120031,San Martiño,photo_gate,imgs_0_strong_0
ES,ES114,Pontevedra,beach,,34,23,wd:Q28120018,Playa de Fontaíña,photo_gate,imgs_0_strong_0
ES,ES114,Pontevedra,beach,,34,23,wd:Q29384354,Playa de As Canas,photo_gate,imgs_0_strong_0
ES,ES114,Pontevedra,beach,,34,23,osm:way/152448792,Praia de Mellide,photo_gate,imgs_0_strong_0
ES,ES114,Pontevedra,beach,,34,23,wd:Q9060597,Praia América,photo_gate,imgs_0_strong_0
ES,ES114,Pontevedra,beach,,34,23,wd:Q12398077,Praia de Cesantes,photo_gate,imgs_0_strong_0
ES,ES114,Pontevedra,beach,,34,23,wd:Q28120030,Rodas,photo_gate,imgs_0_strong_0
ES,ES114,Pontevedra,beach,,34,23,wd:Q28119934,Aguete Beach,photo_gate,imgs_0_strong_0
ES,ES114,Pontevedra,beach,,34,23,wd:Q28120015,Calsoa,photo_gate,imgs_0_strong_0
ES,ES114,Pontevedra,beach,,34,23,wd:Q27680594,Madorra,photo_gate,imgs_0_strong_0
ES,ES114,Pontevedra,beach,,34,23,wd:Q27670334,Playa Area Fofa,photo_gate,imgs_0_strong_0
ES,ES114,Pontevedra,beach,,34,23,wd:Q9060675,Lapamán Beach,photo_gate,imgs_0_strong_0
ES,ES114,Pontevedra,beach,,34,23,wd:Q6078653,Praia de Carril,photo_gate,imgs_0_strong_0
ES,ES114,Pontevedra,beach,,34,23,wd:Q23994731,Playa Milide,photo_gate,imgs_0_strong_0
GR,EL515,"Thasos, Kavala",beach,,24,23,wd:Q53631725,Ammolofoi,photo_gate,imgs_0_strong_0
GR,EL515,"Thasos, Kavala",beach,,24,23,wd:Q53631695,Kalamitsa,photo_gate,imgs_3_strong_3
GR,EL515,"Thasos, Kavala",beach,,24,23,osm:relation/2763203,Λιμενάρια,photo_gate,imgs_0_strong_0
GR,EL515,"Thasos, Kavala",beach,,24,23,wd:Q53632196,Prinos-Dasylio 2,photo_gate,imgs_0_strong_0
GR,EL515,"Thasos, Kavala",beach,,24,23,osm:node/8266904697,Ποτός,photo_gate,imgs_0_strong_0
GR,EL515,"Thasos, Kavala",beach,,24,23,osm:relation/2766868,Trypiti,photo_gate,imgs_0_strong_0
GR,EL515,"Thasos, Kavala",beach,,24,23,osm:way/231465255,Παληό,photo_gate,imgs_0_strong_0
GR,EL515,"Thasos, Kavala",beach,,24,23,osm:way/840576516,Νέα Καρβάλη,photo_gate,imgs_0_strong_0
GR,EL515,"Thasos, Kavala",beach,,24,23,osm:way/1082549250,San Antonio,photo_gate,imgs_0_strong_0
GR,EL515,"Thasos, Kavala",beach,,24,23,osm:way/1367292369,Παραλία Οφρυνίου,photo_gate,imgs_0_strong_0
GR,EL515,"Thasos, Kavala",beach,,24,23,osm:way/158929686,Paradise Beach,score_gate,score_5.5_below_5.6
GR,EL515,"Thasos, Kavala",beach,,24,23,osm:way/208159696,Astris,score_gate,score_5.5_below_5.6
GR,EL515,"Thasos, Kavala",beach,,24,23,osm:way/1083840471,Σκάλα Πρίνου,score_gate,score_5.5_below_5.6
GR,EL515,"Thasos, Kavala",beach,,24,23,wd:Q53631708,Nea Peramos,score_gate,score_5.4_below_5.6
GR,EL515,"Thasos, Kavala",beach,,24,23,osm:way/374529180,Makriammos beach,score_gate,score_5.4_below_5.6
GR,EL515,"Thasos, Kavala",beach,,24,23,osm:way/208159695,Rossogremos,score_gate,score_5.4_below_5.6
GR,EL515,"Thasos, Kavala",beach,,24,23,osm:way/714036711,Κοίνυρα,score_gate,score_5.4_below_5.6
GR,EL515,"Thasos, Kavala",beach,,24,23,osm:way/725326243,Σκάλα Ραχώνι,score_gate,score_5.4_below_5.6
GR,EL515,"Thasos, Kavala",beach,,24,23,osm:way/208233857,Alexandra,score_gate,score_5.3_below_5.6
GR,EL515,"Thasos, Kavala",beach,,24,23,osm:node/6285722595,Λιμενάρια,score_gate,score_5.3_below_5.6
GR,EL515,"Thasos, Kavala",beach,,24,23,osm:way/231467360,Bomo Tosca Beach,score_gate,score_5.3_below_5.6
GR,EL515,"Thasos, Kavala",beach,,24,23,osm:way/208159694,Psili Ammos,score_gate,score_5.3_below_5.6
GR,EL515,"Thasos, Kavala",beach,,24,23,osm:node/6801702476,Χρυσή Ακτή,score_gate,score_5.3_below_5.6
IT,ITH37,Rovigo,beach,,23,23,osm:node/10916068182,Spiaggia di Porto Caleri,photo_gate,imgs_0_strong_0
IT,ITH37,Rovigo,beach,,23,23,osm:way/503991568,Bagno Perla,photo_gate,imgs_0_strong_0
IT,ITH37,Rovigo,beach,,23,23,osm:way/503991586,Marina di Caleri,photo_gate,imgs_0_strong_0
IT,ITH37,Rovigo,beach,,23,23,osm:way/503991583,Bagni dal Moro,photo_gate,imgs_0_strong_0
IT,ITH37,Rovigo,beach,,23,23,osm:way/503986940,Club Rosapineta Lido,photo_gate,imgs_0_strong_0
IT,ITH37,Rovigo,beach,,23,23,osm:way/503986951,Bagno Primavera,photo_gate,imgs_0_strong_0
IT,ITH37,Rovigo,beach,,23,23,osm:way/503991570,Bagno Happy Days,photo_gate,imgs_0_strong_0
IT,ITH37,Rovigo,beach,,23,23,osm:way/503991571,Villaggio Rosapineta Sud,photo_gate,imgs_0_strong_0
IT,ITH37,Rovigo,beach,,23,23,osm:way/503991572,Bagno Tamerici Dog,photo_gate,imgs_0_strong_0
IT,ITH37,Rovigo,beach,,23,23,osm:way/503991575,Bagno Azzurro,photo_gate,imgs_0_strong_0
IT,ITH37,Rovigo,beach,,23,23,osm:way/503991580,Blu Marlin Beach,photo_gate,imgs_0_strong_0
IT,ITH37,Rovigo,beach,,23,23,osm:way/503991581,Bagno Belvedere,photo_gate,imgs_0_strong_0
IT,ITH37,Rovigo,beach,,23,23,osm:way/503991582,Bagno al Granso,photo_gate,imgs_0_strong_0
IT,ITH37,Rovigo,beach,,23,23,osm:way/503986949,Tizè Beach,score_gate,score_5.5_below_5.6
IT,ITH37,Rovigo,beach,,23,23,osm:way/503986942,Bagno Bellarosa,score_gate,score_5.5_below_5.6
IT,ITH37,Rovigo,beach,,23,23,osm:way/503986944,Bagno Serenella,score_gate,score_5.5_below_5.6
IT,ITH37,Rovigo,beach,,23,23,wd:Q33340449,Spiaggia di Rosolina Mare,score_gate,score_5.0_below_5.6
IT,ITH37,Rovigo,beach,,23,23,eea:IT005029040001,Rosolina Mare 300 M Sud Depuratore Comunale,score_gate,score_4.7_below_5.6
IT,ITI16,Livorno,beach,,26,23,wd:Q3649993,Cala del Leone,photo_gate,imgs_3_strong_1
IT,ITI16,Livorno,beach,,26,23,wd:Q33336037,Spiaggia Di Barbarossa,photo_gate,imgs_2_strong_2
IT,ITI16,Livorno,beach,,26,23,osm:relation/15893065,Nido dell'Aquila,photo_gate,imgs_0_strong_0
IT,ITI16,Livorno,beach,,26,23,osm:way/481211368,Gorette Sud,photo_gate,imgs_0_strong_0
IT,ITI16,Livorno,beach,,26,23,wd:Q33336809,Spiaggia di Calignaia,photo_gate,imgs_0_strong_0
IT,ITI16,Livorno,beach,,26,23,osm:way/1000607646,Spiaggia del Malpasso di Rio,photo_gate,imgs_0_strong_0
IT,ITI16,Livorno,beach,,26,23,wd:Q33337792,Spiaggia di Fonza,photo_gate,imgs_0_strong_0
IT,ITI16,Livorno,beach,,26,23,wd:Q3966659,Spiaggia del Maroccone,photo_gate,imgs_0_strong_0
IT,ITI16,Livorno,beach,,26,23,osm:way/1000607647,Spiaggia di Ripabianca,photo_gate,imgs_0_strong_0
IT,ITI16,Livorno,beach,,26,23,wd:Q3966667,Spiaggia di Cavoli,photo_gate,imgs_3_strong_3
IT,ITI16,Livorno,beach,,26,23,wd:Q33340116,Spiaggia di Procchio,photo_gate,imgs_0_strong_0
IT,ITI16,Livorno,beach,,26,23,wd:Q33338354,Spiaggia di Lacona,photo_gate,imgs_0_strong_0
IT,ITI16,Livorno,beach,,26,23,wd:Q33338769,Spiaggia di Marina Di Campo,photo_gate,imgs_0_strong_0
IT,ITI16,Livorno,beach,,26,23,wd:Q33346143,Topinetti,photo_gate,imgs_0_strong_0
IT,ITI16,Livorno,beach,,26,23,wd:Q3966668,spiaggia  di Fetovaia,photo_gate,imgs_1_strong_1
IT,ITI16,Livorno,beach,,26,23,wd:Q33339213,Spiaggia di Naregno,photo_gate,imgs_0_strong_0
IT,ITI16,Livorno,beach,,26,23,osm:way/32940252,Spiaggia della Biodola,photo_gate,imgs_0_strong_0
IT,ITI16,Livorno,beach,,26,23,osm:way/175892432,Gorette Sud,photo_gate,imgs_0_strong_0
IT,ITI16,Livorno,beach,,26,23,wd:Q33341242,Spiaggia Di Sottobomba,photo_gate,imgs_0_strong_0
IT,ITI16,Livorno,beach,,26,23,osm:way/1037154326,Spiaggia delle Fornacelle,photo_gate,imgs_0_strong_0
IT,ITI16,Livorno,beach,,26,23,wd:Q33335796,Spiaggia di Acquarilli,photo_gate,imgs_0_strong_0
IT,ITI16,Livorno,beach,,26,23,wd:Q33342918,Spiaggia Laconella,photo_gate,imgs_0_strong_0
IT,ITI16,Livorno,beach,,26,23,osm:relation/19632251,Morcone,photo_gate,imgs_0_strong_0
PL,PL634,Gdański,beach,,24,23,wd:Q5606,Hel Peninsula,photo_gate,imgs_2_strong_2
PL,PL634,Gdański,beach,,24,23,osm:node/5795364720,plaża nudystów,photo_gate,imgs_0_strong_0
PL,PL634,Gdański,beach,,24,23,osm:way/238489510,Rabarnia,score_gate,score_5.4_below_5.6
PL,PL634,Gdański,beach,,24,23,eea:PL6321104122000059A,Chłapowo wejście na plażę nr 14,score_gate,score_5.4_below_5.6
PL,PL634,Gdański,beach,,24,23,eea:PL6320405222000027,Kąpielisko gminne w Przywidzu,score_gate,score_5.4_below_5.6
PL,PL634,Gdański,beach,,24,23,eea:PL6321004222000031,Mikoszewo,score_gate,score_5.4_below_5.6
PL,PL634,Gdański,beach,,24,23,osm:way/1298711991,Plaża Kaprów,score_gate,score_5.4_below_5.6
PL,PL634,Gdański,beach,,24,23,osm:way/122153849,Zielona plaża,score_gate,score_5.2_below_5.6
PL,PL634,Gdański,beach,,24,23,osm:node/11027821768,Plaża Stegna,score_gate,score_4.7_below_5.6
PL,PL634,Gdański,beach,,24,23,eea:PL6321104122000056,Karwia Wejście Nr 43,score_gate,score_4.7_below_5.6
PL,PL634,Gdański,beach,,24,23,eea:PL6321106222000052,Kąpielisko Morskie W Dębkach,score_gate,score_4.7_below_5.6
PL,PL634,Gdański,beach,,24,23,eea:PL6321104122000081,Ostrowo wejście nr 32,score_gate,score_4.7_below_5.6
PL,PL634,Gdański,beach,,24,23,eea:PL6321005222000022,Kąty Rybackie,score_gate,score_4.7_below_5.6
PL,PL634,Gdański,beach,,24,23,eea:PL6320403222000099,Kąpielisko Gminne W Kolbudach Przy Ul. A. Ważnego 3,score_gate,score_4.7_below_5.6
PL,PL634,Gdański,beach,,24,23,eea:PL6320501222000132,Kąpielisko Gminne W Garczu,score_gate,score_4.7_below_5.6
TR,TRB24,Hakkari,beach,,23,23,,,,
GB,TLL32,Gwynedd,beach,,25,23,wd:Q24677831,Fairbourne Sands,score_gate,score_5.4_below_5.6
GB,TLL32,Gwynedd,beach,,25,23,wd:Q107356910,Barmouth Beach,score_gate,score_5.3_below_5.6
GB,TLL32,Gwynedd,beach,,25,23,osm:way/88524771,Black Rock Sands,score_gate,score_5.1_below_5.6
GB,TLL32,Gwynedd,beach,,25,23,wd:Q31845069,Towyn Beach,score_gate,score_4.7_below_5.6
GB,TLL32,Gwynedd,beach,,25,23,osm:way/672637585,Y Ro,score_gate,score_4.6_below_5.6
GB,TLL32,Gwynedd,beach,,25,23,wd:Q96051643,Porth Ysglaig,score_gate,score_4.5_below_5.6
GB,TLL32,Gwynedd,beach,,25,23,osm:way/1493703405,Nantgwynant,score_gate,score_4.5_below_5.6
GB,TLL32,Gwynedd,beach,,25,23,osm:way/362249538,Ynys y Brawd,score_gate,score_4.2_below_5.6
GB,TLL32,Gwynedd,beach,,25,23,osm:way/299857233,Borth-y-Gêst,score_gate,score_4.1_below_5.6
GB,TLL32,Gwynedd,beach,,25,23,wd:Q31845068,Whistling Sands,score_gate,score_4.1_below_5.6
GB,TLL32,Gwynedd,beach,,25,23,osm:way/299859584,Cei Ballast,score_gate,score_4.1_below_5.6
GB,TLL32,Gwynedd,beach,,25,23,osm:way/362792460,Traeth Trefor,score_gate,score_4.1_below_5.6
GB,TLL32,Gwynedd,beach,,25,23,wd:Q97222955,Porth Ychain,score_gate,score_3.8_below_5.6
GB,TLL32,Gwynedd,beach,,25,23,wd:Q99527330,Llanbedrog beach,score_gate,score_3.4_below_5.6
GB,TLL32,Gwynedd,beach,,25,23,osm:way/1016273088,Chwarel Goch,score_gate,score_3.4_below_5.6
GB,TLL32,Gwynedd,beach,,25,23,wd:Q107356916,Glan Don Beach,score_gate,score_3.4_below_5.6
GB,TLL32,Gwynedd,beach,,25,23,osm:way/358625956,Menage,score_gate,score_3.4_below_5.6
GB,TLL32,Gwynedd,beach,,25,23,osm:way/383540786,Pont Dol-y-mynach,score_gate,score_3.4_below_5.6
GB,TLN09,Ards and North Down,beach,,23,23,osm:way/440984762,Quarry Port,score_gate,score_5.5_below_5.6
GB,TLN09,Ards and North Down,beach,,23,23,osm:way/1281268663,Rainey Island,score_gate,score_4.7_below_5.6
GB,TLN09,Ards and North Down,beach,,23,23,osm:way/1281268703,Trasnagh Island,score_gate,score_4.7_below_5.6
GB,TLN09,Ards and North Down,beach,,23,23,osm:way/1192060928,Greenisland Rock,score_gate,score_4.5_below_5.6
GB,TLN09,Ards and North Down,beach,,23,23,osm:way/1281186435,Ringneill Quay,score_gate,score_4.5_below_5.6
UA,UA-74538382B13057195168049,Manhush,beach,,23,23,,,,
FR,FRG05,Vendée,beach,,22,22,osm:way/259257615,Plage des Sableaux,photo_gate,imgs_0_strong_0
FR,FRG05,Vendée,beach,,22,22,wd:Q49322596,plage de ker Daniau,score_gate,score_5.5_below_5.6
FR,FRG05,Vendée,beach,,22,22,osm:way/107576526,Le Phare,score_gate,score_5.5_below_5.6
FR,FRG05,Vendée,beach,,22,22,osm:node/1723311736,Plage de la Terriere,score_gate,score_5.5_below_5.6
FR,FRG05,Vendée,beach,,22,22,osm:way/1112019512,La Normandelière,score_gate,score_5.5_below_5.6
FR,FRG05,Vendée,beach,,22,22,osm:way/1307993623,Les Mouettes,score_gate,score_5.5_below_5.6
FR,FRG05,Vendée,beach,,22,22,osm:way/1307993624,La Pège,score_gate,score_5.5_below_5.6
FR,FRG05,Vendée,beach,,22,22,osm:way/543082924,Plage de la Luzéronde,score_gate,score_5.3_below_5.6
FR,FRG05,Vendée,beach,,22,22,osm:way/115732797,Plage des Sables d'Or,score_gate,score_5.3_below_5.6
FR,FRG05,Vendée,beach,,22,22,osm:way/115732804,Plage Du Midi,score_gate,score_5.3_below_5.6
FR,FRG05,Vendée,beach,,22,22,osm:way/115732814,Plage Croix Rouge,score_gate,score_5.3_below_5.6
FR,FRG05,Vendée,beach,,22,22,osm:way/259367017,Plage des Sables d'Or,score_gate,score_5.3_below_5.6
FR,FRG05,Vendée,beach,,22,22,osm:way/293201983,Clemenceau,score_gate,score_5.3_below_5.6
FR,FRG05,Vendée,beach,,22,22,osm:way/601573792,Plage de la Baleine,score_gate,score_5.3_below_5.6
FR,FRG05,Vendée,beach,,22,22,osm:way/1284816558,Plage de la Luzéronde,score_gate,score_5.3_below_5.6
FR,FRG05,Vendée,beach,,22,22,osm:way/1395678354,Plage de la Court,score_gate,score_5.3_below_5.6
FR,FRG05,Vendée,beach,,22,22,osm:relation/2019625,Plage des Sabias,score_gate,score_5.3_below_5.6
FR,FRG05,Vendée,beach,,22,22,osm:relation/4806733,Plage des Ovaires,score_gate,score_5.3_below_5.6
FR,FRG05,Vendée,beach,,22,22,osm:relation/4828953,Plage de la Borgne,score_gate,score_5.3_below_5.6
FR,FRG05,Vendée,beach,,22,22,osm:relation/6322578,Plage de Saint-Aubin,score_gate,score_5.3_below_5.6
FR,FRG05,Vendée,beach,,22,22,osm:way/1307993625,La Parée Préneau,score_gate,score_5.3_below_5.6
FR,FRG05,Vendée,beach,,22,22,osm:way/257035239,Plage de Morpoigne,score_gate,score_5.3_below_5.6
TR,TR321,Aydın,beach,,22,22,,,,
AL,AL035,Vlorë,beach,,24,21,wd:Q97011389,Jala Beach,photo_gate,imgs_3_strong_3
AL,AL035,Vlorë,beach,,24,21,osm:way/963974689,Porto Novo Beach,photo_gate,imgs_0_strong_0
AL,AL035,Vlorë,beach,,24,21,osm:way/676541761,King beach,photo_gate,imgs_2_strong_0
AL,AL035,Vlorë,beach,,24,21,osm:way/219957228,Drymades Beach,photo_gate,imgs_1_strong_1
AL,AL035,Vlorë,beach,,24,21,osm:way/285639673,Kakome Beach,photo_gate,imgs_0_strong_0
AL,AL035,Vlorë,beach,,24,21,osm:way/719397234,Puerto Rico Beach,photo_gate,imgs_2_strong_0
AL,AL035,Vlorë,beach,,24,21,osm:way/430747473,Lukovë Beach,photo_gate,imgs_0_strong_0
AL,AL035,Vlorë,beach,,24,21,osm:way/219958739,Plazhi i Palasës,photo_gate,imgs_0_strong_0
AL,AL035,Vlorë,beach,,24,21,osm:way/362641787,Plazhi i Livadhit,photo_gate,imgs_0_strong_0
AL,AL035,Vlorë,beach,,24,21,osm:way/219955504,Dhërmi Beach,photo_gate,imgs_0_strong_0
AL,AL035,Vlorë,beach,,24,21,osm:way/676534889,Free public beach,photo_gate,imgs_3_strong_0
AL,AL035,Vlorë,beach,,24,21,osm:way/676536365,Principotes,photo_gate,imgs_3_strong_0
AL,AL035,Vlorë,beach,,24,21,osm:way/676557200,Free public beach,photo_gate,imgs_4_strong_0
AL,AL035,Vlorë,beach,,24,21,osm:way/219955500,Plazhi i Gjipes,photo_gate,imgs_0_strong_0
AL,AL035,Vlorë,beach,,24,21,osm:node/14089199997,Dave's Bay,photo_gate,imgs_0_strong_0
AL,AL035,Vlorë,beach,,24,21,osm:way/235474851,Shpella e Pëllumbave,photo_gate,imgs_3_strong_0
AL,AL035,Vlorë,beach,,24,21,osm:way/436076767,Lori Beach,photo_gate,imgs_2_strong_0
AL,AL035,Vlorë,beach,,24,21,osm:way/676538408,Castle Beach,photo_gate,imgs_1_strong_0
AL,AL035,Vlorë,beach,,24,21,osm:way/833440089,Plazhi Romines,photo_gate,imgs_1_strong_0
AL,AL035,Vlorë,beach,,24,21,osm:way/235474853,Seagulls Beach,photo_gate,imgs_0_strong_0
AL,AL035,Vlorë,beach,,24,21,osm:way/963974690,Zvërnec Beach,photo_gate,imgs_0_strong_0
GR,EL305,Anatoliki Attiki,beach,,22,21,wd:Q25027807,Kavouri Beach,photo_gate,imgs_2_strong_2
GR,EL305,Anatoliki Attiki,beach,,22,21,osm:relation/1751267,Παραλία Σχινιά,photo_gate,imgs_0_strong_0
GR,EL305,Anatoliki Attiki,beach,,22,21,osm:way/405365069,Χάρακας,photo_gate,imgs_0_strong_0
GR,EL305,Anatoliki Attiki,beach,,22,21,osm:way/659812025,Rusty Cannon,photo_gate,imgs_0_strong_0
GR,EL305,Anatoliki Attiki,beach,,22,21,wd:Q53632431,Schinias-Karavi,photo_gate,imgs_0_strong_0
GR,EL305,Anatoliki Attiki,beach,,22,21,osm:way/659812031,Salty Wave beach,photo_gate,imgs_0_strong_0
GR,EL305,Anatoliki Attiki,beach,,22,21,osm:way/526227210,DIVERS BEACH,photo_gate,imgs_0_strong_0
GR,EL305,Anatoliki Attiki,beach,,22,21,osm:way/1363796124,LA COSTA,photo_gate,imgs_0_strong_0
GR,EL305,Anatoliki Attiki,beach,,22,21,wd:Q25166978,Erotospilia,photo_gate,imgs_0_strong_0
GR,EL305,Anatoliki Attiki,beach,,22,21,osm:way/88967720,Sounion Beach,photo_gate,imgs_0_strong_0
GR,EL305,Anatoliki Attiki,beach,,22,21,osm:way/590574135,Β' πλαζ Βούλας,photo_gate,imgs_0_strong_0
GR,EL305,Anatoliki Attiki,beach,,22,21,osm:way/501162477,Άρτεμις,photo_gate,imgs_0_strong_0
GR,EL305,Anatoliki Attiki,beach,,22,21,osm:way/689486368,Παραλία Αγκώνα,photo_gate,imgs_0_strong_0
GR,EL305,Anatoliki Attiki,beach,,22,21,osm:way/496459139,΄Πασά,score_gate,score_5.5_below_5.6
GR,EL305,Anatoliki Attiki,beach,,22,21,wd:Q53632420,"Avlaki beach, Attica",score_gate,score_5.5_below_5.6
GR,EL305,Anatoliki Attiki,beach,,22,21,osm:way/354489344,Παραλία Αγίου Νικολάου,score_gate,score_5.5_below_5.6
GR,EL305,Anatoliki Attiki,beach,,22,21,osm:way/366862249,Λομπάρντα,score_gate,score_5.5_below_5.6
GR,EL305,Anatoliki Attiki,beach,,22,21,osm:relation/8833762,Κεντρική παραλία Σαρωνίδας,score_gate,score_5.4_below_5.6
GR,EL305,Anatoliki Attiki,beach,,22,21,osm:way/329680712,Mikro Kavouri,score_gate,score_5.4_below_5.6
GR,EL305,Anatoliki Attiki,beach,,22,21,osm:way/526221773,Παραλία Χαμολιά,score_gate,score_5.4_below_5.6
GR,EL305,Anatoliki Attiki,beach,,22,21,osm:relation/9479024,Second Beach of Saronis,score_gate,score_5.4_below_5.6
ES,ES514,Tarragona,beach,,21,21,wd:Q23992611,Platja de Segur de Calafell,photo_gate,imgs_0_strong_0
ES,ES514,Tarragona,beach,,21,21,wd:Q24024430,Platja Altafulla,photo_gate,imgs_0_strong_0
ES,ES514,Tarragona,beach,,21,21,wd:Q28121180,Platja de la Marquesa,photo_gate,imgs_0_strong_0
ES,ES514,Tarragona,beach,,21,21,wd:Q28121181,Punta del Fangar,photo_gate,imgs_0_strong_0
ES,ES514,Tarragona,beach,,21,21,wd:Q28121183,Platja de l'Arenal,photo_gate,imgs_0_strong_0
ES,ES514,Tarragona,beach,,21,21,wd:Q130313698,Platja de l'Aluet,photo_gate,imgs_0_strong_0
ES,ES514,Tarragona,beach,,21,21,wd:Q130335704,Platja del Goleró,photo_gate,imgs_0_strong_0
ES,ES514,Tarragona,beach,,21,21,wd:Q28121310,Mas Mel,photo_gate,imgs_0_strong_0
ES,ES514,Tarragona,beach,,21,21,wd:Q28121277,Platja Llarga,photo_gate,imgs_0_strong_0
ES,ES514,Tarragona,beach,,21,21,wd:Q24023177,Playa La Pineda,photo_gate,imgs_0_strong_0
ES,ES514,Tarragona,beach,,21,21,wd:Q28121248,El Torn,photo_gate,imgs_0_strong_0
ES,ES514,Tarragona,beach,,21,21,wd:Q24023557,Platja de la Paella,photo_gate,imgs_0_strong_0
ES,ES514,Tarragona,beach,,21,21,wd:Q28121245,Platja de l'Almadrava (Vandellòs i l'Hospitalet de l'Infant),photo_gate,imgs_0_strong_0
ES,ES514,Tarragona,beach,,21,21,wd:Q20102360,Vilafortuny,photo_gate,imgs_0_strong_0
ES,ES514,Tarragona,beach,,21,21,wd:Q20106208,Platja de l'Horta de Santa Maria,photo_gate,imgs_0_strong_0
ES,ES514,Tarragona,beach,,21,21,wd:Q20106212,La Llosa,photo_gate,imgs_0_strong_0
ES,ES514,Tarragona,beach,,21,21,wd:Q28121249,L'Arenal,photo_gate,imgs_0_strong_0
ES,ES514,Tarragona,beach,,21,21,wd:Q28121253,Platja de Cristall,photo_gate,imgs_0_strong_0
ES,ES514,Tarragona,beach,,21,21,wd:Q20102364,Prat d'En Fores i Regueral,photo_gate,imgs_0_strong_0
ES,ES514,Tarragona,beach,,21,21,wd:Q28121309,platja de Calafell,photo_gate,imgs_0_strong_0
ES,ES514,Tarragona,beach,,21,21,wd:Q28121179,Platja de Riumar,photo_gate,imgs_0_strong_0
PT,PT300,Região Autónoma da Madeira,beach,,28,21,wd:Q10352428,Praia Formosa,photo_gate,imgs_3_strong_3
PT,PT300,Região Autónoma da Madeira,beach,,28,21,wd:Q20053455,Funchal Naval Club Bathing Complex,photo_gate,imgs_0_strong_0
PT,PT300,Região Autónoma da Madeira,beach,,28,21,osm:way/142721877,Fontinha,photo_gate,imgs_0_strong_0
PT,PT300,Região Autónoma da Madeira,beach,,28,21,wd:Q107117651,Reis Magos,photo_gate,imgs_0_strong_0
PT,PT300,Região Autónoma da Madeira,beach,,28,21,osm:way/130906202,Praia do Porto do Seixal,score_gate,score_5.3_below_5.6
PT,PT300,Região Autónoma da Madeira,beach,,28,21,osm:way/138470949,Praia Nova,score_gate,score_5.2_below_5.6
PT,PT300,Região Autónoma da Madeira,beach,,28,21,wd:Q131321414,Garajau beach,score_gate,score_5.2_below_5.6
PT,PT300,Região Autónoma da Madeira,beach,,28,21,wd:Q111653821,Clube de Turismo da Madeira,score_gate,score_5.0_below_5.6
PT,PT300,Região Autónoma da Madeira,beach,,28,21,osm:way/1315058272,Misericórdia,score_gate,score_5.0_below_5.6
PT,PT300,Região Autónoma da Madeira,beach,,28,21,wd:Q99034961,Poço Dos Chefes,score_gate,score_5.0_below_5.6
PT,PT300,Região Autónoma da Madeira,beach,,28,21,wd:Q107561131,Zimbralinho,score_gate,score_4.8_below_5.6
PT,PT300,Região Autónoma da Madeira,beach,,28,21,osm:way/919671147,Salemas,score_gate,score_4.6_below_5.6
PT,PT300,Região Autónoma da Madeira,beach,,28,21,osm:way/238655988,Fajãs do Cabo Girão,score_gate,score_4.6_below_5.6
PT,PT300,Região Autónoma da Madeira,beach,,28,21,osm:way/164971658,Gorgulho,score_gate,score_4.3_below_5.6
GR,EL644,Fthiotida,beach,,20,20,osm:node/4712257569,Σχοινιά,score_gate,score_5.3_below_5.6
GR,EL644,Fthiotida,beach,,20,20,osm:way/369075373,Σκάλα Αταλάντης,score_gate,score_5.2_below_5.6
GR,EL644,Fthiotida,beach,,20,20,osm:way/751549379,Τραγάνα,score_gate,score_5.1_below_5.6
GR,EL644,Fthiotida,beach,,20,20,wd:Q53629982,Kamena Vourla-Galini,score_gate,score_4.7_below_5.6
GR,EL644,Fthiotida,beach,,20,20,eea:ELBW079164144101,Agia Marina,score_gate,score_4.7_below_5.6
GR,EL644,Fthiotida,beach,,20,20,eea:ELBW079161073101,Lekouna,score_gate,score_4.7_below_5.6
GR,EL644,Fthiotida,beach,,20,20,eea:ELBW079161070101,Theologos,score_gate,score_4.7_below_5.6
GR,EL644,Fthiotida,beach,,20,20,eea:ELBW079161077101,Vlychada,score_gate,score_4.7_below_5.6
GR,EL644,Fthiotida,beach,,20,20,eea:ELBW079163092101,Asproneri,score_gate,score_4.7_below_5.6
GR,EL644,Fthiotida,beach,,20,20,osm:node/8862845537,Παραλία Τραγάνας,score_gate,score_4.7_below_5.6
GR,EL644,Fthiotida,beach,,20,20,wd:Q53629973,Glyfa,score_gate,score_4.7_below_5.6
GR,EL644,Fthiotida,beach,,20,20,wd:Q53630004,Livrichio,score_gate,score_4.7_below_5.6
GR,EL644,Fthiotida,beach,,20,20,eea:ELBW079164148101,Pelasgia - Anatolika,score_gate,score_4.7_below_5.6
GR,EL644,Fthiotida,beach,,20,20,eea:ELBW079164147101,Naftikos Omilos Rachon,score_gate,score_4.7_below_5.6
GR,EL624,Lefkada,beach,,22,20,wd:Q53633439,Lefkada-Gyra,photo_gate,imgs_0_strong_0
GR,EL624,Lefkada,beach,,22,20,wd:Q53629165,Ag. Giannis Lefkada,photo_gate,imgs_0_strong_0
GR,EL624,Lefkada,beach,,22,20,wd:Q53628962,Ag. Nikitas   Beach,score_gate,score_5.5_below_5.6
GR,EL624,Lefkada,beach,,22,20,wd:Q53629257,Kathisma 1,score_gate,score_5.4_below_5.6
GR,EL624,Lefkada,beach,,22,20,osm:way/141326957,Vassiliki,score_gate,score_5.4_below_5.6
GR,EL624,Lefkada,beach,,22,20,osm:way/143573605,Avali,score_gate,score_5.4_below_5.6
GR,EL624,Lefkada,beach,,22,20,osm:relation/7281791,Kavalikefta,score_gate,score_5.3_below_5.6
GR,EL624,Lefkada,beach,,22,20,osm:way/1066624322,Lydia's Hotel beach,score_gate,score_5.3_below_5.6
GR,EL624,Lefkada,beach,,22,20,osm:relation/16253944,Desimi Beach,score_gate,score_5.2_below_5.6
GR,EL624,Lefkada,beach,,22,20,osm:way/508535151,Άγιος Νικήτας,score_gate,score_5.1_below_5.6
GR,EL624,Lefkada,beach,,22,20,wd:Q53629594,Mikros Gialos-Poros,score_gate,score_4.9_below_5.6
GR,EL624,Lefkada,beach,,22,20,osm:way/102993898,Mylos,score_gate,score_4.7_below_5.6
GR,EL624,Lefkada,beach,,22,20,osm:way/147969702,Skala Gialou,score_gate,score_4.6_below_5.6
ES,ES620,Murcia,beach,,21,20,wd:Q6078747,Fatares,photo_gate,imgs_0_strong_0
ES,ES620,Murcia,beach,,21,20,wd:Q28120588,Calarreona,photo_gate,imgs_0_strong_0
ES,ES620,Murcia,beach,,21,20,wd:Q5980501,Los Urrutias,photo_gate,imgs_0_strong_0
ES,ES620,Murcia,beach,,21,20,wd:Q28120587,La Higuerica,photo_gate,imgs_0_strong_0
ES,ES620,Murcia,beach,,21,20,wd:Q6079142,Torre Derribada,photo_gate,imgs_0_strong_0
ES,ES620,Murcia,beach,,21,20,wd:Q28120754,Bolnuevo,photo_gate,imgs_0_strong_0
ES,ES620,Murcia,beach,,21,20,wd:Q23982157,Playa Negrete,photo_gate,imgs_0_strong_0
ES,ES620,Murcia,beach,,21,20,wd:Q19517547,Playa de Colón,photo_gate,imgs_0_strong_0
ES,ES620,Murcia,beach,,21,20,wd:Q140430117,Playa Paraíso,photo_gate,imgs_0_strong_0
ES,ES620,Murcia,beach,,21,20,wd:Q24023408,Levante,photo_gate,imgs_0_strong_0
ES,ES620,Murcia,beach,,21,20,wd:Q24023593,Playa de la Colonia,photo_gate,imgs_0_strong_0
ES,ES620,Murcia,beach,,21,20,wd:Q23984379,Playa de Los Nietos,photo_gate,imgs_0_strong_0
ES,ES620,Murcia,beach,,21,20,wd:Q25413571,Playa Honda,photo_gate,imgs_0_strong_0
ES,ES620,Murcia,beach,,21,20,wd:Q28120755,El Castellar,photo_gate,imgs_0_strong_0
ES,ES620,Murcia,beach,,21,20,wd:Q6078912,Monteblanco,photo_gate,imgs_0_strong_0
ES,ES620,Murcia,beach,,21,20,wd:Q28120842,Galúa,photo_gate,imgs_0_strong_0
ES,ES620,Murcia,beach,,21,20,wd:Q28120721,Calnegre,score_gate,score_5.5_below_5.6
ES,ES620,Murcia,beach,,21,20,wd:Q28120854,Mar de Cristal,score_gate,score_5.5_below_5.6
ES,ES620,Murcia,beach,,21,20,wd:Q28120770,El Alamillo,score_gate,score_5.5_below_5.6
ES,ES620,Murcia,beach,,21,20,wd:Q28120730,Percheles,score_gate,score_5.4_below_5.6
FR,FRI12,Gironde,beach,,20,20,wd:Q107708466,plage de Bègles,score_gate,score_5.4_below_5.6
FR,FRI12,Gironde,beach,,20,20,osm:way/68922377,Place du Ralliement,score_gate,score_5.3_below_5.6
FR,FRI12,Gironde,beach,,20,20,osm:way/232435588,Plage de la Vigne,score_gate,score_5.3_below_5.6
FR,FRI12,Gironde,beach,,20,20,osm:way/1019716020,Plage de l'Herbe,score_gate,score_5.3_below_5.6
FR,FRI12,Gironde,beach,,20,20,osm:way/27514042,Plage du Lac,score_gate,score_5.3_below_5.6
FR,FRI12,Gironde,beach,,20,20,osm:way/127254533,Plage du Port,score_gate,score_5.3_below_5.6
FR,FRI12,Gironde,beach,,20,20,osm:way/188174624,Plage du Moulin Blanc,score_gate,score_5.3_below_5.6
FR,FRI12,Gironde,beach,,20,20,osm:way/1287007725,Plage du domaine résidentiel naturiste La Jenny,score_gate,score_5.3_below_5.6
FR,FRI12,Gironde,beach,,20,20,osm:way/1287007726,Plage naturiste,score_gate,score_5.3_below_5.6
FR,FRI12,Gironde,beach,,20,20,osm:node/4988153101,Plage du Grand Crohot,score_gate,score_5.3_below_5.6
FR,FRI12,Gironde,beach,,20,20,osm:way/373825572,Plage Centrale,score_gate,score_5.3_below_5.6
FR,FRI12,Gironde,beach,,20,20,osm:way/407011520,Libourne plage,score_gate,score_5.3_below_5.6
FR,FRI12,Gironde,beach,,20,20,osm:way/199042981,Plage du Jaugà,score_gate,score_5.3_below_5.6
FR,FRI12,Gironde,beach,,20,20,wd:Q49322614,plage de l'océan,score_gate,score_4.9_below_5.6
FR,FRI12,Gironde,beach,,20,20,wd:Q120219503,plage de la Chambrette,score_gate,score_4.9_below_5.6
FR,FRI12,Gironde,beach,,20,20,wd:Q120217969,plage du Truc Vert,score_gate,score_4.7_below_5.6
FR,FRI12,Gironde,beach,,20,20,wd:Q120218271,plage des Abatilles,score_gate,score_4.7_below_5.6
FR,FRI12,Gironde,beach,,20,20,wd:Q125525564,Plage de la Croix des Marins,score_gate,score_4.7_below_5.6
FR,FRI12,Gironde,beach,,20,20,wd:Q120217934,plage de la Lagune,score_gate,score_4.7_below_5.6
FR,FRI12,Gironde,beach,,20,20,wd:Q120218157,plage de la Corniche,score_gate,score_4.7_below_5.6
TR,TR831,Samsun,beach,,20,20,,,,
DE,DEF08,Ostholstein,beach,,19,19,osm:way/91712794,Niendorf/Ostsee,photo_gate,imgs_0_strong_0
DE,DEF08,Ostholstein,beach,,19,19,osm:way/42734527,Südstrand Großenbrode,photo_gate,imgs_0_strong_0
DE,DEF08,Ostholstein,beach,,19,19,osm:way/1083546793,Badestelle Behler See - Timmdorf,score_gate,score_4.8_below_5.6
ES,ES533,Menorca,beach,,21,19,wd:Q6078610,cala de Binibèquer,photo_gate,imgs_0_strong_0
ES,ES533,Menorca,beach,,21,19,wd:Q11934484,Macarella,photo_gate,imgs_0_strong_0
ES,ES533,Menorca,beach,,21,19,wd:Q23979378,Platja de Son Bou,photo_gate,imgs_0_strong_0
ES,ES533,Menorca,beach,,21,19,wd:Q8255028,Cala Trebalúger,photo_gate,imgs_0_strong_0
ES,ES533,Menorca,beach,,21,19,wd:Q8255024,Cala Pregonda,photo_gate,imgs_0_strong_0
ES,ES533,Menorca,beach,,21,19,wd:Q8255207,Cales Coves,photo_gate,imgs_0_strong_0
ES,ES533,Menorca,beach,,21,19,wd:Q5739595,Cala Pilar,photo_gate,imgs_0_strong_0
ES,ES533,Menorca,beach,,21,19,wd:Q5639107,Cala Escorxada,photo_gate,imgs_0_strong_0
ES,ES533,Menorca,beach,,21,19,wd:Q11910875,"Platja de sa Torreta, Menorca",photo_gate,imgs_0_strong_0
ES,ES533,Menorca,beach,,21,19,wd:Q11904996,Algaiarens,photo_gate,imgs_0_strong_0
ES,ES533,Menorca,beach,,21,19,wd:Q6120200,Playa Santo Tomás,photo_gate,imgs_2_strong_2
ES,ES533,Menorca,beach,,21,19,wd:Q6132059,"Arenal de Son Saura del Nord, Menorca",photo_gate,imgs_0_strong_0
ES,ES533,Menorca,beach,,21,19,wd:Q5739591,Cala Morell,photo_gate,imgs_0_strong_0
ES,ES533,Menorca,beach,,21,19,wd:Q18005798,Platja des Grau,photo_gate,imgs_0_strong_0
ES,ES533,Menorca,beach,,21,19,wd:Q16563133,"Platja des Talaier, Menorca",photo_gate,imgs_0_strong_0
ES,ES533,Menorca,beach,,21,19,wd:Q16182624,Platja de Santandria,photo_gate,imgs_0_strong_0
ES,ES533,Menorca,beach,,21,19,wd:Q11941955,Platja de Binigaus,photo_gate,imgs_0_strong_0
ES,ES533,Menorca,beach,,21,19,wd:Q16182644,Cala Tirant,photo_gate,imgs_0_strong_0
ES,ES533,Menorca,beach,,21,19,wd:Q24024518,Playa Cala Galdana,photo_gate,imgs_0_strong_0
HR,HR032,Ličko-senjska županija,beach,,21,19,osm:way/1532659856,Novalja Gaj,photo_gate,imgs_0_strong_0
HR,HR032,Ličko-senjska županija,beach,,21,19,osm:way/153108045,Braničevica,photo_gate,imgs_0_strong_0
HR,HR032,Ličko-senjska županija,beach,,21,19,osm:way/38630996,Straško,photo_gate,imgs_0_strong_0
HR,HR032,Ličko-senjska županija,beach,,21,19,osm:way/442834708,Tatinja,photo_gate,imgs_0_strong_0
HR,HR032,Ličko-senjska županija,beach,,21,19,osm:way/230852097,Luka Lukovo,score_gate,score_5.3_below_5.6
HR,HR032,Ličko-senjska županija,beach,,21,19,osm:way/522867238,Skver,score_gate,score_5.0_below_5.6
HR,HR032,Ličko-senjska županija,beach,,21,19,osm:way/923929907,Uvala Smiljevača,score_gate,score_4.9_below_5.6
HR,HR032,Ličko-senjska županija,beach,,21,19,osm:way/220318691,Prva Draga,score_gate,score_4.8_below_5.6
HR,HR032,Ličko-senjska županija,beach,,21,19,osm:way/1090286569,Straško,score_gate,score_4.8_below_5.6
HR,HR032,Ličko-senjska županija,beach,,21,19,eea:HRBWC-COAST-HR4-5016,Kustići,score_gate,score_4.7_below_5.6
HR,HR032,Ličko-senjska županija,beach,,21,19,osm:way/1538001786,Uvala Drvarica,score_gate,score_4.5_below_5.6
IT,ITG2G,Oristano,beach,,20,19,wd:Q3802174,Is Arenas,photo_gate,imgs_2_strong_2
IT,ITG2G,Oristano,beach,,20,19,wd:Q33344192,Spiaggia Putzu Idu,photo_gate,imgs_3_strong_3
IT,ITG2G,Oristano,beach,,20,19,wd:Q33340541,Spiaggia di Sa Capanna,photo_gate,imgs_1_strong_1
IT,ITG2G,Oristano,beach,,20,19,wd:Q33340834,Spiaggia di Santa Caterina,photo_gate,imgs_2_strong_2
IT,ITG2G,Oristano,beach,,20,19,wd:Q33340598,Spiaggia di Sa Rocca Tunda,photo_gate,imgs_0_strong_0
IT,ITG2G,Oristano,beach,,20,19,wd:Q33340576,spiaggia  di Sa Mesa Longa,photo_gate,imgs_0_strong_0
IT,ITG2G,Oristano,beach,,20,19,osm:relation/19047586,Spiaggia di Bosa Marina,photo_gate,imgs_0_strong_0
IT,ITG2G,Oristano,beach,,20,19,wd:Q33339722,Spiaggia di Porto Alabe,photo_gate,imgs_0_strong_0
IT,ITG2G,Oristano,beach,,20,19,wd:Q33338573,Spiaggia di Maimoni,photo_gate,imgs_0_strong_0
IT,ITG2G,Oristano,beach,,20,19,osm:way/72444668,Spiaggia del Pontile,photo_gate,imgs_0_strong_0
IT,ITG2G,Oristano,beach,,20,19,wd:Q33340502,Spiaggia di S'Arena Scoada,score_gate,score_5.5_below_5.6
IT,ITG2G,Oristano,beach,,20,19,osm:way/116625260,Spiaggia Sud,score_gate,score_5.5_below_5.6
IT,ITG2G,Oristano,beach,,20,19,osm:way/113500748,Spiaggia della Balena,score_gate,score_5.4_below_5.6
IT,ITG2G,Oristano,beach,,20,19,osm:way/1394203890,Is Benas,score_gate,score_5.3_below_5.6
IT,ITG2G,Oristano,beach,,20,19,osm:way/788304391,Spiaggia di Galera Ècia,score_gate,score_5.3_below_5.6
IT,ITG2G,Oristano,beach,,20,19,wd:Q33340706,Beach of San Giovanni di Sinis,score_gate,score_5.2_below_5.6
IT,ITG2G,Oristano,beach,,20,19,osm:way/113503106,Spiaggia di S'Archittu,score_gate,score_5.2_below_5.6
IT,ITG2G,Oristano,beach,,20,19,wd:Q33326057,Compultitu,score_gate,score_5.0_below_5.6
IT,ITG2G,Oristano,beach,,20,19,wd:Q33338680,Spiaggia di Mare morto,score_gate,score_5.0_below_5.6
IT,ITH43,Gorizia,beach,,19,19,osm:way/1289812698,Spiaggia Principale,photo_gate,imgs_0_strong_0
IT,ITH43,Gorizia,beach,,19,19,wd:Q138676025,Costa Azzurra,photo_gate,imgs_0_strong_0
IT,ITH43,Gorizia,beach,,19,19,osm:way/878157329,Lido di Panzano,score_gate,score_5.1_below_5.6
IT,ITH43,Gorizia,beach,,19,19,wd:Q33343160,Spiaggia Lido di Fido,score_gate,score_5.0_below_5.6
IT,ITH43,Gorizia,beach,,19,19,osm:way/1095713429,Stabilimento Tivoli,score_gate,score_4.7_below_5.6
IT,ITF45,Lecce,beach,,21,19,wd:Q33332819,Punta della suina,photo_gate,imgs_1_strong_1
IT,ITF45,Lecce,beach,,21,19,osm:way/609468266,Spiaggia delle Cesine,photo_gate,imgs_0_strong_0
IT,ITF45,Lecce,beach,,21,19,wd:Q33333669,Spiaggia Baia Verde,photo_gate,imgs_0_strong_0
IT,ITF45,Lecce,beach,,21,19,wd:Q33345108,Spiaggia Torre San Giovanni,photo_gate,imgs_0_strong_0
IT,ITF45,Lecce,beach,,21,19,osm:way/482274683,Spiaggia del Pizzo,photo_gate,imgs_0_strong_0
IT,ITF45,Lecce,beach,,21,19,wd:Q33333569,Spiaggia Alimini,photo_gate,imgs_0_strong_0
IT,ITF45,Lecce,beach,,21,19,wd:Q33343290,Spiaggia Lido Marini,photo_gate,imgs_0_strong_0
IT,ITF45,Lecce,beach,,21,19,wd:Q33341680,Spiaggia di Torre dell'Orso,photo_gate,imgs_0_strong_0
IT,ITF45,Lecce,beach,,21,19,wd:Q33345074,Spiaggia Torre Pali,photo_gate,imgs_0_strong_0
IT,ITF45,Lecce,beach,,21,19,wd:Q33343810,Spiaggia Padula Bianca,photo_gate,imgs_0_strong_0
IT,ITF45,Lecce,beach,,21,19,osm:way/363491307,Coco Loco,photo_gate,imgs_0_strong_0
IT,ITF45,Lecce,beach,,21,19,osm:way/1545960378,Lido York,photo_gate,imgs_0_strong_0
IT,ITF45,Lecce,beach,,21,19,wd:Q33340653,Spiaggia di San Foca,photo_gate,imgs_0_strong_0
IT,ITF45,Lecce,beach,,21,19,wd:Q33345056,Spiaggia Torre Mozza,photo_gate,imgs_0_strong_0
IT,ITF45,Lecce,beach,,21,19,wd:Q33325618,Blue Bay Beach,photo_gate,imgs_0_strong_0
IT,ITF45,Lecce,beach,,21,19,wd:Q33333005,Samsara Beach,photo_gate,imgs_0_strong_0
IT,ITF45,Lecce,beach,,21,19,wd:Q33346724,Zeus Beach,photo_gate,imgs_0_strong_0
IT,ITF45,Lecce,beach,,21,19,wd:Q33345039,Spiaggia Torre Lapillo,photo_gate,imgs_0_strong_0
IT,ITF45,Lecce,beach,,21,19,osm:way/363491288,Lido Malibù,photo_gate,imgs_0_strong_0
IT,ITF61,Cosenza,beach,,19,19,wd:Q33334999,Spiaggia Dell'Arcomagno,score_gate,score_5.0_below_5.6
IT,ITF61,Cosenza,beach,,19,19,wd:Q33345381,Spiaggia Villaggio Thurium,score_gate,score_5.0_below_5.6
PT,PT1B0,Península de Setúbal,beach,,27,19,osm:way/222679381,Adiça Beach (naturist),photo_gate,imgs_0_strong_0
PT,PT1B0,Península de Setúbal,beach,,27,19,osm:way/764143772,Praia da Maria Esguelha,photo_gate,imgs_0_strong_0
PT,PT1B0,Península de Setúbal,beach,,27,19,osm:way/222122956,Praia de São João,photo_gate,imgs_0_strong_0
PT,PT1B0,Península de Setúbal,beach,,27,19,wd:Q49324265,Lagosteiros Beach,photo_gate,imgs_0_strong_0
PT,PT1B0,Península de Setúbal,beach,,27,19,wd:Q49323659,Comenda beach,photo_gate,imgs_0_strong_0
PT,PT1B0,Península de Setúbal,beach,,27,19,osm:way/764145147,Praia da Rainha,photo_gate,imgs_0_strong_0
PT,PT1B0,Península de Setúbal,beach,,27,19,osm:way/222678476,Praia da Riviera,score_gate,score_5.5_below_5.6
PT,PT1B0,Península de Setúbal,beach,,27,19,osm:way/23848073,Praia Nova,score_gate,score_5.5_below_5.6
PT,PT1B0,Península de Setúbal,beach,,27,19,osm:way/186334925,Praia da Morena,score_gate,score_5.4_below_5.6
PT,PT1B0,Península de Setúbal,beach,,27,19,osm:way/222678467,Praia Cabana do Pescador,score_gate,score_5.4_below_5.6
PT,PT1B0,Península de Setúbal,beach,,27,19,osm:way/222678473,Praia do Rei,score_gate,score_5.4_below_5.6
PT,PT1B0,Península de Setúbal,beach,,27,19,osm:way/222678468,Praia da Bela Vista,score_gate,score_5.4_below_5.6
PT,PT1B0,Península de Setúbal,beach,,27,19,osm:way/222122958,Praia do Forte,score_gate,score_5.4_below_5.6
PT,PT1B0,Península de Setúbal,beach,,27,19,osm:way/222678475,Praia da Rainha,score_gate,score_5.4_below_5.6
PT,PT1B0,Península de Setúbal,beach,,27,19,osm:way/222678474,Praia da Saúde,score_gate,score_5.4_below_5.6
PT,PT1B0,Península de Setúbal,beach,,27,19,osm:way/222678477,Praia do Castelo,score_gate,score_5.4_below_5.6
PT,PT1B0,Península de Setúbal,beach,,27,19,osm:way/222122951,Praia da Mata,score_gate,score_5.4_below_5.6
PT,PT1B0,Península de Setúbal,beach,,27,19,osm:way/222678470,Praia Nova Vaga,score_gate,score_5.4_below_5.6
PT,PT1B0,Península de Setúbal,beach,,27,19,osm:way/1403199941,Praia do Penedo,score_gate,score_5.4_below_5.6
UA,UA-74538382B17328028725822,Chornomorske,beach,,19,19,,,,
UA,UA-74538382B3276437105714,Nakhimovskyi,beach,,19,19,,,,
ES,ES704,Fuerteventura,beach,,18,18,wd:Q545972,Cofete,photo_gate,imgs_0_strong_0
ES,ES704,Fuerteventura,beach,,18,18,wd:Q28121030,La Lajita,photo_gate,imgs_0_strong_0
ES,ES704,Fuerteventura,beach,,18,18,wd:Q28120820,Las Playitas,photo_gate,imgs_0_strong_0
ES,ES704,Fuerteventura,beach,,18,18,wd:Q23986978,Playa de Cofete,photo_gate,imgs_0_strong_0
ES,ES704,Fuerteventura,beach,,18,18,wd:Q28120824,Giniginámar,score_gate,score_5.4_below_5.6
ES,ES704,Fuerteventura,beach,,18,18,wd:Q5963610,Playa de la Goleta,score_gate,score_5.4_below_5.6
ES,ES704,Fuerteventura,beach,,18,18,wd:Q28120822,Gran Tarajal,score_gate,score_5.2_below_5.6
ES,ES704,Fuerteventura,beach,,18,18,wd:Q23987893,Playa Blanca,score_gate,score_5.0_below_5.6
ES,ES704,Fuerteventura,beach,,18,18,wd:Q106539008,Playa de Esquinzo-Butihondo,score_gate,score_4.9_below_5.6
ES,ES704,Fuerteventura,beach,,18,18,wd:Q24023156,Los Hornos,score_gate,score_4.9_below_5.6
ES,ES704,Fuerteventura,beach,,18,18,wd:Q28121016,La Goleta,score_gate,score_4.7_below_5.6
FR,FRJ13,Hérault,beach,,19,18,wd:Q49322768,plage du Lazaret,score_gate,score_5.5_below_5.6
FR,FRJ13,Hérault,beach,,19,18,osm:way/37098727,Plage du Grau d'Agde,score_gate,score_5.5_below_5.6
FR,FRJ13,Hérault,beach,,19,18,osm:way/230833231,Plage de la Séoune,score_gate,score_5.5_below_5.6
FR,FRJ13,Hérault,beach,,19,18,osm:way/92089519,Plage Sérignan naturiste,score_gate,score_5.5_below_5.6
FR,FRJ13,Hérault,beach,,19,18,wd:Q123182032,Richelieu beach,score_gate,score_5.3_below_5.6
FR,FRJ13,Hérault,beach,,19,18,wd:Q125680265,Carnon-Plage,score_gate,score_5.3_below_5.6
FR,FRJ13,Hérault,beach,,19,18,wd:Q125680452,Plage du Centre Ville Point Zéro,score_gate,score_5.3_below_5.6
FR,FRJ13,Hérault,beach,,19,18,osm:node/5780241012,Plage Robinson - Est,score_gate,score_5.3_below_5.6
FR,FRJ13,Hérault,beach,,19,18,osm:way/832879617,Hundestrand,score_gate,score_5.3_below_5.6
FR,FRJ13,Hérault,beach,,19,18,osm:way/1027381809,plage publique,score_gate,score_5.3_below_5.6
FR,FRJ13,Hérault,beach,,19,18,osm:node/9026525620,Plage des Orpellières,score_gate,score_5.3_below_5.6
FR,FRJ13,Hérault,beach,,19,18,osm:way/26478845,Grand Travers,score_gate,score_5.3_below_5.6
FR,FRJ13,Hérault,beach,,19,18,osm:way/26478846,Le Petit Travers,score_gate,score_5.3_below_5.6
FR,FRJ13,Hérault,beach,,19,18,osm:way/49142495,Plage du Tambourin,score_gate,score_5.3_below_5.6
FR,FRJ13,Hérault,beach,,19,18,osm:way/71394565,Plage du Thalassa,score_gate,score_5.3_below_5.6
FR,FRJ13,Hérault,beach,,19,18,osm:way/842793251,Plage de la Trémie,score_gate,score_5.3_below_5.6
FR,FRJ13,Hérault,beach,,19,18,osm:way/842809182,Plage de la Pyramide,score_gate,score_5.3_below_5.6
FR,FRJ13,Hérault,beach,,19,18,osm:way/1545067314,Le Petit Travers,score_gate,score_5.3_below_5.6
IT,ITF65,Reggio Calabria,beach,,18,18,osm:way/1217877184,Cala Costa Viola,photo_gate,imgs_0_strong_0
IT,ITF65,Reggio Calabria,beach,,18,18,wd:Q33334245,Spiaggia Costa Viola,score_gate,score_5.0_below_5.6
IT,ITF65,Reggio Calabria,beach,,18,18,wd:Q33339471,Spiaggia Di Palmi,score_gate,score_5.0_below_5.6
IT,ITF65,Reggio Calabria,beach,,18,18,wd:Q33344481,Spiaggia San Ferdinando,score_gate,score_5.0_below_5.6
IT,ITF65,Reggio Calabria,beach,,18,18,wd:Q3832077,Lido Comunale Zerbi,score_gate,score_4.7_below_5.6
PT,PT1C1,Alentejo Litoral,beach,,20,18,osm:way/208111279,Praia da Fonte do Cortiço,photo_gate,imgs_0_strong_0
PT,PT1C1,Alentejo Litoral,beach,,20,18,osm:way/208111115,Praia das Areias Brancas,photo_gate,imgs_0_strong_0
PT,PT1C1,Alentejo Litoral,beach,,20,18,wd:Q10352531,Praia da Aberta Nova,photo_gate,imgs_0_strong_0
PT,PT1C1,Alentejo Litoral,beach,,20,18,wd:Q49324026,Praia de Vale Figueiros,photo_gate,imgs_0_strong_0
PT,PT1C1,Alentejo Litoral,beach,,20,18,osm:way/208114752,Praia das Furnas,photo_gate,imgs_0_strong_0
PT,PT1C1,Alentejo Litoral,beach,,20,18,osm:way/208110575,Praia do Monte Velho,photo_gate,imgs_0_strong_0
PT,PT1C1,Alentejo Litoral,beach,,20,18,wd:Q107429548,Beach Tróia-Bico Bico das Lulas,photo_gate,imgs_0_strong_0
PT,PT1C1,Alentejo Litoral,beach,,20,18,wd:Q107428786,Tróia-Galé Beach,photo_gate,imgs_0_strong_0
PT,PT1C1,Alentejo Litoral,beach,,20,18,osm:way/208200024,Praia do Malhão Sul,photo_gate,imgs_0_strong_0
PT,PT1C1,Alentejo Litoral,beach,,20,18,wd:Q49324239,Alteirinhos Beach,score_gate,score_5.5_below_5.6
PT,PT1C1,Alentejo Litoral,beach,,20,18,osm:way/208117757,Praia dos Machados,score_gate,score_5.5_below_5.6
PT,PT1C1,Alentejo Litoral,beach,,20,18,wd:Q107426468,Praia de Troia Mar,score_gate,score_5.4_below_5.6
PT,PT1C1,Alentejo Litoral,beach,,20,18,osm:way/696854735,Praia da Zambujeira do Mar,score_gate,score_5.4_below_5.6
PT,PT1C1,Alentejo Litoral,beach,,20,18,osm:way/197531412,Praia do Pêgo,score_gate,score_5.4_below_5.6
PT,PT1C1,Alentejo Litoral,beach,,20,18,osm:way/208102819,Praia da Galé,score_gate,score_5.4_below_5.6
PT,PT1C1,Alentejo Litoral,beach,,20,18,osm:way/208108301,Praia da Costa de Santo André,score_gate,score_5.4_below_5.6
PT,PT1C1,Alentejo Litoral,beach,,20,18,osm:relation/14211194,Praia da Foz dos Ouriços,score_gate,score_5.4_below_5.6
PT,PT1C1,Alentejo Litoral,beach,,20,18,osm:way/157818268,Praia do Carvalhal,score_gate,score_5.4_below_5.6
TR,TRB21,Van,beach,,18,18,,,,
GB,TLL31,Isle of Anglesey,beach,,19,18,wd:Q20595908,Traeth Crigyll,photo_gate,imgs_2_strong_2
GB,TLL31,Isle of Anglesey,beach,,19,18,osm:way/367319077,Trearddur,photo_gate,imgs_0_strong_0
GB,TLL31,Isle of Anglesey,beach,,19,18,osm:way/1376981835,Ro Fawr,score_gate,score_4.9_below_5.6
GB,TLL31,Isle of Anglesey,beach,,19,18,osm:relation/19523501,Traeth Gwyllt,score_gate,score_4.9_below_5.6
GB,TLL31,Isle of Anglesey,beach,,19,18,osm:way/1374969757,Traeth Penrhos,score_gate,score_4.8_below_5.6
GB,TLL31,Isle of Anglesey,beach,,19,18,wd:Q18535982,Tywyn Aberffraw,score_gate,score_3.8_below_5.6
GB,TLL31,Isle of Anglesey,beach,,19,18,osm:way/335332126,Gwddw Llanddwyn,score_gate,score_3.5_below_5.6
GB,TLL31,Isle of Anglesey,beach,,19,18,wd:Q107327108,Llanddona Beach,score_gate,score_3.4_below_5.6
GB,TLL31,Isle of Anglesey,beach,,19,18,osm:way/310390340,Porth Cadwaladr,score_gate,score_3.4_below_5.6
GB,TLL31,Isle of Anglesey,beach,,19,18,osm:way/335323774,Porth-y-Cŵch,score_gate,score_3.4_below_5.6
GB,TLL31,Isle of Anglesey,beach,,19,18,osm:way/335324342,Porth Buarth-y-mor,score_gate,score_3.4_below_5.6
GB,TLL31,Isle of Anglesey,beach,,19,18,osm:way/301568545,Porth-y-Felin,score_gate,score_3.4_below_5.6
GB,TLL31,Isle of Anglesey,beach,,19,18,osm:way/380657361,Menage,score_gate,score_3.4_below_5.6
GB,TLM01,Clackmannanshire and Fife,beach,,18,18,osm:way/47498787,Kinshaldy Beach,photo_gate,imgs_0_strong_0
GB,TLM01,Clackmannanshire and Fife,beach,,18,18,osm:way/26998937,West Sands,score_gate,score_4.5_below_5.6
GB,TLM01,Clackmannanshire and Fife,beach,,18,18,osm:way/1288765356,Airbow Point,score_gate,score_4.3_below_5.6
GB,TLM01,Clackmannanshire and Fife,beach,,18,18,osm:way/304511164,North Queensferry,score_gate,score_4.2_below_5.6
GB,TLM01,Clackmannanshire and Fife,beach,,18,18,osm:way/723533373,East Wemyss,score_gate,score_4.0_below_5.6
GB,TLM01,Clackmannanshire and Fife,beach,,18,18,osm:way/713431556,Old Beach,score_gate,score_3.5_below_5.6
GB,TLM50,Aberdeen City and Aberdeenshire,beach,,19,18,osm:way/1125297591,Tyghnabruaich,score_gate,score_4.8_below_5.6
GB,TLM50,Aberdeen City and Aberdeenshire,beach,,19,18,osm:relation/16191746,Dubrach,score_gate,score_4.6_below_5.6
GB,TLM50,Aberdeen City and Aberdeenshire,beach,,19,18,osm:way/1335180999,Tanar,score_gate,score_4.5_below_5.6
GB,TLM50,Aberdeen City and Aberdeenshire,beach,,19,18,osm:way/513657488,Milton of Mathers,score_gate,score_4.5_below_5.6
GB,TLM50,Aberdeen City and Aberdeenshire,beach,,19,18,osm:way/204317435,Sands of Forvie,score_gate,score_4.5_below_5.6
GB,TLM50,Aberdeen City and Aberdeenshire,beach,,19,18,osm:way/1482978002,Meikle Kinord,score_gate,score_4.5_below_5.6
GB,TLM50,Aberdeen City and Aberdeenshire,beach,,19,18,osm:way/698752528,Beach Ballroom Bathing Area,score_gate,score_4.4_below_5.6
GB,TLM50,Aberdeen City and Aberdeenshire,beach,,19,18,osm:way/311826610,Crawton,score_gate,score_4.3_below_5.6
GB,TLM50,Aberdeen City and Aberdeenshire,beach,,19,18,osm:way/296717382,Derry Lodge,score_gate,score_3.9_below_5.6
GB,TLM50,Aberdeen City and Aberdeenshire,beach,,19,18,osm:way/1200331532,Cragan,score_gate,score_3.7_below_5.6
GB,TLM50,Aberdeen City and Aberdeenshire,beach,,19,18,osm:relation/16207086,Balintuim,score_gate,score_3.7_below_5.6
GB,TLM50,Aberdeen City and Aberdeenshire,beach,,19,18,osm:way/422302212,Trelong Bay,score_gate,score_3.6_below_5.6
GB,TLM50,Aberdeen City and Aberdeenshire,beach,,19,18,osm:way/1200331567,Claybokie,score_gate,score_3.6_below_5.6
GB,TLM50,Aberdeen City and Aberdeenshire,beach,,19,18,osm:way/1327651211,Dalwhing,score_gate,score_3.4_below_5.6
GB,TLM50,Aberdeen City and Aberdeenshire,beach,,19,18,osm:way/1288151990,Balhennie,score_gate,score_3.4_below_5.6
GB,TLM50,Aberdeen City and Aberdeenshire,beach,,19,18,osm:way/131703839,Kirk Craig,score_gate,score_3.4_below_5.6
GB,TLM50,Aberdeen City and Aberdeenshire,beach,,19,18,osm:way/1198776085,Auchallater,score_gate,score_3.4_below_5.6
GB,TLM50,Aberdeen City and Aberdeenshire,beach,,19,18,osm:way/1546807915,Bennet's Love,score_gate,score_3.4_below_5.6
GB,TLN08,"Newry, Mourne and Down",beach,,18,18,osm:way/1221874444,Mullog Point,photo_gate,imgs_0_strong_0
GB,TLN08,"Newry, Mourne and Down",beach,,18,18,osm:way/1043486422,Long Plate,photo_gate,imgs_0_strong_0
GB,TLN08,"Newry, Mourne and Down",beach,,18,18,osm:node/10692501429,Mill Quarter Beach,photo_gate,imgs_0_strong_0
GB,TLN08,"Newry, Mourne and Down",beach,,18,18,osm:way/1043486427,Jack's Port,photo_gate,imgs_0_strong_0
GB,TLN08,"Newry, Mourne and Down",beach,,18,18,osm:way/1149354704,Kilclief Beach,photo_gate,imgs_0_strong_0
GB,TLN08,"Newry, Mourne and Down",beach,,18,18,osm:way/1307924583,Ardtole Creek,photo_gate,imgs_0_strong_0
GB,TLN08,"Newry, Mourne and Down",beach,,18,18,osm:way/1305726354,Ringsallagh,photo_gate,imgs_0_strong_0
GB,TLN08,"Newry, Mourne and Down",beach,,18,18,osm:way/1221816341,Portnacoo,photo_gate,imgs_0_strong_0
GB,TLN08,"Newry, Mourne and Down",beach,,18,18,osm:way/1221816342,Portadreen,score_gate,score_5.5_below_5.6
GB,TLN08,"Newry, Mourne and Down",beach,,18,18,osm:way/1192113449,Sand Rock,score_gate,score_4.7_below_5.6
UA,UA-74538382B43795583594371,Skadovsk,beach,,18,18,,,,
GR,EL652,Korinthia,beach,,17,17,osm:way/801619545,Παραλία Αγίων Θεωδώρων,photo_gate,imgs_0_strong_0
GR,EL652,Korinthia,beach,,17,17,wd:Q25166701,Skalosia,photo_gate,imgs_0_strong_0
GR,EL652,Korinthia,beach,,17,17,osm:way/290400904,Kalamia,photo_gate,imgs_0_strong_0
GR,EL652,Korinthia,beach,,17,17,osm:way/702043307,Κοκκώσι,photo_gate,imgs_0_strong_0
GR,EL652,Korinthia,beach,,17,17,osm:way/801618418,Παραλία Αγίων Θεωδώρων,photo_gate,imgs_0_strong_0
GR,EL652,Korinthia,beach,,17,17,osm:way/60314470,Κρυφή,score_gate,score_5.5_below_5.6
GR,EL652,Korinthia,beach,,17,17,osm:way/515011158,Παραλία Αγία Σωτήρα,score_gate,score_5.4_below_5.6
GR,EL652,Korinthia,beach,,17,17,eea:ELBW029243144101,Almyri,score_gate,score_5.4_below_5.6
GR,EL652,Korinthia,beach,,17,17,wd:Q133252353,Cantare,score_gate,score_4.8_below_5.6
GR,EL652,Korinthia,beach,,17,17,osm:way/128664274,Μυλοκοπή,score_gate,score_4.8_below_5.6
GR,EL652,Korinthia,beach,,17,17,osm:way/412833317,Ηραίον,score_gate,score_4.7_below_5.6
GR,EL652,Korinthia,beach,,17,17,eea:ELBW029243100101,Loutra Elenis 1,score_gate,score_4.7_below_5.6
GR,EL652,Korinthia,beach,,17,17,eea:ELBW069244047101,Neraida,score_gate,score_4.7_below_5.6
GR,EL652,Korinthia,beach,,17,17,wd:Q53632025,Loutraki 1,score_gate,score_4.7_below_5.6
GR,EL652,Korinthia,beach,,17,17,eea:ELBW029243140101,Kehries,score_gate,score_4.7_below_5.6
GR,EL652,Korinthia,beach,,17,17,eea:ELBW069244145101,Flampouro,score_gate,score_4.7_below_5.6
GR,EL652,Korinthia,beach,,17,17,osm:way/506107829,Κόρφος,score_gate,score_4.7_below_5.6
DK,DK013,Nordsjælland,beach,,19,17,wd:Q17489429,Tisvildeleje Strand,photo_gate,imgs_0_strong_0
DK,DK013,Nordsjælland,beach,,19,17,osm:way/172741162,Babylone Strand,photo_gate,imgs_0_strong_0
DK,DK013,Nordsjælland,beach,,19,17,wd:Q110189711,Snekkersten Strand,photo_gate,imgs_1_strong_1
DK,DK013,Nordsjælland,beach,,19,17,osm:way/172744179,Stranden ved Hornbæk Plantage,photo_gate,imgs_0_strong_0
DK,DK013,Nordsjælland,beach,,19,17,osm:way/152445903,Gråstensvej Strand,photo_gate,imgs_0_strong_0
DK,DK013,Nordsjælland,beach,,19,17,osm:way/172796100,Stængehus - Melby Strand,photo_gate,imgs_0_strong_0
DK,DK013,Nordsjælland,beach,,19,17,osm:way/26324402,Furesøbad,photo_gate,imgs_3_strong_3
DK,DK013,Nordsjælland,beach,,19,17,osm:way/172743577,Julebæk Strand,photo_gate,imgs_0_strong_0
DK,DK013,Nordsjælland,beach,,19,17,osm:way/172681792,Frydenlund Strand,photo_gate,imgs_0_strong_0
DK,DK013,Nordsjælland,beach,,19,17,osm:way/172744209,Dronningmølle Strand,photo_gate,imgs_0_strong_0
DK,DK013,Nordsjælland,beach,,19,17,osm:way/1524059017,Bjerre Beach,photo_gate,imgs_1_strong_0
DK,DK013,Nordsjælland,beach,,19,17,wd:Q126142795,Struckmann Park,photo_gate,imgs_0_strong_0
DK,DK013,Nordsjælland,beach,,19,17,osm:way/1017651912,Württembergs Ravelin,photo_gate,imgs_0_strong_0
DK,DK013,Nordsjælland,beach,,19,17,osm:way/172741325,Stranden ved Ida Tesdorpfs Vej,photo_gate,imgs_0_strong_0
DK,DK013,Nordsjælland,beach,,19,17,osm:way/98901276,Peder Mads Strand,photo_gate,imgs_0_strong_0
DK,DK013,Nordsjælland,beach,,19,17,osm:way/172621167,Rungsted Badestrand,score_gate,score_5.4_below_5.6
DK,DK013,Nordsjælland,beach,,19,17,osm:way/93797639,Gilleleje,score_gate,score_5.4_below_5.6
GR,EL431,Irakleio,beach,,20,17,osm:way/277326597,Potamos municipal beach,photo_gate,imgs_0_strong_0
GR,EL431,Irakleio,beach,,20,17,osm:way/52508065,Σταλίδα,photo_gate,imgs_0_strong_0
GR,EL431,Irakleio,beach,,20,17,osm:way/376851220,Kommos Beach,photo_gate,imgs_0_strong_0
GR,EL431,Irakleio,beach,,20,17,osm:way/287814843,Karterou,photo_gate,imgs_0_strong_0
GR,EL431,Irakleio,beach,,20,17,osm:way/361056240,Μακριά Άμμος,photo_gate,imgs_0_strong_0
GR,EL431,Irakleio,beach,,20,17,osm:relation/452183,Ανάληψη,photo_gate,imgs_0_strong_0
GR,EL431,Irakleio,beach,,20,17,osm:way/277327598,Aelos Beach,score_gate,score_5.5_below_5.6
GR,EL431,Irakleio,beach,,20,17,wd:Q53631912,Potamos Malia,score_gate,score_5.4_below_5.6
GR,EL431,Irakleio,beach,,20,17,osm:way/102958051,Katalyki,score_gate,score_5.4_below_5.6
GR,EL431,Irakleio,beach,,20,17,osm:way/713275839,Τέρτσα,score_gate,score_5.4_below_5.6
GR,EL431,Irakleio,beach,,20,17,osm:way/78418602,Συδονία,score_gate,score_5.4_below_5.6
GR,EL431,Irakleio,beach,,20,17,osm:way/1089193593,Κοκκίνη Χάνι,score_gate,score_5.4_below_5.6
GR,EL431,Irakleio,beach,,20,17,wd:Q53631924,Fodele,score_gate,score_5.3_below_5.6
GR,EL431,Irakleio,beach,,20,17,osm:way/506215791,Χρυσόστομος,score_gate,score_5.2_below_5.6
GR,EL431,Irakleio,beach,,20,17,osm:way/223016647,Agia Pelagia Beach,score_gate,score_5.2_below_5.6
GR,EL431,Irakleio,beach,,20,17,osm:way/506218119,Psili Ammos Beach,score_gate,score_5.2_below_5.6
GR,EL431,Irakleio,beach,,20,17,wd:Q25164461,Kalikovrehtis,score_gate,score_5.0_below_5.6
ES,ES611,Almería,beach,,19,17,osm:way/788305777,Playa de Aguadulce,photo_gate,imgs_0_strong_0
ES,ES611,Almería,beach,,19,17,wd:Q23983019,Playa de Puerto Rey,photo_gate,imgs_0_strong_0
ES,ES611,Almería,beach,,19,17,osm:way/186053977,Playa Las Salinas,photo_gate,imgs_0_strong_0
ES,ES611,Almería,beach,,19,17,wd:Q6079274,El Perdigal,photo_gate,imgs_0_strong_0
ES,ES611,Almería,beach,,19,17,osm:way/186053975,Playa La Romanilla,photo_gate,imgs_0_strong_0
ES,ES611,Almería,beach,,19,17,wd:Q24024524,Playa de Garrucha,photo_gate,imgs_0_strong_0
ES,ES611,Almería,beach,,19,17,wd:Q28122370,Nueva Almería,photo_gate,imgs_0_strong_0
ES,ES611,Almería,beach,,19,17,wd:Q28122371,Retamar,photo_gate,imgs_0_strong_0
ES,ES611,Almería,beach,,19,17,wd:Q28122373,San Miguel de Cabo de Gata,photo_gate,imgs_0_strong_0
ES,ES611,Almería,beach,,19,17,wd:Q6079152,Las Amoladeras,photo_gate,imgs_0_strong_0
ES,ES611,Almería,beach,,19,17,osm:way/562068364,Playa de Marina de la Torre,photo_gate,imgs_0_strong_0
ES,ES611,Almería,beach,,19,17,wd:Q6079052,Torregarcía,photo_gate,imgs_0_strong_0
ES,ES611,Almería,beach,,19,17,wd:Q5739622,Cala de San Pedro,photo_gate,imgs_0_strong_0
ES,ES611,Almería,beach,,19,17,wd:Q28122345,Salinas de Cabo de Gata,photo_gate,imgs_0_strong_0
ES,ES611,Almería,beach,,19,17,wd:Q113363257,Playa Mar Rabiosa,photo_gate,imgs_0_strong_0
ES,ES611,Almería,beach,,19,17,wd:Q6079277,Playa del Peñón Blanco,photo_gate,imgs_3_strong_3
ES,ES611,Almería,beach,,19,17,wd:Q28122372,El Zapillo,photo_gate,imgs_0_strong_0
IT,ITF33,Napoli,beach,,18,17,wd:Q581560,Citara,photo_gate,imgs_1_strong_1
IT,ITF33,Napoli,beach,,18,17,osm:way/566218103,Spiaggia di Santa Caterina,photo_gate,imgs_0_strong_0
IT,ITF33,Napoli,beach,,18,17,osm:way/42862766,Ciracciello,photo_gate,imgs_0_strong_0
IT,ITF33,Napoli,beach,,18,17,osm:way/682294532,Antico Bagno Nettuno,photo_gate,imgs_0_strong_0
IT,ITF33,Napoli,beach,,18,17,osm:relation/19564449,Maronti beach,photo_gate,imgs_0_strong_0
IT,ITF33,Napoli,beach,,18,17,wd:Q33343720,Spiaggia Miliscola,photo_gate,imgs_0_strong_0
IT,ITF33,Napoli,beach,,18,17,osm:way/42862775,Chiaia,photo_gate,imgs_0_strong_0
IT,ITF33,Napoli,beach,,18,17,osm:way/183584863,Lido Mappatella,photo_gate,imgs_0_strong_0
IT,ITF33,Napoli,beach,,18,17,osm:way/414766824,Rione Ortodonico,photo_gate,imgs_0_strong_0
IT,ITF33,Napoli,beach,,18,17,osm:way/150236932,Vico Equense,photo_gate,imgs_0_strong_0
IT,ITF33,Napoli,beach,,18,17,osm:way/146857040,Spiaggia di Crapolla,score_gate,score_5.5_below_5.6
IT,ITF33,Napoli,beach,,18,17,eea:IT015063061011,Capo Galatela,score_gate,score_5.4_below_5.6
IT,ITF33,Napoli,beach,,18,17,eea:IT015063061005,Vivara - La Carcara,score_gate,score_5.4_below_5.6
IT,ITF33,Napoli,beach,,18,17,eea:IT015063044009,Punta Montalto,score_gate,score_5.4_below_5.6
IT,ITF33,Napoli,beach,,18,17,osm:way/235602476,Spiaggia di Capitiello,score_gate,score_5.4_below_5.6
IT,ITF33,Napoli,beach,,18,17,wd:Q33342311,Spiaggia Forio,score_gate,score_5.4_below_5.6
IT,ITF33,Napoli,beach,,18,17,osm:node/9029362052,Lido Acherusia,score_gate,score_5.4_below_5.6
IS,IS001,Höfuðborgarsvæði,beach,,17,17,osm:relation/11007647,Ylströndin í Nauthólsvík,photo_gate,imgs_1_strong_1
IS,IS001,Höfuðborgarsvæði,beach,,17,17,osm:relation/2580608,Skarfaklettur,photo_gate,imgs_1_strong_1
IS,IS001,Höfuðborgarsvæði,beach,,17,17,osm:relation/17338008,Bæjarvör,score_gate,score_5.5_below_5.6
IS,IS001,Höfuðborgarsvæði,beach,,17,17,osm:relation/11599512,Gelgjutangi,score_gate,score_5.3_below_5.6
IS,IS001,Höfuðborgarsvæði,beach,,17,17,osm:way/1199462104,Grandar,score_gate,score_5.1_below_5.6
IS,IS001,Höfuðborgarsvæði,beach,,17,17,osm:relation/17338009,Hulduvör,score_gate,score_5.0_below_5.6
IS,IS001,Höfuðborgarsvæði,beach,,17,17,osm:relation/17338017,Sandsteinsfjara,score_gate,score_4.9_below_5.6
IS,IS001,Höfuðborgarsvæði,beach,,17,17,osm:way/580215344,Sjáland,score_gate,score_4.8_below_5.6
IS,IS001,Höfuðborgarsvæði,beach,,17,17,osm:relation/17338007,Kapalsandur,score_gate,score_4.7_below_5.6
IS,IS001,Höfuðborgarsvæði,beach,,17,17,wd:Q27016382,Kirkjusandur,score_gate,score_4.5_below_5.6
IS,IS001,Höfuðborgarsvæði,beach,,17,17,osm:relation/17338006,Kapalfjara,score_gate,score_4.4_below_5.6
IS,IS001,Höfuðborgarsvæði,beach,,17,17,osm:way/864996377,Höfðar,score_gate,score_4.3_below_5.6
IS,IS001,Höfuðborgarsvæði,beach,,17,17,osm:way/1022423367,Suðurnes,score_gate,score_4.3_below_5.6
IS,IS001,Höfuðborgarsvæði,beach,,17,17,osm:way/684953191,Leynar,score_gate,score_3.4_below_5.6
NL,NL366,Groot-Rijnmond,beach,,17,17,osm:way/143481703,Herkingen Badstrand,photo_gate,imgs_0_strong_0
NL,NL366,Groot-Rijnmond,beach,,17,17,osm:way/436213784,Zwemmersstrandje,photo_gate,imgs_0_strong_0
NL,NL366,Groot-Rijnmond,beach,,17,17,wd:Q2175440,Maasvlaktestrand,photo_gate,imgs_0_strong_0
NL,NL366,Groot-Rijnmond,beach,,17,17,osm:way/957546947,Binnenmaasstrandje Mijnsheerenland,photo_gate,imgs_0_strong_0
NL,NL366,Groot-Rijnmond,beach,,17,17,wd:Q2283100,Autostrand Oostvoorne,photo_gate,imgs_0_strong_0
NL,NL366,Groot-Rijnmond,beach,,17,17,osm:way/102925324,De Banaan,photo_gate,imgs_0_strong_0
NL,NL366,Groot-Rijnmond,beach,,17,17,wd:Q33325251,Badstrand Rockanje,score_gate,score_5.5_below_5.6
NL,NL366,Groot-Rijnmond,beach,,17,17,eea:NLBW89_SLIKKVFKBSD,Slikken Van Flakkee,score_gate,score_5.4_below_5.6
NL,NL366,Groot-Rijnmond,beach,,17,17,osm:way/399133081,Zwemwaterlocatie Haringvlietbrug Oost,score_gate,score_5.3_below_5.6
NL,NL366,Groot-Rijnmond,beach,,17,17,osm:way/837641507,Zwemplas Woude,score_gate,score_5.3_below_5.6
NL,NL366,Groot-Rijnmond,beach,,17,17,eea:NLBW40_YOP_0627Z,Vijver Oosterpark,score_gate,score_4.7_below_5.6
NL,NL366,Groot-Rijnmond,beach,,17,17,eea:NLBW39_S_1120,'t Zwarte Plasje,score_gate,score_4.7_below_5.6
NL,NL366,Groot-Rijnmond,beach,,17,17,eea:NLBW39_S_1124,Kralinger Esch,score_gate,score_4.7_below_5.6
NL,NL366,Groot-Rijnmond,beach,,17,17,eea:NLBW40_BO_50Z,Bernisse Abbenbroek Oostzijde,score_gate,score_4.7_below_5.6
NL,NL366,Groot-Rijnmond,beach,,17,17,eea:NLBW40_BO_76Z,Brielse Meer Buitenstrand Camping De Meeuw,score_gate,score_4.7_below_5.6
NL,NL366,Groot-Rijnmond,beach,,17,17,eea:NLBW94_STADAHHRBSD,Stad Aan 't Haringvliet,score_gate,score_4.7_below_5.6
NL,NL366,Groot-Rijnmond,beach,,17,17,eea:NLBW40_BO_58Z,Brielse Meer Brielsebrug Zuidzijde,score_gate,score_4.7_below_5.6
PT,PT191,Região de Aveiro,beach,,20,17,wd:Q25420286,Praia da Torreira,photo_gate,imgs_0_strong_0
PT,PT191,Região de Aveiro,beach,,20,17,osm:relation/18078987,Praia do Furadouro - Sul,photo_gate,imgs_0_strong_0
PT,PT191,Região de Aveiro,beach,,20,17,osm:way/353632229,Praia da Barrinha,photo_gate,imgs_0_strong_0
PT,PT191,Região de Aveiro,beach,,20,17,osm:way/440122680,Praia de São Pedro de Maceda,photo_gate,imgs_0_strong_0
PT,PT191,Região de Aveiro,beach,,20,17,osm:way/197702450,Monte Branco,photo_gate,imgs_0_strong_0
PT,PT191,Região de Aveiro,beach,,20,17,osm:node/3783830126,Praia Torrão do Lameiro,score_gate,score_5.3_below_5.6
PT,PT191,Região de Aveiro,beach,,20,17,osm:way/1107052996,Praia do Bico,score_gate,score_5.2_below_5.6
PT,PT191,Região de Aveiro,beach,,20,17,wd:Q20850788,Praia da Vagueira,score_gate,score_5.1_below_5.6
GB,TLD13,Cumberland,beach,,17,17,wd:Q31845092,St Bees Beach,photo_gate,imgs_3_strong_3
GB,TLD13,Cumberland,beach,,17,17,osm:way/814321473,West Beach,score_gate,score_4.9_below_5.6
GB,TLD13,Cumberland,beach,,17,17,osm:way/985447803,Barrow Bay,score_gate,score_4.9_below_5.6
GB,TLD13,Cumberland,beach,,17,17,osm:way/986197043,Brandelhow Bay,score_gate,score_4.9_below_5.6
GB,TLD13,Cumberland,beach,,17,17,osm:way/986197045,Withesike Bay,score_gate,score_4.8_below_5.6
GB,TLD13,Cumberland,beach,,17,17,osm:way/985508352,Watendlath,score_gate,score_4.7_below_5.6
GB,TLD13,Cumberland,beach,,17,17,osm:way/986164145,Otter Island,score_gate,score_4.7_below_5.6
GB,TLD13,Cumberland,beach,,17,17,osm:way/986164165,Brandlehow Point,score_gate,score_4.7_below_5.6
GB,TLD13,Cumberland,beach,,17,17,osm:way/992190898,Ingshead Hole,score_gate,score_4.7_below_5.6
GB,TLD13,Cumberland,beach,,17,17,osm:way/984217840,Fitts Turnhole,score_gate,score_4.6_below_5.6
GB,TLD13,Cumberland,beach,,17,17,osm:way/986164139,Myrtle Bay,score_gate,score_4.6_below_5.6
GB,TLD13,Cumberland,beach,,17,17,osm:way/992225956,Grange,score_gate,score_4.6_below_5.6
GB,TLD13,Cumberland,beach,,17,17,osm:way/662894909,Low Snab,score_gate,score_4.5_below_5.6
GB,TLD13,Cumberland,beach,,17,17,osm:way/984026339,Low Crag,score_gate,score_4.5_below_5.6
GB,TLD13,Cumberland,beach,,17,17,osm:way/986164133,Park Neb,score_gate,score_4.5_below_5.6
GB,TLD13,Cumberland,beach,,17,17,osm:way/992436002,Wilkinson's Dub,score_gate,score_4.5_below_5.6
GB,TLD13,Cumberland,beach,,17,17,osm:way/992436008,Eelstep Brow,score_gate,score_4.5_below_5.6
BG,BG341,Burgas,beach,,22,16,wd:Q1142729,Bulgarian Coastline of the Black Sea,photo_gate,imgs_1_strong_1
BG,BG341,Burgas,beach,,22,16,osm:way/228529543,Плажът на Велека,photo_gate,imgs_0_strong_0
BG,BG341,Burgas,beach,,22,16,osm:way/312797184,Pearl Beach,photo_gate,imgs_0_strong_0
BG,BG341,Burgas,beach,,22,16,osm:relation/8370083,Irakli,photo_gate,imgs_2_strong_2
BG,BG341,Burgas,beach,,22,16,osm:relation/8508223,Созопол-Запад,photo_gate,imgs_0_strong_0
BG,BG341,Burgas,beach,,22,16,osm:way/109732533,Obzor,photo_gate,imgs_2_strong_2
BG,BG341,Burgas,beach,,22,16,osm:way/842369595,Beach camping Delphin,photo_gate,imgs_0_strong_0
BG,BG341,Burgas,beach,,22,16,osm:way/298258275,Централен плаж,photo_gate,imgs_0_strong_0
BG,BG341,Burgas,beach,,22,16,osm:way/435541079,Nude Beach,photo_gate,imgs_2_strong_0
BG,BG341,Burgas,beach,,22,16,osm:way/339152265,Свободна зона,photo_gate,imgs_0_strong_0
BG,BG341,Burgas,beach,,22,16,osm:node/12434172176,Nudist Beach,photo_gate,imgs_4_strong_0
BG,BG341,Burgas,beach,,22,16,osm:way/221191684,"плаж ""Каваците""",photo_gate,imgs_1_strong_0
BG,BG341,Burgas,beach,,22,16,osm:way/242986967,South Kiten Beach,photo_gate,imgs_0_strong_0
BG,BG341,Burgas,beach,,22,16,osm:node/12100817468,Липите,photo_gate,imgs_0_strong_0
BG,BG341,Burgas,beach,,22,16,osm:way/221183330,"""Tsarski"" Beach",photo_gate,imgs_2_strong_0
BG,BG341,Burgas,beach,,22,16,osm:way/203690694,Южен плаж,photo_gate,imgs_1_strong_0
DE,DE947,Aurich,beach,,17,16,osm:way/68678029,Strandbad Ottermeer,photo_gate,imgs_3_strong_3
DE,DE947,Aurich,beach,,17,16,wd:Q32193088,Nordstrand,photo_gate,imgs_1_strong_1
DE,DE947,Aurich,beach,,17,16,osm:way/54355791,Strand am Timmeler Meer,photo_gate,imgs_1_strong_1
DE,DE947,Aurich,beach,,17,16,wd:Q136005793,Beaches of Juist,score_gate,score_4.9_below_5.6
ES,ES531,Eivissa y Formentera,beach,,25,16,wd:Q4885911,Agua Blanca,photo_gate,imgs_1_strong_1
ES,ES531,Eivissa y Formentera,beach,,25,16,wd:Q4886872,Cala de Sant Vicent,photo_gate,imgs_3_strong_3
ES,ES531,Eivissa y Formentera,beach,,25,16,wd:Q8255022,Platja de Nova,photo_gate,imgs_3_strong_3
ES,ES531,Eivissa y Formentera,beach,,25,16,wd:Q4890409,Sa Caleta,photo_gate,imgs_4_strong_3
ES,ES531,Eivissa y Formentera,beach,,25,16,wd:Q4886017,Platja des Niu Blau,photo_gate,imgs_3_strong_3
ES,ES531,Eivissa y Formentera,beach,,25,16,wd:Q6078128,Platja de Llevant,photo_gate,imgs_0_strong_0
ES,ES531,Eivissa y Formentera,beach,,25,16,wd:Q5018271,Cala d’en Serra,photo_gate,imgs_0_strong_0
ES,ES531,Eivissa y Formentera,beach,,25,16,wd:Q5836134,Platja de s'Alga,photo_gate,imgs_0_strong_0
ES,ES531,Eivissa y Formentera,beach,,25,16,wd:Q6126234,Platja de ses Canyes,photo_gate,imgs_0_strong_0
ES,ES531,Eivissa y Formentera,beach,,25,16,wd:Q2098650,Platja de Migjorn,photo_gate,imgs_0_strong_0
ES,ES531,Eivissa y Formentera,beach,,25,16,wd:Q5837357,Cavall d'en Borràs beach,photo_gate,imgs_0_strong_0
ES,ES531,Eivissa y Formentera,beach,,25,16,wd:Q5814942,Platja de Sant Antoni de Portmany,photo_gate,imgs_0_strong_0
ES,ES531,Eivissa y Formentera,beach,,25,16,wd:Q6126241,Ses Platgetes,photo_gate,imgs_0_strong_0
ES,ES531,Eivissa y Formentera,beach,,25,16,wd:Q1850763,Cala d’Hort,photo_gate,imgs_0_strong_0
ES,ES531,Eivissa y Formentera,beach,,25,16,wd:Q5650763,Figueretes,photo_gate,imgs_0_strong_0
ES,ES531,Eivissa y Formentera,beach,,25,16,wd:Q11941951,Es Pujols,photo_gate,imgs_0_strong_0
FR,FRG01,Loire-Atlantique,beach,,16,16,wd:Q21177146,Valentin beach,photo_gate,imgs_2_strong_2
FR,FRG01,Loire-Atlantique,beach,,16,16,wd:Q23013104,plage de Sainte-Marguerite,photo_gate,imgs_2_strong_2
FR,FRG01,Loire-Atlantique,beach,,16,16,wd:Q61781827,plage de monsieur Hulot,score_gate,score_5.5_below_5.6
FR,FRG01,Loire-Atlantique,beach,,16,16,wd:Q49322629,plage de la Courance,score_gate,score_5.5_below_5.6
FR,FRG01,Loire-Atlantique,beach,,16,16,wd:Q49322643,plage de la Source,score_gate,score_5.5_below_5.6
FR,FRG01,Loire-Atlantique,beach,,16,16,osm:way/108382909,Plage du Lannguy,score_gate,score_5.3_below_5.6
FR,FRG01,Loire-Atlantique,beach,,16,16,osm:way/128108465,Plage de Port Meleu,score_gate,score_5.3_below_5.6
FR,FRG01,Loire-Atlantique,beach,,16,16,osm:node/8000055885,Plage de la Petite Vallée,score_gate,score_5.3_below_5.6
FR,FRG01,Loire-Atlantique,beach,,16,16,osm:way/291760153,Plage de l'Anse aux Lapins,score_gate,score_5.3_below_5.6
FR,FRG01,Loire-Atlantique,beach,,16,16,osm:way/440491394,Plage du Porteau,score_gate,score_5.3_below_5.6
FR,FRG01,Loire-Atlantique,beach,,16,16,osm:way/476299087,Plage de Trébezy,score_gate,score_5.3_below_5.6
FR,FRG01,Loire-Atlantique,beach,,16,16,osm:relation/8619243,Plage de Portmain,score_gate,score_5.3_below_5.6
FR,FRG01,Loire-Atlantique,beach,,16,16,wd:Q21552927,Plage de Port Lin,score_gate,score_5.2_below_5.6
FR,FRG01,Loire-Atlantique,beach,,16,16,wd:Q24265967,plage du Nau,score_gate,score_5.2_below_5.6
FR,FRG01,Loire-Atlantique,beach,,16,16,wd:Q49322619,plage de la Birochère,score_gate,score_5.0_below_5.6
FR,FRG01,Loire-Atlantique,beach,,16,16,wd:Q49322622,plage de la Boutinardière,score_gate,score_5.0_below_5.6
FR,FRJ11,Aude,beach,,17,16,osm:relation/5810590,Plage du Front de Mer,score_gate,score_5.4_below_5.6
FR,FRJ11,Aude,beach,,17,16,wd:Q49322720,plage des chalets,score_gate,score_5.3_below_5.6
FR,FRJ11,Aude,beach,,17,16,wd:Q49322647,plage de la Vieille Nouvelle,score_gate,score_4.9_below_5.6
FR,FRJ11,Aude,beach,,17,16,osm:node/1724005026,Plage du Créneau Naturel - Poste de secours n° 4,score_gate,score_4.8_below_5.6
FR,FRJ11,Aude,beach,,17,16,osm:way/49248027,Plage du Grazel,score_gate,score_4.8_below_5.6
FR,FRJ11,Aude,beach,,17,16,osm:node/1723741881,Plage de Port-Leucate,score_gate,score_4.8_below_5.6
FR,FRJ11,Aude,beach,,17,16,osm:node/1723311732,Plage de la Mateille,score_gate,score_4.7_below_5.6
FR,FRJ11,Aude,beach,,17,16,osm:node/1723311755,Plage des Montilles,score_gate,score_4.7_below_5.6
FR,FRJ11,Aude,beach,,17,16,osm:way/49202040,Plage de la Vieille Nouvelle,score_gate,score_4.7_below_5.6
FR,FRJ11,Aude,beach,,17,16,osm:node/1723311743,Plage des Ayguades,score_gate,score_4.7_below_5.6
FR,FRJ11,Aude,beach,,17,16,osm:node/12249085212,Plage de Mateille,score_gate,score_4.7_below_5.6
FR,FRJ11,Aude,beach,,17,16,osm:way/298686284,Plage des Ayguades - Poste de secours n°5,score_gate,score_4.7_below_5.6
FR,FRJ11,Aude,beach,,17,16,osm:node/1723311537,La Grande Cosse,score_gate,score_4.7_below_5.6
FR,FRJ11,Aude,beach,,17,16,osm:node/1723311557,Le Clapotis,score_gate,score_4.7_below_5.6
FR,FRJ11,Aude,beach,,17,16,osm:way/41749055,Beach of Leucate Plage,score_gate,score_4.7_below_5.6
FR,FRJ11,Aude,beach,,17,16,osm:way/160942458,Le Clapotis,score_gate,score_4.7_below_5.6
IT,ITG12,Palermo,beach,,16,16,wd:Q33334056,Spiaggia Cefalú,photo_gate,imgs_0_strong_0
IT,ITG12,Palermo,beach,,16,16,osm:way/593432448,Spiaggia Costa Turchina,photo_gate,imgs_0_strong_0
IT,ITG12,Palermo,beach,,16,16,wd:Q123012738,Spiaggia Ciammarita,score_gate,score_5.4_below_5.6
IT,ITG12,Palermo,beach,,16,16,osm:way/219693388,Contrada Gallizza,score_gate,score_5.4_below_5.6
IT,ITG12,Palermo,beach,,16,16,osm:way/73432596,Mondello,score_gate,score_5.4_below_5.6
IT,ITG12,Palermo,beach,,16,16,osm:way/82616086,Spiaggia di Vergine Maria,score_gate,score_5.3_below_5.6
IT,ITG12,Palermo,beach,,16,16,wd:Q33326204,Dolphin Beach,score_gate,score_5.0_below_5.6
IT,ITG12,Palermo,beach,,16,16,osm:way/1393458135,Ombelico del Mondo,score_gate,score_5.0_below_5.6
IT,ITG12,Palermo,beach,,16,16,osm:node/13063052753,Lido Polizia di Stato Capaci,score_gate,score_4.9_below_5.6
IT,ITG12,Palermo,beach,,16,16,osm:way/217284338,Spiaggia di Santa Maria,score_gate,score_4.8_below_5.6
IT,ITG12,Palermo,beach,,16,16,eea:IT019082053011,Sferracavallo Loc. La Cala,score_gate,score_4.7_below_5.6
IT,ITG12,Palermo,beach,,16,16,eea:IT019082043003,La Scogliera,score_gate,score_4.7_below_5.6
IT,ITG12,Palermo,beach,,16,16,eea:IT019082053004,Capo Gallo Loc. Marinella,score_gate,score_4.7_below_5.6
IT,ITG12,Palermo,beach,,16,16,osm:way/217284335,Spiaggia Rais Gerbi,score_gate,score_4.5_below_5.6
IT,ITG12,Palermo,beach,,16,16,wd:Q33337287,Spiaggia di Cinisi,score_gate,score_4.5_below_5.6
IT,ITG12,Palermo,beach,,16,16,osm:way/1393458094,Lido del Finanziere,score_gate,score_4.2_below_5.6
IT,ITF35,Salerno,beach,,16,16,wd:Q33327672,Mingardo,photo_gate,imgs_1_strong_1
IT,ITF35,Salerno,beach,,16,16,wd:Q33334933,Spiaggia del Troncone,photo_gate,imgs_0_strong_0
IT,ITF35,Salerno,beach,,16,16,osm:way/146704450,Spiagga Licinella,photo_gate,imgs_0_strong_0
IT,ITF35,Salerno,beach,,16,16,wd:Q33339030,Spiaggia di Mercatello,photo_gate,imgs_0_strong_0
IT,ITF35,Salerno,beach,,16,16,osm:way/325664949,spiaggia Marinella,photo_gate,imgs_0_strong_0
IT,ITF35,Salerno,beach,,16,16,wd:Q33342328,Fornillo Beach,photo_gate,imgs_0_strong_0
IT,ITF35,Salerno,beach,,16,16,osm:way/150676488,Agnone( Campania),photo_gate,imgs_0_strong_0
IT,ITF35,Salerno,beach,,16,16,osm:way/56658511,Spiaggia Pozzillo San Marco,photo_gate,imgs_0_strong_0
IT,ITF35,Salerno,beach,,16,16,wd:Q124398971,Spiaggia di Sapri,photo_gate,imgs_0_strong_0
IT,ITF35,Salerno,beach,,16,16,osm:way/146986814,Spiaggia di Trentova,photo_gate,imgs_0_strong_0
IT,ITF35,Salerno,beach,,16,16,osm:way/173821316,Cala Finocchiara,score_gate,score_5.5_below_5.6
IT,ITF35,Salerno,beach,,16,16,osm:way/159485277,Spiaggia del Porto,score_gate,score_5.5_below_5.6
IT,ITF35,Salerno,beach,,16,16,osm:way/117127827,Spiaggia Marine delle Barche,score_gate,score_5.3_below_5.6
IT,ITF35,Salerno,beach,,16,16,osm:relation/11367733,Amalfi,score_gate,score_5.3_below_5.6
IT,ITF35,Salerno,beach,,16,16,wd:Q33337098,Spiaggia di Castiglione,score_gate,score_5.2_below_5.6
IT,ITF35,Salerno,beach,,16,16,wd:Q33333507,Spiaggia Agropoli,score_gate,score_5.0_below_5.6
NL,NL341,Zeeuwsch-Vlaanderen,beach,,16,16,osm:way/239379850,Duinovergang 27,photo_gate,imgs_0_strong_0
NL,NL341,Zeeuwsch-Vlaanderen,beach,,16,16,eea:NLBW42_O6038R,De Vogel,score_gate,score_5.4_below_5.6
NL,NL341,Zeeuwsch-Vlaanderen,beach,,16,16,osm:way/245180811,St. Pierre,score_gate,score_5.3_below_5.6
PT,PT150,Algarve,beach,,43,16,wd:Q7237780,Praia de Vale Figueira,photo_gate,imgs_3_strong_3
PT,PT150,Algarve,beach,,43,16,wd:Q7237764,Praia da Arrifana,photo_gate,imgs_3_strong_3
PT,PT150,Algarve,beach,,43,16,wd:Q20058874,Praia do Barranquinho,photo_gate,imgs_3_strong_3
PT,PT150,Algarve,beach,,43,16,wd:Q10353149,Praia dos Olhos de Água,photo_gate,imgs_3_strong_3
PT,PT150,Algarve,beach,,43,16,wd:Q10353077,Pintadinho Beach,photo_gate,imgs_3_strong_3
PT,PT150,Algarve,beach,,43,16,wd:Q10352614,Praia da Ingrina,photo_gate,imgs_3_strong_3
PT,PT150,Algarve,beach,,43,16,wd:Q7237784,Praia do Burgau,photo_gate,imgs_3_strong_3
PT,PT150,Algarve,beach,,43,16,osm:way/252621789,Praia Grande de Pêra,photo_gate,imgs_0_strong_0
PT,PT150,Algarve,beach,,43,16,osm:way/85956082,Praia de Vilamoura,photo_gate,imgs_0_strong_0
PT,PT150,Algarve,beach,,43,16,osm:way/129581895,Praia da Falésia,photo_gate,imgs_0_strong_0
PT,PT150,Algarve,beach,,43,16,osm:way/261606273,Praia de Loulé Velho,photo_gate,imgs_0_strong_0
PT,PT150,Algarve,beach,,43,16,osm:way/1242614517,Praia do Medo da Fonte Santa,photo_gate,imgs_0_strong_0
PT,PT150,Algarve,beach,,43,16,osm:way/606996959,Praia do Alvor Nascente,photo_gate,imgs_0_strong_0
PT,PT150,Algarve,beach,,43,16,wd:Q1728528,Praia da Alagoa,photo_gate,imgs_0_strong_0
PT,PT150,Algarve,beach,,43,16,osm:way/142594780,Praia de Quarteira,photo_gate,imgs_0_strong_0
PT,PT150,Algarve,beach,,43,16,osm:way/655688264,Praia do Garrão,photo_gate,imgs_0_strong_0
TR,TRC33,Şırnak,beach,,16,16,,,,
GB,TLH34,Essex Haven Gateway,beach,,16,16,osm:way/168472209,St Osyth Naturist Beach,score_gate,score_4.4_below_5.6
GB,TLK64,Dorset,beach,,19,16,wd:Q1070604,Chesil Beach,photo_gate,imgs_1_strong_1
GB,TLK64,Dorset,beach,,19,16,wd:Q31844920,Man O'War Beach,photo_gate,imgs_2_strong_2
GB,TLK64,Dorset,beach,,19,16,wd:Q18161139,Little Beach,photo_gate,imgs_1_strong_0
GB,TLK64,Dorset,beach,,19,16,wd:Q31844914,Studland Beach,photo_gate,imgs_3_strong_3
GB,TLK64,Dorset,beach,,19,16,wd:Q16890137,Castle Cove,photo_gate,imgs_0_strong_0
GB,TLK64,Dorset,beach,,19,16,osm:way/127314158,East Beach,score_gate,score_5.5_below_5.6
GB,TLK64,Dorset,beach,,19,16,osm:way/967643984,Seatown Beach,score_gate,score_4.9_below_5.6
GB,TLK64,Dorset,beach,,19,16,osm:way/661830926,Shipstal Beach,score_gate,score_4.6_below_5.6
GB,TLK64,Dorset,beach,,19,16,osm:way/123228089,Portland Beach,score_gate,score_4.5_below_5.6
GB,TLK64,Dorset,beach,,19,16,osm:way/259407120,Patchins Point,score_gate,score_4.5_below_5.6
GB,TLK64,Dorset,beach,,19,16,osm:way/147399207,Hive Beach,score_gate,score_4.5_below_5.6
GB,TLK64,Dorset,beach,,19,16,osm:way/1354424250,Grove Point,score_gate,score_4.3_below_5.6
GB,TLK64,Dorset,beach,,19,16,osm:way/1354424254,Balaclava Bay,score_gate,score_4.3_below_5.6
GB,TLK64,Dorset,beach,,19,16,osm:way/967643985,East Ebb Cove,score_gate,score_4.1_below_5.6
GB,TLK64,Dorset,beach,,19,16,osm:way/1348070841,White Hole,score_gate,score_3.9_below_5.6
GB,TLK64,Dorset,beach,,19,16,osm:relation/16148315,Redhorn Quay,score_gate,score_3.7_below_5.6
ES,ES130,Cantabria,beach,,23,15,wd:Q6078924,Playa de Oyambre,photo_gate,imgs_1_strong_1
ES,ES130,Cantabria,beach,,23,15,wd:Q6078739,Playa del Regatón,photo_gate,imgs_2_strong_2
ES,ES130,Cantabria,beach,,23,15,wd:Q6078678,Playa de Comillas,photo_gate,imgs_0_strong_0
ES,ES130,Cantabria,beach,,23,15,wd:Q6078915,Playa de Oriñón,photo_gate,imgs_0_strong_0
ES,ES130,Cantabria,beach,,23,15,wd:Q6078688,Cuchía beach,photo_gate,imgs_0_strong_0
ES,ES130,Cantabria,beach,,23,15,wd:Q5719645,Playa de Barnejo,photo_gate,imgs_0_strong_0
ES,ES130,Cantabria,beach,,23,15,wd:Q6078920,Playa de Ostende,photo_gate,imgs_0_strong_0
ES,ES130,Cantabria,beach,,23,15,wd:Q6079008,Playa de Santa Justa,photo_gate,imgs_0_strong_0
ES,ES130,Cantabria,beach,,23,15,wd:Q6079020,Playa Somo,photo_gate,imgs_0_strong_0
ES,ES130,Cantabria,beach,,23,15,wd:Q5963447,Playa de la Fuente,photo_gate,imgs_0_strong_0
ES,ES130,Cantabria,beach,,23,15,osm:way/108479308,Playa de Merón,photo_gate,imgs_0_strong_0
ES,ES130,Cantabria,beach,,23,15,wd:Q8251766,Brazomar,photo_gate,imgs_0_strong_0
ES,ES130,Cantabria,beach,,23,15,wd:Q6078794,Playa de La Concha,photo_gate,imgs_0_strong_0
ES,ES130,Cantabria,beach,,23,15,wd:Q6078887,Playa de Luaña,photo_gate,imgs_0_strong_0
ES,ES130,Cantabria,beach,,23,15,wd:Q5823187,Playa de El Tostadero,photo_gate,imgs_0_strong_0
ES,ES709,Tenerife,beach,,18,15,wd:Q1708764,Playa de La Tejita,photo_gate,imgs_0_strong_0
ES,ES709,Tenerife,beach,,18,15,wd:Q6078396,Playa La Arena (Tacoronte),photo_gate,imgs_0_strong_0
ES,ES709,Tenerife,beach,,18,15,wd:Q9060792,Playa de Los Abriguitos,score_gate,score_5.5_below_5.6
ES,ES709,Tenerife,beach,,18,15,wd:Q5390835,Almáciga Beach,score_gate,score_5.4_below_5.6
ES,ES709,Tenerife,beach,,18,15,wd:Q28119770,Leocadio Machado,score_gate,score_5.2_below_5.6
ES,ES709,Tenerife,beach,,18,15,wd:Q6078848,Playa de Las Gaviotas,score_gate,score_5.1_below_5.6
ES,ES709,Tenerife,beach,,18,15,wd:Q6078860,Playa de las Vistas,score_gate,score_5.1_below_5.6
ES,ES709,Tenerife,beach,,18,15,wd:Q6078608,Playa de Benijo,score_gate,score_5.1_below_5.6
ES,ES709,Tenerife,beach,,18,15,wd:Q24024538,Playa Los Gigantes,score_gate,score_5.0_below_5.6
ES,ES709,Tenerife,beach,,18,15,wd:Q24023159,Playa del Socorro,score_gate,score_5.0_below_5.6
ES,ES709,Tenerife,beach,,18,15,wd:Q115956247,Playa de San Telmo (Puerto de la Cruz),score_gate,score_4.9_below_5.6
ES,ES709,Tenerife,beach,,18,15,wd:Q136032021,"Playa del Arenal, La Laguna",score_gate,score_4.9_below_5.6
ES,ES709,Tenerife,beach,,18,15,wd:Q28119774,Fonsalia,score_gate,score_4.8_below_5.6
ES,ES709,Tenerife,beach,,18,15,wd:Q31920330,Playa Jardin,score_gate,score_4.5_below_5.6
ES,ES709,Tenerife,beach,,18,15,wd:Q23986526,Honda Beach,score_gate,score_4.4_below_5.6
ES,ES521,Alicante/Alacant,beach,,21,15,wd:Q11189790,Platja de les Deveses,photo_gate,imgs_0_strong_0
ES,ES521,Alicante/Alacant,beach,,21,15,wd:Q5815048,Carabassí,photo_gate,imgs_0_strong_0
ES,ES521,Alicante/Alacant,beach,,21,15,wd:Q6079212,Platja de l'Altet,photo_gate,imgs_0_strong_0
ES,ES521,Alicante/Alacant,beach,,21,15,wd:Q4887949,Platja de Ponent,photo_gate,imgs_0_strong_0
ES,ES521,Alicante/Alacant,beach,,21,15,wd:Q9060756,Platja de l'Almadrava,photo_gate,imgs_0_strong_0
ES,ES521,Alicante/Alacant,beach,,21,15,wd:Q11193058,Los Saladares,photo_gate,imgs_0_strong_0
ES,ES521,Alicante/Alacant,beach,,21,15,wd:Q28121430,Arenales del Sol,photo_gate,imgs_0_strong_0
ES,ES521,Alicante/Alacant,beach,,21,15,wd:Q11699733,Platja de la Fossa,photo_gate,imgs_0_strong_0
ES,ES521,Alicante/Alacant,beach,,21,15,wd:Q6079058,Playa de Torrelamata,photo_gate,imgs_0_strong_0
ES,ES521,Alicante/Alacant,beach,,21,15,wd:Q16540159,Platja de la Calalga,photo_gate,imgs_0_strong_0
ES,ES521,Alicante/Alacant,beach,,21,15,wd:Q9060683,Platja de les Marines,photo_gate,imgs_0_strong_0
ES,ES521,Alicante/Alacant,beach,,21,15,wd:Q28121497,Platja del Portet,photo_gate,imgs_0_strong_0
ES,ES521,Alicante/Alacant,beach,,21,15,wd:Q9060805,Platja del Cantal Roig,photo_gate,imgs_0_strong_0
ES,ES521,Alicante/Alacant,beach,,21,15,wd:Q28121495,Les Platgetes,photo_gate,imgs_0_strong_0
ES,ES521,Alicante/Alacant,beach,,21,15,wd:Q6680567,Cala de los Judíos,photo_gate,imgs_0_strong_0
IT,ITG14,Agrigento,beach,,16,15,wd:Q33345091,Spiaggia Torre Salsa,photo_gate,imgs_1_strong_1
IT,ITG14,Agrigento,beach,,16,15,osm:way/1259520594,Siculiana,photo_gate,imgs_0_strong_0
IT,ITG14,Agrigento,beach,,16,15,wd:Q33338735,Spiaggia di Marianello,photo_gate,imgs_0_strong_0
IT,ITG14,Agrigento,beach,,16,15,wd:Q33331258,Playa Lido Garibaldi,photo_gate,imgs_1_strong_1
IT,ITG14,Agrigento,beach,,16,15,osm:node/12128676800,Eraclea Minoa,photo_gate,imgs_0_strong_0
IT,ITG14,Agrigento,beach,,16,15,wd:Q33343574,Spiaggia Marina di Palma,photo_gate,imgs_0_strong_0
IT,ITG14,Agrigento,beach,,16,15,wd:Q3947467,San Leone,score_gate,score_5.5_below_5.6
IT,ITG14,Agrigento,beach,,16,15,eea:IT019084033008,Riserva Foce F. Platani,score_gate,score_5.4_below_5.6
IT,ITG14,Agrigento,beach,,16,15,eea:IT019084033007,Borgo Bonsignore,score_gate,score_5.4_below_5.6
IT,ITG14,Agrigento,beach,,16,15,wd:Q33331286,Playa Lido Rossello,score_gate,score_5.2_below_5.6
IT,ITG14,Agrigento,beach,,16,15,wd:Q33331618,Playa Porto Palo,score_gate,score_5.0_below_5.6
IT,ITG14,Agrigento,beach,,16,15,wd:Q33344498,Spiaggia San Giorgio,score_gate,score_5.0_below_5.6
IT,ITG14,Agrigento,beach,,16,15,wd:Q33344155,Spiaggia Punta Grande,score_gate,score_5.0_below_5.6
IT,ITG14,Agrigento,beach,,16,15,wd:Q33331299,Playa Lido Sabbia D'oro,score_gate,score_5.0_below_5.6
IT,ITG14,Agrigento,beach,,16,15,wd:Q33333116,Sciatu Persu,score_gate,score_5.0_below_5.6
IT,ITI1A,Grosseto,beach,,16,15,wd:Q33325782,Cala di Forno,photo_gate,imgs_2_strong_2
IT,ITI1A,Grosseto,beach,,16,15,wd:Q33325734,Cala Civette,photo_gate,imgs_3_strong_3
IT,ITI1A,Grosseto,beach,,16,15,wd:Q121354058,Marina di Alberese,photo_gate,imgs_3_strong_3
IT,ITI1A,Grosseto,beach,,16,15,osm:relation/19648894,Cala Martina,photo_gate,imgs_0_strong_0
IT,ITI1A,Grosseto,beach,,16,15,eea:IT009053011010,Collelungo Parco Dell'uccellina,photo_gate,imgs_0_strong_0
IT,ITI1A,Grosseto,beach,,16,15,wd:Q33346363,Ultima Spiaggia,photo_gate,imgs_0_strong_0
IT,ITI1A,Grosseto,beach,,16,15,wd:Q33326868,Kite Beach Fiumara,photo_gate,imgs_0_strong_0
IT,ITI1A,Grosseto,beach,,16,15,osm:relation/11327432,Bau beach,score_gate,score_5.5_below_5.6
IT,ITI1A,Grosseto,beach,,16,15,osm:node/12882971701,Bagni di Domiziano,score_gate,score_5.5_below_5.6
IT,ITI1A,Grosseto,beach,,16,15,osm:node/6543291589,Tangram,score_gate,score_5.5_below_5.6
IT,ITI1A,Grosseto,beach,,16,15,osm:relation/8648238,ex Tony's,score_gate,score_5.5_below_5.6
IT,ITI1A,Grosseto,beach,,16,15,osm:relation/11327436,spiaggia cani,score_gate,score_5.4_below_5.6
IT,ITI1A,Grosseto,beach,,16,15,osm:node/6543291591,Eden Beach,score_gate,score_5.4_below_5.6
IT,ITI1A,Grosseto,beach,,16,15,eea:IT009053018023,"Strada Prov. Giannella Km 2,00",score_gate,score_5.4_below_5.6
IT,ITI1A,Grosseto,beach,,16,15,osm:node/6519071099,Snoopy,score_gate,score_5.4_below_5.6
IT,ITF46,Foggia,beach,,16,15,wd:Q33325339,Baia delle Zagare,photo_gate,imgs_3_strong_3
IT,ITF46,Foggia,beach,,16,15,wd:Q33341025,Spiaggia di Scialara,photo_gate,imgs_0_strong_0
IT,ITF46,Foggia,beach,,16,15,wd:Q33325886,Cala Spido,photo_gate,imgs_0_strong_0
IT,ITF46,Foggia,beach,,16,15,osm:way/26310089,Foce Varano,photo_gate,imgs_0_strong_0
IT,ITF46,Foggia,beach,,16,15,osm:way/134542509,Portonuovo,photo_gate,imgs_0_strong_0
IT,ITF46,Foggia,beach,,16,15,wd:Q33325366,Baia di Vignanotica,photo_gate,imgs_0_strong_0
IT,ITF46,Foggia,beach,,16,15,wd:Q33338992,Spiaggia di Mattinata,photo_gate,imgs_0_strong_0
IT,ITF46,Foggia,beach,,16,15,eea:IT016071008009,La Fascia,photo_gate,imgs_0_strong_0
IT,ITF46,Foggia,beach,,16,15,eea:IT016071008010,Coppa Fresca,photo_gate,imgs_0_strong_0
IT,ITF46,Foggia,beach,,16,15,eea:IT016071008003,San Nicola(ex Idroscalo),photo_gate,imgs_0_strong_0
IT,ITF46,Foggia,beach,,16,15,eea:IT016071008008,Baresella,photo_gate,imgs_0_strong_0
IT,ITF46,Foggia,beach,,16,15,eea:IT016071008022,1000 Mt A Dx P. 131,photo_gate,imgs_0_strong_0
IT,ITF46,Foggia,beach,,16,15,eea:IT016071026002,Isola S.domino Spiaggia Touring Club,photo_gate,imgs_0_strong_0
IT,ITF46,Foggia,beach,,16,15,eea:IT016071026013,Is. S.nicola 1800 Mt A Dx P. 222,photo_gate,imgs_0_strong_0
IT,ITF46,Foggia,beach,,16,15,osm:way/295492987,San Nicola di Tremiti,photo_gate,imgs_0_strong_0
TR,TRC31,Mardin,beach,,15,15,,,,
TR,TR823,Sinop,beach,,15,15,,,,
TR,TR421,Kocaeli,beach,,15,15,,,,
GB,TLC42,Northumberland,beach,,15,15,osm:way/140646423,Ross Back Sands,score_gate,score_4.9_below_5.6
GB,TLC42,Northumberland,beach,,15,15,osm:way/141699107,Parton Stiel,score_gate,score_4.9_below_5.6
GB,TLC42,Northumberland,beach,,15,15,osm:way/656971972,Goswick Sands,score_gate,score_4.9_below_5.6
GB,TLC42,Northumberland,beach,,15,15,osm:way/117172527,Greymare Rock,score_gate,score_4.3_below_5.6
GB,TLC42,Northumberland,beach,,15,15,osm:way/658408846,South Wamses,score_gate,score_4.3_below_5.6
GB,TLC42,Northumberland,beach,,15,15,osm:relation/11565738,Lyne Sands,score_gate,score_4.2_below_5.6
GB,TLC42,Northumberland,beach,,15,15,osm:way/151196395,Lady's Hole,score_gate,score_4.2_below_5.6
GB,TLC42,Northumberland,beach,,15,15,osm:way/906863661,Rumbling Kern,score_gate,score_4.0_below_5.6
GR,EL645,Fokida,beach,,14,14,wd:Q53629610,Kalafatis Delfon,score_gate,score_5.1_below_5.6
GR,EL645,Fokida,beach,,14,14,wd:Q53629629,Sergoula,score_gate,score_5.1_below_5.6
GR,EL645,Fokida,beach,,14,14,osm:node/5750479678,Ακτή Βραχάκια,score_gate,score_5.0_below_5.6
GR,EL645,Fokida,beach,,14,14,osm:node/7834244199,Σκάλωμα,score_gate,score_5.0_below_5.6
GR,EL645,Fokida,beach,,14,14,osm:way/512344127,Βάλτος,score_gate,score_5.0_below_5.6
GR,EL645,Fokida,beach,,14,14,osm:way/352153216,Παραθάλασσο,score_gate,score_4.9_below_5.6
GR,EL645,Fokida,beach,,14,14,osm:way/1020814995,Παραλία Αγίου Μηνά,score_gate,score_4.8_below_5.6
GR,EL645,Fokida,beach,,14,14,osm:way/1215925038,Marathias,score_gate,score_4.8_below_5.6
GR,EL645,Fokida,beach,,14,14,osm:way/737417466,Monia,score_gate,score_4.7_below_5.6
GR,EL645,Fokida,beach,,14,14,wd:Q53629963,Maiami,score_gate,score_4.7_below_5.6
GR,EL645,Fokida,beach,,14,14,eea:ELBW049166029101,Klovino,score_gate,score_4.7_below_5.6
GR,EL645,Fokida,beach,,14,14,eea:ELBW049166019101,Glyfada,score_gate,score_4.7_below_5.6
GR,EL645,Fokida,beach,,14,14,eea:ELBW049166028101,Spilia,score_gate,score_4.7_below_5.6
GR,EL645,Fokida,beach,,14,14,eea:ELBW079165023101,Itea 1,score_gate,score_4.7_below_5.6
DE,DEF0C,Schleswig-Flensburg,beach,,15,14,osm:way/25020274,Wassersleben,photo_gate,imgs_0_strong_0
DE,DEF0C,Schleswig-Flensburg,beach,,15,14,osm:way/288248351,Badestrand Brodersby-Burg,score_gate,score_5.5_below_5.6
DE,DEF0C,Schleswig-Flensburg,beach,,15,14,osm:way/503810787,Lindaunis,score_gate,score_5.3_below_5.6
DE,DEF0C,Schleswig-Flensburg,beach,,15,14,osm:way/122554826,Luisenbad,score_gate,score_5.0_below_5.6
IT,ITI44,Latina,beach,,14,14,wd:Q33341511,Spiaggia di Sèrapo,photo_gate,imgs_0_strong_0
IT,ITI44,Latina,beach,,14,14,wd:Q33337886,Spiaggia di Frontone,photo_gate,imgs_0_strong_0
IT,ITI44,Latina,beach,,14,14,osm:way/301439967,Spiaggia di Calanave,photo_gate,imgs_0_strong_0
IT,ITI44,Latina,beach,,14,14,osm:way/301770194,Cala Rossano,photo_gate,imgs_0_strong_0
IT,ITI44,Latina,beach,,14,14,osm:way/301653019,Cala Parata Grande,photo_gate,imgs_0_strong_0
IT,ITI44,Latina,beach,,14,14,osm:relation/6487769,Sirenella,photo_gate,imgs_0_strong_0
IT,ITI44,Latina,beach,,14,14,wd:Q33344805,Spiaggia Scauri,photo_gate,imgs_0_strong_0
IT,ITI44,Latina,beach,,14,14,wd:Q33334977,Spiaggia Dell'Agave,photo_gate,imgs_0_strong_0
IT,ITI44,Latina,beach,,14,14,osm:way/432871693,Spiaggia della Bufalara,photo_gate,imgs_0_strong_0
IT,ITI44,Latina,beach,,14,14,wd:Q33345233,Vindicio,photo_gate,imgs_2_strong_2
IT,ITI44,Latina,beach,,14,14,wd:Q33333256,Sombrero,photo_gate,imgs_0_strong_0
IT,ITI44,Latina,beach,,14,14,wd:Q33325853,Cala Nave,photo_gate,imgs_0_strong_0
IT,ITI44,Latina,beach,,14,14,eea:IT012059024003,200 Mt Dx Foce Lago Caprolace,photo_gate,imgs_0_strong_0
IT,ITI44,Latina,beach,,14,14,wd:Q33328559,Parrocchia Santa Candida,photo_gate,imgs_0_strong_0
GB,TLD14,Westmorland and Furness,beach,,14,14,wd:Q31845089,Roanhead Beach,score_gate,score_5.5_below_5.6
GB,TLD14,Westmorland and Furness,beach,,14,14,osm:way/1184124735,North End Rabbit Warren,score_gate,score_5.2_below_5.6
GB,TLD14,Westmorland and Furness,beach,,14,14,osm:way/714861360,Heather Glade,score_gate,score_4.8_below_5.6
GB,TLD14,Westmorland and Furness,beach,,14,14,osm:way/714861359,The Beach,score_gate,score_4.7_below_5.6
GB,TLD14,Westmorland and Furness,beach,,14,14,osm:way/1184134328,Dunnerholme,score_gate,score_4.3_below_5.6
GB,TLD14,Westmorland and Furness,beach,,14,14,osm:way/52803937,Wood Howe,score_gate,score_4.3_below_5.6
GB,TLD14,Westmorland and Furness,beach,,14,14,osm:way/898361072,Far Easdale,score_gate,score_4.2_below_5.6
GB,TLD14,Westmorland and Furness,beach,,14,14,osm:way/946754922,Rowan's Ground,score_gate,score_4.2_below_5.6
GB,TLD14,Westmorland and Furness,beach,,14,14,osm:way/1184126239,White Horse Scar,score_gate,score_4.2_below_5.6
GB,TLD14,Westmorland and Furness,beach,,14,14,osm:way/1340717096,South End Rabbit Warren,score_gate,score_4.1_below_5.6
GB,TLD14,Westmorland and Furness,beach,,14,14,osm:way/1546963571,Glencoyne Bay,score_gate,score_3.6_below_5.6
GB,TLD14,Westmorland and Furness,beach,,14,14,osm:way/1435907930,Grisedale,score_gate,score_3.4_below_5.6
GB,TLD14,Westmorland and Furness,beach,,14,14,osm:way/568916195,Pike Howe,score_gate,score_3.3_below_5.6
GB,TLD14,Westmorland and Furness,beach,,14,14,osm:way/549198732,Bowness Bay,score_gate,score_3.3_below_5.6
GB,TLH37,Essex Thames Gateway,beach,,14,14,osm:way/724008897,Hadleigh Plungers OWS,score_gate,score_4.5_below_5.6
GB,TLH37,Essex Thames Gateway,beach,,14,14,osm:way/106522753,Thorney Bay Beach,score_gate,score_3.6_below_5.6
GB,TLN0C,Causeway Coast and Glens,beach,,14,14,wd:Q7232524,Portstewart Strand,photo_gate,imgs_2_strong_2
GB,TLN0C,Causeway Coast and Glens,beach,,14,14,wd:Q5303167,Downhill Strand,score_gate,score_5.3_below_5.6
GB,TLN0C,Causeway Coast and Glens,beach,,14,14,osm:way/1244018031,Illancarragh Bay,score_gate,score_4.6_below_5.6
GB,TLN0C,Causeway Coast and Glens,beach,,14,14,osm:way/1244049414,Portawillin,score_gate,score_4.6_below_5.6
UA,UA-74538382B30714686760712,Prymorsk,beach,,14,14,,,,
DE,DE80M,Nordwestmecklenburg,beach,,13,13,osm:way/85044673,FKK,photo_gate,imgs_3_strong_0
DE,DE80M,Nordwestmecklenburg,beach,,13,13,osm:way/197524774,Weiße Wiek,photo_gate,imgs_0_strong_0
DE,DE80M,Nordwestmecklenburg,beach,,13,13,osm:way/262643410,Badestelle Seehof,score_gate,score_4.7_below_5.6
GR,EL621,Zakynthos,beach,,14,13,wd:Q53631028,Gerakas,photo_gate,imgs_0_strong_0
GR,EL621,Zakynthos,beach,,14,13,osm:relation/1737473,Dafni Beach,photo_gate,imgs_0_strong_0
GR,EL621,Zakynthos,beach,,14,13,wd:Q53631076,Kalamaki 1,photo_gate,imgs_0_strong_0
GR,EL621,Zakynthos,beach,,14,13,wd:Q53631066,Kalamaki 2-Louros,score_gate,score_5.4_below_5.6
GR,EL621,Zakynthos,beach,,14,13,osm:node/7780541329,Πόρτο Ρώμα,score_gate,score_5.3_below_5.6
GR,EL621,Zakynthos,beach,,14,13,osm:way/1419238906,Kamaroti,score_gate,score_5.0_below_5.6
GR,EL621,Zakynthos,beach,,14,13,osm:relation/543846,Marathonisi Beach,score_gate,score_5.0_below_5.6
GR,EL621,Zakynthos,beach,,14,13,wd:Q53632641,Amboula Tragaki,score_gate,score_4.9_below_5.6
GR,EL621,Zakynthos,beach,,14,13,osm:way/79366785,Alykes beach,score_gate,score_4.9_below_5.6
GR,EL621,Zakynthos,beach,,14,13,osm:way/95284990,Πόρτο Ζόρο,score_gate,score_4.9_below_5.6
GR,EL621,Zakynthos,beach,,14,13,osm:way/77685974,Marathia Beach,score_gate,score_4.8_below_5.6
GR,EL621,Zakynthos,beach,,14,13,osm:way/292085975,Μαυράτζης,score_gate,score_4.7_below_5.6
GR,EL621,Zakynthos,beach,,14,13,wd:Q53630950,Arkadianou-Koukla,score_gate,score_4.7_below_5.6
GR,EL542,Thesprotia,beach,,13,13,wd:Q53631111,Karavostasi,photo_gate,imgs_0_strong_0
GR,EL542,Thesprotia,beach,,13,13,osm:way/224767295,Arilla,score_gate,score_5.5_below_5.6
GR,EL542,Thesprotia,beach,,13,13,osm:relation/2960372,Παραλία Μακρυγιάλι,score_gate,score_5.5_below_5.6
GR,EL542,Thesprotia,beach,,13,13,osm:way/536161692,Gata Beach,score_gate,score_5.4_below_5.6
GR,EL542,Thesprotia,beach,,13,13,osm:way/535028284,Keramidi Beach,score_gate,score_5.3_below_5.6
GR,EL542,Thesprotia,beach,,13,13,osm:way/536292402,Kalami Beach,score_gate,score_5.3_below_5.6
GR,EL542,Thesprotia,beach,,13,13,osm:way/570243142,Παραλία Πλαταριάς,score_gate,score_5.3_below_5.6
GR,EL542,Thesprotia,beach,,13,13,wd:Q53630911,Ag. Paraskevi Thesprotia,score_gate,score_4.9_below_5.6
GR,EL542,Thesprotia,beach,,13,13,wd:Q53631816,Mega Ammos Igoumenitsa,score_gate,score_4.9_below_5.6
GR,EL542,Thesprotia,beach,,13,13,osm:way/536581172,Παραλία Έλενα,score_gate,score_4.8_below_5.6
GR,EL542,Thesprotia,beach,,13,13,osm:way/224769871,Zavia,score_gate,score_4.7_below_5.6
GR,EL542,Thesprotia,beach,,13,13,osm:node/2401452725,Γαλλικός Μώλος,score_gate,score_4.7_below_5.6
GR,EL542,Thesprotia,beach,,13,13,osm:way/974068013,Μπέλλα Βράκα,score_gate,score_4.6_below_5.6
DE,DEF05,Dithmarschen,beach,,13,13,osm:way/422592233,Badestrand Elpersbüttel,score_gate,score_4.9_below_5.6
GR,EL511,Evros,beach,,13,13,osm:way/385780592,Aya Yorgi,photo_gate,imgs_0_strong_0
GR,EL511,Evros,beach,,13,13,osm:way/61187429,Pachia Ammos Beach,score_gate,score_5.5_below_5.6
GR,EL511,Evros,beach,,13,13,wd:Q53632704,Dimotiki Plaz Alexandroupolis,score_gate,score_4.7_below_5.6
GR,EL511,Evros,beach,,13,13,eea:ELBW129006012101,Delphini,score_gate,score_4.7_below_5.6
GR,EL511,Evros,beach,,13,13,wd:Q53632696,Kyani Akti,score_gate,score_4.7_below_5.6
GR,EL511,Evros,beach,,13,13,osm:node/13093808968,Cavo Beach,score_gate,score_4.7_below_5.6
GR,EL522,Thessaloniki,beach,,13,13,wd:Q53631768,Potamos Thes,photo_gate,imgs_0_strong_0
GR,EL522,Thessaloniki,beach,,13,13,osm:way/471488604,Παραλία Περαίας,photo_gate,imgs_0_strong_0
GR,EL522,Thessaloniki,beach,,13,13,osm:way/54774177,Αγία Τριάδα,score_gate,score_5.5_below_5.6
GR,EL522,Thessaloniki,beach,,13,13,eea:ELBW109029025101,Aggelochori,score_gate,score_5.4_below_5.6
GR,EL522,Thessaloniki,beach,,13,13,osm:way/1382668177,Sand Dunes Nudist Beach,score_gate,score_5.4_below_5.6
GR,EL522,Thessaloniki,beach,,13,13,wd:Q53631785,Vrasna,score_gate,score_5.4_below_5.6
GR,EL522,Thessaloniki,beach,,13,13,osm:node/9035438496,Παραλία Νέας Μηχανιώνας,score_gate,score_5.3_below_5.6
GR,EL522,Thessaloniki,beach,,13,13,osm:way/471793547,Akti Siamo,score_gate,score_5.2_below_5.6
GR,EL522,Thessaloniki,beach,,13,13,osm:way/1420202933,ΚΑΑΥ Ασπροβάλτας,score_gate,score_5.2_below_5.6
GR,EL522,Thessaloniki,beach,,13,13,eea:ELBW109029021101,Koinotiki Plaz Epanomis,score_gate,score_4.7_below_5.6
GR,EL522,Thessaloniki,beach,,13,13,eea:ELBW109029024101,Eot Epanomis,score_gate,score_4.7_below_5.6
GR,EL522,Thessaloniki,beach,,13,13,osm:way/56435850,Πλαζ Αρετσούς,score_gate,score_4.7_below_5.6
GR,EL522,Thessaloniki,beach,,13,13,eea:ELBW109029022101,Peraia [agia Triada 1],score_gate,score_4.7_below_5.6
FR,FRD22,Seine-Maritime,beach,,14,13,wd:Q47912216,Beach of Étretat,score_gate,score_4.9_below_5.6
FR,FRD22,Seine-Maritime,beach,,14,13,wd:Q111079764,Beach of Veulettes-sur-Mer,score_gate,score_4.9_below_5.6
FR,FRD22,Seine-Maritime,beach,,14,13,wd:Q124736610,Plage du Havre,score_gate,score_4.8_below_5.6
FR,FRD22,Seine-Maritime,beach,,14,13,osm:way/762970542,Puys Beach,score_gate,score_4.7_below_5.6
FR,FRD22,Seine-Maritime,beach,,14,13,osm:relation/12029871,Yport,score_gate,score_4.7_below_5.6
FR,FRD22,Seine-Maritime,beach,,14,13,osm:node/7772396844,Plage de Vaucottes,score_gate,score_4.7_below_5.6
FR,FRD22,Seine-Maritime,beach,,14,13,osm:node/1723311345,Dieppe - plage de la piscine,score_gate,score_4.7_below_5.6
FR,FRD22,Seine-Maritime,beach,,14,13,osm:node/13095246543,plage des Petites Dalles,score_gate,score_4.6_below_5.6
FR,FRD22,Seine-Maritime,beach,,14,13,wd:Q102838286,beach of Criel-sur-Mer,score_gate,score_4.4_below_5.6
FR,FRD22,Seine-Maritime,beach,,14,13,wd:Q49322701,plage de Varengeville-sur-Mer,score_gate,score_4.4_below_5.6
IT,ITI43,Roma,beach,,13,13,wd:Q3657228,Capocotta,photo_gate,imgs_1_strong_1
IT,ITI43,Roma,beach,,13,13,osm:relation/14752729,Focene,photo_gate,imgs_0_strong_0
IT,ITI43,Roma,beach,,13,13,osm:way/429740258,Marina di Maccarese,photo_gate,imgs_0_strong_0
IT,ITI43,Roma,beach,,13,13,osm:node/5028336831,Waterfront Beach,photo_gate,imgs_0_strong_0
IT,ITI43,Roma,beach,,13,13,wd:Q33337736,Spiaggia di Focene,photo_gate,imgs_0_strong_0
IT,ITI43,Roma,beach,,13,13,osm:relation/3159574,Spiaggia comunale libera di Castelporziano,photo_gate,imgs_0_strong_0
IT,ITI43,Roma,beach,,13,13,osm:relation/13160468,Vigna di Valle,photo_gate,imgs_0_strong_0
IT,ITI43,Roma,beach,,13,13,osm:way/388819366,Lemon Beach,score_gate,score_5.5_below_5.6
IT,ITI43,Roma,beach,,13,13,osm:relation/3111046,Agriturismo il Castoro,score_gate,score_5.5_below_5.6
IT,ITI43,Roma,beach,,13,13,osm:node/5697178029,La tranquillità,score_gate,score_5.4_below_5.6
IT,ITI43,Roma,beach,,13,13,eea:IT012058091004,Ostia Stabulazione Molluschi Masone,score_gate,score_5.4_below_5.6
IT,ITI43,Roma,beach,,13,13,eea:IT012058120019,Foce Collettore Acque Alte E Basse,score_gate,score_5.4_below_5.6
IT,ITI43,Roma,beach,,13,13,eea:IT012058116005,750 Mt Sx Foce Fosso Vaccina,score_gate,score_5.4_below_5.6
IE,IE062,Mid-East,beach,,15,13,osm:way/172552777,North Beach,photo_gate,imgs_1_strong_1
IE,IE062,Mid-East,beach,,15,13,osm:way/35265043,Naylor's Cove,photo_gate,imgs_3_strong_0
IE,IE062,Mid-East,beach,,15,13,wd:Q26718604,Leamore Strand,photo_gate,imgs_0_strong_0
IE,IE062,Mid-East,beach,,15,13,osm:way/1329602779,Furzeditch Beach,photo_gate,imgs_0_strong_0
IE,IE062,Mid-East,beach,,15,13,osm:way/1323883239,Clogga Strand,photo_gate,imgs_0_strong_0
IE,IE062,Mid-East,beach,,15,13,osm:way/1329600987,Magheramore Beach,score_gate,score_5.5_below_5.6
IE,IE062,Mid-East,beach,,15,13,osm:way/147532711,9,score_gate,score_5.4_below_5.6
IE,IE062,Mid-East,beach,,15,13,osm:way/143473921,Cock Lake,score_gate,score_4.9_below_5.6
IE,IE062,Mid-East,beach,,15,13,osm:relation/3209901,Nuns Beach,score_gate,score_4.8_below_5.6
IE,IE062,Mid-East,beach,,15,13,osm:way/135187908,The Cove,score_gate,score_4.8_below_5.6
IE,IE062,Mid-East,beach,,15,13,eea:IENBBWC040_0000_0100,Shelling Hill/templetown,score_gate,score_4.7_below_5.6
IE,IE062,Mid-East,beach,,15,13,osm:way/123449475,Coon Beach,score_gate,score_4.7_below_5.6
IE,IE062,Mid-East,beach,,15,13,osm:way/143473923,Haughtons Bridge,score_gate,score_4.5_below_5.6
IT,ITF43,Taranto,beach,,13,13,wd:Q33333914,Spiaggia Campomarino,photo_gate,imgs_0_strong_0
IT,ITF43,Taranto,beach,,13,13,osm:way/310725721,Spiaggia d'Ayala,photo_gate,imgs_0_strong_0
IT,ITF43,Taranto,beach,,13,13,wd:Q33327105,Lido Azzurro,score_gate,score_5.0_below_5.6
IT,ITF43,Taranto,beach,,13,13,wd:Q33337267,Spiaggia di Chiatona,score_gate,score_5.0_below_5.6
IT,ITF43,Taranto,beach,,13,13,wd:Q33344581,Spiaggia San Pietro in Bevagna,score_gate,score_5.0_below_5.6
IT,ITF43,Taranto,beach,,13,13,osm:way/473450526,Torre Colimena,score_gate,score_4.8_below_5.6
IT,ITF43,Taranto,beach,,13,13,eea:IT016073012008,Spiaggia Libera Hotel Dei Bizantini,score_gate,score_4.7_below_5.6
IT,ITF43,Taranto,beach,,13,13,osm:way/149573158,Baia di Porto Cupo,score_gate,score_4.5_below_5.6
NL,NL321,Kop van Noord-Holland,beach,,13,13,osm:node/4356511096,Strand Julianadorp,photo_gate,imgs_1_strong_1
NL,NL321,Kop van Noord-Holland,beach,,13,13,osm:way/1294578713,Paal 15,photo_gate,imgs_0_strong_0
NL,NL321,Kop van Noord-Holland,beach,,13,13,osm:way/90040769,'t Hondehemeltje,photo_gate,imgs_0_strong_0
NL,NL321,Kop van Noord-Holland,beach,,13,13,osm:way/1224646832,Strandslag Groote Keeten,score_gate,score_5.4_below_5.6
NL,NL321,Kop van Noord-Holland,beach,,13,13,eea:NLBW12_620001,De Leijen,score_gate,score_4.7_below_5.6
NL,NL321,Kop van Noord-Holland,beach,,13,13,eea:NLBW92_BROEKHVN,Recreatiepark Broekerhaven,score_gate,score_4.7_below_5.6
NL,NL321,Kop van Noord-Holland,beach,,13,13,eea:NLBW92_ENKHZRCATPKZ,Enkhuizerzand,score_gate,score_4.7_below_5.6
GB,TLE12,East Riding of Yorkshire,beach,,13,13,osm:way/1464186211,Withernsea Beach,score_gate,score_4.9_below_5.6
GB,TLE12,East Riding of Yorkshire,beach,,13,13,osm:way/38237319,Hornsea Sands,score_gate,score_4.6_below_5.6
GB,TLE12,East Riding of Yorkshire,beach,,13,13,osm:relation/1632579,Whitgift Sand,score_gate,score_4.6_below_5.6
GB,TLE12,East Riding of Yorkshire,beach,,13,13,osm:way/212710014,North Landing Beach,score_gate,score_3.9_below_5.6
GB,TLE12,East Riding of Yorkshire,beach,,13,13,osm:way/40783939,Thornwick Bay,score_gate,score_3.3_below_5.6
GB,TLH52,North and West Norfolk,beach,,14,13,wd:Q41271758,Holkham Beach,score_gate,score_5.0_below_5.6
GB,TLH52,North and West Norfolk,beach,,14,13,osm:relation/9807843,West Sands,score_gate,score_4.8_below_5.6
GB,TLH52,North and West Norfolk,beach,,14,13,osm:relation/9742449,Hunstanton Beach,score_gate,score_4.7_below_5.6
GB,TLH52,North and West Norfolk,beach,,14,13,osm:way/1254339463,Melton Constable,score_gate,score_4.3_below_5.6
GB,TLH52,North and West Norfolk,beach,,14,13,osm:way/704673222,Brancaster Beach,score_gate,score_4.1_below_5.6
GB,TLH52,North and West Norfolk,beach,,14,13,wd:Q24661128,Cart Gap,score_gate,score_3.8_below_5.6
GB,TLH52,North and West Norfolk,beach,,14,13,osm:way/1547006475,Blakeney Eye,score_gate,score_3.3_below_5.6
UA,UA-74538382B85800934600856,Kirovske,beach,,13,13,,,,
UA,UA-74538382B80563569865238,Nyzhniohirskyi,beach,,13,13,,,,
UA,UA-74538382B87091028068119,Dovzhansk,beach,,13,13,,,,
UA,UA-74538382B52948461958272,Balakavaskyi,beach,,13,13,,,,
GR,EL633,Ileia,beach,,12,12,wd:Q4692434,Aghios Andreas Beach,photo_gate,imgs_0_strong_0
GR,EL633,Ileia,beach,,12,12,osm:way/498304811,Kounoupelaki,photo_gate,imgs_0_strong_0
GR,EL633,Ileia,beach,,12,12,wd:Q53632570,Kourouta,photo_gate,imgs_0_strong_0
GR,EL633,Ileia,beach,,12,12,osm:way/435001357,Agia Marina Beach,score_gate,score_5.4_below_5.6
GR,EL633,Ileia,beach,,12,12,osm:way/121301729,Παραλία Λεβεντοχωρίου,score_gate,score_5.4_below_5.6
GR,EL633,Ileia,beach,,12,12,osm:way/232732720,Παραλια Αγιου Ηλια,score_gate,score_4.9_below_5.6
GR,EL633,Ileia,beach,,12,12,eea:ELBW019138015101,Kaiafas - Zacharo 2,score_gate,score_4.7_below_5.6
GR,EL633,Ileia,beach,,12,12,eea:ELBW019136007101,Kato Samiko,score_gate,score_4.7_below_5.6
GR,EL633,Ileia,beach,,12,12,osm:way/1089803718,"PHEIA, Vriniotis Resorts",score_gate,score_4.7_below_5.6
GR,EL633,Ileia,beach,,12,12,wd:Q53632560,Skafidia,score_gate,score_4.7_below_5.6
GR,EL633,Ileia,beach,,12,12,wd:Q53632584,Loutra Kyllinis 2,score_gate,score_4.7_below_5.6
GR,EL633,Ileia,beach,,12,12,eea:ELBW019138016101,Kaiafas - Zacharo 3,score_gate,score_4.7_below_5.6
GR,EL641,Voiotia,beach,,12,12,osm:way/501193363,Άγιος Νικόλαος,photo_gate,imgs_0_strong_0
GR,EL641,Voiotia,beach,,12,12,osm:node/9072772918,Παραλία Σαράντη,score_gate,score_4.7_below_5.6
GR,EL641,Voiotia,beach,,12,12,eea:ELBW079143031101,Agios Nikolaos,score_gate,score_4.7_below_5.6
GR,EL641,Voiotia,beach,,12,12,eea:ELBW079144040101,Alyki,score_gate,score_4.7_below_5.6
GR,EL641,Voiotia,beach,,12,12,eea:ELBW079143029101,Distomo,score_gate,score_4.7_below_5.6
GR,EL641,Voiotia,beach,,12,12,eea:ELBW079144170101,Agios Vasilios,score_gate,score_4.7_below_5.6
GR,EL641,Voiotia,beach,,12,12,osm:way/309026170,Άγιος Ισήδωρος,score_gate,score_4.5_below_5.6
EE,EE009,Kesk-Eesti,beach,,12,12,osm:way/380848036,Palgilõugas,photo_gate,imgs_0_strong_0
EE,EE009,Kesk-Eesti,beach,,12,12,osm:way/374718479,Viitna beach,photo_gate,imgs_1_strong_1
EE,EE009,Kesk-Eesti,beach,,12,12,osm:way/1121878077,Kunda beach,photo_gate,imgs_3_strong_3
EE,EE009,Kesk-Eesti,beach,,12,12,osm:way/25345751,Võsu Beach,photo_gate,imgs_0_strong_0
EE,EE009,Kesk-Eesti,beach,,12,12,osm:way/1132500770,Tarbja beach,photo_gate,imgs_0_strong_0
EE,EE009,Kesk-Eesti,beach,,12,12,osm:way/1184430349,Tarbja beach,photo_gate,imgs_0_strong_0
EE,EE009,Kesk-Eesti,beach,,12,12,osm:way/1181273220,Rava Lake Beach,photo_gate,imgs_1_strong_1
EE,EE009,Kesk-Eesti,beach,,12,12,osm:way/230488774,Järlepa beach,photo_gate,imgs_1_strong_1
EE,EE009,Kesk-Eesti,beach,,12,12,osm:way/423454044,Kalvi beach,photo_gate,imgs_0_strong_0
EE,EE009,Kesk-Eesti,beach,,12,12,osm:way/1031707047,Väinjärve beach,photo_gate,imgs_0_strong_0
EE,EE009,Kesk-Eesti,beach,,12,12,osm:way/1131264849,Türi beach,photo_gate,imgs_1_strong_1
EE,EE009,Kesk-Eesti,beach,,12,12,osm:way/1098566229,Pirgu beach,photo_gate,imgs_0_strong_0
ES,ES617,Málaga,beach,,15,12,wd:Q6079251,Playa del Guadalhorce,photo_gate,imgs_3_strong_2
ES,ES617,Málaga,beach,,15,12,wd:Q6078775,Playa de la Caleta,photo_gate,imgs_4_strong_4
ES,ES617,Málaga,beach,,15,12,wd:Q2919773,Playa de El Palo,photo_gate,imgs_0_strong_0
ES,ES617,Málaga,beach,,15,12,wd:Q6078784,Playa de la Carihuela,photo_gate,imgs_0_strong_0
ES,ES617,Málaga,beach,,15,12,wd:Q6079043,Playa de Torre del Mar,photo_gate,imgs_0_strong_0
ES,ES617,Málaga,beach,,15,12,wd:Q27237732,Cala del Cañuelo,photo_gate,imgs_0_strong_0
ES,ES617,Málaga,beach,,15,12,wd:Q24023551,Playa Fontanilla,photo_gate,imgs_0_strong_0
ES,ES617,Málaga,beach,,15,12,wd:Q6079134,Playa de la Misericordia,photo_gate,imgs_0_strong_0
ES,ES617,Málaga,beach,,15,12,wd:Q6079046,Playa de Torreblanca,photo_gate,imgs_0_strong_0
ES,ES617,Málaga,beach,,15,12,wd:Q6078869,Los Boliches Beach,photo_gate,imgs_0_strong_0
ES,ES617,Málaga,beach,,15,12,wd:Q131745235,Playa de San Pedro Alcántara,photo_gate,imgs_0_strong_0
ES,ES617,Málaga,beach,,15,12,wd:Q131745317,Playa del Cable,photo_gate,imgs_0_strong_0
ES,ES705,Gran Canaria,beach,,14,12,wd:Q3401030,Pozo Izquierdo,photo_gate,imgs_0_strong_0
ES,ES705,Gran Canaria,beach,,14,12,wd:Q65460824,Meloneras,photo_gate,imgs_0_strong_0
ES,ES705,Gran Canaria,beach,,14,12,wd:Q24019000,San Agustín,photo_gate,imgs_0_strong_0
ES,ES705,Gran Canaria,beach,,14,12,wd:Q122541685,Playa de la Garita,photo_gate,imgs_0_strong_0
ES,ES705,Gran Canaria,beach,,14,12,wd:Q28120949,Maspalomas beach,photo_gate,imgs_0_strong_0
ES,ES705,Gran Canaria,beach,,14,12,wd:Q11752910,Alcavaneras,photo_gate,imgs_0_strong_0
ES,ES705,Gran Canaria,beach,,14,12,wd:Q5821550,El Confital,photo_gate,imgs_0_strong_0
ES,ES705,Gran Canaria,beach,,14,12,wd:Q6079064,Playa de Vagabundos,photo_gate,imgs_0_strong_0
ES,ES705,Gran Canaria,beach,,14,12,wd:Q6079256,Playa del Hombre,score_gate,score_5.5_below_5.6
ES,ES705,Gran Canaria,beach,,14,12,wd:Q6078712,El Burrero,score_gate,score_5.5_below_5.6
ES,ES705,Gran Canaria,beach,,14,12,wd:Q6106340,Güigüi,score_gate,score_5.5_below_5.6
ES,ES705,Gran Canaria,beach,,14,12,wd:Q28120991,Melenara,score_gate,score_5.3_below_5.6
ME,ME000,Crna Gora,beach,,21,12,osm:node/12119721102,Šćepan Polje,score_gate,score_3.4_below_5.6
ME,ME000,Crna Gora,beach,,21,12,osm:way/128450964,Plavi horizonti,photo_gate,imgs_3_strong_1
ME,ME000,Crna Gora,beach,,21,12,osm:way/156809745,Buljarica,photo_gate,imgs_2_strong_2
ME,ME000,Crna Gora,beach,,21,12,wd:Q130272321,Lučice Beach,photo_gate,imgs_4_strong_0
ME,ME000,Crna Gora,beach,,21,12,osm:way/374848799,Plaža Rijeka Marsenića,photo_gate,imgs_1_strong_1
ME,ME000,Crna Gora,beach,,21,12,wd:Q5659361,Velika Plaža,photo_gate,imgs_1_strong_1
ME,ME000,Crna Gora,beach,,21,12,osm:way/984851225,Црвене Стене,photo_gate,imgs_0_strong_0
ME,ME000,Crna Gora,beach,,21,12,osm:way/1436750020,Jaz nude beach,photo_gate,imgs_0_strong_0
ME,ME000,Crna Gora,beach,,21,12,osm:way/440018552,Zagorski Pijesak,photo_gate,imgs_1_strong_0
ME,ME000,Crna Gora,beach,,21,12,osm:way/252349862,Kalardovo,photo_gate,imgs_0_strong_0
ME,ME000,Crna Gora,beach,,21,12,osm:way/56213868,Kamenovo,photo_gate,imgs_3_strong_3
ME,ME000,Crna Gora,beach,,21,12,osm:way/239875699,Maljevik Beach,photo_gate,imgs_0_strong_0
IT,ITH56,Ferrara,beach,,12,12,wd:Q1902951,Lido degli Scacchi,photo_gate,imgs_0_strong_0
IT,ITH56,Ferrara,beach,,12,12,osm:way/25330368,Spiaggia del Lido degli Estensi,photo_gate,imgs_0_strong_0
IT,ITH56,Ferrara,beach,,12,12,wd:Q1121290,Lido di Pomposa,photo_gate,imgs_1_strong_1
IT,ITH56,Ferrara,beach,,12,12,osm:way/1426046504,Bagno Pinguino,score_gate,score_4.6_below_5.6
IT,ITG19,Siracusa,beach,,16,12,osm:way/292768233,Spiaggia Isola delle Correnti,photo_gate,imgs_0_strong_0
IT,ITG19,Siracusa,beach,,16,12,wd:Q33343180,Spiaggia Lido di Noto,photo_gate,imgs_0_strong_0
IT,ITG19,Siracusa,beach,,16,12,wd:Q33333614,Spiaggia Arenella,photo_gate,imgs_0_strong_0
IT,ITG19,Siracusa,beach,,16,12,wd:Q33342559,Spiaggia Granelli,photo_gate,imgs_0_strong_0
IT,ITG19,Siracusa,beach,,16,12,wd:Q33342292,Spiaggia Fontane Bianche,photo_gate,imgs_0_strong_0
IT,ITG19,Siracusa,beach,,16,12,osm:way/702569347,Varco 23,score_gate,score_5.5_below_5.6
IT,ITG19,Siracusa,beach,,16,12,eea:IT019089020003,Guardiana-captain Camping,score_gate,score_5.4_below_5.6
IT,ITG19,Siracusa,beach,,16,12,osm:way/289908832,Spiaggia del Minareto,score_gate,score_5.3_below_5.6
IT,ITG19,Siracusa,beach,,16,12,osm:way/891301681,Spiaggia Scogli Bianchi,score_gate,score_5.3_below_5.6
IT,ITG19,Siracusa,beach,,16,12,wd:Q33325844,Cala Mosche,score_gate,score_5.0_below_5.6
IT,ITG19,Siracusa,beach,,16,12,wd:Q33344536,Spiaggia San Lorenzo,score_gate,score_5.0_below_5.6
IT,ITG19,Siracusa,beach,,16,12,wd:Q33344265,Spiaggia Reitani,score_gate,score_5.0_below_5.6
RO,RO225,Tulcea,beach,,12,12,osm:way/449367297,Plaja Ciuperca,photo_gate,imgs_0_strong_0
RO,RO225,Tulcea,beach,,12,12,osm:way/88004297,Plaja Sfântu Gheorghe,photo_gate,imgs_0_strong_0
RO,RO225,Tulcea,beach,,12,12,osm:way/301537560,Sulina Beach,photo_gate,imgs_1_strong_1
RO,RO225,Tulcea,beach,,12,12,osm:way/1411873266,Ceatal Ismail,score_gate,score_4.8_below_5.6
RO,RO225,Tulcea,beach,,12,12,osm:way/1106404603,Manej,score_gate,score_4.6_below_5.6
RO,RO225,Tulcea,beach,,12,12,wd:Q56008278,Sfântu Gheorghe Beach,score_gate,score_4.2_below_5.6
TR,TR821,Kastamonu,beach,,12,12,,,,
TR,TR211,Tekirdağ,beach,,12,12,,,,
TR,TR411,Bursa,beach,,12,12,,,,
GB,TLH36,Heart of Essex,beach,,12,12,osm:way/160450497,The Stone,score_gate,score_4.5_below_5.6
GB,TLH36,Heart of Essex,beach,,12,12,osm:way/102589258,The Hythe,score_gate,score_4.3_below_5.6
UA,UA-74538382B42205538030067,Novotroitske,beach,,12,12,,,,
ES,ES112,Lugo,beach,,11,11,wd:Q2561808,As Catedrais beach,photo_gate,imgs_3_strong_3
ES,ES112,Lugo,beach,,11,11,wd:Q6078571,Beach of Area,photo_gate,imgs_3_strong_3
ES,ES112,Lugo,beach,,11,11,osm:way/55943250,Praia de Arealonga,photo_gate,imgs_0_strong_0
ES,ES112,Lugo,beach,,11,11,wd:Q6078685,Beach of Covas,photo_gate,imgs_0_strong_0
ES,ES112,Lugo,beach,,11,11,wd:Q12398081,"Beach of Esteiro, Ribadeo",photo_gate,imgs_0_strong_0
ES,ES112,Lugo,beach,,11,11,wd:Q28122244,Praia de Arealonga,photo_gate,imgs_0_strong_0
ES,ES112,Lugo,beach,,11,11,wd:Q9060688,Llas,photo_gate,imgs_0_strong_0
ES,ES112,Lugo,beach,,11,11,wd:Q24359879,Beach of Lóngara,photo_gate,imgs_0_strong_0
ES,ES112,Lugo,beach,,11,11,wd:Q28122238,"Beach of Esteiro, Xuances",photo_gate,imgs_0_strong_0
ES,ES112,Lugo,beach,,11,11,wd:Q24002936,Praia Area Longa,photo_gate,imgs_0_strong_0
ES,ES112,Lugo,beach,,11,11,wd:Q23996028,Praia de Lago,photo_gate,imgs_0_strong_0
GR,EL632,Achaia,beach,,12,11,wd:Q55885891,Gianiskari beach,photo_gate,imgs_1_strong_1
GR,EL632,Achaia,beach,,12,11,wd:Q53629297,Tigania Achaias,photo_gate,imgs_0_strong_0
GR,EL632,Achaia,beach,,12,11,osm:way/367051108,Sandhill,score_gate,score_5.5_below_5.6
GR,EL632,Achaia,beach,,12,11,eea:ELBW029130003101,Aigio,score_gate,score_5.4_below_5.6
GR,EL632,Achaia,beach,,12,11,wd:Q53632391,Alyki,score_gate,score_5.4_below_5.6
GR,EL632,Achaia,beach,,12,11,osm:way/750092119,Άκολη,score_gate,score_5.3_below_5.6
GR,EL632,Achaia,beach,,12,11,osm:way/541391784,Νικολαίικα,score_gate,score_5.3_below_5.6
GR,EL632,Achaia,beach,,12,11,osm:way/497716086,Τρυπιά,score_gate,score_5.1_below_5.6
GR,EL632,Achaia,beach,,12,11,osm:way/151542457,Plaz,score_gate,score_5.0_below_5.6
GR,EL632,Achaia,beach,,12,11,wd:Q25171522,Lakopetra Beach,score_gate,score_5.0_below_5.6
GR,EL632,Achaia,beach,,12,11,osm:way/753410712,Παραλία Εγκάλη,score_gate,score_4.9_below_5.6
DK,DK011,Byen København,beach,,12,11,wd:Q3966675,Svanemølle Beach,photo_gate,imgs_3_strong_3
DK,DK011,Byen København,beach,,12,11,osm:way/569796913,Havnevigen,photo_gate,imgs_2_strong_1
DK,DK011,Byen København,beach,,12,11,osm:relation/16216356,Kastrup Søbad,photo_gate,imgs_0_strong_0
DK,DK011,Byen København,beach,,12,11,eea:DKBW1904,Stranden Ved Valbyparken,score_gate,score_5.4_below_5.6
DK,DK011,Byen København,beach,,12,11,wd:Q23754180,Copencabana,score_gate,score_5.1_below_5.6
DK,DK011,Byen København,beach,,12,11,osm:way/443061410,Halfdansgade Badezone,score_gate,score_4.9_below_5.6
DK,DK011,Byen København,beach,,12,11,osm:way/690828339,Søndre Refshalebassin Badezone,score_gate,score_4.8_below_5.6
DK,DK011,Byen København,beach,,12,11,osm:way/1308856865,Badezone Byskoven,score_gate,score_4.7_below_5.6
DK,DK011,Byen København,beach,,12,11,osm:node/9945685341,Kalvebod Bastion,score_gate,score_4.7_below_5.6
DK,DK011,Byen København,beach,,12,11,osm:way/1074338181,Badezone Teglholm Brygge,score_gate,score_4.7_below_5.6
DK,DK011,Byen København,beach,,12,11,eea:DKBW1525,Islands Brygge Havnebad,score_gate,score_4.7_below_5.6
FR,FRE12,Pas-de-Calais,beach,,11,11,wd:Q85316726,Cran-aux-Oeufs,photo_gate,imgs_1_strong_1
FR,FRE12,Pas-de-Calais,beach,,11,11,osm:way/1055531744,Plage Naturiste,score_gate,score_5.3_below_5.6
FR,FRE12,Pas-de-Calais,beach,,11,11,wd:Q123397687,Cran Poulet,score_gate,score_5.1_below_5.6
FR,FRE12,Pas-de-Calais,beach,,11,11,osm:way/944686862,Plage d'Audresselles,score_gate,score_4.9_below_5.6
FR,FRE12,Pas-de-Calais,beach,,11,11,osm:way/132196447,Berck Plage,score_gate,score_4.8_below_5.6
FR,FRE12,Pas-de-Calais,beach,,11,11,osm:node/1723311454,Dunes du Chatelet,score_gate,score_4.7_below_5.6
FR,FRE12,Pas-de-Calais,beach,,11,11,osm:node/9428994723,Crique de la Crevasse,score_gate,score_4.2_below_5.6
FR,FRE12,Pas-de-Calais,beach,,11,11,wd:Q49322820,plage Saint-Gabriel,score_gate,score_3.9_below_5.6
FR,FRE12,Pas-de-Calais,beach,,11,11,wd:Q128920291,plage de Boulogne-sur-Mer,score_gate,score_3.0_below_5.6
FR,FRJ15,Pyrénées-Orientales,beach,,11,11,wd:Q49322567,plage de Bernardi,photo_gate,imgs_0_strong_0
FR,FRJ15,Pyrénées-Orientales,beach,,11,11,osm:way/1389766894,Plage de la Marenda,photo_gate,imgs_0_strong_0
FR,FRJ15,Pyrénées-Orientales,beach,,11,11,wd:Q49322658,Ansa de Polilles,photo_gate,imgs_0_strong_0
FR,FRJ15,Pyrénées-Orientales,beach,,11,11,wd:Q49322838,Platja de Perafita,photo_gate,imgs_0_strong_0
FR,FRJ15,Pyrénées-Orientales,beach,,11,11,wd:Q36379264,Platja dels Pins,score_gate,score_5.5_below_5.6
FR,FRJ15,Pyrénées-Orientales,beach,,11,11,wd:Q123180770,Racou beach,score_gate,score_5.5_below_5.6
FR,FRJ15,Pyrénées-Orientales,beach,,11,11,osm:way/169265633,Crique de Peyrefite,score_gate,score_5.5_below_5.6
FR,FRJ15,Pyrénées-Orientales,beach,,11,11,osm:way/297892646,Plage sud,score_gate,score_5.5_below_5.6
FR,FRJ15,Pyrénées-Orientales,beach,,11,11,osm:way/1389754750,Plage centre,score_gate,score_5.5_below_5.6
FR,FRJ15,Pyrénées-Orientales,beach,,11,11,osm:way/1389758219,Plage du Tamariguer,score_gate,score_5.5_below_5.6
FR,FRJ15,Pyrénées-Orientales,beach,,11,11,osm:node/11869774631,Plage naturiste du Bocal du Tech,score_gate,score_5.4_below_5.6
IT,ITG2F,Cagliari,beach,,12,11,wd:Q33341204,Spiaggia di Solanas,photo_gate,imgs_1_strong_1
IT,ITG2F,Cagliari,beach,,12,11,wd:Q33338918,Spiaggia di Marongiu,photo_gate,imgs_0_strong_0
IT,ITG2F,Cagliari,beach,,12,11,wd:Q3650053,Spiaggia di Calamosca,photo_gate,imgs_1_strong_1
IT,ITG2F,Cagliari,beach,,12,11,wd:Q33337979,Spiaggia di Genn'e Mari,photo_gate,imgs_0_strong_0
IT,ITG2F,Cagliari,beach,,12,11,wd:Q33335941,Spiaggia di Baccu Mandara,photo_gate,imgs_0_strong_0
IT,ITG2F,Cagliari,beach,,12,11,wd:Q33338715,Spiaggia di Mari Pintau,photo_gate,imgs_1_strong_1
IT,ITG2F,Cagliari,beach,,12,11,wd:Q33338787,Spiaggia di Marina di Capitana,photo_gate,imgs_0_strong_0
IT,ITG2F,Cagliari,beach,,12,11,wd:Q33339799,Spiaggia di Porto Columbu,score_gate,score_5.5_below_5.6
IT,ITG2F,Cagliari,beach,,12,11,osm:way/142027862,Cann'e Sisa,score_gate,score_5.5_below_5.6
IT,ITG2F,Cagliari,beach,,12,11,osm:way/277186587,Stabilimento balneare Aeronautica,score_gate,score_5.4_below_5.6
IT,ITG2F,Cagliari,beach,,12,11,osm:way/1508809521,Il Lido,score_gate,score_5.2_below_5.6
NO,NO0B1,Jan Mayen,beach,,11,11,wd:Q31866805,Haugenstranda,score_gate,score_4.0_below_5.6
NO,NO0B1,Jan Mayen,beach,,11,11,wd:Q31866936,Helenesanden,score_gate,score_4.0_below_5.6
GB,TLH63,East Suffolk,beach,,11,11,wd:Q2029730,Orford Ness,photo_gate,imgs_3_strong_3
GB,TLH63,East Suffolk,beach,,11,11,osm:relation/911435,Orford Beach,score_gate,score_5.3_below_5.6
GB,TLH63,East Suffolk,beach,,11,11,osm:way/242872915,Southwold,score_gate,score_4.9_below_5.6
GB,TLH63,East Suffolk,beach,,11,11,osm:way/850601230,Simpson's Saltings,score_gate,score_4.4_below_5.6
GB,TLH63,East Suffolk,beach,,11,11,osm:way/387889433,Town Salts,score_gate,score_4.4_below_5.6
GB,TLH63,East Suffolk,beach,,11,11,wd:Q136419035,Felixstowe Beach,score_gate,score_4.2_below_5.6
GB,TLH63,East Suffolk,beach,,11,11,wd:Q124642827,Dunwich Beach,score_gate,score_3.4_below_5.6
GB,TLH63,East Suffolk,beach,,11,11,wd:Q124643121,Covehithe Beach,score_gate,score_3.4_below_5.6
GB,TLH63,East Suffolk,beach,,11,11,osm:way/724633892,Leiston,score_gate,score_3.4_below_5.6
GB,TLH63,East Suffolk,beach,,11,11,osm:way/849189380,The Rods,score_gate,score_3.4_below_5.6
GB,TLJ44,East Kent,beach,,11,11,wd:Q55099110,Sandwich and Pegwell Bay,photo_gate,imgs_3_strong_3
GB,TLJ44,East Kent,beach,,11,11,wd:Q24677169,Denge Beach,score_gate,score_4.9_below_5.6
GB,TLJ44,East Kent,beach,,11,11,osm:way/93661996,Ramsgate Sands,score_gate,score_4.8_below_5.6
GB,TLJ44,East Kent,beach,,11,11,osm:way/838298090,Seabrook Beach,score_gate,score_4.4_below_5.6
GB,TLJ44,East Kent,beach,,11,11,osm:way/894569692,Greatstone beach,score_gate,score_4.3_below_5.6
GB,TLJ44,East Kent,beach,,11,11,osm:way/838298091,Sandgate Beach,score_gate,score_4.3_below_5.6
GB,TLJ44,East Kent,beach,,11,11,osm:way/141790424,Ramsgate Western Undercliffe,score_gate,score_4.2_below_5.6
GB,TLJ44,East Kent,beach,,11,11,osm:way/575235542,Mermaid Beach,score_gate,score_4.0_below_5.6
GB,TLJ44,East Kent,beach,,11,11,osm:way/1193399893,Sandgate Beach,score_gate,score_4.0_below_5.6
GB,TLJ44,East Kent,beach,,11,11,osm:way/93759706,Herne Bay Beach,score_gate,score_3.6_below_5.6
GB,TLJ44,East Kent,beach,,11,11,osm:node/5658513387,Abbot's Cliff Beach,score_gate,score_3.4_below_5.6
UA,UA-74538382B72550121130033,Ochakiv,beach,,11,11,,,,
DK,DK021,Østsjælland,beach,,11,10,osm:way/237001620,Solrød Strand,photo_gate,imgs_1_strong_1
DK,DK021,Østsjælland,beach,,11,10,osm:way/173297437,Vigen Strandpark,photo_gate,imgs_0_strong_0
DK,DK021,Østsjælland,beach,,11,10,osm:way/237000886,Trylleskoven strand,photo_gate,imgs_0_strong_0
DK,DK021,Østsjælland,beach,,11,10,osm:way/1238127006,Elnæs Bakke,photo_gate,imgs_0_strong_0
DK,DK021,Østsjælland,beach,,11,10,osm:way/173298552,Herslev Strand,score_gate,score_5.5_below_5.6
DK,DK021,Østsjælland,beach,,11,10,eea:DKBW1641,Lyngager Sø,score_gate,score_4.7_below_5.6
DK,DK021,Østsjælland,beach,,11,10,eea:DKBW1895,Flæng Sø,score_gate,score_4.7_below_5.6
DK,DK021,Østsjælland,beach,,11,10,eea:DKBW143,Kattinge Vig,score_gate,score_4.7_below_5.6
DK,DK021,Østsjælland,beach,,11,10,eea:DKBW1928,Idrætssøen,score_gate,score_4.7_below_5.6
DK,DK021,Østsjælland,beach,,11,10,eea:DKBW1086,Grusgravsø Ved Dyndet,score_gate,score_4.7_below_5.6
ES,ES707,La Palma,beach,,10,10,wd:Q6078591,Playa de Bajamar,score_gate,score_5.5_below_5.6
ES,ES707,La Palma,beach,,10,10,wd:Q24023668,Puerto Naos beach,score_gate,score_5.0_below_5.6
ES,ES707,La Palma,beach,,10,10,wd:Q113631336,El Puerto beach,score_gate,score_4.9_below_5.6
ES,ES708,Lanzarote,beach,,12,10,wd:Q6078843,Playa de las Conchas,photo_gate,imgs_0_strong_0
ES,ES708,Lanzarote,beach,,12,10,wd:Q23982862,Playa de los Pocillos,photo_gate,imgs_0_strong_0
ES,ES708,Lanzarote,beach,,12,10,wd:Q23984097,Playa de Matagorda,photo_gate,imgs_0_strong_0
ES,ES708,Lanzarote,beach,,12,10,wd:Q28117061,La Garita,photo_gate,imgs_0_strong_0
ES,ES708,Lanzarote,beach,,12,10,wd:Q28117612,Famara,photo_gate,imgs_0_strong_0
ES,ES708,Lanzarote,beach,,12,10,wd:Q24023699,Honda,photo_gate,imgs_0_strong_0
ES,ES708,Lanzarote,beach,,12,10,wd:Q5640769,Caletón Blanco,photo_gate,imgs_0_strong_0
ES,ES708,Lanzarote,beach,,12,10,wd:Q24023407,Playa del Reducto,photo_gate,imgs_0_strong_0
ES,ES708,Lanzarote,beach,,12,10,wd:Q28116091,Paso,score_gate,score_5.5_below_5.6
ES,ES708,Lanzarote,beach,,12,10,wd:Q28117940,El Jablillo,score_gate,score_5.3_below_5.6
IT,ITH42,Udine,beach,,10,10,wd:Q33338519,Spiaggia di Lignano Sabbiadoro,photo_gate,imgs_0_strong_0
IT,ITH42,Udine,beach,,10,10,eea:IT006030137002,Fiume Tagliamento - Localita' Cornino Cimano,score_gate,score_5.4_below_5.6
IT,ITH42,Udine,beach,,10,10,wd:Q33338501,Spiaggia di Lignano Pineta,score_gate,score_5.0_below_5.6
IT,ITH42,Udine,beach,,10,10,osm:way/1083889307,Spiaggia libera,score_gate,score_4.8_below_5.6
IT,ITH42,Udine,beach,,10,10,eea:IT006030137001,Torrente Arzino - Localita Ponte Dell'armistizio,score_gate,score_4.7_below_5.6
IT,ITH42,Udine,beach,,10,10,eea:IT006030003001,Lago Di Sauris - Localita' Est Rio Storto,score_gate,score_4.7_below_5.6
IT,ITH42,Udine,beach,,10,10,osm:relation/17687773,Ex-valico Stupizza/Robič,score_gate,score_5.5_below_5.6
IT,ITC33,Genova,beach,,11,10,osm:way/23798284,Spiaggia Bosetti,photo_gate,imgs_0_strong_0
IT,ITC33,Genova,beach,,11,10,osm:way/1204453538,Bagni Fiore,photo_gate,imgs_0_strong_0
IT,ITC33,Genova,beach,,11,10,wd:Q33340335,Spiaggia di Rapallo,photo_gate,imgs_0_strong_0
IT,ITC33,Genova,beach,,11,10,osm:way/326524754,Zoagli,photo_gate,imgs_0_strong_0
IT,ITC33,Genova,beach,,11,10,osm:way/26348034,Golfo Paradiso,photo_gate,imgs_0_strong_0
IT,ITC33,Genova,beach,,11,10,osm:way/61401032,Spiaggia Libera,photo_gate,imgs_0_strong_0
IT,ITC33,Genova,beach,,11,10,osm:way/1204453536,Spiaggia Eight,photo_gate,imgs_0_strong_0
IT,ITC33,Genova,beach,,11,10,osm:way/1204453533,Puntapedale Beach,photo_gate,imgs_0_strong_0
IT,ITC33,Genova,beach,,11,10,osm:way/175464799,Bagni Margherita,photo_gate,imgs_0_strong_0
IT,ITC33,Genova,beach,,11,10,osm:way/300273314,Cala dei Genovesi,photo_gate,imgs_0_strong_0
IT,ITF62,Crotone,beach,,10,10,wd:Q33338429,Spiaggia di Le Cannella,photo_gate,imgs_0_strong_0
IT,ITF62,Crotone,beach,,10,10,osm:way/150812629,Parco Samà,score_gate,score_5.5_below_5.6
IT,ITF62,Crotone,beach,,10,10,wd:Q33340098,Spiaggia di Praialonga,score_gate,score_5.0_below_5.6
IT,ITF62,Crotone,beach,,10,10,wd:Q33338447,Spiaggia di Le Castella,score_gate,score_4.9_below_5.6
NL,NL115,Overig Groningen,beach,,10,10,eea:NLBW34_2004,"Suyderoogh, Lauwersoog",photo_gate,imgs_0_strong_0
NL,NL115,Overig Groningen,beach,,10,10,osm:way/99150401,Meerwijck Beach,photo_gate,imgs_0_strong_0
NL,NL115,Overig Groningen,beach,,10,10,eea:NLBW34_5008,"Paterswoldsemeer De Lijte, Haren",score_gate,score_5.4_below_5.6
NL,NL115,Overig Groningen,beach,,10,10,eea:NLBW34_2002,"Lauwersmeer, Strand Lepelaar",score_gate,score_4.7_below_5.6
NL,NL115,Overig Groningen,beach,,10,10,eea:NLBW34_2007,"Lauwersmeer, Strand Brilduiker",score_gate,score_4.7_below_5.6
TR,TR811,Zonguldak,beach,,10,10,,,,
TR,TR901,Trabzon,beach,,10,10,,,,
TR,TR902,Ordu,beach,,10,10,,,,
TR,TR425,Yalova,beach,,10,10,,,,
GB,TLF30,Lincolnshire CC,beach,,10,10,osm:way/192094211,Cottage on the Course,score_gate,score_5.1_below_5.6
GB,TLF30,Lincolnshire CC,beach,,10,10,osm:way/179990538,Paul's Bridge,score_gate,score_4.3_below_5.6
GB,TLF30,Lincolnshire CC,beach,,10,10,osm:way/142660158,The Rough,score_gate,score_4.1_below_5.6
GB,TLJ27,West Sussex (South West),beach,,11,10,wd:Q65062422,East Beach,score_gate,score_5.4_below_5.6
GB,TLJ27,West Sussex (South West),beach,,11,10,osm:way/1169397243,Medmerry Beach,score_gate,score_5.1_below_5.6
GB,TLJ27,West Sussex (South West),beach,,11,10,osm:relation/13259895,The Spit,score_gate,score_4.7_below_5.6
GB,TLJ27,West Sussex (South West),beach,,11,10,osm:relation/13259876,East Head,score_gate,score_4.4_below_5.6
GB,TLJ27,West Sussex (South West),beach,,11,10,osm:way/666688301,Kingston Gorse,score_gate,score_4.4_below_5.6
GB,TLJ27,West Sussex (South West),beach,,11,10,osm:way/973140282,Bosham Foreshore,score_gate,score_4.1_below_5.6
GB,TLJ27,West Sussex (South West),beach,,11,10,osm:way/1175847416,Cobnor Point,score_gate,score_4.1_below_5.6
GB,TLJ27,West Sussex (South West),beach,,11,10,osm:way/55280980,Prinsted Point,score_gate,score_4.1_below_5.6
GB,TLJ27,West Sussex (South West),beach,,11,10,osm:way/666686160,Worthing Beach,score_gate,score_3.6_below_5.6
GB,TLJ27,West Sussex (South West),beach,,11,10,osm:way/666686168,Worthing,score_gate,score_3.6_below_5.6
GB,TLJ43,Kent Thames Gateway,beach,,10,10,osm:way/168472207,Shellness Beach,score_gate,score_4.5_below_5.6
GB,TLJ43,Kent Thames Gateway,beach,,10,10,osm:way/512655821,Jacob's Bank,score_gate,score_4.5_below_5.6
GB,TLJ43,Kent Thames Gateway,beach,,10,10,osm:way/987466338,Northfleet Beach,score_gate,score_4.2_below_5.6
GB,TLJ43,Kent Thames Gateway,beach,,10,10,osm:way/1240473861,Marine Town,score_gate,score_3.8_below_5.6
GB,TLJ43,Kent Thames Gateway,beach,,10,10,osm:way/988582036,Anchor Cove,score_gate,score_3.4_below_5.6
UA,UA-74538382B36897928857836,Kalanchak,beach,,10,10,,,,
UA,UA-74538382B54958880930265,Ovidiopol,beach,,10,10,,,,
DK,DK014,Bornholm,beach,,10,9,wd:Q23753274,Hullehavn,photo_gate,imgs_0_strong_0
DK,DK014,Bornholm,beach,,10,9,osm:way/1091150008,Campanella,score_gate,score_5.4_below_5.6
DK,DK014,Bornholm,beach,,10,9,osm:way/96792130,Osand Bugt,score_gate,score_5.4_below_5.6
DK,DK014,Bornholm,beach,,10,9,eea:DKBW337,Balka Strand,score_gate,score_4.7_below_5.6
DK,DK014,Bornholm,beach,,10,9,wd:Q107118414,Falkebrøn,score_gate,score_4.7_below_5.6
DK,DK014,Bornholm,beach,,10,9,wd:Q107118567,Ålhammer Bugt,score_gate,score_4.7_below_5.6
DK,DK014,Bornholm,beach,,10,9,wd:Q107118648,Jomfrugård,score_gate,score_4.7_below_5.6
DK,DK014,Bornholm,beach,,10,9,wd:Q107118664,Dueodde Beach,score_gate,score_4.7_below_5.6
DK,DK014,Bornholm,beach,,10,9,eea:DKBW354,Onsbæk,score_gate,score_4.7_below_5.6
DE,DEF0B,Rendsburg-Eckernförde,beach,,9,9,osm:way/258116241,Jellenbek,photo_gate,imgs_0_strong_0
DE,DEF0B,Rendsburg-Eckernförde,beach,,9,9,osm:way/405669731,Fischerberg,score_gate,score_5.3_below_5.6
DE,DEF0B,Rendsburg-Eckernförde,beach,,9,9,osm:way/1175893659,Badestelle Warder,score_gate,score_4.7_below_5.6
DE,DEF0B,Rendsburg-Eckernförde,beach,,9,9,osm:way/1230726397,Habyer Straße,score_gate,score_4.7_below_5.6
GR,EL306,Dytiki Attiki,beach,,9,9,osm:way/362625254,Πόρτο Γερμενό,score_gate,score_5.5_below_5.6
GR,EL306,Dytiki Attiki,beach,,9,9,osm:way/100003490,Kineta's Beach,score_gate,score_5.5_below_5.6
GR,EL306,Dytiki Attiki,beach,,9,9,osm:way/362625397,Παραλία Πόρτο Γερμενό 2,score_gate,score_5.0_below_5.6
GR,EL306,Dytiki Attiki,beach,,9,9,osm:way/902129580,Αλεποχώρι,score_gate,score_4.9_below_5.6
GR,EL306,Dytiki Attiki,beach,,9,9,osm:way/501198603,Προσήλι,score_gate,score_4.8_below_5.6
GR,EL306,Dytiki Attiki,beach,,9,9,eea:ELBW069231070101,Aigiroysa,score_gate,score_4.7_below_5.6
GR,EL306,Dytiki Attiki,beach,,9,9,osm:way/294123442,Psatha,score_gate,score_4.7_below_5.6
GR,EL306,Dytiki Attiki,beach,,9,9,osm:way/966483895,La Isla,score_gate,score_4.5_below_5.6
ES,ES523,Valencia/València,beach,,12,9,wd:Q9060721,Sant Antoni,photo_gate,imgs_0_strong_0
ES,ES523,Valencia/València,beach,,12,9,wd:Q6079107,Devesa del Saler beach,photo_gate,imgs_0_strong_0
ES,ES523,Valencia/València,beach,,12,9,wd:Q2879303,Playa de Almardá,photo_gate,imgs_2_strong_2
ES,ES523,Valencia/València,beach,,12,9,wd:Q28121733,Xeraco,photo_gate,imgs_0_strong_0
ES,ES523,Valencia/València,beach,,12,9,wd:Q9060712,"Pinedo Beach, Valencia",photo_gate,imgs_0_strong_0
ES,ES523,Valencia/València,beach,,12,9,wd:Q23986278,Playa Nort de Gandía,photo_gate,imgs_0_strong_0
ES,ES523,Valencia/València,beach,,12,9,osm:way/153218888,Platja de l'Illa,photo_gate,imgs_0_strong_0
ES,ES523,Valencia/València,beach,,12,9,wd:Q28121704,La Pobla de Farnals,photo_gate,imgs_0_strong_0
ES,ES523,Valencia/València,beach,,12,9,wd:Q105888708,Playa del Saler,photo_gate,imgs_0_strong_0
IT,ITF63,Catanzaro,beach,,9,9,wd:Q33336254,Spiaggia di Cafarone,score_gate,score_5.0_below_5.6
IT,ITF63,Catanzaro,beach,,9,9,wd:Q33338899,Spiaggia di Maringoli,score_gate,score_5.0_below_5.6
IT,ITF44,Brindisi,beach,,9,9,osm:way/711280536,Campo di Mare,photo_gate,imgs_0_strong_0
IT,ITF44,Brindisi,beach,,9,9,osm:way/464300554,Libo Sabbia D'Oro,photo_gate,imgs_0_strong_0
IT,ITF44,Brindisi,beach,,9,9,wd:Q33333750,Spiaggia Betlemme,photo_gate,imgs_0_strong_0
IT,ITF44,Brindisi,beach,,9,9,osm:way/371484129,Spiaggia di Penna Grossa,photo_gate,imgs_0_strong_0
IT,ITF44,Brindisi,beach,,9,9,osm:way/520574031,Spiaggia di Pilone 1,photo_gate,imgs_0_strong_0
IT,ITF44,Brindisi,beach,,9,9,wd:Q33344372,Spiaggia Rosa Marina,score_gate,score_5.4_below_5.6
IT,ITF44,Brindisi,beach,,9,9,osm:way/1044511872,Lido del Carabiniere,score_gate,score_5.4_below_5.6
IT,ITF44,Brindisi,beach,,9,9,osm:way/1185637207,Lido Oasis,score_gate,score_5.3_below_5.6
IT,ITF44,Brindisi,beach,,9,9,osm:way/1312062890,Spiaggia di Monticelli,score_gate,score_5.2_below_5.6
TR,TR903,Giresun,beach,,9,9,,,,
TR,TR904,Rize,beach,,9,9,,,,
GB,TLJ34,Isle of Wight,beach,,11,9,osm:way/468543186,Springvale,score_gate,score_4.5_below_5.6
GB,TLJ34,Isle of Wight,beach,,11,9,osm:way/1047800561,Seagrove Bay,score_gate,score_4.5_below_5.6
GB,TLJ34,Isle of Wight,beach,,11,9,osm:way/558291460,Colwell Bay,score_gate,score_4.4_below_5.6
GB,TLJ34,Isle of Wight,beach,,11,9,osm:way/305960439,Appley Park,score_gate,score_4.4_below_5.6
GB,TLJ34,Isle of Wight,beach,,11,9,osm:way/8875411,Small Hope Beach,score_gate,score_4.3_below_5.6
GB,TLJ34,Isle of Wight,beach,,11,9,osm:way/444467230,Welcome Beach,score_gate,score_4.3_below_5.6
GB,TLJ34,Isle of Wight,beach,,11,9,osm:way/306289408,Bembridge Point Beach,score_gate,score_4.3_below_5.6
GB,TLJ34,Isle of Wight,beach,,11,9,osm:way/531122172,The Duver,score_gate,score_3.7_below_5.6
GB,TLJ34,Isle of Wight,beach,,11,9,osm:way/839034085,Scratchells Bay,score_gate,score_3.6_below_5.6
GB,TLJ35,South Hampshire,beach,,9,9,osm:way/485113936,North Binness Island,score_gate,score_4.7_below_5.6
GB,TLJ35,South Hampshire,beach,,9,9,osm:relation/4077216,Browndown Point,score_gate,score_4.5_below_5.6
GB,TLJ35,South Hampshire,beach,,9,9,osm:way/485905195,Wicor Hard,score_gate,score_4.5_below_5.6
GB,TLJ35,South Hampshire,beach,,9,9,osm:way/791466587,Gunner Point,score_gate,score_4.4_below_5.6
GB,TLJ35,South Hampshire,beach,,9,9,osm:way/506653339,Sea View,score_gate,score_4.3_below_5.6
GB,TLJ35,South Hampshire,beach,,9,9,osm:way/305837910,Foxbury Point,score_gate,score_3.4_below_5.6
UA,UA-74538382B1113173119948,Berezanka,beach,,9,9,,,,
UA,UA-74538382B42406222783177,Berdiansk,beach,,9,9,,,,
DE,DE932,Cuxhaven,beach,,8,8,osm:way/293584133,FKK-Strand Duhnen,score_gate,score_5.4_below_5.6
FR,FRD11,Calvados ,beach,,10,8,osm:relation/11199900,Plage de Houlgate,photo_gate,imgs_0_strong_0
FR,FRD11,Calvados ,beach,,10,8,osm:way/110606668,Plage des Vaches Noires,score_gate,score_5.3_below_5.6
FR,FRD11,Calvados ,beach,,10,8,wd:Q49322578,plage de Cabourg,score_gate,score_4.9_below_5.6
FR,FRE23,Somme,beach,,8,8,wd:Q49322590,plage de Fort-Mahon,score_gate,score_4.4_below_5.6
ES,ES512,Girona,beach,,17,8,wd:Q24021786,Platja de Can Comes,photo_gate,imgs_2_strong_2
ES,ES512,Girona,beach,,17,8,wd:Q24021829,Platja Gran d'Aro,photo_gate,imgs_0_strong_0
ES,ES512,Girona,beach,,17,8,wd:Q28121060,Les Muscleres,photo_gate,imgs_0_strong_0
ES,ES512,Girona,beach,,17,8,wd:Q21192849,Platja de la Fonollera,photo_gate,imgs_0_strong_0
ES,ES512,Girona,beach,,17,8,wd:Q24021792,Platja del Moll Grec,photo_gate,imgs_0_strong_0
ES,ES512,Girona,beach,,17,8,wd:Q24021796,Platja dels Riells,photo_gate,imgs_0_strong_0
ES,ES512,Girona,beach,,17,8,wd:Q24021790,Platja del Riuet,photo_gate,imgs_0_strong_0
ES,ES512,Girona,beach,,17,8,wd:Q120884823,Platja del Salpatx,photo_gate,imgs_0_strong_0
ES,ES522,Castellón/Castelló,beach,,11,8,wd:Q24023448,platja d'Almenara,photo_gate,imgs_0_strong_0
ES,ES522,Castellón/Castelló,beach,,11,8,wd:Q3390832,Platja Sud,photo_gate,imgs_0_strong_0
ES,ES522,Castellón/Castelló,beach,,11,8,wd:Q9060789,Platja de les Amplàries,photo_gate,imgs_0_strong_0
ES,ES522,Castellón/Castelló,beach,,11,8,wd:Q5390227,Platja de la Conxa,photo_gate,imgs_0_strong_0
ES,ES522,Castellón/Castelló,beach,,11,8,wd:Q18007870,Serradal beach,photo_gate,imgs_0_strong_0
ES,ES522,Castellón/Castelló,beach,,11,8,wd:Q11941983,Platja del Moro,photo_gate,imgs_3_strong_3
ES,ES522,Castellón/Castelló,beach,,11,8,wd:Q17592993,Playa de Capicorb,photo_gate,imgs_0_strong_0
ES,ES522,Castellón/Castelló,beach,,11,8,wd:Q3390858,playa del Pebret,photo_gate,imgs_0_strong_0
FR,FRI13,Landes,beach,,9,8,osm:way/916301932,La plage Blanche,photo_gate,imgs_0_strong_0
FR,FRI13,Landes,beach,,9,8,osm:way/303968640,Plage du Métro,photo_gate,imgs_0_strong_0
FR,FRI13,Landes,beach,,9,8,osm:way/916176500,Plage Centrale,photo_gate,imgs_0_strong_0
FR,FRI13,Landes,beach,,9,8,osm:way/916301931,Plage des Chènes Lièges,photo_gate,imgs_0_strong_0
FR,FRI13,Landes,beach,,9,8,osm:way/301746561,Plage du Rey,score_gate,score_5.5_below_5.6
FR,FRI13,Landes,beach,,9,8,osm:way/1337690832,Plage de Peyre,score_gate,score_5.5_below_5.6
FR,FRI13,Landes,beach,,9,8,wd:Q42172663,plage d'Ondres,score_gate,score_5.4_below_5.6
FR,FRI13,Landes,beach,,9,8,osm:way/118338778,Plage du Lac de Léon,score_gate,score_5.4_below_5.6
IT,ITG18,Ragusa,beach,,8,8,wd:Q33344463,Spiaggia Sampieri,photo_gate,imgs_0_strong_0
IT,ITG18,Ragusa,beach,,8,8,wd:Q33329868,Pietre Nere,photo_gate,imgs_0_strong_0
IT,ITG18,Ragusa,beach,,8,8,osm:way/216112188,Playa Grande,photo_gate,imgs_0_strong_0
IT,ITG18,Ragusa,beach,,8,8,wd:Q33342091,Spiaggia Donnalucata,photo_gate,imgs_0_strong_0
IT,ITG18,Ragusa,beach,,8,8,wd:Q33334022,Spiaggia Cava d'Aliga,photo_gate,imgs_0_strong_0
IT,ITG18,Ragusa,beach,,8,8,osm:way/445895375,Lido Spinasanta,photo_gate,imgs_0_strong_0
IT,ITG18,Ragusa,beach,,8,8,wd:Q33341698,Spiaggia di Torre di Mezzo,score_gate,score_5.4_below_5.6
IT,ITG18,Ragusa,beach,,8,8,osm:way/244107425,Spiaggia Vigliena,score_gate,score_5.4_below_5.6
IT,ITF47,Bari,beach,,9,8,wd:Q33343827,Bread and tomato beach,photo_gate,imgs_0_strong_0
IT,ITF47,Bari,beach,,9,8,wd:Q66314396,porto Cavallo,score_gate,score_5.3_below_5.6
IT,ITF47,Bari,beach,,9,8,osm:way/219145104,Porto Ghiacciolo,score_gate,score_5.2_below_5.6
IT,ITF47,Bari,beach,,9,8,osm:way/173469300,Cala di Pozzo Vivo,score_gate,score_5.1_below_5.6
IT,ITF47,Bari,beach,,9,8,osm:way/795738964,Lido Il Trampolino,score_gate,score_5.1_below_5.6
IT,ITF47,Bari,beach,,9,8,osm:way/949787005,Lido Dieci Venti,score_gate,score_5.0_below_5.6
IT,ITF47,Bari,beach,,9,8,osm:way/1409297485,Lido La Baia,score_gate,score_4.8_below_5.6
IT,ITF47,Bari,beach,,9,8,osm:node/9069910689,Lido Moretti,score_gate,score_4.8_below_5.6
PL,PL426,Koszaliński,beach,,8,8,osm:way/696977134,Swimming area Grzybowo,photo_gate,imgs_0_strong_0
PL,PL426,Koszaliński,beach,,8,8,osm:way/689011725,Kołobrzeg Wschód „Bałtyk”,score_gate,score_4.9_below_5.6
PL,PL426,Koszaliński,beach,,8,8,osm:way/688986279,Kołobrzeg Zachód „Radzikowo”,score_gate,score_4.8_below_5.6
PL,PL426,Koszaliński,beach,,8,8,osm:way/690864367,Sianożęty „Radar”,score_gate,score_4.8_below_5.6
PL,PL426,Koszaliński,beach,,8,8,eea:PL4220905232000147,Łazy 224,score_gate,score_4.7_below_5.6
PL,PL426,Koszaliński,beach,,8,8,eea:PL4220905232000194,Łazy 225B,score_gate,score_4.7_below_5.6
TR,TR813,Bartın,beach,,8,8,,,,
TR,TRA22,Kars,beach,,8,8,,,,
TR,TR212,Edirne,beach,,8,8,,,,
GB,TLK62,Somerset,beach,,8,8,wd:Q31844988,Kilve Beach,photo_gate,imgs_2_strong_2
GB,TLK62,Somerset,beach,,8,8,osm:way/1375708798,Berrow Sands,score_gate,score_4.9_below_5.6
GB,TLK62,Somerset,beach,,8,8,osm:way/227693013,Berrow Sands,score_gate,score_3.9_below_5.6
GB,TLK62,Somerset,beach,,8,8,osm:way/151212119,Bossington Beach,score_gate,score_3.7_below_5.6
GB,TLK62,Somerset,beach,,8,8,osm:way/1059895035,Steart,score_gate,score_3.3_below_5.6
GB,TLM94,South Ayrshire,beach,,8,8,wd:Q99760811,Balcreuchan Port,photo_gate,imgs_3_strong_3
GB,TLM94,South Ayrshire,beach,,8,8,osm:way/257519036,Ailsa Craig,score_gate,score_5.3_below_5.6
GB,TLN0F,Mid and East Antrim,beach,,8,8,,,,
UA,UA-74538382B10810755627981,Sovietsky,beach,,8,8,,,,
AL,AL032,Fier,beach,,7,7,osm:way/977778133,Samuel King seaside,photo_gate,imgs_0_strong_0
AL,AL032,Fier,beach,,7,7,eea:AL711,Dhermi,score_gate,score_4.7_below_5.6
AL,AL032,Fier,beach,,7,7,eea:AL543,Seman,score_gate,score_4.2_below_5.6
AL,AL032,Fier,beach,,7,7,eea:AL544,Seman,score_gate,score_4.2_below_5.6
AL,AL032,Fier,beach,,7,7,eea:AL540,Divjake,score_gate,score_3.5_below_5.6
AL,AL032,Fier,beach,,7,7,eea:AL545,Seman,score_gate,score_3.5_below_5.6
BG,BG332,Dobrich,beach,,8,7,osm:way/842205763,Кибела,photo_gate,imgs_0_strong_0
BG,BG332,Dobrich,beach,,8,7,osm:node/9129900527,Women,photo_gate,imgs_0_strong_0
BG,BG332,Dobrich,beach,,8,7,osm:way/497837601,Бабешкия плаж,photo_gate,imgs_3_strong_0
BG,BG332,Dobrich,beach,,8,7,osm:way/254529417,Централен плаж,photo_gate,imgs_0_strong_0
BG,BG332,Dobrich,beach,,8,7,osm:way/337363630,Дуранкулак Юг,photo_gate,imgs_0_strong_0
BG,BG332,Dobrich,beach,,8,7,osm:way/272792492,Кария,photo_gate,imgs_0_strong_0
BG,BG332,Dobrich,beach,,8,7,osm:way/603436121,Bendida Beach,photo_gate,imgs_0_strong_0
ES,ES213,Bizkaia,beach,,12,7,wd:Q9060764,Playa de la Arena (Vizcaya),photo_gate,imgs_0_strong_0
ES,ES213,Bizkaia,beach,,12,7,wd:Q3390854,Gorliz,photo_gate,imgs_0_strong_0
ES,ES213,Bizkaia,beach,,12,7,wd:Q9019856,Laga,photo_gate,imgs_0_strong_0
ES,ES213,Bizkaia,beach,,12,7,wd:Q28120546,Barinatxe,photo_gate,imgs_0_strong_0
ES,ES213,Bizkaia,beach,,12,7,wd:Q9017261,Karraspio,photo_gate,imgs_0_strong_0
ES,ES213,Bizkaia,beach,,12,7,wd:Q5183580,Bakio,photo_gate,imgs_3_strong_3
ES,ES213,Bizkaia,beach,,12,7,wd:Q11699722,San Antonio beach,photo_gate,imgs_0_strong_0
GR,EL512,Xanthi,beach,,7,7,eea:ELBW129015004101,Avdira,score_gate,score_4.7_below_5.6
GR,EL512,Xanthi,beach,,7,7,eea:ELBW129015006101,Agios Ioannis,score_gate,score_4.7_below_5.6
GR,EL512,Xanthi,beach,,7,7,wd:Q53629651,Mandra,score_gate,score_4.7_below_5.6
GR,EL512,Xanthi,beach,,7,7,wd:Q53632859,Avdira-Porto Molo,score_gate,score_4.7_below_5.6
GR,EL512,Xanthi,beach,,7,7,wd:Q53632983,Magana,score_gate,score_4.7_below_5.6
GR,EL512,Xanthi,beach,,7,7,wd:Q53633132,Myrodato,score_gate,score_4.7_below_5.6
GR,EL513,Rodopi,beach,,7,7,wd:Q12885126,Synaksi,photo_gate,imgs_1_strong_1
GR,EL513,Rodopi,beach,,7,7,osm:way/293409945,Imeros Beach,photo_gate,imgs_0_strong_0
GR,EL513,Rodopi,beach,,7,7,eea:ELBW129021030101,Arogi 2,score_gate,score_5.4_below_5.6
GR,EL513,Rodopi,beach,,7,7,eea:ELBW129021025101,Arogi 1,score_gate,score_5.4_below_5.6
GR,EL513,Rodopi,beach,,7,7,eea:ELBW129022029101,Proskynites,score_gate,score_4.7_below_5.6
GR,EL513,Rodopi,beach,,7,7,wd:Q53631197,Ioulia,score_gate,score_4.7_below_5.6
GR,EL525,Pieria,beach,,9,7,wd:Q53633373,Paralia,photo_gate,imgs_0_strong_0
GR,EL525,Pieria,beach,,9,7,wd:Q25164457,Pantelehmonas Beach,photo_gate,imgs_3_strong_0
GR,EL525,Pieria,beach,,9,7,wd:Q3565376,Paralia Panteleimonos,score_gate,score_5.4_below_5.6
GR,EL525,Pieria,beach,,9,7,wd:Q53633404,Olympiaki,score_gate,score_5.4_below_5.6
GR,EL525,Pieria,beach,,9,7,wd:Q3560574,Paralia Skotinas,score_gate,score_5.3_below_5.6
GR,EL525,Pieria,beach,,9,7,osm:way/514254907,Αγιάννης,score_gate,score_5.2_below_5.6
GR,EL525,Pieria,beach,,9,7,wd:Q25162342,Platamonas Beach,score_gate,score_5.1_below_5.6
ES,ES511,Barcelona,beach,,12,7,wd:Q28119516,Platja de la Murtra,photo_gate,imgs_0_strong_0
ES,ES511,Barcelona,beach,,12,7,wd:Q11941973,Platja de la Mota de Sant Pere,photo_gate,imgs_0_strong_0
ES,ES511,Barcelona,beach,,12,7,wd:Q125949064,Platja Llarga (Cubelles),photo_gate,imgs_0_strong_0
ES,ES511,Barcelona,beach,,12,7,wd:Q24024653,Platja de Gavà,photo_gate,imgs_0_strong_0
ES,ES511,Barcelona,beach,,12,7,wd:Q3329668,Platja de la Nova Mar Bella,photo_gate,imgs_1_strong_1
ES,ES511,Barcelona,beach,,12,7,wd:Q24021687,Platja de Can Villar del Grau,photo_gate,imgs_0_strong_0
ES,ES511,Barcelona,beach,,12,7,wd:Q28120325,Platja de La Riera,photo_gate,imgs_0_strong_0
ES,ES703,El Hierro,beach,,7,7,,,,
FR,FRL03,Alpes-Maritimes,beach,,11,7,wd:Q49322817,plage de la Petite Afrique,photo_gate,imgs_1_strong_1
FR,FRL03,Alpes-Maritimes,beach,,11,7,osm:way/26123366,Plage du Château,photo_gate,imgs_0_strong_0
FR,FRL03,Alpes-Maritimes,beach,,11,7,osm:way/49728990,Plage de l'Aiguille,photo_gate,imgs_0_strong_0
FR,FRL03,Alpes-Maritimes,beach,,11,7,osm:way/98119193,Plage du Suveret,photo_gate,imgs_0_strong_0
FR,FRL03,Alpes-Maritimes,beach,,11,7,osm:way/588926427,Plage de la Petite-Fontaine,photo_gate,imgs_0_strong_0
FR,FRL03,Alpes-Maritimes,beach,,11,7,wd:Q49322641,plage de la Raguette,photo_gate,imgs_0_strong_0
FR,FRL03,Alpes-Maritimes,beach,,11,7,osm:way/132577999,Plage Naturiste de La Batterie,photo_gate,imgs_0_strong_0
LV,LV00C,Vidzeme,beach,,7,7,osm:relation/14649152,Ogres pilsētas peldētava,photo_gate,imgs_1_strong_0
LV,LV00C,Vidzeme,beach,,7,7,osm:relation/14726503,Centrs,photo_gate,imgs_0_strong_0
LV,LV00C,Vidzeme,beach,,7,7,wd:Q113125574,"Camp Vasas, Latvia",photo_gate,imgs_3_strong_3
LV,LV00C,Vidzeme,beach,,7,7,osm:relation/14726540,Rūķīši,photo_gate,imgs_0_strong_0
LV,LV00C,Vidzeme,beach,,7,7,osm:node/5590195318,The beach,photo_gate,imgs_0_strong_0
LV,LV00C,Vidzeme,beach,,7,7,osm:node/10048076962,Inčupes nūdistu pludmale,photo_gate,imgs_0_strong_0
LV,LV00C,Vidzeme,beach,,7,7,osm:way/723542063,Bijusī PSRS armijas kodolraķešu R-12 (SS-4 Sandal) Tirzas bāze,score_gate,score_5.5_below_5.6
IE,IE061,Dublin,beach,,14,7,osm:way/164365171,"White Rock, Killiney Beach",photo_gate,imgs_2_strong_2
IE,IE061,Dublin,beach,,14,7,osm:way/363359614,Portmarnock Beach,photo_gate,imgs_2_strong_2
IE,IE061,Dublin,beach,,14,7,osm:relation/5404565,Malahide Beach,photo_gate,imgs_3_strong_3
IE,IE061,Dublin,beach,,14,7,wd:Q42852329,Burrow Beach,photo_gate,imgs_0_strong_0
IE,IE061,Dublin,beach,,14,7,osm:relation/6499065,Rush South Beach,photo_gate,imgs_1_strong_1
IE,IE061,Dublin,beach,,14,7,osm:way/22907706,Donabate Beach,photo_gate,imgs_0_strong_0
IE,IE061,Dublin,beach,,14,7,osm:way/329909014,Hand Park,score_gate,score_5.2_below_5.6
GB,TLD44,Lancaster and Wyre,beach,,7,7,osm:way/581674753,Half Moon Bay,score_gate,score_4.6_below_5.6
GB,TLJ41,Medway,beach,,7,7,osm:way/744494069,Yantlet Beach,score_gate,score_4.9_below_5.6
GB,TLJ41,Medway,beach,,7,7,osm:way/739175367,Coombe Point Beach,score_gate,score_4.8_below_5.6
GB,TLJ41,Medway,beach,,7,7,osm:way/744495584,Cockleshell Hard,score_gate,score_4.8_below_5.6
GB,TLJ41,Medway,beach,,7,7,osm:way/744497789,Grain Beach,score_gate,score_4.5_below_5.6
GB,TLJ41,Medway,beach,,7,7,osm:way/739661037,St Mary's Bay Beach,score_gate,score_4.4_below_5.6
GB,TLJ41,Medway,beach,,7,7,osm:way/739186798,Thames View,score_gate,score_4.2_below_5.6
GB,TLL43,Swansea,beach,,10,7,wd:Q5906822,Horton Beach,photo_gate,imgs_2_strong_2
GB,TLL43,Swansea,beach,,10,7,wd:Q107356870,Port Eynon Bay,score_gate,score_5.1_below_5.6
GB,TLL43,Swansea,beach,,10,7,osm:way/1493808601,Mewslade Bay,score_gate,score_5.1_below_5.6
GB,TLL43,Swansea,beach,,10,7,osm:node/9923358881,Touch Down,score_gate,score_4.3_below_5.6
GB,TLL43,Swansea,beach,,10,7,osm:way/24968857,Pwlldu Bay,score_gate,score_4.1_below_5.6
GB,TLL43,Swansea,beach,,10,7,wd:Q107356871,Rhossili Beach,score_gate,score_3.4_below_5.6
GB,TLM03,Angus and Dundee City,beach,,7,7,osm:relation/7496469,Broughty Ferry Beach,score_gate,score_5.1_below_5.6
GB,TLM03,Angus and Dundee City,beach,,7,7,osm:way/409877355,Barry Sands,score_gate,score_4.6_below_5.6
GB,TLM03,Angus and Dundee City,beach,,7,7,osm:way/294252861,Montrose Beach,score_gate,score_4.3_below_5.6
GB,TLM03,Angus and Dundee City,beach,,7,7,osm:way/1463568659,Moulzie,score_gate,score_4.2_below_5.6
GB,TLM03,Angus and Dundee City,beach,,7,7,osm:way/409575894,Auchmithie Beach,score_gate,score_4.0_below_5.6
GB,TLM03,Angus and Dundee City,beach,,7,7,wd:Q24677505,Barry Sands,score_gate,score_3.8_below_5.6
GB,TLM03,Angus and Dundee City,beach,,7,7,osm:way/552424279,St Margaret's Inch,score_gate,score_3.4_below_5.6
UA,UA-74538382B24072865224387,Rozdolne,beach,,7,7,,,,
UA,UA-74538382B12626856106214,Krasnoperekopsk,beach,,7,7,,,,
DE,DE94A,Friesland (DE),beach,,7,6,osm:way/1177536453,Sander See,score_gate,score_5.5_below_5.6
DE,DE94A,Friesland (DE),beach,,7,6,osm:way/33196606,Naturfreibad Zetel,score_gate,score_4.7_below_5.6
DE,DE94G,Wesermarsch,beach,,6,6,,,,
DE,DE94H,Wittmund,beach,,6,6,,,,
DE,DE80K,Landkreis Rostock,beach,,6,6,,,,
ES,ES706,La Gomera,beach,,6,6,wd:Q24024374,Playa de San Sebastián,score_gate,score_5.0_below_5.6
ES,ES706,La Gomera,beach,,6,6,wd:Q24024500,Playa de La Puntilla,score_gate,score_4.9_below_5.6
FR,FRH03,Ille-et-Vilaine,beach,,12,6,wd:Q125210517,Plage du Val,photo_gate,imgs_2_strong_2
FR,FRH03,Ille-et-Vilaine,beach,,12,6,wd:Q126136131,Plage de Port-Mer,photo_gate,imgs_0_strong_0
FR,FRH03,Ille-et-Vilaine,beach,,12,6,osm:way/863030251,Plage naturiste,photo_gate,imgs_0_strong_0
FR,FRH03,Ille-et-Vilaine,beach,,12,6,wd:Q107170047,plage de la Fosse aux Vaults,score_gate,score_5.4_below_5.6
FR,FRH03,Ille-et-Vilaine,beach,,12,6,wd:Q66932115,Plage de Saint-Énogat,score_gate,score_5.3_below_5.6
FR,FRH03,Ille-et-Vilaine,beach,,12,6,wd:Q96100122,plage de Port-Riou,score_gate,score_5.3_below_5.6
IT,ITH57,Ravenna,beach,,6,6,osm:node/7809288283,Bassona,score_gate,score_5.3_below_5.6
IT,ITH57,Ravenna,beach,,6,6,wd:Q33343955,Spiaggia Pinarella,score_gate,score_5.0_below_5.6
IT,ITH57,Ravenna,beach,,6,6,wd:Q33343703,Spiaggia Milano Marittima,score_gate,score_5.0_below_5.6
IT,ITG17,Catania,beach,,6,6,osm:way/491426677,Spiaggia di San Marco,photo_gate,imgs_0_strong_0
IT,ITG17,Catania,beach,,6,6,osm:way/291008428,Villaggio Delfino Verde,photo_gate,imgs_0_strong_0
IT,ITG17,Catania,beach,,6,6,eea:IT019087002003,Immiss. L.gomare Scardamiano 50m. Nord,score_gate,score_5.4_below_5.6
IT,ITG17,Catania,beach,,6,6,osm:node/11077653759,Lido Albachiara,score_gate,score_5.4_below_5.6
IT,ITG17,Catania,beach,,6,6,osm:way/250100412,Santa Maria la Scala,score_gate,score_5.2_below_5.6
IT,ITG17,Catania,beach,,6,6,wd:Q33344102,Spiaggia Praiola,score_gate,score_4.9_below_5.6
IT,ITC31,Imperia,beach,,6,6,osm:way/81285715,Baia delle Vele,photo_gate,imgs_0_strong_0
IT,ITC31,Imperia,beach,,6,6,osm:way/172577541,Le Calandre,photo_gate,imgs_0_strong_0
IT,ITC31,Imperia,beach,,6,6,osm:way/511995010,Mediterraneo Beach,score_gate,score_5.4_below_5.6
IT,ITC31,Imperia,beach,,6,6,osm:way/765607019,Corallo Beach,score_gate,score_5.4_below_5.6
IT,ITC31,Imperia,beach,,6,6,osm:way/190613820,Villa Massa,score_gate,score_5.3_below_5.6
IT,ITC31,Imperia,beach,,6,6,wd:Q33340465,Spiaggia di Rovere,score_gate,score_5.0_below_5.6
IT,ITC34,La Spezia,beach,,8,6,wd:Q33342127,Spiaggia Eco Del Mare,photo_gate,imgs_1_strong_1
IT,ITC34,La Spezia,beach,,8,6,wd:Q3744366,Fiascherino,photo_gate,imgs_3_strong_3
IT,ITC34,La Spezia,beach,,8,6,osm:way/463583254,Spiaggia libera,photo_gate,imgs_0_strong_0
IT,ITC34,La Spezia,beach,,8,6,osm:way/176976025,Spiaggia della Marossa,photo_gate,imgs_0_strong_0
IT,ITC34,La Spezia,beach,,8,6,osm:relation/1346812,Punta Corvo,photo_gate,imgs_0_strong_0
IT,ITC34,La Spezia,beach,,8,6,osm:way/619457515,Spiaggia del Groppolo,photo_gate,imgs_0_strong_0
IT,ITF14,Chieti,beach,,6,6,osm:way/144372931,Lido Saraceni,photo_gate,imgs_0_strong_0
IT,ITF14,Chieti,beach,,6,6,osm:way/661217811,Spiaggia di Mottagrossa,photo_gate,imgs_0_strong_0
IT,ITF14,Chieti,beach,,6,6,wd:Q33336906,Spiaggia di Canale,photo_gate,imgs_0_strong_0
IT,ITF14,Chieti,beach,,6,6,osm:way/666663827,Spiaggia di Punta Acquabella,photo_gate,imgs_0_strong_0
IT,ITF14,Chieti,beach,,6,6,osm:way/102317430,Spiaggia di Santo Stefano,photo_gate,imgs_0_strong_0
IT,ITF14,Chieti,beach,,6,6,osm:way/46767761,Spiaggia di Casalbordino,photo_gate,imgs_0_strong_0
MT,MT001,Malta,beach,,14,6,osm:way/23613890,Ir-Ramla tal-Ġnejna,photo_gate,imgs_2_strong_1
MT,MT001,Malta,beach,,14,6,osm:way/1178800433,Xifer l-Infern,photo_gate,imgs_2_strong_2
MT,MT001,Malta,beach,,14,6,wd:Q135472932,Imġiebaħ Beach,photo_gate,imgs_2_strong_2
MT,MT001,Malta,beach,,14,6,osm:way/373216550,Saint Peter's Pool,photo_gate,imgs_3_strong_3
MT,MT001,Malta,beach,,14,6,wd:Q141143473,Ir-Ramla t' Għajn Tuffieħa,photo_gate,imgs_0_strong_0
MT,MT001,Malta,beach,,14,6,osm:way/608397385,Amazonia Beach,photo_gate,imgs_2_strong_0
PT,PT1A0,Grande Lisboa,beach,,14,6,wd:Q7237760,Praia da Adraga,photo_gate,imgs_3_strong_3
PT,PT1A0,Grande Lisboa,beach,,14,6,wd:Q10352601,Praia da Foz do Lizandro,photo_gate,imgs_3_strong_3
PT,PT1A0,Grande Lisboa,beach,,14,6,osm:way/1190126574,Praia da Arriba,photo_gate,imgs_0_strong_0
PT,PT1A0,Grande Lisboa,beach,,14,6,wd:Q64217413,Dafundo Beach,photo_gate,imgs_0_strong_0
PT,PT1A0,Grande Lisboa,beach,,14,6,wd:Q49323634,Praia da Baleia,photo_gate,imgs_0_strong_0
PT,PT1A0,Grande Lisboa,beach,,14,6,wd:Q56348641,Algés Beach,score_gate,score_5.5_below_5.6
PL,PL636,Słupski,beach,,6,6,osm:way/226921454,Plaża dla psów,photo_gate,imgs_0_strong_0
TR,TRA21,Ağrı,beach,,6,6,,,,
GB,TLE13,North and North East Lincolnshire,beach,,6,6,,,,
GB,TLL52,Cardiff and Vale of Glamorgan,beach,,6,6,osm:way/164945876,Cymylau,score_gate,score_4.7_below_5.6
GB,TLL52,Cardiff and Vale of Glamorgan,beach,,6,6,osm:way/165032240,Watch House Beach,score_gate,score_4.6_below_5.6
GB,TLL52,Cardiff and Vale of Glamorgan,beach,,6,6,osm:way/496302495,Jacksons Bay,score_gate,score_4.0_below_5.6
GB,TLL52,Cardiff and Vale of Glamorgan,beach,,6,6,wd:Q107357159,Cwm Colhuw Beach,score_gate,score_3.8_below_5.6
GB,TLL52,Cardiff and Vale of Glamorgan,beach,,6,6,osm:way/389274481,Penarth Head,score_gate,score_3.5_below_5.6
GB,TLL52,Cardiff and Vale of Glamorgan,beach,,6,6,wd:Q107356861,Cold Knap,score_gate,score_3.4_below_5.6
GB,TLM11,East Lothian and Midlothian,beach,,6,6,osm:relation/7208788,Peffer Sands,score_gate,score_4.7_below_5.6
GB,TLM11,East Lothian and Midlothian,beach,,6,6,osm:relation/7208792,Seacliff Beach,score_gate,score_4.4_below_5.6
GB,TLM11,East Lothian and Midlothian,beach,,6,6,osm:way/143323598,Fisherrow Sands,score_gate,score_4.3_below_5.6
GB,TLM11,East Lothian and Midlothian,beach,,6,6,osm:way/445189459,Daisy Island,score_gate,score_4.0_below_5.6
GB,TLM11,East Lothian and Midlothian,beach,,6,6,osm:way/445181413,Castle Tarbet,score_gate,score_3.5_below_5.6
UA,UA-74538382B97836372307066,Kiliia,beach,,6,6,,,,
AL,AL012,Durrës,beach,,6,5,osm:node/9135982133,Malibu beach,score_gate,score_4.6_below_5.6
AL,AL012,Durrës,beach,,6,5,eea:AL513,Durres,score_gate,score_4.2_below_5.6
AL,AL012,Durrës,beach,,6,5,eea:AL524,Gjiri I Lalezit,score_gate,score_4.2_below_5.6
AL,AL012,Durrës,beach,,6,5,eea:AL546,Gjiri I Lalzit,score_gate,score_4.1_below_5.6
AL,AL012,Durrës,beach,,6,5,eea:AL504,Durres,score_gate,score_3.5_below_5.6
AL,AL014,Lezhë,beach,,6,5,osm:way/366443477,Tale Beach,photo_gate,imgs_1_strong_1
AL,AL014,Lezhë,beach,,6,5,osm:way/366173500,Bar Ledh Mario,score_gate,score_4.9_below_5.6
AL,AL014,Lezhë,beach,,6,5,eea:AL208,Tale,score_gate,score_4.2_below_5.6
AL,AL014,Lezhë,beach,,6,5,eea:AL205,Shengjin,score_gate,score_3.6_below_5.6
AL,AL014,Lezhë,beach,,6,5,eea:AL202,Shengjin,score_gate,score_3.5_below_5.6
BG,BG331,Varna,beach,,6,5,wd:Q12282579,Karadere beach,photo_gate,imgs_1_strong_1
BG,BG331,Varna,beach,,6,5,wd:Q121307834,Централен плаж (Варна),photo_gate,imgs_4_strong_0
BG,BG331,Varna,beach,,6,5,wd:Q121307264,Южен плаж (Варна),photo_gate,imgs_2_strong_0
BG,BG331,Varna,beach,,6,5,wd:Q121335459,Аспарухово (плаж),photo_gate,imgs_0_strong_0
BG,BG331,Varna,beach,,6,5,osm:way/172436707,Chayka,photo_gate,imgs_0_strong_0
GR,EL433,Rethymni,beach,,11,5,osm:way/229173481,Episkopi beach,photo_gate,imgs_0_strong_0
GR,EL433,Rethymni,beach,,11,5,osm:way/207351926,Ammofolos Beach,photo_gate,imgs_0_strong_0
GR,EL433,Rethymni,beach,,11,5,wd:Q25162434,Evita Bay,photo_gate,imgs_0_strong_0
GR,EL433,Rethymni,beach,,11,5,wd:Q53633314,Pigianos Kampos,photo_gate,imgs_0_strong_0
GR,EL433,Rethymni,beach,,11,5,osm:way/108780089,Rethymnon Beach,photo_gate,imgs_0_strong_0
IT,ITH44,Trieste,beach,,5,5,osm:way/252137186,Spiaggia del Principe,photo_gate,imgs_0_strong_0
IT,ITH44,Trieste,beach,,5,5,osm:way/252138104,Costa dei Barbari,photo_gate,imgs_0_strong_0
IT,ITH44,Trieste,beach,,5,5,osm:relation/14705172,Baia di Sistiana / Sesljanski zaliv,score_gate,score_5.5_below_5.6
IT,ITH44,Trieste,beach,,5,5,osm:way/290247417,Duino Mare / Piciganišče,score_gate,score_5.2_below_5.6
IT,ITH44,Trieste,beach,,5,5,osm:way/1203055330,Zaliv Sv. Jerneja / Baia di San Bartolomeo,score_gate,score_5.5_below_5.6
IT,ITF48,Barletta-Andria-Trani,beach,,5,5,osm:node/13020437963,Lido Le Mattinelle,photo_gate,imgs_0_strong_0
IT,ITF48,Barletta-Andria-Trani,beach,,5,5,osm:way/925614762,Spiaggia della batteria,score_gate,score_5.3_below_5.6
IT,ITF48,Barletta-Andria-Trani,beach,,5,5,wd:Q33341583,Spiaggia di Tesoro Maria,score_gate,score_5.0_below_5.6
IT,ITF48,Barletta-Andria-Trani,beach,,5,5,osm:way/512329532,Spiaggia del pretore,score_gate,score_4.8_below_5.6
IT,ITC32,Savona,beach,,7,5,osm:node/12068076376,Maremma,photo_gate,imgs_0_strong_0
IT,ITC32,Savona,beach,,7,5,osm:way/847004316,Lido di Torre del Mare,photo_gate,imgs_0_strong_0
IT,ITC32,Savona,beach,,7,5,osm:way/350719356,Bagni Madonnetta,photo_gate,imgs_0_strong_0
IT,ITC32,Savona,beach,,7,5,osm:way/232604090,Spiaggia libera,photo_gate,imgs_0_strong_0
IT,ITC32,Savona,beach,,7,5,osm:way/847004317,Villaggio del Sole,photo_gate,imgs_0_strong_0
IT,ITF64,Vibo Valentia,beach,,6,5,wd:Q33340376,Spiaggia Di Riaci,photo_gate,imgs_0_strong_0
IT,ITF64,Vibo Valentia,beach,,6,5,wd:Q33340851,Spiaggia di Santa Domenica,score_gate,score_5.0_below_5.6
PT,PT1D1,Oeste,beach,,12,5,wd:Q10352944,Praia do Areal,photo_gate,imgs_0_strong_0
PT,PT1D1,Oeste,beach,,12,5,osm:way/1362706696,Praia de Santa Rita Norte,photo_gate,imgs_0_strong_0
PT,PT1D1,Oeste,beach,,12,5,osm:way/26193757,Praia da Mexilhoeira,photo_gate,imgs_0_strong_0
PT,PT1D1,Oeste,beach,,12,5,osm:way/1390562189,Praia de Santa Rita Sul,photo_gate,imgs_0_strong_0
PT,PT1D1,Oeste,beach,,12,5,wd:Q49323623,Praia da Areia Branca,photo_gate,imgs_0_strong_0
TR,TR213,Kırklareli,beach,,5,5,,,,
GB,TLE22,North Yorkshire,beach,,6,5,osm:way/364278567,Straw Beck Foot,score_gate,score_4.4_below_5.6
GB,TLE22,North Yorkshire,beach,,6,5,osm:way/314934440,Pebble Beach,score_gate,score_4.3_below_5.6
GB,TLE22,North Yorkshire,beach,,6,5,osm:way/364281864,Ivelet Side,score_gate,score_4.3_below_5.6
GB,TLE22,North Yorkshire,beach,,6,5,osm:way/424991273,Beeld Dub,score_gate,score_4.3_below_5.6
GB,TLE22,North Yorkshire,beach,,6,5,osm:way/353507120,Knapton Gravel Pit,score_gate,score_4.2_below_5.6
GB,TLJ22,East Sussex CC,beach,,7,5,wd:Q5430552,Fairlight Glen,photo_gate,imgs_1_strong_0
GB,TLJ22,East Sussex CC,beach,,7,5,osm:node/7721898117,Fairlight Glen Naturist Beach,score_gate,score_4.2_below_5.6
GB,TLJ22,East Sussex CC,beach,,7,5,osm:way/26463941,Birling Gap,score_gate,score_3.7_below_5.6
GB,TLJ22,East Sussex CC,beach,,7,5,osm:way/187402453,Rock-a-Nore Beach,score_gate,score_3.6_below_5.6
GB,TLJ22,East Sussex CC,beach,,7,5,osm:way/339380210,Hope Gap,score_gate,score_3.5_below_5.6
GB,TLL41,Mid Wales,beach,,8,5,wd:Q31845057,Mwnt beach,photo_gate,imgs_2_strong_2
GB,TLL41,Mid Wales,beach,,8,5,wd:Q7963171,Wallog,photo_gate,imgs_2_strong_1
GB,TLL41,Mid Wales,beach,,8,5,osm:way/123616652,Borth Sands,score_gate,score_4.9_below_5.6
GB,TLL41,Mid Wales,beach,,8,5,wd:Q107356901,Llanrhystud Beach,score_gate,score_4.7_below_5.6
GB,TLL41,Mid Wales,beach,,8,5,osm:way/516600346,Ynyslas Dunes,score_gate,score_4.4_below_5.6
GB,TLM93,North Ayrshire and East Ayrshire,beach,,5,5,,,,
UA,UA-74538382B57790499946350,Yakymivka,beach,,5,5,,,,
UA,UA-74538382B88986400051477,Tatarbunary,beach,,5,5,,,,
DE,DE945,"Wilhelmshaven, Kreisfreie Stadt",beach,,4,4,,,,
GR,EL612,Larisa,beach,,4,4,wd:Q6426671,Kokkino Nero,photo_gate,imgs_1_strong_1
GR,EL612,Larisa,beach,,4,4,osm:way/170922105,Αλεξανδρινή,photo_gate,imgs_0_strong_0
GR,EL612,Larisa,beach,,4,4,wd:Q7286716,Rakopotamos,photo_gate,imgs_0_strong_0
GR,EL612,Larisa,beach,,4,4,wd:Q25162339,Kouloura Beach,photo_gate,imgs_1_strong_1
DE,DEF03,"Lübeck, Kreisfreie Stadt",beach,,4,4,osm:way/506725067,Wild-Strand,photo_gate,imgs_1_strong_0
DE,DEF03,"Lübeck, Kreisfreie Stadt",beach,,4,4,osm:way/1360080118,Priwall,score_gate,score_5.4_below_5.6
FR,FRE11,Nord,beach,,4,4,osm:way/298636317,Plage des Argales,photo_gate,imgs_0_strong_0
FR,FRE11,Nord,beach,,4,4,osm:way/1022804436,Plage aux catamarands,score_gate,score_4.2_below_5.6
IT,ITG2E,Nuoro,beach,,14,4,wd:Q33342051,Spiaggia di Ziu Martine,photo_gate,imgs_3_strong_1
IT,ITG2E,Nuoro,beach,,14,4,wd:Q108103576,Orvile beach,photo_gate,imgs_0_strong_0
IT,ITG2E,Nuoro,beach,,14,4,wd:Q108089796,Iscraios beach,photo_gate,imgs_3_strong_3
IT,ITG2E,Nuoro,beach,,14,4,wd:Q1026141,Cala Ginepro,photo_gate,imgs_0_strong_0
IT,ITI32,Ancona,beach,,6,4,wd:Q33327613,Mezzavalle,photo_gate,imgs_2_strong_2
IT,ITI32,Ancona,beach,,6,4,osm:relation/10579785,Spiaggia della Torre,photo_gate,imgs_0_strong_0
IT,ITI32,Ancona,beach,,6,4,osm:way/1395650090,Il Molo,photo_gate,imgs_0_strong_0
IT,ITI32,Ancona,beach,,6,4,wd:Q33340063,Spiaggia di Portonovo,photo_gate,imgs_0_strong_0
IT,ITF12,Teramo,beach,,4,4,osm:way/515527678,Spiaggia di Torre del Cerrano,photo_gate,imgs_0_strong_0
IT,ITF12,Teramo,beach,,4,4,wd:Q33326981,La spiaggia del Surabaja,photo_gate,imgs_0_strong_0
IT,ITF12,Teramo,beach,,4,4,wd:Q33340919,Spiaggia di Santa Maria a Valle,photo_gate,imgs_0_strong_0
IT,ITF12,Teramo,beach,,4,4,osm:way/323073547,Lido Saint Tropez,score_gate,score_5.3_below_5.6
IT,ITF31,Caserta,beach,,4,4,wd:Q33327550,Marina di Varcaturo,score_gate,score_5.0_below_5.6
NL,NL112,Delfzijl en omgeving,beach,,4,4,,,,
NL,NL411,West-Noord-Brabant,beach,,5,4,osm:way/100198574,Rietplaat,photo_gate,imgs_0_strong_0
NL,NL411,West-Noord-Brabant,beach,,5,4,osm:way/100202521,Gat van de kerksloot Biesbosch,photo_gate,imgs_0_strong_0
NL,NL411,West-Noord-Brabant,beach,,5,4,eea:NLBW25_202403,Asterdplas,score_gate,score_5.4_below_5.6
NL,NL411,West-Noord-Brabant,beach,,5,4,eea:NLBW25_690117,Plas A/d Reeweg,score_gate,score_5.4_below_5.6
PT,PT192,Região de Coimbra,beach,,5,4,osm:way/298821364,Praia da Murtinheira,score_gate,score_5.5_below_5.6
PT,PT192,Região de Coimbra,beach,,5,4,osm:way/388347221,Praia Fluvial do Reconquinho,score_gate,score_5.5_below_5.6
PT,PT192,Região de Coimbra,beach,,5,4,osm:way/199723323,Praia Fluvial de Palheiros e Zorro,score_gate,score_5.4_below_5.6
PT,PT192,Região de Coimbra,beach,,5,4,osm:way/294434428,Praia Poço da Cruz,score_gate,score_5.4_below_5.6
TR,TR422,Sakarya,beach,,4,4,,,,
GB,TLD74,Wirral,beach,,4,4,wd:Q31845081,Thurstaston Beach,photo_gate,imgs_2_strong_2
GB,TLD74,Wirral,beach,,4,4,osm:way/442865616,Storeton,score_gate,score_3.6_below_5.6
GB,TLD74,Wirral,beach,,4,4,osm:way/1190884427,Hilbre Point,score_gate,score_3.6_below_5.6
GB,TLD74,Wirral,beach,,4,4,osm:way/250292714,Little Eye,score_gate,score_3.5_below_5.6
GB,TLJ31,Portsmouth,beach,,4,4,osm:way/502964107,Milton Locks,score_gate,score_4.1_below_5.6
GB,TLJ31,Portsmouth,beach,,4,4,osm:way/168472202,Eastney Beach,score_gate,score_3.5_below_5.6
GB,TLJ31,Portsmouth,beach,,4,4,osm:node/6158096935,Southsea nudist beach,score_gate,score_3.4_below_5.6
GB,TLJ31,Portsmouth,beach,,4,4,osm:way/201351831,South Camber,score_gate,score_3.2_below_5.6
GB,TLJ36,Central Hampshire,beach,,7,4,osm:relation/13003935,Stansore Point,photo_gate,imgs_0_strong_0
GB,TLJ36,Central Hampshire,beach,,7,4,osm:way/905562833,Goaty Close,score_gate,score_4.9_below_5.6
GB,TLJ36,Central Hampshire,beach,,7,4,osm:way/966174330,Family Beach,score_gate,score_4.6_below_5.6
GB,TLJ36,Central Hampshire,beach,,7,4,osm:way/608610647,Man Pit Mead,score_gate,score_4.5_below_5.6
GB,TLK63,"Bournemouth, Christchurch and Poole",beach,,5,4,wd:Q5646479,Hamworthy Beach,photo_gate,imgs_3_strong_3
GB,TLK63,"Bournemouth, Christchurch and Poole",beach,,5,4,osm:relation/20146929,Canford Cliffs Beach,score_gate,score_5.1_below_5.6
GB,TLK63,"Bournemouth, Christchurch and Poole",beach,,5,4,osm:relation/20146928,Shore Road Beach,score_gate,score_5.0_below_5.6
GB,TLK63,"Bournemouth, Christchurch and Poole",beach,,5,4,osm:way/761704076,White Pits,score_gate,score_4.8_below_5.6
GB,TLL33,Conwy and Denbighshire,beach,,6,4,wd:Q107356938,North Shore Beach,score_gate,score_5.3_below_5.6
GB,TLL33,Conwy and Denbighshire,beach,,6,4,osm:way/318090803,Gronant Dunes,score_gate,score_5.3_below_5.6
GB,TLL33,Conwy and Denbighshire,beach,,6,4,osm:way/323955074,Kinmel Bay,score_gate,score_5.1_below_5.6
GB,TLL33,Conwy and Denbighshire,beach,,6,4,wd:Q107356944,Rhyl East,score_gate,score_4.9_below_5.6
UA,UA-74538382B62779126534418,Chaplynka,beach,,4,4,,,,
UA,UA-74538382B73890092439247,Pryazovske,beach,,4,4,,,,
UA,UA-74538382B85654458417277,Lyman,beach,,4,4,,,,
AL,AL011,Dibër,beach,,3,3,,,,
AL,AL013,Kukës,beach,,3,3,osm:way/1088886621,Hotel Fusha e Gjesë,score_gate,score_5.2_below_5.6
AL,AL031,Berat,beach,,3,3,,,,
AL,AL034,Korcë,beach,,3,3,osm:way/1101726265,Erlin,score_gate,score_5.4_below_5.6
AL,AL034,Korcë,beach,,3,3,wd:Q97027822,Beach of Pogradec,score_gate,score_4.7_below_5.6
AL,AL034,Korcë,beach,,3,3,eea:AL108,Lin,score_gate,score_4.7_below_5.6
AL,AL021,Elbasan,beach,,3,3,osm:way/196167085,Shkumbin River,score_gate,score_5.2_below_5.6
AL,AL021,Elbasan,beach,,3,3,osm:way/196167086,Shkumbin River,score_gate,score_5.2_below_5.6
AL,AL021,Elbasan,beach,,3,3,osm:way/196167088,Shkumbin River,score_gate,score_5.2_below_5.6
AT,AT126,Wiener Umland/Nordteil,beach,,3,3,eea:AT1260004400150010,"Badeteich Seeschlacht, Langenzersdorf",score_gate,score_4.7_below_5.6
AT,AT126,Wiener Umland/Nordteil,beach,,3,3,osm:way/1435532797,Mühlort,score_gate,score_5.4_below_5.6
AT,AT122,Niederösterreich-Süd,beach,,3,3,,,,
AT,AT311,Innviertel,beach,,3,3,osm:way/177865417,Badeplatz Perwang am Grabensee,photo_gate,imgs_0_strong_0
AT,AT311,Innviertel,beach,,3,3,eea:AT3230003700150010,"Mattsee, Lochen/gebertsham",score_gate,score_5.4_below_5.6
AT,AT311,Innviertel,beach,,3,3,osm:way/142699435,Strandbad Ibm,score_gate,score_5.3_below_5.6
AT,AT130,Wien,beach,,3,3,osm:way/1532105073,Familienstrand an der Neuen Donau,photo_gate,imgs_0_strong_0
AT,AT130,Wien,beach,,3,3,osm:way/1281413721,Arena Beach,photo_gate,imgs_0_strong_0
AT,AT130,Wien,beach,,3,3,osm:way/44364777,Oststrand,photo_gate,imgs_0_strong_0
AT,AT212,Oberkärnten,beach,,3,3,osm:node/11398944281,Freier Seezugang Weißensee,photo_gate,imgs_0_strong_0
AT,AT212,Oberkärnten,beach,,3,3,osm:relation/3144322,Gosariawiese,score_gate,score_5.2_below_5.6
AT,AT212,Oberkärnten,beach,,3,3,osm:node/5816667986,Freier Seezugang Klauberpark,score_gate,score_4.8_below_5.6
AT,AT213,Unterkärnten,beach,,3,3,,,,
AT,AT222,Liezen,beach,,3,3,osm:relation/19566870,Freizeitsee Aich,photo_gate,imgs_0_strong_0
AT,AT222,Liezen,beach,,3,3,osm:way/1546413970,Behindertengerechter Seezugang,score_gate,score_5.5_below_5.6
AT,AT222,Liezen,beach,,3,3,eea:AT2220000400010020,Altausseersee Süd,score_gate,score_5.4_below_5.6
AT,AT223,Östliche Obersteiermark,beach,,3,3,eea:AT2230002800080010,"Badesee Steiner, Kraubath/mur",score_gate,score_4.7_below_5.6
AT,AT315,Traunviertel,beach,,3,3,osm:way/726956287,Strandbad Obertraun,score_gate,score_5.4_below_5.6
AT,AT315,Traunviertel,beach,,3,3,osm:way/190013608,Badeplatz Bräuwiese,score_gate,score_5.4_below_5.6
AT,AT315,Traunviertel,beach,,3,3,osm:way/247419411,Badeplatz Innerschwand,score_gate,score_5.3_below_5.6
AT,AT334,Tiroler Oberland,beach,,3,3,eea:AT3340004400220010,"Rieder Badesee, Nord-ost",score_gate,score_4.7_below_5.6
AT,AT335,Tiroler Unterland,beach,,3,3,osm:way/315915185,Glemm,photo_gate,imgs_0_strong_0
AT,AT335,Tiroler Unterland,beach,,3,3,osm:way/112207319,Seebad,score_gate,score_5.4_below_5.6
AT,AT335,Tiroler Unterland,beach,,3,3,osm:relation/1731300,Weißlahn,score_gate,score_5.4_below_5.6
AT,AT341,Bludenz-Bregenzer Wald,beach,,3,3,,,,
BE,BE211,Arr. Antwerpen,beach,,3,3,eea:BEVL_BW_ANT01,Antwerpen Galgenweel,score_gate,score_5.4_below_5.6
BE,BE211,Arr. Antwerpen,beach,,3,3,osm:way/1052855048,Laar,score_gate,score_5.4_below_5.6
AT,AT322,Pinzgau-Pongau,beach,,3,3,osm:way/30131536,Ritzensee,photo_gate,imgs_0_strong_0
AT,AT322,Pinzgau-Pongau,beach,,3,3,osm:way/589507444,Gasteiner Badesee,score_gate,score_5.5_below_5.6
AT,AT322,Pinzgau-Pongau,beach,,3,3,eea:AT3220001000110010,Goldegger See,score_gate,score_5.4_below_5.6
AT,AT323,Salzburg und Umgebung,beach,,3,3,osm:way/37340623,Lieferinger Freibad,photo_gate,imgs_0_strong_0
AT,AT323,Salzburg und Umgebung,beach,,3,3,osm:way/990091237,Vorderhirschpoint,score_gate,score_5.4_below_5.6
AT,AT323,Salzburg und Umgebung,beach,,3,3,osm:way/314524986,Badeplatz Magistrat Salzburg,score_gate,score_5.0_below_5.6
AT,AT331,Außerfern,beach,,3,3,osm:node/13698271539,Vils Ufer,photo_gate,imgs_0_strong_0
AT,AT331,Außerfern,beach,,3,3,eea:AT3310001100100010,"Haldensee, Strandbad",score_gate,score_4.7_below_5.6
AT,AT331,Außerfern,beach,,3,3,eea:AT3310002800270010,"Urisee, Badeanstalt",score_gate,score_4.7_below_5.6
AT,AT312,Linz-Wels,beach,,3,3,eea:AT3120000100250010,"Pichlingersee, Linz",score_gate,score_5.4_below_5.6
AT,AT312,Linz-Wels,beach,,3,3,osm:way/1063001843,Steyregg,score_gate,score_4.7_below_5.6
BE,BE258,Arr. Veurne,beach,,3,3,osm:way/173184576,Oostduinkerke-Bad,photo_gate,imgs_0_strong_0
BE,BE258,Arr. Veurne,beach,,3,3,eea:BEVL_BW_VEU01,Veurne Vaubanbad,score_gate,score_5.4_below_5.6
BE,BE258,Arr. Veurne,beach,,3,3,osm:way/294713897,De Panne,score_gate,score_4.7_below_5.6
BE,BE323,Arr. Mons,beach,,3,3,eea:BEWAL_BW_HN_E03,Le Grand Large À Nimy,score_gate,score_4.7_below_5.6
BE,BE224,Arr. Hasselt,beach,,3,3,eea:BEVL_BW_ZNH01,Zonhoven Heidestrand,score_gate,score_5.4_below_5.6
BE,BE224,Arr. Hasselt,beach,,3,3,eea:BEVL_BW_BRG01,Beringen Paalse Plas,score_gate,score_4.7_below_5.6
BE,BE224,Arr. Hasselt,beach,,3,3,osm:way/823475843,Brelaar-Heide,score_gate,score_4.7_below_5.6
BE,BE232,Arr. Dendermonde,beach,,3,3,osm:way/1080000418,Zwemvijver Nieuwdonk,photo_gate,imgs_0_strong_0
BE,BE236,Arr. Sint-Niklaas,beach,,3,3,eea:BEVL_BW_SIN02,Sint-niklaas De Ster 50m-BAD,score_gate,score_5.4_below_5.6
BE,BE336,Bezirk Verviers — Deutschsprachige Gemeinschaft,beach,,3,3,osm:way/241166364,VENNtastic Beach,photo_gate,imgs_0_strong_0
BE,BE336,Bezirk Verviers — Deutschsprachige Gemeinschaft,beach,,3,3,osm:way/1531906881,Zone de baignade des Étangs de Recht,score_gate,score_5.5_below_5.6
BE,BE336,Bezirk Verviers — Deutschsprachige Gemeinschaft,beach,,3,3,osm:way/1532189197,Zone de baignade du centre de Worriken,score_gate,score_5.5_below_5.6
BE,BE341,Arr. Arlon,beach,,3,3,,,,
BE,BE353,Arr. Philippeville,beach,,3,3,eea:BEWAL_BW_SA_I02,Le Lac Du Ry Jaune,score_gate,score_4.7_below_5.6
BG,BG311,Vidin,beach,,3,3,osm:way/232834654,Кошава,score_gate,score_5.3_below_5.6
BG,BG311,Vidin,beach,,3,3,osm:node/13812220918,Гуджовия остров,score_gate,score_4.7_below_5.6
BE,BE343,Arr. Marche-en-Famenne,beach,,3,3,osm:way/719928480,Plage de Maboge,photo_gate,imgs_0_strong_0
BE,BE343,Arr. Marche-en-Famenne,beach,,3,3,osm:way/836761808,Plage de Hotton,score_gate,score_5.5_below_5.6
BE,BE343,Arr. Marche-en-Famenne,beach,,3,3,osm:node/7809575301,Zone de baignade de Maboge,score_gate,score_5.2_below_5.6
BE,BE345,Arr. Virton,beach,,3,3,eea:BEWAL_BW_SC_H01,La Vallée Du Rabais,score_gate,score_4.7_below_5.6
BE,BE345,Arr. Virton,beach,,3,3,osm:way/25789282,Lac de Conchibois,score_gate,score_4.4_below_5.6
BE,BE345,Arr. Virton,beach,,3,3,osm:way/1532019017,Zone de baignade de Lacuisine,score_gate,score_3.9_below_5.6
BE,BE352,Arr. Namur,beach,,3,3,osm:way/112871512,Plage du Lac de Bambois,score_gate,score_5.3_below_5.6
BE,BE32D,Arr. Thuin,beach,,3,3,osm:way/293534598,Zone de baignade du Lac de la Plate Taille,score_gate,score_5.5_below_5.6
BE,BE32D,Arr. Thuin,beach,,3,3,osm:way/816583390,Golden Lakes Village,score_gate,score_4.9_below_5.6
BE,BE335,Arr. Verviers — communes francophones,beach,,3,3,eea:BEWAL_BW_AM_F01,Le Lac De Robertville,score_gate,score_4.7_below_5.6
BE,BE335,Arr. Verviers — communes francophones,beach,,3,3,osm:way/1251180874,Winamplanche,score_gate,score_4.6_below_5.6
BE,BE335,Arr. Verviers — communes francophones,beach,,3,3,osm:way/1251180886,Au Chemin de Spa,score_gate,score_4.5_below_5.6
BG,BG325,Silistra,beach,,3,3,,,,
BG,BG321,Veliko Tarnovo,beach,,3,3,osm:way/1412477825,Руски плаж,photo_gate,imgs_0_strong_0
BG,BG322,Gabrovo,beach,,3,3,,,,
BG,BG342,Sliven,beach,,3,3,,,,
BG,BG344,Stara Zagora,beach,,3,3,,,,
BG,BG411,Sofia (stolitsa),beach,,3,3,,,,
BG,BG423,Pazardzhik,beach,,3,3,,,,
BG,BG424,Smolyan,beach,,3,3,,,,
BG,BG425,Kardzhali,beach,,3,3,eea:BG4251615268009003,Язовир Студен Кладенец,score_gate,score_4.7_below_5.6
BG,BG425,Kardzhali,beach,,3,3,eea:BG4251606567009001,Язовир Кърджали-плаж 1,score_gate,score_4.7_below_5.6
BG,BG425,Kardzhali,beach,,3,3,eea:BG4251615000009002,Язовир Кърджали-плаж 2,score_gate,score_4.7_below_5.6
BG,BG412,Sofia,beach,,3,3,,,,
BG,BG414,Pernik,beach,,3,3,,,,
BG,BG415,Kyustendil,beach,,3,3,,,,
BG,BG422,Haskovo,beach,,3,3,,,,
CH,CH022,Fribourg / Freiburg,beach,,3,3,osm:way/1077229170,Plage d'Autavaux,photo_gate,imgs_0_strong_0
CH,CH022,Fribourg / Freiburg,beach,,3,3,osm:way/462831205,Plage de Portalban,photo_gate,imgs_0_strong_0
CH,CH022,Fribourg / Freiburg,beach,,3,3,osm:relation/2255956,La Nouvelle Plage,photo_gate,imgs_0_strong_0
CH,CH023,Solothurn,beach,,3,3,osm:way/576341929,Lido,score_gate,score_4.9_below_5.6
CH,CH024,Neuchâtel,beach,,3,3,osm:way/53504700,Plage de Colombier,photo_gate,imgs_2_strong_2
CH,CH024,Neuchâtel,beach,,3,3,osm:way/45898808,Jeunes-Rives,photo_gate,imgs_0_strong_0
CH,CH024,Neuchâtel,beach,,3,3,osm:way/1314241286,Baie de l'évole,score_gate,score_5.3_below_5.6
CH,CH021,Bern / Berne,beach,,3,3,osm:way/726768645,Hosenlupf,score_gate,score_5.5_below_5.6
CH,CH021,Bern / Berne,beach,,3,3,eea:CH24001,Aare Marzili,score_gate,score_5.4_below_5.6
CH,CH021,Bern / Berne,beach,,3,3,osm:way/1193010722,Zehendermätteli,score_gate,score_5.4_below_5.6
CH,CH011,Vaud,beach,,3,3,,,,
CH,CH012,Valais / Wallis,beach,,3,3,,,,
CH,CH055,St. Gallen,beach,,3,3,osm:way/504571981,Badestrand Lago Mio,photo_gate,imgs_1_strong_1
CH,CH055,St. Gallen,beach,,3,3,eea:CH17003,"Rorschach, Bodensee",score_gate,score_4.7_below_5.6
CH,CH056,Graubünden / Grigioni / Grischun,beach,,3,3,,,,
CH,CH057,Thurgau,beach,,3,3,osm:way/639651303,Salensteiner Badi,photo_gate,imgs_0_strong_0
CH,CH057,Thurgau,beach,,3,3,osm:way/321458510,Lankenberg,photo_gate,imgs_0_strong_0
CH,CH057,Thurgau,beach,,3,3,osm:way/1275525622,Kiesstrand Naturschutzgebiet Aachmündung,photo_gate,imgs_0_strong_0
CH,CH033,Aargau,beach,,3,3,eea:CH19004,Vor Badi,score_gate,score_5.4_below_5.6
CH,CH033,Aargau,beach,,3,3,eea:CH19006,Badi Tennwil,score_gate,score_4.7_below_5.6
CH,CH033,Aargau,beach,,3,3,eea:CH19007,Seerose,score_gate,score_4.7_below_5.6
CH,CH051,Glarus,beach,,3,3,osm:way/414811257,Badestrand Gäsi,photo_gate,imgs_1_strong_1
CH,CH051,Glarus,beach,,3,3,osm:way/580183256,Gross Gäsitschachen,photo_gate,imgs_0_strong_0
CH,CH051,Glarus,beach,,3,3,osm:way/414811260,Seeflechsen,photo_gate,imgs_0_strong_0
CZ,CZ031,Jihočeský kraj,beach,,3,3,osm:way/232537036,Pláž převlikarna,score_gate,score_5.2_below_5.6
CZ,CZ031,Jihočeský kraj,beach,,3,3,osm:way/395264871,Radava,score_gate,score_5.2_below_5.6
CZ,CZ031,Jihočeský kraj,beach,,3,3,osm:node/963990709,VN LIpno – pláž Horní Planá,score_gate,score_5.0_below_5.6
CZ,CZ010,Hlavní město Praha,beach,,3,3,osm:way/39264946,Hostivař Dam,photo_gate,imgs_0_strong_0
CZ,CZ010,Hlavní město Praha,beach,,3,3,osm:way/1278245745,Písčitá plážička,score_gate,score_5.5_below_5.6
CZ,CZ010,Hlavní město Praha,beach,,3,3,eea:CZPK105051,Koupaliště Ve Volné Přírodě Motol,score_gate,score_5.4_below_5.6
CH,CH061,Luzern,beach,,3,3,eea:CH03001,"Lido, Weggis",score_gate,score_4.7_below_5.6
CH,CH061,Luzern,beach,,3,3,eea:CH03004,"Ufschötti, Luzern",score_gate,score_4.7_below_5.6
CH,CH061,Luzern,beach,,3,3,osm:way/104278688,Tribschenmoos,score_gate,score_4.7_below_5.6
CH,CH062,Uri,beach,,3,3,osm:way/434335983,Gruonbach,photo_gate,imgs_1_strong_1
CH,CH062,Uri,beach,,3,3,osm:way/434332033,Strandbad Flüelen,photo_gate,imgs_0_strong_0
CH,CH062,Uri,beach,,3,3,eea:CH04010,Badeplatz Mississippi (ufer 1),score_gate,score_4.7_below_5.6
CH,CH063,Schwyz,beach,,3,3,,,,
CH,CH064,Obwalden,beach,,3,3,eea:CH06001,Badeplatz Alpnachstad,score_gate,score_4.7_below_5.6
CH,CH065,Nidwalden,beach,,3,3,osm:way/1184060462,Hinter Loren,score_gate,score_4.6_below_5.6
CH,CH065,Nidwalden,beach,,3,3,osm:way/1069686684,Aawasseregg,score_gate,score_4.6_below_5.6
CH,CH066,Zug,beach,,3,3,osm:way/179045687,Brüggli,photo_gate,imgs_0_strong_0
CH,CH066,Zug,beach,,3,3,osm:way/162152362,Strandbad Cham,photo_gate,imgs_0_strong_0
CH,CH066,Zug,beach,,3,3,osm:way/648502047,Seematte,photo_gate,imgs_0_strong_0
CZ,CZ052,Královéhradecký kraj,beach,,3,3,eea:CZKO520702,Oborský Rybník - U Rz Eden,score_gate,score_5.4_below_5.6
CZ,CZ052,Královéhradecký kraj,beach,,3,3,eea:CZPK520451,Dachova U Hořic,score_gate,score_5.4_below_5.6
CZ,CZ052,Královéhradecký kraj,beach,,3,3,eea:CZKO520902,Vn Rozkoš – Velká Jesenice,score_gate,score_4.7_below_5.6
CZ,CZ053,Pardubický kraj,beach,,3,3,osm:way/1308390422,Opaťák,photo_gate,imgs_3_strong_3
CZ,CZ053,Pardubický kraj,beach,,3,3,wd:Q97900813,Pláž Autokemp Seč,photo_gate,imgs_2_strong_2
CZ,CZ053,Pardubický kraj,beach,,3,3,osm:way/538976602,Čáslavská zátoka,photo_gate,imgs_0_strong_0
CZ,CZ032,Plzeňský kraj,beach,,3,3,eea:CZKO320902,Kamenný Rybník,score_gate,score_5.4_below_5.6
CZ,CZ032,Plzeňský kraj,beach,,3,3,eea:CZKO320201,Rybník Babylon,score_gate,score_5.4_below_5.6
CZ,CZ032,Plzeňský kraj,beach,,3,3,osm:way/40767713,Bílá Hora,score_gate,score_5.3_below_5.6
CZ,CZ041,Karlovarský kraj,beach,,3,3,eea:CZPK410551,Lido Hamrníky Mariánské Lázně,score_gate,score_5.4_below_5.6
CZ,CZ041,Karlovarský kraj,beach,,3,3,eea:CZKO410203,Vn Skalka - U Atc Podhoří,score_gate,score_4.7_below_5.6
CZ,CZ041,Karlovarský kraj,beach,,3,3,eea:CZKO410601,Velký Rybník,score_gate,score_4.7_below_5.6
CZ,CZ042,Ústecký kraj,beach,,3,3,osm:way/1531233647,Hundestrand,photo_gate,imgs_0_strong_0
CZ,CZ042,Ústecký kraj,beach,,3,3,eea:CZKO420301,Vn Nechranice - Tušimice,score_gate,score_5.4_below_5.6
CZ,CZ042,Ústecký kraj,beach,,3,3,osm:way/705674382,Pláž Trmice,score_gate,score_5.3_below_5.6
CZ,CZ051,Liberecký kraj,beach,,3,3,osm:way/229209852,Borný,photo_gate,imgs_0_strong_0
CZ,CZ051,Liberecký kraj,beach,,3,3,osm:way/229209737,Doksy,photo_gate,imgs_0_strong_0
CZ,CZ051,Liberecký kraj,beach,,3,3,osm:way/229209931,Klůček,photo_gate,imgs_0_strong_0
CZ,CZ064,Jihomoravský kraj,beach,,3,3,osm:way/942690764,Brněnská přehrada - Sokolské koupaliště,photo_gate,imgs_0_strong_0
CZ,CZ064,Jihomoravský kraj,beach,,3,3,osm:way/942690766,Brněnská přehrada - Kozí horka,photo_gate,imgs_0_strong_0
CZ,CZ064,Jihomoravský kraj,beach,,3,3,osm:way/942690765,Brněnská přehrada - Rakovec,photo_gate,imgs_0_strong_0
CZ,CZ080,Moravskoslezský kraj,beach,,3,3,wd:Q134973585,Pláž Stříbrné jezero - západ,photo_gate,imgs_1_strong_1
CZ,CZ080,Moravskoslezský kraj,beach,,3,3,osm:way/1411635402,Zálesí,score_gate,score_5.5_below_5.6
CZ,CZ080,Moravskoslezský kraj,beach,,3,3,eea:CZKO810606,Vn Žermanice - Lučina,score_gate,score_5.4_below_5.6
CZ,CZ071,Olomoucký kraj,beach,,3,3,eea:CZKO710701,Poděbrady - U Přístaviště,score_gate,score_5.4_below_5.6
CZ,CZ071,Olomoucký kraj,beach,,3,3,eea:CZKO710801,Vn Plumlov,score_gate,score_5.4_below_5.6
CZ,CZ071,Olomoucký kraj,beach,,3,3,osm:way/353800070,Pláž u Lázničků,score_gate,score_5.4_below_5.6
CZ,CZ072,Zlínský kraj,beach,,3,3,eea:CZPK720751,Přírodní Koupaliště Albatros,score_gate,score_5.4_below_5.6
CZ,CZ072,Zlínský kraj,beach,,3,3,osm:node/963990908,VN Bystřička - pláž u hráze,score_gate,score_5.4_below_5.6
CZ,CZ072,Zlínský kraj,beach,,3,3,eea:CZKO720601,Vn Horní Bečva,score_gate,score_4.8_below_5.6
CZ,CZ063,Kraj Vysočina,beach,,3,3,osm:way/1302050668,Spálená Seč,photo_gate,imgs_0_strong_0
CZ,CZ063,Kraj Vysočina,beach,,3,3,eea:CZKO611201,Malý Pařezitý Rybník,score_gate,score_5.4_below_5.6
CZ,CZ063,Kraj Vysočina,beach,,3,3,eea:CZKO611502,Vn Pilská,score_gate,score_5.4_below_5.6
DE,DE138,Konstanz,beach,,3,3,wd:Q108903210,Strandbad Radolfzell,photo_gate,imgs_3_strong_3
DE,DE138,Konstanz,beach,,3,3,osm:way/1498008337,Badestelle Universität Konstanz,photo_gate,imgs_0_strong_0
DE,DE138,Konstanz,beach,,3,3,osm:way/346364727,Strandbad Wallhausen,score_gate,score_5.5_below_5.6
DE,DE132,Breisgau-Hochschwarzwald,beach,,3,3,,,,
DE,DEB12,Ahrweiler,beach,,3,3,,,,
DE,DEE04,Altmarkkreis Salzwedel,beach,,3,3,,,,
DE,DEE05,Anhalt-Bitterfeld,beach,,3,3,,,,
DE,DE929,Region Hannover,beach,,3,3,,,,
DE,DE939,Stade,beach,,3,3,,,,
DE,DEE0B,Saalekreis,beach,,3,3,osm:way/553839351,FKK-Strand,photo_gate,imgs_0_strong_0
DE,DE942,"Emden, Kreisfreie Stadt",beach,,3,3,,,,
DE,DE946,Ammerland,beach,,3,3,osm:way/233343338,Conneforde,score_gate,score_5.2_below_5.6
DE,DE946,Ammerland,beach,,3,3,osm:way/23063785,Dreibergen,score_gate,score_4.6_below_5.6
DE,DE80O,Ludwigslust-Parchim,beach,,3,3,osm:relation/17897333,Barracuda Beach,photo_gate,imgs_1_strong_0
DE,DE80O,Ludwigslust-Parchim,beach,,3,3,osm:way/177616687,Badestelle Pinnower See,score_gate,score_4.4_below_5.6
DE,DE94C,Leer,beach,,4,3,osm:way/24745730,Südstrand,photo_gate,imgs_0_strong_0
DE,DE94C,Leer,beach,,4,3,osm:way/292672917,Lütjegaste,score_gate,score_4.8_below_5.6
DE,DED2D,Görlitz,beach,,3,3,,,,
DE,DEA23,"Köln, Kreisfreie Stadt",beach,,3,3,osm:way/353403795,Monkey's Island,score_gate,score_5.1_below_5.6
DE,DED51,"Leipzig, Kreisfreie Stadt",beach,,3,3,,,,
DE,DEA5B,Soest,beach,,3,3,osm:node/5856724985,Strandbad Delecke,score_gate,score_4.7_below_5.6
DE,DE27E,Oberallgäu,beach,,3,3,,,,
DE,DE228,"Passau, Landkreis",beach,,3,3,,,,
DE,DE40A,Oberhavel,beach,,3,3,osm:way/4804270,Kiessee,photo_gate,imgs_0_strong_0
DE,DE40A,Oberhavel,beach,,3,3,osm:way/675385388,Familienbad Zehdenick,score_gate,score_5.0_below_5.6
DE,DE40A,Oberhavel,beach,,3,3,osm:way/436556000,Badestrand Pian,score_gate,score_4.7_below_5.6
DE,DE803,"Rostock, Kreisfreie Stadt",beach,,3,3,,,,
DE,DE401,"Brandenburg an der Havel, Kreisfreie Stadt",beach,,3,3,,,,
DE,DE404,"Potsdam, Kreisfreie Stadt",beach,,3,3,osm:way/1299815903,FKK-Strand,score_gate,score_4.5_below_5.6
DE,DE40B,Oberspreewald-Lausitz,beach,,3,3,osm:way/172564734,Textil-Strand Buchwalde,photo_gate,imgs_1_strong_0
DE,DE40C,Oder-Spree,beach,,3,3,osm:way/24428117,Werlsee Nordstrand,photo_gate,imgs_1_strong_1
DE,DE40C,Oder-Spree,beach,,3,3,osm:node/1293078486,Freibad,photo_gate,imgs_0_strong_0
DE,DE40C,Oder-Spree,beach,,3,3,osm:way/5228431,Strandbad Storkow,score_gate,score_5.0_below_5.6
DE,DE80J,Mecklenburgische Seenplatte,beach,,3,3,osm:way/158005641,Reitbahnsee Strand,photo_gate,imgs_0_strong_0
DE,DE80J,Mecklenburgische Seenplatte,beach,,3,3,osm:way/233511522,Brodaer Strand,photo_gate,imgs_0_strong_0
DE,DE80J,Mecklenburgische Seenplatte,beach,,3,3,osm:way/1194947560,Ecktannen,score_gate,score_5.3_below_5.6
DE,DE405,Barnim,beach,,3,3,osm:way/563306701,Feriendorf Grimnitzsee,photo_gate,imgs_0_strong_0
DE,DE405,Barnim,beach,,3,3,osm:way/28074011,Strandbad Wandlitzsee,photo_gate,imgs_0_strong_0
DE,DE405,Barnim,beach,,3,3,osm:way/72097725,BeachZone Ruhlsdorf,photo_gate,imgs_0_strong_0
DE,DE406,Dahme-Spreewald,beach,,3,3,osm:way/77629048,Strand2,photo_gate,imgs_1_strong_0
DE,DE406,Dahme-Spreewald,beach,,3,3,osm:way/70516821,Köthen,photo_gate,imgs_0_strong_0
DE,DE406,Dahme-Spreewald,beach,,3,3,osm:relation/9713979,Todnitz-Bad,score_gate,score_5.1_below_5.6
DE,DE40E,Potsdam-Mittelmark,beach,,3,3,osm:way/42822828,Summer Lounge,photo_gate,imgs_0_strong_0
DE,DE40E,Potsdam-Mittelmark,beach,,3,3,osm:way/160617849,Strandbad Ferch,score_gate,score_4.4_below_5.6
DE,DE147,Bodenseekreis,beach,,3,3,osm:node/11330724122,Eriskirch beach,photo_gate,imgs_1_strong_1
DE,DE147,Bodenseekreis,beach,,3,3,osm:way/1372287145,Liegewiese Campgingplatz Schloss Helmsdorf,score_gate,score_5.4_below_5.6
DE,DE147,Bodenseekreis,beach,,3,3,osm:way/616112537,Robinson-Crusoe-Insel,score_gate,score_5.3_below_5.6
DE,DE149,Sigmaringen,beach,,3,3,osm:way/1391532974,Illmensee,photo_gate,imgs_0_strong_0
DE,DE215,Berchtesgadener Land,beach,,3,3,,,,
DE,DE40I,Uckermark,beach,,3,3,osm:way/1075791033,Röpersdorf,score_gate,score_5.3_below_5.6
DE,DE40I,Uckermark,beach,,3,3,osm:way/200133812,Fürstenwerder,score_gate,score_5.3_below_5.6
DE,DE40I,Uckermark,beach,,3,3,osm:way/582973520,Kastaven,score_gate,score_5.2_below_5.6
DE,DE501,"Bremen, Kreisfreie Stadt",beach,,3,3,osm:way/397395191,Stadtwaldsee,photo_gate,imgs_0_strong_0
DE,DE501,"Bremen, Kreisfreie Stadt",beach,,3,3,osm:way/23904865,Weserstrand,photo_gate,imgs_0_strong_0
DE,DE501,"Bremen, Kreisfreie Stadt",beach,,3,3,osm:way/397395196,Werdersee,score_gate,score_4.7_below_5.6
DE,DE502,"Bremerhaven, Kreisfreie Stadt",beach,,3,3,,,,
DE,DE600,Hamburg,beach,,3,3,osm:way/24017388,Boberger Strand,photo_gate,imgs_1_strong_1
DE,DE600,Hamburg,beach,,3,3,osm:way/158077522,Badestelle,photo_gate,imgs_1_strong_0
DE,DE600,Hamburg,beach,,3,3,osm:way/252802573,Badestelle Nord,photo_gate,imgs_0_strong_0
DE,DE21D,Garmisch-Partenkirchen,beach,,3,3,osm:way/1533888156,Nichtschwimmerbereich,score_gate,score_4.8_below_5.6
DE,DE21E,Landsberg am Lech,beach,,3,3,osm:way/309660897,Strandbad Forster,score_gate,score_4.8_below_5.6
DE,DE21F,Miesbach,beach,,3,3,,,,
DE,DE21K,"Rosenheim, Landkreis",beach,,3,3,osm:way/427240856,Zollhaus,score_gate,score_4.7_below_5.6
DE,DE21K,"Rosenheim, Landkreis",beach,,3,3,osm:node/4362821057,Strandbad Schöllkopf,score_gate,score_5.1_below_5.6
DE,DE21K,"Rosenheim, Landkreis",beach,,3,3,osm:way/420341625,Stadl,score_gate,score_4.9_below_5.6
DE,DE21L,Starnberg,beach,,3,3,osm:way/35097329,Kustermannpark,score_gate,score_5.5_below_5.6
DE,DE21L,Starnberg,beach,,3,3,osm:way/305254869,Stegen,score_gate,score_5.3_below_5.6
DE,DE21L,Starnberg,beach,,3,3,osm:way/299845617,Strandbad Pilsensee Ost,score_gate,score_5.0_below_5.6
DE,DE21M,Traunstein,beach,,3,3,,,,
DE,DE27B,Ostallgäu,beach,,3,3,osm:way/25412268,Alpseebad,photo_gate,imgs_0_strong_0
ES,ES243,Zaragoza,beach,,3,3,,,,
GR,EL643,Evrytania,beach,,3,3,,,,
ES,ES413,León,beach,,3,3,,,,
ES,ES424,Guadalajara,beach,,3,3,,,,
ES,ES300,Madrid,beach,,3,3,,,,
ES,ES415,Salamanca,beach,,3,3,wd:Q98375911,Playa del Rostro,score_gate,score_5.4_below_5.6
GR,EL611,"Karditsa, Trikala",beach,,3,3,,,,
ES,ES220,Navarra,beach,,3,3,,,,
ES,ES113,Ourense,beach,,3,3,,,,
ES,ES419,Zamora,beach,,3,3,,,,
ES,ES241,Huesca,beach,,3,3,,,,
GR,EL531,"Grevena, Kozani",beach,,3,3,,,,
GR,EL532,Kastoria,beach,,3,3,,,,
GR,EL533,Florina,beach,,3,3,,,,
GR,EL543,Ioannina,beach,,3,3,,,,
DE,DEF04,"Neumünster, Kreisfreie Stadt",beach,,3,3,,,,
DE,DEF06,Herzogtum Lauenburg,beach,,3,3,osm:way/231949368,Badestelle Ratzeburg,photo_gate,imgs_3_strong_3
DE,DEF06,Herzogtum Lauenburg,beach,,3,3,osm:way/47126291,DLRG-Badestelle,score_gate,score_5.3_below_5.6
DE,DEF06,Herzogtum Lauenburg,beach,,3,3,osm:way/432809845,Salem,score_gate,score_5.1_below_5.6
DE,DEF0A,Plön,beach,,5,3,osm:way/123452297,Badestelle Prinzeninsel,photo_gate,imgs_0_strong_0
DE,DEF0A,Plön,beach,,5,3,wd:Q130312829,Kitzeberger Strand,photo_gate,imgs_3_strong_3
DE,DEF0A,Plön,beach,,5,3,osm:way/66208030,Sehlendorfer Strand,photo_gate,imgs_0_strong_0
DE,DEF0D,Segeberg,beach,,3,3,osm:way/344359573,Badestelle Damsdorf,score_gate,score_5.4_below_5.6
DE,DEF0D,Segeberg,beach,,3,3,osm:way/667771594,Warder,score_gate,score_5.3_below_5.6
GR,EL521,Imathia,beach,,3,3,,,,
GR,EL523,Kilkis,beach,,3,3,,,,
GR,EL524,Pella,beach,,3,3,,,,
GR,EL302,Dytikos Tomeas Athinon,beach,,3,3,,,,
GR,EL304,Notios Tomeas Athinon,beach,,3,3,osm:way/212874436,Agios Cosmas,score_gate,score_5.5_below_5.6
GR,EL304,Notios Tomeas Athinon,beach,,3,3,osm:way/399164539,Ακτή του Ήλιου,score_gate,score_5.5_below_5.6
GR,EL304,Notios Tomeas Athinon,beach,,3,3,wd:Q53630730,Glyfada A Attiki,score_gate,score_5.4_below_5.6
GR,EL526,Serres,beach,,3,3,,,,
FR,FRE21,Aisne,beach,,3,3,osm:way/173515595,Axo'Plage,score_gate,score_4.7_below_5.6
FR,FRE21,Aisne,beach,,3,3,osm:way/360749095,Plage d'Isle,score_gate,score_4.3_below_5.6
FR,FRC12,Nièvre,beach,,3,3,osm:way/971548098,Plage De L'Étang Marnant,score_gate,score_5.5_below_5.6
FR,FRC12,Nièvre,beach,,3,3,osm:way/493291116,Nevers Plage,score_gate,score_4.7_below_5.6
FR,FRC21,Doubs,beach,,3,3,osm:way/1424153134,Plage des Landes,score_gate,score_4.6_below_5.6
FR,FRC22,Jura,beach,,3,3,osm:way/592759198,Desnes Plage,photo_gate,imgs_0_strong_0
FR,FRC22,Jura,beach,,3,3,osm:way/233704442,Plage de Surchauffant,score_gate,score_5.5_below_5.6
FR,FRC22,Jura,beach,,3,3,osm:way/1003611018,Plage Surveillée du Lac des Rousses,score_gate,score_5.3_below_5.6
FR,FRC23,Haute-Saône,beach,,3,3,,,,
FR,FRF12,Haut-Rhin,beach,,3,3,,,,
FR,FRC14,Yonne,beach,,3,3,osm:way/1280139610,River bathing area,score_gate,score_5.3_below_5.6
FR,FRC14,Yonne,beach,,3,3,osm:way/678738932,Plage de Vermenton,score_gate,score_5.0_below_5.6
FR,FRB03,Indre,beach,,3,3,osm:way/187628783,Plage de Belle-Isle,photo_gate,imgs_0_strong_0
FR,FRB03,Indre,beach,,3,3,osm:way/581916737,Baignade Aménagée,score_gate,score_5.3_below_5.6
FR,FRB03,Indre,beach,,3,3,osm:way/128624260,Plage de Chambon,score_gate,score_4.7_below_5.6
FI,FI1DA,Etelä-Savo,beach,,3,3,wd:Q109016515,Pistohiekka,photo_gate,imgs_0_strong_0
FI,FI1DA,Etelä-Savo,beach,,3,3,osm:way/161480564,Pitkäjärven uimaranta,photo_gate,imgs_0_strong_0
FI,FI1DA,Etelä-Savo,beach,,3,3,osm:way/83825504,Heikinpohjan uimaranta,photo_gate,imgs_0_strong_0
FI,FI1DB,Pohjois-Savo,beach,,3,3,osm:way/28233890,Peräniemen uimaranta,photo_gate,imgs_1_strong_1
FI,FI1DB,Pohjois-Savo,beach,,3,3,osm:way/284106619,Särkilahden uimaranta,photo_gate,imgs_0_strong_0
FI,FI1DB,Pohjois-Savo,beach,,3,3,osm:way/868143353,Paloniemen uimaranta,photo_gate,imgs_0_strong_0
FR,FRC11,Côte-d’Or,beach,,3,3,osm:way/129218271,Plage du Lac Chanoine Kir,score_gate,score_5.3_below_5.6
FI,FI1C2,Kanta-Häme,beach,,3,3,osm:way/19745732,Ahvenistonjärven uimaranta,photo_gate,imgs_0_strong_0
FI,FI1C2,Kanta-Häme,beach,,3,3,osm:way/611865093,Sairion ranta,photo_gate,imgs_0_strong_0
FI,FI1C2,Kanta-Häme,beach,,3,3,osm:way/144918511,Kahtoilammen uimaranta,photo_gate,imgs_0_strong_0
ES,ES613,Córdoba,beach,,3,3,,,,
ES,ES614,Granada,beach,,6,3,wd:Q6078945,Playa de Poniente,photo_gate,imgs_0_strong_0
ES,ES614,Granada,beach,,6,3,wd:Q6160073,Playa de Velilla,photo_gate,imgs_1_strong_1
ES,ES614,Granada,beach,,6,3,wd:Q5492662,Barranco de Enmedio,photo_gate,imgs_2_strong_2
ES,ES431,Badajoz,beach,,3,3,,,,
ES,ES616,Jaén,beach,,3,3,,,,
ES,ES432,Cáceres,beach,,3,3,,,,
ES,ES640,Melilla,beach,,3,3,wd:Q28121189,Los Cárabos,photo_gate,imgs_0_strong_0
ES,ES640,Melilla,beach,,3,3,wd:Q6079254,Hipodromo Beach,photo_gate,imgs_0_strong_0
ES,ES640,Melilla,beach,,3,3,wd:Q28121322,San Lorenzo Beach,photo_gate,imgs_0_strong_0
ES,ES513,Lleida,beach,,3,3,,,,
FI,FI19B,Pirkanmaa,beach,,3,3,osm:way/104405025,Kaupinojan uimaranta,photo_gate,imgs_1_strong_1
FI,FI19B,Pirkanmaa,beach,,3,3,wd:Q18515548,Pyynikki beach,photo_gate,imgs_0_strong_0
FI,FI19B,Pirkanmaa,beach,,3,3,osm:way/41418589,Hervantajärvi Beach,photo_gate,imgs_0_strong_0
FI,FI1C6,Päijät-Häme,beach,,3,3,osm:way/46035281,Ank­ku­rin Ran­ta­puis­ton ui­ma­ran­ta,photo_gate,imgs_0_strong_0
FI,FI1C6,Päijät-Häme,beach,,3,3,osm:way/1058194306,Merrasjärven uimaranta,photo_gate,imgs_0_strong_0
FI,FI1C6,Päijät-Häme,beach,,3,3,osm:way/589280735,Kalmarinranta,photo_gate,imgs_0_strong_0
FI,FI199,Etelä-Pohjanmaa,beach,,3,3,osm:way/176294572,Kyrkösjärven uimaranta,photo_gate,imgs_0_strong_0
FI,FI199,Etelä-Pohjanmaa,beach,,3,3,osm:way/156293210,Sahalammen uimaranta,photo_gate,imgs_0_strong_0
FI,FI199,Etelä-Pohjanmaa,beach,,3,3,osm:way/164734481,Kirkkoranta,photo_gate,imgs_0_strong_0
HU,HU213,Veszprém,beach,,3,3,osm:relation/3116257,Sajkodi strand,photo_gate,imgs_0_strong_0
HU,HU213,Veszprém,beach,,3,3,osm:relation/3116656,Bercsényi strand,photo_gate,imgs_0_strong_0
HU,HU213,Veszprém,beach,,3,3,osm:way/1297160281,Kisfaludy strand,photo_gate,imgs_0_strong_0
HU,HU221,Győr-Moson-Sopron,beach,,3,3,osm:node/4941849510,Ikrényi strand,score_gate,score_4.7_below_5.6
HU,HU221,Győr-Moson-Sopron,beach,,3,3,osm:way/369953193,kavicszátony,score_gate,score_4.7_below_5.6
FR,FRK24,Isère,beach,,3,3,wd:Q3390847,Plage de Grenoble,score_gate,score_5.3_below_5.6
FR,FRK24,Isère,beach,,3,3,osm:node/11036830734,Plage naturiste du Lac de Laffray,score_gate,score_4.7_below_5.6
FR,FRK24,Isère,beach,,3,3,osm:relation/7475882,Plage de Charavines,score_gate,score_4.7_below_5.6
HU,HU223,Zala,beach,,3,3,osm:way/203274685,Hévízi-fürdő,photo_gate,imgs_0_strong_0
HU,HU223,Zala,beach,,3,3,osm:relation/3116254,Diási Játékstrand,photo_gate,imgs_0_strong_0
HU,HU223,Zala,beach,,3,3,osm:relation/3116256,Lido strand,score_gate,score_5.5_below_5.6
FR,FRK27,Savoie,beach,,3,3,wd:Q49324865,Saint Alban Plage,photo_gate,imgs_0_strong_0
FR,FRK27,Savoie,beach,,3,3,osm:way/119893101,"""La Crique"" - Nances",score_gate,score_5.5_below_5.6
FR,FRK27,Savoie,beach,,3,3,osm:way/119893102,Plage de Pré-Argent,score_gate,score_5.4_below_5.6
HU,HU231,Baranya,beach,,3,3,osm:way/286973460,Szabadstrand,score_gate,score_4.7_below_5.6
HU,HU232,Somogy,beach,,3,3,osm:relation/3116844,Szabadstrand,photo_gate,imgs_1_strong_1
HU,HU232,Somogy,beach,,3,3,osm:relation/3116850,Báthori utcai szabadstrand,photo_gate,imgs_1_strong_1
HU,HU232,Somogy,beach,,3,3,osm:way/614395501,Fonyód – Bélatelepi szabadstrand,photo_gate,imgs_2_strong_2
FR,FRK12,Cantal,beach,,3,3,osm:way/81818255,Plage de Longairoux,score_gate,score_4.7_below_5.6
FR,FRK12,Cantal,beach,,3,3,osm:way/168539360,Plage de Val,score_gate,score_4.7_below_5.6
FR,FRK12,Cantal,beach,,3,3,osm:way/170553684,Plage du Puech des Ouilhes,score_gate,score_4.7_below_5.6
FR,FRK13,Haute-Loire,beach,,3,3,,,,
FR,FRL01,Alpes-de-Haute-Provence,beach,,3,3,osm:way/1393925569,La Cadeno,score_gate,score_5.3_below_5.6
FR,FRL01,Alpes-de-Haute-Provence,beach,,3,3,osm:way/839901378,Plage du Plan,score_gate,score_4.7_below_5.6
FR,FRL01,Alpes-de-Haute-Provence,beach,,3,3,osm:way/1313925799,Plage naturiste de Sainte Croix,score_gate,score_4.7_below_5.6
HR,HR050,Grad Zagreb,beach,,3,3,osm:way/170337848,Malo jezero,photo_gate,imgs_0_strong_0
HR,HR050,Grad Zagreb,beach,,3,3,osm:way/35926202,Izložbeni prostor Parka Bundek,photo_gate,imgs_0_strong_0
HR,HR050,Grad Zagreb,beach,,3,3,osm:way/41790607,Otok veslača,score_gate,score_5.5_below_5.6
HR,HR062,Varaždinska županija,beach,,3,3,,,,
HR,HR063,Koprivničko-križevačka županija,beach,,3,3,,,,
FR,FRK14,Puy-de-Dôme,beach,,3,3,osm:way/91894720,Plage du Gour de Tazenat,score_gate,score_4.7_below_5.6
FR,FRK14,Puy-de-Dôme,beach,,3,3,osm:way/410103050,Plage d'ILOA,score_gate,score_4.7_below_5.6
FR,FRK14,Puy-de-Dôme,beach,,3,3,osm:way/798892187,Plage de la Chazotte,score_gate,score_4.7_below_5.6
HR,HR065,Zagrebačka županija,beach,,3,3,,,,
FR,FRK21,Ain,beach,,3,3,osm:node/13072847268,Plage Naturiste de La Mama,score_gate,score_5.3_below_5.6
FR,FRK21,Ain,beach,,3,3,osm:way/174763616,Plage de La Baraka,score_gate,score_4.7_below_5.6
FR,FRK21,Ain,beach,,3,3,osm:way/366075722,Plage Albert Griot,score_gate,score_4.7_below_5.6
HR,HR024,Brodsko-posavska županija,beach,,3,3,osm:way/79581953,Poloj,score_gate,score_4.3_below_5.6
FR,FRK22,Ardèche,beach,,3,3,osm:way/1098319526,Plage de Sauze,score_gate,score_5.5_below_5.6
FR,FRK22,Ardèche,beach,,3,3,osm:way/364865429,Chaulet plage,score_gate,score_4.7_below_5.6
FR,FRK22,Ardèche,beach,,3,3,osm:way/478437057,Le Petit Rocher,score_gate,score_4.7_below_5.6
HU,HU211,Fejér,beach,,3,3,osm:relation/19583606,"Agárd, Tini Szabadstrand",score_gate,score_5.4_below_5.6
HU,HU211,Fejér,beach,,3,3,osm:relation/19583194,Park strand,score_gate,score_5.1_below_5.6
HU,HU211,Fejér,beach,,3,3,osm:way/195608124,TóParty Rendezvény Strand,score_gate,score_5.1_below_5.6
HU,HU212,Komárom-Esztergom,beach,,3,3,eea:HUBW_01204,Katonai -grofi- To Fenyes Furdo -tata,score_gate,score_5.4_below_5.6
HU,HU212,Komárom-Esztergom,beach,,3,3,osm:way/41672724,Palatinus-Tófürdő,score_gate,score_4.9_below_5.6
HU,HU212,Komárom-Esztergom,beach,,3,3,osm:way/498340219,Pilismarót-Dunapart szabadstrand aranypart,score_gate,score_4.3_below_5.6
HR,HR027,Karlovačka županija,beach,,3,3,wd:Q135602856,Foginovo Beach,score_gate,score_3.5_below_5.6
HR,HR027,Karlovačka županija,beach,,3,3,eea:SI00D0501700K02060,"Kopalno Območje Kolpa, Pobrežje–fučkovci",score_gate,score_4.7_below_5.6
HR,HR027,Karlovačka županija,beach,,3,3,eea:SI00D0501700K04010,"Kopalno Območje Kolpa, Adlešiči",score_gate,score_4.2_below_5.6
FR,FRJ25,Lot,beach,,3,3,osm:way/220457086,Les Vidissières,score_gate,score_4.7_below_5.6
FR,FRJ25,Lot,beach,,3,3,osm:way/435640556,Foussac,score_gate,score_4.7_below_5.6
FR,FRJ25,Lot,beach,,3,3,osm:way/1342677542,Plage du Port,score_gate,score_4.7_below_5.6
FR,FRJ26,Hautes-Pyrénées ,beach,,3,3,,,,
FR,FRJ27,Tarn,beach,,3,3,osm:node/12361191178,Plage du Roc Blanc,score_gate,score_4.7_below_5.6
FR,FRJ27,Tarn,beach,,3,3,osm:node/7730081635,Plage de Rabastens,score_gate,score_4.7_below_5.6
FR,FRJ27,Tarn,beach,,3,3,osm:node/7999169292,Plage de La Maurinié,score_gate,score_4.7_below_5.6
FR,FRF34,Vosges,beach,,3,3,osm:node/13645444816,Mainqueyon,score_gate,score_4.7_below_5.6
FR,FRF34,Vosges,beach,,3,3,osm:way/614211884,Camping beach,score_gate,score_4.7_below_5.6
FR,FRF22,Aube,beach,,3,3,wd:Q53800308,plage du lac d'Orient,score_gate,score_4.7_below_5.6
FR,FRF22,Aube,beach,,3,3,osm:way/344521946,Plage de Dienville,score_gate,score_4.7_below_5.6
FR,FRJ14,Lozère,beach,,3,3,,,,
FR,FRF23,Marne,beach,,3,3,,,,
FR,FRJ21,Ariège,beach,,3,3,,,,
FR,FRF24,Haute-Marne,beach,,3,3,,,,
FR,FRJ22,Aveyron,beach,,3,3,osm:way/201488846,Plage Lac de la Cisba,score_gate,score_5.3_below_5.6
FR,FRJ22,Aveyron,beach,,3,3,osm:way/465236336,Plage des Vernhes II,score_gate,score_4.7_below_5.6
FR,FRJ22,Aveyron,beach,,3,3,osm:way/608219944,Les Moulinoches,score_gate,score_4.7_below_5.6
FR,FRF31,Meurthe-et-Moselle ,beach,,3,3,osm:way/1309060128,Plage naturiste FFN,photo_gate,imgs_0_strong_0
FR,FRF31,Meurthe-et-Moselle ,beach,,3,3,osm:way/1351164878,Au Fier Pré,photo_gate,imgs_0_strong_0
FR,FRJ23,Haute-Garonne,beach,,3,3,,,,
FR,FRF32,Meuse ,beach,,3,3,osm:way/700673030,Fosse bleue,score_gate,score_5.3_below_5.6
LV,LV009,Zemgale,beach,,3,3,osm:way/238572321,Jēkabpils Zilā karoga pludmale,photo_gate,imgs_0_strong_0
LV,LV009,Zemgale,beach,,3,3,osm:way/364295583,Pasta sala,photo_gate,imgs_0_strong_0
LV,LV009,Zemgale,beach,,3,3,osm:way/1305764705,Avotiņi,score_gate,score_5.3_below_5.6
IT,ITI22,Terni,beach,,3,3,osm:way/1203284620,Miralago,score_gate,score_5.2_below_5.6
LI,LI000,Liechtenstein,beach,,3,3,,,,
IT,ITI33,Macerata,beach,,3,3,eea:IT011043012002,Spiaggia Kambusa,score_gate,score_5.4_below_5.6
IT,ITI33,Macerata,beach,,3,3,osm:way/954992721,Galileo,score_gate,score_4.9_below_5.6
IT,ITI33,Macerata,beach,,3,3,osm:way/1275210441,Lampara Beach,score_gate,score_4.8_below_5.6
IT,ITI34,Ascoli Piceno,beach,,3,3,wd:Q33332974,Riviera delle Palme,score_gate,score_4.7_below_5.6
IT,ITI34,Ascoli Piceno,beach,,3,3,osm:way/658726728,La Gioconda,score_gate,score_4.7_below_5.6
IT,ITI34,Ascoli Piceno,beach,,3,3,eea:IT011044066002,Davanti Fosso Acqua Chiara,score_gate,score_4.7_below_5.6
IT,ITI35,Fermo,beach,,3,3,osm:way/173956092,Spiaggia Marina Palmense,photo_gate,imgs_0_strong_0
IT,ITI35,Fermo,beach,,3,3,osm:relation/20395461,Spiaggia Lungomare Nord,photo_gate,imgs_0_strong_0
IT,ITI35,Fermo,beach,,3,3,wd:Q33344030,Spiaggia Porto Sant'Elpidio,score_gate,score_5.1_below_5.6
IT,ITI41,Viterbo,beach,,3,3,eea:IT012056050018,S. Giorgio,score_gate,score_5.4_below_5.6
IT,ITI41,Viterbo,beach,,3,3,eea:IT012056015001,Lido Fogliano,score_gate,score_5.4_below_5.6
IT,ITI41,Viterbo,beach,,3,3,wd:Q33345457,spiaggia di Porto Clementino,score_gate,score_5.0_below_5.6
IT,ITH10,Bolzano-Bozen,beach,,3,3,eea:IT042021015002,"Lago Di Caldaro - Nordest, Davanti Hotel",score_gate,score_5.4_below_5.6
IT,ITH10,Bolzano-Bozen,beach,,3,3,eea:IT042021111001,"Lago Di Varna - A Nord, Davanti Al Prato",score_gate,score_5.4_below_5.6
IT,ITH10,Bolzano-Bozen,beach,,3,3,eea:IT042021015003,"Lago Di Caldaro - Sudovest, Davanti Campeggio",score_gate,score_5.4_below_5.6
LT,LT011,Vilniaus apskritis,beach,,3,3,osm:way/559536047,Akmena Nudist Beach,photo_gate,imgs_0_strong_0
LT,LT011,Vilniaus apskritis,beach,,3,3,osm:node/7545309127,Valakampiai nudist beach,photo_gate,imgs_1_strong_1
LT,LT011,Vilniaus apskritis,beach,,3,3,osm:relation/7356625,Rūdninkų kontinentinės kopos,photo_gate,imgs_0_strong_0
LT,LT021,Alytaus apskritis,beach,,3,3,eea:LT001596915040123,Dusios,photo_gate,imgs_0_strong_0
LT,LT021,Alytaus apskritis,beach,,3,3,eea:LT001591310030250,Snaigyno,photo_gate,imgs_0_strong_0
LT,LT021,Alytaus apskritis,beach,,3,3,eea:LT001596910030001,Ancios,photo_gate,imgs_0_strong_0
MK,MK004,Jugoistočen,beach,,3,3,wd:Q20939747,Кочини,photo_gate,imgs_0_strong_0
MK,MK004,Jugoistočen,beach,,3,3,wd:Q20939744,Солишта,score_gate,score_5.2_below_5.6
MK,MK004,Jugoistočen,beach,,3,3,osm:node/12587461622,Nikolich Beach,score_gate,score_4.3_below_5.6
IT,ITI42,Rieti,beach,,3,3,,,,
IT,ITH20,Trento,beach,,3,3,osm:relation/19309205,Spiaggia Augsburgerhof,score_gate,score_5.4_below_5.6
IT,ITH20,Trento,beach,,3,3,eea:IT041022104001,Spiaggia La Taverna,score_gate,score_5.4_below_5.6
IT,ITH20,Trento,beach,,3,3,osm:way/1541212544,Lido Buena Onda,score_gate,score_5.4_below_5.6
LT,LT022,Kauno apskritis,beach,,3,3,osm:way/670701882,Šančių paplūdimys,photo_gate,imgs_0_strong_0
LT,LT022,Kauno apskritis,beach,,3,3,osm:way/1532851050,Lampėdžių paplūdimys,photo_gate,imgs_2_strong_0
LT,LT022,Kauno apskritis,beach,,3,3,osm:relation/6588822,Panemunės paplūdymys,photo_gate,imgs_0_strong_0
IT,ITH31,Verona,beach,,3,3,osm:way/332686342,Val di Sogno,photo_gate,imgs_0_strong_0
IT,ITH31,Verona,beach,,3,3,osm:way/332686348,Cassone,score_gate,score_5.5_below_5.6
IT,ITH31,Verona,beach,,3,3,osm:way/170248583,Baia Stanca,score_gate,score_5.4_below_5.6
MK,MK002,Istočen,beach,,3,3,,,,
IT,ITH33,Belluno,beach,,3,3,eea:IT005025056001,Falcine,score_gate,score_4.7_below_5.6
LT,LT025,Panevėžio apskritis,beach,,3,3,osm:relation/7389888,Biržų centrinis pliažas,photo_gate,imgs_1_strong_0
LT,LT025,Panevėžio apskritis,beach,,3,3,osm:node/12843513600,Panevėžio nudistų paplūdimys,photo_gate,imgs_0_strong_0
LT,LT025,Panevėžio apskritis,beach,,3,3,eea:LT005731912230017,Sartu,score_gate,score_4.7_below_5.6
IT,ITH58,Forlì-Cesena,beach,,3,3,osm:node/4293901638,Public Beach,photo_gate,imgs_0_strong_0
IT,ITH58,Forlì-Cesena,beach,,3,3,osm:node/1683278579,Bagno Ambasciata,score_gate,score_5.4_below_5.6
IT,ITH58,Forlì-Cesena,beach,,3,3,wd:Q33341905,Spiaggia di Valverde,score_gate,score_4.8_below_5.6
IT,ITH59,Rimini,beach,,3,3,osm:way/615395487,Viserbella,photo_gate,imgs_0_strong_0
IT,ITH59,Rimini,beach,,3,3,osm:way/258251378,Portoverde Beach,photo_gate,imgs_0_strong_0
IT,ITH59,Rimini,beach,,3,3,wd:Q33342972,Spiaggia Le Palme,score_gate,score_5.5_below_5.6
LT,LT026,Šiaulių apskritis,beach,,3,3,osm:way/330333276,Pietinis pliažas,photo_gate,imgs_0_strong_0
LT,LT026,Šiaulių apskritis,beach,,3,3,osm:way/122133120,Maudyklės,photo_gate,imgs_0_strong_0
LT,LT026,Šiaulių apskritis,beach,,3,3,osm:relation/9312561,Bridvaišio ež. paplūdimys,score_gate,score_5.3_below_5.6
IT,ITI11,Massa-Carrara,beach,,3,3,osm:node/12890479605,Spiaggia del Cinquale,photo_gate,imgs_0_strong_0
IT,ITI11,Massa-Carrara,beach,,3,3,osm:way/702682416,Sunset,photo_gate,imgs_0_strong_0
IT,ITI11,Massa-Carrara,beach,,3,3,osm:way/194615175,Bagno Belmare,score_gate,score_5.5_below_5.6
IT,ITI12,Lucca,beach,,3,3,wd:Q3966660,Lecciona,photo_gate,imgs_0_strong_0
IT,ITI12,Lucca,beach,,3,3,osm:node/7924389466,Lecciona,photo_gate,imgs_0_strong_0
IT,ITI12,Lucca,beach,,3,3,osm:way/1199450359,Spiaggia Colonia Casalmaggiore,score_gate,score_5.5_below_5.6
IT,ITH36,Padova,beach,,3,3,,,,
LT,LT027,Tauragės apskritis,beach,,3,3,osm:way/1280156818,Balskų Pliažas,photo_gate,imgs_0_strong_0
LT,LT027,Tauragės apskritis,beach,,3,3,eea:LT007770116010001,Juros,score_gate,score_4.7_below_5.6
LT,LT027,Tauragės apskritis,beach,,3,3,eea:LT007871930030062,Parsezerio,score_gate,score_4.7_below_5.6
IT,ITG15,Caltanissetta,beach,,3,3,wd:Q33327231,Lido Manfria,score_gate,score_5.0_below_5.6
IT,ITG15,Caltanissetta,beach,,3,3,wd:Q33327238,Lido Panama Beach,score_gate,score_5.0_below_5.6
LT,LT028,Telšių apskritis,beach,,3,3,eea:LT008781030030146,Germanto,photo_gate,imgs_0_strong_0
LT,LT028,Telšių apskritis,beach,,3,3,eea:LT0086866170400304,Plateliu Miestelio,photo_gate,imgs_0_strong_0
LT,LT028,Telšių apskritis,beach,,3,3,eea:LT0086866170400302,Linelio,photo_gate,imgs_0_strong_0
IT,ITG16,Enna,beach,,3,3,,,,
IT,ITH41,Pordenone,beach,,3,3,,,,
LT,LT029,Utenos apskritis,beach,,3,3,osm:relation/8298644,Pabiržės įlanka,photo_gate,imgs_0_strong_0
LT,LT029,Utenos apskritis,beach,,3,3,osm:relation/17527799,Kertuojos paplūdimiai,photo_gate,imgs_0_strong_0
LT,LT029,Utenos apskritis,beach,,3,3,osm:relation/8249444,Salako paplūdimys,photo_gate,imgs_1_strong_1
IT,ITI18,Arezzo,beach,,3,3,,,,
IT,ITI21,Perugia,beach,,3,3,eea:IT010054009004,Lido Arezzo,score_gate,score_4.7_below_5.6
IT,ITI21,Perugia,beach,,3,3,eea:IT010054009006,Lido Comunale Castiglione Del Lago,score_gate,score_4.7_below_5.6
IT,ITI21,Perugia,beach,,3,3,eea:IT010054009001,Isola Polvese Nuova,score_gate,score_4.7_below_5.6
IT,ITC20,Valle d’Aosta/Vallée d’Aoste,beach,,3,3,,,,
IT,ITC46,Bergamo,beach,,3,3,osm:way/1095856191,Lido Nettuno,score_gate,score_5.5_below_5.6
IT,ITC46,Bergamo,beach,,3,3,eea:IT003016093004,Laghetto Piangaiano,score_gate,score_5.4_below_5.6
IT,ITC46,Bergamo,beach,,3,3,eea:IT003016180003,Camping 30 Passi,score_gate,score_4.7_below_5.6
IT,ITC47,Brescia,beach,,3,3,osm:way/1043101486,Il Lido Iseo,photo_gate,imgs_0_strong_0
IT,ITC47,Brescia,beach,,3,3,osm:way/69944383,Spiaggia Fontanelle,photo_gate,imgs_0_strong_0
IT,ITC47,Brescia,beach,,3,3,osm:way/189789211,Spiaggia di Castello,photo_gate,imgs_0_strong_0
IT,ITF51,Potenza,beach,,3,3,wd:Q124398446,Spiaggia A' Gnola,photo_gate,imgs_0_strong_0
IT,ITF51,Potenza,beach,,3,3,osm:way/1457465131,L'approdo,score_gate,score_4.8_below_5.6
IT,ITF51,Potenza,beach,,3,3,wd:Q124398766,Spiaggia Maratea,score_gate,score_4.7_below_5.6
IT,ITC41,Varese,beach,,3,3,osm:way/899523272,Spiaggia pubblica di Zenna,photo_gate,imgs_2_strong_2
IT,ITC41,Varese,beach,,3,3,wd:Q33334903,Spiaggia del Sasso Cavallazzo,photo_gate,imgs_0_strong_0
IT,ITC41,Varese,beach,,3,3,eea:IT003012116004,Molo,score_gate,score_5.4_below_5.6
IT,ITF52,Matera,beach,,3,3,eea:IT017077021009,Canale Scolmatore - 50 Mt. Margine Nord,score_gate,score_5.4_below_5.6
IT,ITF52,Matera,beach,,3,3,wd:Q65121427,Lido Rivolta,score_gate,score_5.0_below_5.6
IT,ITF52,Matera,beach,,3,3,eea:IT017077021007,Idrovora Del Concio-50 Mt. Margine Nord,score_gate,score_4.7_below_5.6
IT,ITC42,Como,beach,,3,3,osm:way/371442618,Lido di Campione,score_gate,score_4.3_below_5.6
IT,ITC42,Como,beach,,3,3,wd:Q3821086,La Punta Beach,score_gate,score_5.2_below_5.6
IT,ITC42,Como,beach,,3,3,osm:way/300208943,Lido di Lenno,score_gate,score_5.0_below_5.6
IT,ITC44,Sondrio,beach,,3,3,osm:node/9912828690,Nova Beach,score_gate,score_4.7_below_5.6
IT,ITC44,Sondrio,beach,,3,3,eea:IT003014046002,Fronte Campeggio Corti,score_gate,score_4.7_below_5.6
HU,HU312,Heves,beach,,3,3,osm:way/289249774,Beach,score_gate,score_5.1_below_5.6
HU,HU312,Heves,beach,,3,3,eea:HUBW_01001,Tisza-to Kiskorei Strand,score_gate,score_4.7_below_5.6
IT,ITC4C,Milano,beach,,3,3,osm:way/800645964,Ultima Spiaggia - Acquaplay,score_gate,score_4.8_below_5.6
IT,ITC4C,Milano,beach,,3,3,eea:IT003015205003,Zona Boschiva 1500,score_gate,score_4.7_below_5.6
IT,ITC4C,Milano,beach,,3,3,eea:IT003015171001,Scarico Sud,score_gate,score_4.7_below_5.6
IT,ITF11,L’Aquila,beach,,3,3,eea:IT013066093001,Antistante Chiesetta Del Lago,score_gate,score_4.7_below_5.6
IT,ITF13,Pescara,beach,,3,3,osm:way/809579262,Free beach,photo_gate,imgs_0_strong_0
IT,ITF13,Pescara,beach,,3,3,osm:node/445136622,Azzurra,score_gate,score_5.5_below_5.6
IT,ITF13,Pescara,beach,,3,3,osm:way/844611715,Spiaggia Libera Tutti,score_gate,score_5.4_below_5.6
IT,ITF22,Campobasso,beach,,3,3,osm:way/61556505,Spiaggia di Cala D'Or,photo_gate,imgs_0_strong_0
IT,ITF22,Campobasso,beach,,3,3,wd:Q33341565,Spiaggia di Termoli,photo_gate,imgs_0_strong_0
IT,ITF22,Campobasso,beach,,3,3,osm:way/1076684933,Lido Anna,score_gate,score_4.7_below_5.6
IT,ITC11,Torino,beach,,3,3,eea:IT001001013002,Grigneto,photo_gate,imgs_0_strong_0
IT,ITC11,Torino,beach,,3,3,eea:IT001001125003,Scaricatore,score_gate,score_5.4_below_5.6
IT,ITC11,Torino,beach,,3,3,osm:way/198974998,Chalet Moia,score_gate,score_5.4_below_5.6
HU,HU323,Szabolcs-Szatmár-Bereg,beach,,3,3,osm:relation/14724504,Rakamazi strand,photo_gate,imgs_0_strong_0
HU,HU323,Szabolcs-Szatmár-Bereg,beach,,3,3,osm:way/302603493,Tiszai szabadstrand,score_gate,score_5.5_below_5.6
IT,ITC13,Biella,beach,,3,3,osm:way/1071503484,La Pioppeta,photo_gate,imgs_0_strong_0
IT,ITC13,Biella,beach,,3,3,eea:IT001096080006,Bagni Ghigliotta,score_gate,score_5.4_below_5.6
IT,ITC13,Biella,beach,,3,3,eea:IT001096080005,Campeggio Haway,score_gate,score_5.4_below_5.6
HU,HU331,Bács-Kiskun,beach,,3,3,osm:relation/11330495,Vadkerti-tó Strand,score_gate,score_5.1_below_5.6
HU,HU331,Bács-Kiskun,beach,,3,3,osm:way/361041565,Strandfürdő,score_gate,score_4.9_below_5.6
HU,HU331,Bács-Kiskun,beach,,3,3,osm:way/601334635,szabadstrand,score_gate,score_4.8_below_5.6
IT,ITC15,Novara,beach,,3,3,osm:way/457675283,Pirolino Beach,score_gate,score_5.5_below_5.6
IT,ITC15,Novara,beach,,3,3,osm:way/204041709,Buccione,score_gate,score_5.4_below_5.6
IT,ITC15,Novara,beach,,3,3,osm:way/530238580,Bagnera,score_gate,score_5.4_below_5.6
HU,HU332,Békés,beach,,3,3,osm:way/709695998,Szanazugi strand (Doboz),score_gate,score_5.3_below_5.6
HU,HU332,Békés,beach,,3,3,eea:HUBW_00407,Gyula-varoserdo Fekete-koros Folyo Bal Part,score_gate,score_4.7_below_5.6
IE,IE063,Midland,beach,,3,3,eea:IESHBWL26_703_0100,"Portnashangan, Lough Owel",score_gate,score_5.4_below_5.6
IE,IE063,Midland,beach,,3,3,osm:way/822564183,Pine,score_gate,score_5.2_below_5.6
IE,IE063,Midland,beach,,3,3,eea:IEEABWL07_274_0100,"The Cut, Lough Lene",score_gate,score_4.7_below_5.6
HU,HU333,Csongrád-Csanád,beach,,3,3,osm:way/296478269,Körös-torok,photo_gate,imgs_3_strong_3
HU,HU333,Csongrád-Csanád,beach,,3,3,osm:way/507411950,Mindszenti kutyás strand,photo_gate,imgs_1_strong_0
HU,HU333,Csongrád-Csanád,beach,,3,3,osm:relation/8420677,Lapos Beach,photo_gate,imgs_0_strong_0
IT,ITC18,Alessandria,beach,,3,3,,,,
PL,PL225,Bielski,beach,,3,3,,,,
PL,PL22C,Tyski,beach,,3,3,,,,
PL,PL415,Miasto Poznań,beach,,3,3,osm:way/181239287,Plaża Malibu,photo_gate,imgs_0_strong_0
PL,PL415,Miasto Poznań,beach,,3,3,osm:way/363523230,Plaża Smocza,photo_gate,imgs_0_strong_0
PL,PL415,Miasto Poznań,beach,,3,3,osm:way/847096065,Rusałka swimming area,score_gate,score_5.1_below_5.6
PL,PL414,Koniński,beach,,3,3,osm:way/373348824,Dzika Plaża,photo_gate,imgs_0_strong_0
PL,PL414,Koniński,beach,,3,3,osm:way/310771427,Plaża GOSiR w Wilczynie,score_gate,score_5.5_below_5.6
PL,PL414,Koniński,beach,,3,3,eea:PL4141004530000124,Kąpielisko przy Ośrodku Wypoczynkowym w Trębach Starych,score_gate,score_4.7_below_5.6
PL,PL218,Nowosądecki,beach,,3,3,,,,
NO,NO085,Buskerud,beach,,4,3,osm:way/893322007,Svangstrand,photo_gate,imgs_0_strong_0
NO,NO085,Buskerud,beach,,4,3,osm:relation/7544137,Stoltenberget,score_gate,score_5.3_below_5.6
NO,NO085,Buskerud,beach,,4,3,osm:way/870563669,Sundhaugen,score_gate,score_5.1_below_5.6
PL,PL219,Nowotarski,beach,,3,3,osm:way/1127317661,Hajducká záhrada,photo_gate,imgs_0_strong_0
PL,PL219,Nowotarski,beach,,3,3,osm:way/1127221564,Janosikowy Skok,score_gate,score_4.6_below_5.6
NL,NL423,Zuid-Limburg,beach,,3,3,,,,
NO,NO020,Innlandet,beach,,3,3,osm:way/830800014,Leirfallet,photo_gate,imgs_0_strong_0
NO,NO020,Innlandet,beach,,3,3,osm:way/987637206,Kremmerodden Badeplass,photo_gate,imgs_0_strong_0
NO,NO020,Innlandet,beach,,3,3,osm:node/10126472223,Sanda badeplass,score_gate,score_5.3_below_5.6
MK,MK005,Pelagoniski,beach,,3,3,osm:way/1312101749,Свети Илија,photo_gate,imgs_4_strong_0
MK,MK005,Pelagoniski,beach,,3,3,osm:way/832501698,Stenje Beach,score_gate,score_5.5_below_5.6
MK,MK005,Pelagoniski,beach,,3,3,wd:Q20935309,Маркова Нога,score_gate,score_5.2_below_5.6
MK,MK006,Pološki,beach,,3,3,,,,
MK,MK007,Severoistočen,beach,,3,3,,,,
MK,MK008,Skopski,beach,,3,3,,,,
NL,NL114,Oost-Groningen,beach,,3,3,eea:NLBW33_3403,"Koetshuis, Borgerswold Veendam",score_gate,score_4.7_below_5.6
NL,NL128,Zuidwest-Friesland,beach,,3,3,eea:NLBW92_MOLKWRBSD,"Molkwerum, Molkwerum",score_gate,score_5.4_below_5.6
NL,NL128,Zuidwest-Friesland,beach,,3,3,eea:NLBW92_HINDLPBPVJN,"Badpaviljoen Ijsselmeer, Hindeloopen",score_gate,score_4.7_below_5.6
NL,NL128,Zuidwest-Friesland,beach,,3,3,eea:NLBW92_STAVRBSD,"It Suderstrand, Stavoren",score_gate,score_4.7_below_5.6
NL,NL131,Noord-Drenthe,beach,,3,3,osm:way/97059037,Ronostrand,photo_gate,imgs_0_strong_0
NL,NL131,Noord-Drenthe,beach,,3,3,eea:NLBW33_2410,Witterzomer,score_gate,score_5.4_below_5.6
NL,NL131,Noord-Drenthe,beach,,3,3,eea:NLBW33_2405,De Vledders,score_gate,score_4.7_below_5.6
NL,NL230,Flevoland,beach,,3,3,osm:way/547521147,Havenstrand,photo_gate,imgs_1_strong_0
NL,NL230,Flevoland,beach,,3,3,wd:Q2155726,Almeerderstrand,photo_gate,imgs_0_strong_0
NL,NL230,Flevoland,beach,,3,3,osm:way/77167024,Harderstrand Noord,photo_gate,imgs_0_strong_0
NL,NL323,IJmond,beach,,3,3,osm:way/115498505,Kennemerstrand,photo_gate,imgs_2_strong_2
NL,NL323,IJmond,beach,,3,3,osm:way/1216807599,Openluchtbad De Hoorne,score_gate,score_5.2_below_5.6
NL,NL323,IJmond,beach,,3,3,osm:way/685247836,Wijk aan Zee,score_gate,score_4.7_below_5.6
NL,NL327,Het Gooi en Vechtstreek,beach,,3,3,osm:way/687778014,Noord Oost strand,photo_gate,imgs_0_strong_0
NL,NL327,Het Gooi en Vechtstreek,beach,,3,3,osm:way/74764603,De Tuit,score_gate,score_5.5_below_5.6
NL,NL327,Het Gooi en Vechtstreek,beach,,3,3,eea:NLBW92_MUIDBG,Muiderberg,score_gate,score_5.4_below_5.6
NL,NL328,Alkmaar en omgeving,beach,,3,3,osm:way/1302935341,Zwemwater Noorderplas,photo_gate,imgs_0_strong_0
NL,NL328,Alkmaar en omgeving,beach,,3,3,osm:way/71601977,Zwembaai 5,score_gate,score_4.8_below_5.6
NL,NL328,Alkmaar en omgeving,beach,,3,3,osm:way/1394396178,Zwembaai 8,score_gate,score_4.7_below_5.6
NL,NL32B,Groot-Amsterdam,beach,,3,3,osm:way/698772094,IJburg Beach,photo_gate,imgs_2_strong_2
NL,NL32B,Groot-Amsterdam,beach,,3,3,wd:Q3413164,Blijburg,photo_gate,imgs_0_strong_0
NL,NL32B,Groot-Amsterdam,beach,,3,3,osm:way/953564791,Baaiegatstrand Naturistenstrand,photo_gate,imgs_0_strong_0
NL,NL350,Utrecht,beach,,3,3,osm:way/82302301,Strand Cattenbroek,photo_gate,imgs_1_strong_1
NL,NL350,Utrecht,beach,,3,3,osm:way/75763183,Henschotermeer,photo_gate,imgs_0_strong_0
NL,NL350,Utrecht,beach,,3,3,osm:way/1224886869,Haarrijnse Plas,photo_gate,imgs_0_strong_0
NL,NL361,Agglomeratie ’s-Gravenhage,beach,,3,3,osm:way/95710755,Swimming beach,photo_gate,imgs_0_strong_0
NL,NL361,Agglomeratie ’s-Gravenhage,beach,,3,3,osm:way/95707996,Surf beach,photo_gate,imgs_0_strong_0
NL,NL361,Agglomeratie ’s-Gravenhage,beach,,3,3,eea:NLBW15_OW215-033,Dobbeplas,score_gate,score_5.4_below_5.6
NL,NL363,Agglomeratie Leiden en Bollenstreek,beach,,3,3,osm:way/285679616,Strandafrit 33,score_gate,score_5.5_below_5.6
NL,NL363,Agglomeratie Leiden en Bollenstreek,beach,,3,3,osm:way/1055163309,Kagerplassen 't Joppe Westoever,score_gate,score_5.4_below_5.6
NL,NL363,Agglomeratie Leiden en Bollenstreek,beach,,3,3,osm:way/1306372295,Kleipoel,score_gate,score_5.4_below_5.6
NL,NL364,Zuidoost-Zuid-Holland,beach,,3,3,osm:way/133329319,Lammetjeswiel - strand,photo_gate,imgs_0_strong_0
RS,RS127,Sremska oblast,beach,,3,3,osm:way/250105719,Плажа,score_gate,score_4.3_below_5.6
RS,RS127,Sremska oblast,beach,,3,3,osm:node/7723929574,Чортановачка плажа,score_gate,score_3.8_below_5.6
RS,RS127,Sremska oblast,beach,,3,3,osm:way/73173192,Венеција,score_gate,score_3.6_below_5.6
RS,RS211,Zlatiborska oblast,beach,,3,3,osm:way/414339612,"Gradska Plaža ""Kolovrat""",score_gate,score_4.8_below_5.6
RS,RS211,Zlatiborska oblast,beach,,3,3,osm:way/1530476400,Купалиште „Рача”,score_gate,score_3.8_below_5.6
RS,RS211,Zlatiborska oblast,beach,,3,3,osm:node/7358516784,Пицин вир,photo_gate,imgs_0_strong_0
RO,RO312,Călăraşi,beach,,3,3,osm:way/75137160,Plaja Tineretului,photo_gate,imgs_0_strong_0
RO,RO312,Călăraşi,beach,,3,3,osm:relation/2908706,Plaja Pod 4,score_gate,score_5.3_below_5.6
RO,RO312,Călăraşi,beach,,3,3,osm:way/789314681,Plaja Mare,score_gate,score_4.5_below_5.6
RO,RO321,Bucureşti,beach,,3,3,osm:way/1472638911,Lagoon Park,score_gate,score_5.0_below_5.6
RO,RO321,Bucureşti,beach,,3,3,osm:way/1458863851,Calicilor,score_gate,score_4.7_below_5.6
RO,RO321,Bucureşti,beach,,3,3,osm:way/1472640111,Dămăroaia,score_gate,score_4.6_below_5.6
RO,RO322,Ilfov,beach,,3,3,,,,
RS,RS212,Kolubarska oblast,beach,,3,3,osm:way/543134887,Сунчев вир,score_gate,score_3.5_below_5.6
RS,RS212,Kolubarska oblast,beach,,3,3,osm:way/1363803090,Горић,score_gate,score_3.4_below_5.6
RS,RS213,Mačvanska oblast,beach,,3,3,osm:way/1235031007,"Beach ""Stari grad""",score_gate,score_4.1_below_5.6
RS,RS213,Mačvanska oblast,beach,,3,3,osm:way/1098111216,Мајур,score_gate,score_3.4_below_5.6
RO,RO112,Bistriţa-Năsăud,beach,,3,3,,,,
RO,RO113,Cluj,beach,,3,3,osm:way/628105681,Yachting Club Tarnita,photo_gate,imgs_1_strong_1
RO,RO113,Cluj,beach,,3,3,osm:way/1418968369,Grigorescu,score_gate,score_5.3_below_5.6
RO,RO113,Cluj,beach,,3,3,osm:way/1305667387,Strand Baile Sarate Turda,score_gate,score_4.8_below_5.6
RS,RS218,Šumadijska oblast,beach,,3,3,,,,
RS,RS221,Borska oblast,beach,,3,3,osm:way/1430785693,Sip Beach,score_gate,score_5.2_below_5.6
RS,RS221,Borska oblast,beach,,3,3,osm:way/300842903,Плажа Кладово,score_gate,score_4.2_below_5.6
RS,RS221,Borska oblast,beach,,3,3,osm:way/326209811,Брза Паланка,score_gate,score_4.0_below_5.6
RO,RO315,Ialomiţa,beach,,3,3,,,,
RO,RO424,Timiş,beach,,3,3,osm:way/1304585705,Periam Port,photo_gate,imgs_0_strong_0
RO,RO424,Timiş,beach,,3,3,osm:way/961643675,La Luma,score_gate,score_4.8_below_5.6
RO,RO424,Timiş,beach,,3,3,osm:way/451943844,Girocului,score_gate,score_4.7_below_5.6
RS,RS110,City of Belgrade,beach,,3,3,osm:way/1091241316,Plaza jezero,photo_gate,imgs_1_strong_1
RS,RS110,City of Belgrade,beach,,3,3,osm:relation/10315316,Lido,score_gate,score_5.3_below_5.6
RS,RS110,City of Belgrade,beach,,3,3,osm:way/659201374,Nudist Beach Ada Ciganlija,score_gate,score_5.2_below_5.6
RS,RS122,Južnobanatska oblast,beach,,3,3,osm:way/1171313511,Стара Паланка,score_gate,score_4.8_below_5.6
RS,RS122,Južnobanatska oblast,beach,,3,3,osm:way/1306551601,Плажа на Шљункари,score_gate,score_4.6_below_5.6
RS,RS122,Južnobanatska oblast,beach,,3,3,osm:relation/4596718,Бела стена,score_gate,score_4.6_below_5.6
RO,RO224,Galaţi,beach,,3,3,osm:way/1289744004,Brateș beach,photo_gate,imgs_0_strong_0
PT,PT1D3,Lezíria do Tejo,beach,,3,3,osm:way/399127972,Praia Fluvial de Coruche,score_gate,score_5.0_below_5.6
PT,PT1D3,Lezíria do Tejo,beach,,3,3,wd:Q110926866,Praia Fluvial da Casa Branca,score_gate,score_5.0_below_5.6
RS,RS125,Severnobačka oblast,beach,,3,3,,,,
RS,RS126,Srednjobanatska oblast,beach,,3,3,osm:way/583441760,Купалиште Пескара,score_gate,score_4.9_below_5.6
RS,RS126,Srednjobanatska oblast,beach,,3,3,osm:way/1015933222,Gradska plaza Mamuze,score_gate,score_4.4_below_5.6
RS,RS126,Srednjobanatska oblast,beach,,3,3,osm:node/9907840262,Knićanin plaža na Tisi,score_gate,score_3.5_below_5.6
PL,PL638,Starogardzki,beach,,3,3,,,,
PL,PL821,Krośnieński,beach,,3,3,osm:way/462947515,Cypel Polańczyka,photo_gate,imgs_0_strong_0
PL,PL821,Krośnieński,beach,,3,3,eea:PL3222105218000010,Solina-góra Jawor (biała Flota),score_gate,score_4.7_below_5.6
PL,PL518,Wrocławski,beach,,3,3,osm:way/1264219581,Ośrodek Wypoczynkowy Wały,score_gate,score_5.4_below_5.6
PL,PL518,Wrocławski,beach,,3,3,eea:PL5131503402000035,Pierwszy Staw Jelczański,score_gate,score_4.7_below_5.6
PL,PL912,Warszawski wschodni,beach,,3,3,osm:way/867533490,Kąpielisko Kąck,photo_gate,imgs_0_strong_0
PL,PL523,Nyski,beach,,3,3,,,,
PL,PL524,Opolski,beach,,3,3,osm:way/314717774,Kąpielisko Bolko,photo_gate,imgs_0_strong_0
PL,PL613,Bydgosko-toruński,beach,,3,3,osm:way/358558813,Plaża Borówno (cywilna),score_gate,score_5.5_below_5.6
PL,PL613,Bydgosko-toruński,beach,,3,3,osm:way/172122726,Plaża Pieczyska,score_gate,score_5.3_below_5.6
PL,PL616,Grudziądzki,beach,,3,3,osm:way/296311310,Wapionka,photo_gate,imgs_0_strong_0
PL,PL616,Grudziądzki,beach,,3,3,osm:way/174369341,Plaża Miejska,photo_gate,imgs_0_strong_0
PL,PL616,Grudziądzki,beach,,3,3,eea:PL6120401104000003,Starogrodzkie,score_gate,score_5.4_below_5.6
PL,PL923,Płocki,beach,,3,3,,,,
PL,PL424,Miasto Szczecin,beach,,3,3,wd:Q136215010,Zakątek wodny Trzebuskie Łęgi,photo_gate,imgs_1_strong_1
PL,PL424,Miasto Szczecin,beach,,3,3,osm:way/70847686,Dziewoklicz,photo_gate,imgs_0_strong_0
PL,PL424,Miasto Szczecin,beach,,3,3,osm:way/1086472089,Kąpielisko „Głębokie”,score_gate,score_5.3_below_5.6
PL,PL617,Inowrocławski,beach,,3,3,osm:way/148351426,Plaża w Wąsoszu,photo_gate,imgs_0_strong_0
PL,PL617,Inowrocławski,beach,,3,3,osm:way/366040187,Przyjezierze,score_gate,score_5.5_below_5.6
PL,PL617,Inowrocławski,beach,,3,3,eea:PL6111905204000013,Ośrodek Jutrzenka Gołąbki Skrzypczak w Gołąbkach,score_gate,score_4.7_below_5.6
PL,PL427,Szczecinecko-pyrzycki,beach,,3,3,,,,
PL,PL622,Olsztyński,beach,,3,3,wd:Q126279015,plaża w Pluskach,photo_gate,imgs_2_strong_2
PL,PL622,Olsztyński,beach,,3,3,osm:way/845089405,Plaża Trawiasta,photo_gate,imgs_0_strong_0
PL,PL622,Olsztyński,beach,,3,3,wd:Q136088536,plaża miejska Barczewa w Zalesiu,score_gate,score_5.5_below_5.6
PL,PL431,Gorzowski,beach,,3,3,osm:way/483710574,Plaża Lubikowska,photo_gate,imgs_0_strong_0
PL,PL431,Gorzowski,beach,,3,3,osm:way/278691030,Plaża Lubiewo,photo_gate,imgs_1_strong_1
PL,PL431,Gorzowski,beach,,3,3,osm:way/246553108,Plaża w Kłodawie,photo_gate,imgs_0_strong_0
PL,PL623,Ełcki,beach,,3,3,osm:way/365182653,Plaża miejska,photo_gate,imgs_0_strong_0
PL,PL623,Ełcki,beach,,3,3,osm:way/320377154,Kąpielisko Miejskie w Rynie,photo_gate,imgs_1_strong_1
PL,PL623,Ełcki,beach,,3,3,osm:way/514989915,Plaża Giżycko,score_gate,score_5.3_below_5.6
PL,PL432,Zielonogórski,beach,,3,3,osm:way/979704754,Przystań Wodna ZSMP,photo_gate,imgs_0_strong_0
PL,PL432,Zielonogórski,beach,,3,3,osm:way/363297691,Zatoka Kolina,score_gate,score_5.4_below_5.6
SK,SK041,Prešovský kraj,beach,,3,3,osm:way/1180535177,Staré Mesto,photo_gate,imgs_0_strong_0
SK,SK041,Prešovský kraj,beach,,3,3,osm:way/1127317663,Za Kláštorom,photo_gate,imgs_0_strong_0
SK,SK041,Prešovský kraj,beach,,3,3,osm:node/11968671204,Pláž Eva Palermo,photo_gate,imgs_0_strong_0
SK,SK042,Košický kraj,beach,,3,3,osm:way/504562879,Klokočov,photo_gate,imgs_0_strong_0
SK,SK042,Košický kraj,beach,,3,3,osm:node/12168588077,FKK/Nudapláž Bukovec,photo_gate,imgs_0_strong_0
SK,SK042,Košický kraj,beach,,3,3,osm:way/504562014,Kamenec,photo_gate,imgs_0_strong_0
TR,TR423,Düzce,beach,,3,3,,,,
SK,SK021,Trnavský kraj,beach,,3,3,osm:way/935469119,Osada,photo_gate,imgs_0_strong_0
SK,SK021,Trnavský kraj,beach,,3,3,osm:way/871887571,Štrková pláž,photo_gate,imgs_1_strong_1
SK,SK021,Trnavský kraj,beach,,3,3,osm:way/254827413,Klčoviny,photo_gate,imgs_0_strong_0
SE,SE312,Dalarnas län,beach,,3,3,osm:way/360072621,Hundbadet/Hästbadet/Första badplats,photo_gate,imgs_0_strong_0
SE,SE312,Dalarnas län,beach,,3,3,osm:way/967284392,Höganäsviken,photo_gate,imgs_0_strong_0
SE,SE312,Dalarnas län,beach,,3,3,osm:way/172700896,Orsandbaden,photo_gate,imgs_0_strong_0
SE,SE322,Jämtlands län,beach,,3,3,osm:way/927037280,Åre strand,photo_gate,imgs_0_strong_0
SE,SE322,Jämtlands län,beach,,3,3,osm:way/1420752407,Sandnäset beach,score_gate,score_5.5_below_5.6
SE,SE322,Jämtlands län,beach,,3,3,osm:way/307059202,Bynäset,score_gate,score_5.4_below_5.6
SK,SK031,Žilinský kraj,beach,,3,3,wd:Q117287610,Horská Beach,photo_gate,imgs_2_strong_1
SK,SK031,Žilinský kraj,beach,,3,3,osm:way/1395973885,Mestská pláž pri Liptovskej Mare,photo_gate,imgs_0_strong_0
SK,SK031,Žilinský kraj,beach,,3,3,osm:node/6580466662,Pláž Trnovec,photo_gate,imgs_0_strong_0
RS,RS223,Zaječarska oblast,beach,,3,3,osm:node/9964337849,Бараница,photo_gate,imgs_0_strong_0
RS,RS223,Zaječarska oblast,beach,,3,3,osm:way/416211357,Zupan beach,photo_gate,imgs_3_strong_1
RS,RS223,Zaječarska oblast,beach,,3,3,osm:way/914185390,Шест каца,score_gate,score_5.5_below_5.6
RS,RS224,Jablanička oblast,beach,,3,3,,,,
RS,RS225,Nišavska oblast,beach,,3,3,,,,
RS,RS226,Pirotska oblast,beach,,3,3,,,,
RS,RS228,Pčinjska oblast,beach,,3,3,osm:relation/12149276,Чивчије,score_gate,score_3.8_below_5.6
RS,RS228,Pčinjska oblast,beach,,3,3,osm:relation/12079855,Јабланица,score_gate,score_5.3_below_5.6
RS,RS228,Pčinjska oblast,beach,,3,3,osm:relation/12138320,Превалец,score_gate,score_5.3_below_5.6
SE,SE125,Västmanlands län,beach,,3,3,osm:way/361562918,Lögastrand,photo_gate,imgs_2_strong_1
SE,SE125,Västmanlands län,beach,,3,3,osm:way/513164929,Malmön,photo_gate,imgs_0_strong_0
SE,SE125,Västmanlands län,beach,,3,3,osm:way/500437918,Isabella,photo_gate,imgs_0_strong_0
SE,SE212,Kronobergs län,beach,,3,3,osm:relation/10845146,Diö badplats,photo_gate,imgs_0_strong_0
SE,SE212,Kronobergs län,beach,,3,3,osm:way/974399336,Skälsnäs Badplats,photo_gate,imgs_0_strong_0
SE,SE212,Kronobergs län,beach,,3,3,osm:way/70008028,Björnudden,photo_gate,imgs_0_strong_0
SI,SI038,Primorsko-notranjska,beach,,3,3,osm:way/1081199093,Račji otok,score_gate,score_4.7_below_5.6
SI,SI038,Primorsko-notranjska,beach,,3,3,osm:node/539449773,Rešeto,score_gate,score_4.7_below_5.6
SI,SI042,Gorenjska,beach,,3,3,osm:way/1545933676,Godic FKK beach area,photo_gate,imgs_0_strong_0
SI,SI042,Gorenjska,beach,,3,3,osm:relation/19441762,Bathing area Fužinski Bay,photo_gate,imgs_0_strong_0
SI,SI042,Gorenjska,beach,,3,3,osm:node/13650635023,Skalca,photo_gate,imgs_0_strong_0
SE,SE311,Värmlands län,beach,,3,3,osm:way/944371071,Öjervik,photo_gate,imgs_0_strong_0
SE,SE311,Värmlands län,beach,,3,3,osm:relation/10147789,Gocko,photo_gate,imgs_0_strong_0
SE,SE311,Värmlands län,beach,,3,3,osm:relation/3952824,Stora Björnrukan,photo_gate,imgs_0_strong_0
XK,XK001,Prishtinë,beach,,3,3,,,,
XK,XK002,Mitrovicë,beach,,3,3,,,,
XK,XK007,Gjakovë,beach,,3,3,,,,
GB,TLC31,Hartlepool and Stockton-on-Tees,beach,,3,3,osm:way/28736588,Seaton Carew,score_gate,score_4.5_below_5.6
GB,TLC32,South Teesside,beach,,3,3,,,,
GB,TLC41,Durham,beach,,3,3,osm:way/185299177,Blast Beach,score_gate,score_5.4_below_5.6
GB,TLC41,Durham,beach,,3,3,osm:relation/13630448,Chemical Beach,score_gate,score_5.0_below_5.6
GB,TLC43,Tyneside,beach,,3,3,wd:Q108474263,Littlehaven Beach,score_gate,score_4.9_below_5.6
GB,TLC43,Tyneside,beach,,3,3,osm:way/221456197,The Haven,score_gate,score_4.1_below_5.6
GB,TLC43,Tyneside,beach,,3,3,osm:way/1526206417,The Wherry,score_gate,score_4.1_below_5.6
GB,TLC44,Sunderland,beach,,3,3,,,,
GB,TLD42,Blackpool,beach,,3,3,,,,
GB,TLD45,Mid Lancashire,beach,,3,3,wd:Q31845087,St Anne's Beach,score_gate,score_3.8_below_5.6
GB,TLD45,Mid Lancashire,beach,,3,3,osm:way/1501388703,The Bungalows,score_gate,score_3.5_below_5.6
GB,TLD45,Mid Lancashire,beach,,3,3,osm:way/1374100797,Newton,score_gate,score_3.4_below_5.6
GB,TLD47,Chorley and West Lancashire,beach,,3,3,,,,
GB,TLD63,Cheshire West and Chester,beach,,3,3,osm:way/4954522,Hatchmere,score_gate,score_4.4_below_5.6
GB,TLD63,Cheshire West and Chester,beach,,3,3,osm:way/1264959833,Onager,score_gate,score_4.3_below_5.6
GB,TLD63,Cheshire West and Chester,beach,,3,3,osm:way/1265140798,Domestic Goat,score_gate,score_4.1_below_5.6
GB,TLD71,East Merseyside,beach,,3,3,osm:way/32503018,Brown Edge Reservoir,score_gate,score_4.4_below_5.6
GB,TLD72,Liverpool,beach,,3,3,,,,
GB,TLE11,"Kingston upon Hull, City of",beach,,3,3,,,,
GB,TLF13,South and West Derbyshire,beach,,3,3,osm:way/833670616,Youlgrave,score_gate,score_3.6_below_5.6
GB,TLF13,South and West Derbyshire,beach,,3,3,osm:way/983702660,Upper Hartshay,score_gate,score_3.4_below_5.6
GB,TLF22,Leicestershire CC and Rutland,beach,,3,3,,,,
GB,TLH31,Southend-on-Sea,beach,,3,3,osm:way/106524890,Southend Beach,score_gate,score_4.9_below_5.6
GB,TLH31,Southend-on-Sea,beach,,3,3,osm:way/128291303,Shoebury Ness,score_gate,score_4.9_below_5.6
GB,TLH31,Southend-on-Sea,beach,,3,3,osm:way/432871981,Bell Wharf Beach,score_gate,score_4.2_below_5.6
GB,TLH32,Thurrock,beach,,3,3,,,,
GB,TLH51,Norwich and East Norfolk,beach,,3,3,,,,
GB,TLH61,Babergh and Mid Suffolk,beach,,3,3,,,,
GB,TLJ21,Brighton and Hove,beach,,3,3,osm:way/96624951,Brighton Beach,score_gate,score_4.4_below_5.6
GB,TLJ21,Brighton and Hove,beach,,3,3,osm:way/96624947,Brighton Beach,score_gate,score_4.2_below_5.6
GB,TLJ21,Brighton and Hove,beach,,3,3,osm:way/1154594989,Saltdean beach,score_gate,score_3.8_below_5.6
GB,TLJ25,West Surrey,beach,,3,3,osm:way/330363224,Oxshott Heath,score_gate,score_4.3_below_5.6
GB,TLJ25,West Surrey,beach,,3,3,osm:way/34111176,The Sand Pits,score_gate,score_4.2_below_5.6
GB,TLJ25,West Surrey,beach,,3,3,osm:way/840458277,Walk End,score_gate,score_4.1_below_5.6
GB,TLJ32,Southampton,beach,,3,3,,,,
GB,TLK41,Plymouth,beach,,3,3,,,,
GB,TLK51,"Bristol, City of",beach,,3,3,osm:way/715160936,Maras,score_gate,score_4.1_below_5.6
GB,TLK52,Bath & North East Somerset and South Gloucestershire,beach,,3,3,osm:node/20934455,The Lake,score_gate,score_3.4_below_5.6
GB,TLK61,North Somerset,beach,,3,3,osm:way/628597391,Woodhill Bay,score_gate,score_5.0_below_5.6
GB,TLK61,North Somerset,beach,,3,3,osm:way/661613455,Glentworth Bay,score_gate,score_4.9_below_5.6
GB,TLK61,North Somerset,beach,,3,3,osm:way/628597392,Sugar Loaf Beach,score_gate,score_4.1_below_5.6
GB,TLL34,Flintshire and Wrexham,beach,,3,3,osm:way/30041236,Hanmer Mere,score_gate,score_4.5_below_5.6
GB,TLL34,Flintshire and Wrexham,beach,,3,3,osm:way/327308488,Gwaenysgor,score_gate,score_3.7_below_5.6
GB,TLL34,Flintshire and Wrexham,beach,,3,3,osm:way/291637967,Brynford,score_gate,score_3.6_below_5.6
GB,TLL44,Neath Port Talbot,beach,,3,3,osm:node/11053844083,Morfa Beach,score_gate,score_4.1_below_5.6
GB,TLL51,Central Valleys and Bridgend,beach,,3,3,osm:node/11053837068,Sker Beach,score_gate,score_4.9_below_5.6
GB,TLL51,Central Valleys and Bridgend,beach,,3,3,osm:way/1190696283,Fish Bench Bay,score_gate,score_4.7_below_5.6
GB,TLL51,Central Valleys and Bridgend,beach,,3,3,osm:way/372513236,The Big Dipper,score_gate,score_4.2_below_5.6
GB,TLL54,Monmouthshire and Newport,beach,,3,3,osm:way/543325621,Sudbrook,score_gate,score_4.1_below_5.6
GB,TLM02,"Perth and Kinross, and Stirling",beach,,3,3,osm:way/278192086,Sallochy Beach,score_gate,score_4.4_below_5.6
GB,TLM02,"Perth and Kinross, and Stirling",beach,,3,3,osm:way/278197620,Rowardennan,score_gate,score_4.4_below_5.6
GB,TLM02,"Perth and Kinross, and Stirling",beach,,3,3,osm:way/278197628,Port na Craoibhe,score_gate,score_4.4_below_5.6
GB,TLM12,Falkirk,beach,,3,3,osm:way/197723697,Fankerton,score_gate,score_3.4_below_5.6
GB,TLM13,City of Edinburgh,beach,,3,3,osm:way/445214677,Portobello Beach,score_gate,score_4.5_below_5.6
GB,TLM13,City of Edinburgh,beach,,3,3,osm:relation/1658183,The Binks,score_gate,score_3.5_below_5.6
GB,TLM14,West Lothian,beach,,3,3,,,,
GB,TLM31,East Dunbartonshire and West Dunbartonshire,beach,,3,3,,,,
GB,TLM33,"Inverclyde, East Renfrewshire, and Renfrewshire",beach,,3,3,,,,
GB,TLM91,Scottish Borders,beach,,3,3,osm:way/904554962,Broad Sands,score_gate,score_4.4_below_5.6
GB,TLM91,Scottish Borders,beach,,3,3,osm:way/252224100,Maw Carr,score_gate,score_4.1_below_5.6
GB,TLM91,Scottish Borders,beach,,3,3,osm:way/426219649,Pettico Wick Harbour,score_gate,score_4.1_below_5.6
GB,TLN06,Belfast,beach,,3,3,,,,
GB,TLN0A,Derry City and Strabane,beach,,3,3,,,,
GB,TLN0D,Antrim and Newtownabbey,beach,,3,3,,,,
GB,TLN0G,Fermanagh and Omagh,beach,,3,3,,,,
UA,UA-74538382B84610439401970,Bakhchysarai,beach,,3,3,,,,
UA,UA-74538382B84040377374615,Simferopol,beach,,3,3,,,,
UA,UA-74538382B21297633796285,Oleshky,beach,,3,3,,,,
UA,UA-74538382B2161330582129,Vitovka,beach,,3,3,,,,
UA,UA-74538382B8424812087391,Mykolaiv,beach,,3,3,,,,
UA,UA-74538382B97641778556925,Bilhorod Dnistrovskyi,beach,,3,3,,,,
UA,UA-74538382B44725547103458,Reni,beach,,3,3,,,,
UA,UA-74538382B60964237816069,Amvrosiivka,beach,,3,3,,,,
UA,UA-74538382B47758211773177,Saky,beach,,3,3,,,,
UA,UA-74538382B30799636343123,Leninskyi,beach,,3,3,,,,
MD,MD-MD-CA,Cahul,beach,,3,3,osm:node/11200719378,Tarzancă,score_gate,score_3.4_below_5.6
MD,MD-MD-CU,Chisinau,beach,,3,3,osm:way/891558294,Plaja „Valea Morilor”,photo_gate,imgs_3_strong_3
MD,MD-MD-CU,Chisinau,beach,,3,3,osm:way/1286248219,Plaja orășănească „Vadul lui Vodă”,score_gate,score_5.3_below_5.6
MD,MD-MD-CU,Chisinau,beach,,3,3,osm:way/37954907,Plaja Ghidighici,score_gate,score_4.9_below_5.6
MD,MD-MD-AN,Anenii Noi,beach,,3,3,,,,
MD,MD-MD-DU,Dubasari,beach,,3,3,osm:relation/12074936,Городской пляж им. Юрия Никулина,score_gate,score_5.3_below_5.6
MD,MD-MD-DU,Dubasari,beach,,3,3,osm:way/1523952870,Plaja „Coșnița”,score_gate,score_4.6_below_5.6
MD,MD-MD-DU,Dubasari,beach,,3,3,osm:way/1413413273,Plaja Cocieri,score_gate,score_4.4_below_5.6
AL,AL015,Shkodër,beach,,3,2,osm:way/1091736226,Okol (Theth),photo_gate,imgs_0_strong_0
AL,AL015,Shkodër,beach,,3,2,osm:way/478247111,Bregu i Renës,score_gate,score_5.3_below_5.6
AL,AL015,Shkodër,beach,,3,2,osm:way/344307895,Plazhi i Rragamit,score_gate,score_4.7_below_5.6
AL,AL022,Tiranë,beach,,3,2,osm:way/1369226173,Zall-Dajt,score_gate,score_5.1_below_5.6
AL,AL022,Tiranë,beach,,3,2,wd:Q16363409,Mali i Robit,score_gate,score_4.9_below_5.6
AL,AL022,Tiranë,beach,,3,2,eea:AL539,Kavaje,score_gate,score_4.2_below_5.6
AT,AT112,Nordburgenland,beach,,3,2,osm:way/91679122,Seepark-Halbinsel III,photo_gate,imgs_0_strong_0
AT,AT112,Nordburgenland,beach,,3,2,osm:way/924836489,Kitestrand,photo_gate,imgs_0_strong_0
AT,AT112,Nordburgenland,beach,,3,2,eea:AT1120006500060010,"Neusiedlersee, Weiden",photo_gate,imgs_0_strong_0
BE,BE255,Arr. Oostende,beach,,3,2,osm:way/72895496,Naaktstrand,photo_gate,imgs_1_strong_0
BE,BE255,Arr. Oostende,beach,,3,2,osm:relation/17475126,Westende-Bad,photo_gate,imgs_0_strong_0
BE,BE255,Arr. Oostende,beach,,3,2,osm:way/112306052,Groot Strand,score_gate,score_5.4_below_5.6
CH,CH040,Zürich,beach,,3,2,osm:way/59997372,Badi Egg,photo_gate,imgs_0_strong_0
CH,CH040,Zürich,beach,,3,2,osm:way/90455068,In der Tarn,photo_gate,imgs_0_strong_0
CH,CH040,Zürich,beach,,3,2,osm:relation/2458976,Strandbad Maur,photo_gate,imgs_0_strong_0
CH,CH070,Ticino,beach,,3,2,osm:way/1287466451,Spiaggietta di Arbedo,photo_gate,imgs_1_strong_1
CH,CH070,Ticino,beach,,3,2,osm:way/1198478355,Bagno pubblico Tenero,photo_gate,imgs_0_strong_0
CH,CH070,Ticino,beach,,3,2,osm:way/1359929752,Ponte Brolla,photo_gate,imgs_0_strong_0
CZ,CZ020,Středočeský kraj,beach,,3,2,osm:way/294248042,Ždáň,score_gate,score_5.5_below_5.6
CZ,CZ020,Středočeský kraj,beach,,3,2,osm:way/318922118,Za Mostky,score_gate,score_5.4_below_5.6
CZ,CZ020,Středočeský kraj,beach,,3,2,eea:CZPK210353,Jezero Konětopy,score_gate,score_5.4_below_5.6
DE,DE922,Diepholz,beach,,3,2,,,,
DE,DE804,"Schwerin, Kreisfreie Stadt",beach,,3,2,,,,
ES,ES212,Gipuzkoa,beach,,6,2,wd:Q2032871,Ondarreta Beach,photo_gate,imgs_0_strong_0
ES,ES212,Gipuzkoa,beach,,6,2,wd:Q28120470,Itzurun,photo_gate,imgs_0_strong_0
ES,ES212,Gipuzkoa,beach,,6,2,wd:Q8192406,Aitzuri,photo_gate,imgs_0_strong_0
DE,DEF09,Pinneberg,beach,,3,2,osm:way/572721249,Nordstrand,photo_gate,imgs_3_strong_3
DE,DEF09,Pinneberg,beach,,3,2,osm:way/572765065,Südstrand,photo_gate,imgs_0_strong_0
FI,FI198,Keski-Suomi,beach,,3,2,osm:way/10577403,Tuomiojärven uimaranta,photo_gate,imgs_3_strong_0
FI,FI198,Keski-Suomi,beach,,3,2,osm:way/57385584,Ristikiven uimaranta,photo_gate,imgs_0_strong_0
FI,FI198,Keski-Suomi,beach,,3,2,osm:way/32139494,Viitaniemen uimaranta,photo_gate,imgs_1_strong_0
FR,FRK28,Haute-Savoie,beach,,3,2,osm:way/511448991,Plage municipale,photo_gate,imgs_0_strong_0
FR,FRK28,Haute-Savoie,beach,,3,2,osm:way/202086236,Plage de la Châtaigneraie,score_gate,score_5.5_below_5.6
FR,FRK28,Haute-Savoie,beach,,3,2,osm:way/202321650,Plage de Port Pinard,score_gate,score_5.4_below_5.6
FR,FRJ12,Gard,beach,,3,2,osm:way/590814383,Plage du Grain de Sel,score_gate,score_5.5_below_5.6
FR,FRJ12,Gard,beach,,3,2,wd:Q125680494,Plage du Boucanet,score_gate,score_5.3_below_5.6
FR,FRJ12,Gard,beach,,3,2,wd:Q125680553,Port Camargue Plage Nord,score_gate,score_5.3_below_5.6
LV,LV00A,Rīga,beach,,5,2,osm:relation/12639906,Jaundubultu Beach,photo_gate,imgs_4_strong_0
LV,LV00A,Rīga,beach,,5,2,osm:relation/12639909,Asaru pludmale,photo_gate,imgs_1_strong_0
LV,LV00A,Rīga,beach,,5,2,osm:relation/12639907,Pumpuru pludmale,photo_gate,imgs_4_strong_0
IT,ITI31,Pesaro e Urbino,beach,,4,2,osm:way/1283741048,Fosso Sejore,photo_gate,imgs_0_strong_0
IT,ITI31,Pesaro e Urbino,beach,,4,2,wd:Q33325191,Arzilla,photo_gate,imgs_0_strong_0
IT,ITI31,Pesaro e Urbino,beach,,4,2,wd:Q33342419,Spiaggia Gabicce Mare,photo_gate,imgs_0_strong_0
MK,MK003,Jugozapaden,beach,,3,2,osm:relation/19533597,Labino Beach,photo_gate,imgs_0_strong_0
MK,MK003,Jugozapaden,beach,,3,2,osm:way/1528103711,Beach Potpesh,photo_gate,imgs_1_strong_0
MK,MK003,Jugozapaden,beach,,3,2,osm:way/579497969,Beach Aquarius,photo_gate,imgs_1_strong_0
IT,ITI17,Pisa,beach,,3,2,osm:node/12152932400,Bagno La Pace,score_gate,score_5.4_below_5.6
IT,ITI17,Pisa,beach,,3,2,osm:node/921667864,Bagno Imperiale,score_gate,score_5.4_below_5.6
IT,ITI17,Pisa,beach,,3,2,osm:way/1149745912,Spiaggia libera Verruca,score_gate,score_5.4_below_5.6
LU,LU000,Luxembourg,beach,,3,2,osm:way/319711868,Fuussefeld,photo_gate,imgs_2_strong_2
LU,LU000,Luxembourg,beach,,3,2,osm:way/783047088,Lultzhausen,photo_gate,imgs_2_strong_2
LU,LU000,Luxembourg,beach,,3,2,osm:way/760600239,Burfelt,photo_gate,imgs_2_strong_2
LV,LV005,Latgale,beach,,3,2,osm:way/964734408,Šuņezera pludmale,photo_gate,imgs_0_strong_0
LV,LV005,Latgale,beach,,3,2,osm:way/229102348,Sauleskalns,photo_gate,imgs_0_strong_0
LV,LV005,Latgale,beach,,3,2,osm:way/1088919404,Jubilejas,score_gate,score_5.2_below_5.6
NO,NO081,Oslo,beach,,5,2,wd:Q19383374,Nordstrand bad,photo_gate,imgs_2_strong_2
NO,NO081,Oslo,beach,,5,2,wd:Q11980427,Katten,photo_gate,imgs_0_strong_0
NO,NO081,Oslo,beach,,5,2,osm:way/119385302,Sollerudstranda,score_gate,score_5.1_below_5.6
NL,NL32A,Agglomeratie Haarlem,beach,,3,2,osm:way/105288154,Oosterplas,photo_gate,imgs_0_strong_0
NL,NL32A,Agglomeratie Haarlem,beach,,3,2,osm:way/594717798,'t Wed,photo_gate,imgs_0_strong_0
NL,NL362,Delft en Westland,beach,,3,2,eea:NLBW15_OW221A021,Naturistencamping Delft,score_gate,score_4.7_below_5.6
PL,PL843,Suwalski,beach,,3,2,osm:way/1531679191,Zydówka,photo_gate,imgs_0_strong_0
PL,PL843,Suwalski,beach,,3,2,osm:way/225776958,plaża miejska,score_gate,score_5.5_below_5.6
PT,PT193,Região de Leiria,beach,,3,2,wd:Q10353070,Praia do Pedrógão,photo_gate,imgs_0_strong_0
PT,PT193,Região de Leiria,beach,,3,2,osm:relation/6196034,Praia Velha,photo_gate,imgs_0_strong_0
PT,PT193,Região de Leiria,beach,,3,2,osm:way/330946764,Praia do Osso da Baleia,score_gate,score_5.3_below_5.6
PT,PT111,Alto Minho,beach,,3,2,wd:Q49323945,Praia de Moledo,photo_gate,imgs_0_strong_0
PT,PT111,Alto Minho,beach,,3,2,osm:way/1474542132,Praia de Caminha,photo_gate,imgs_0_strong_0
PT,PT111,Alto Minho,beach,,3,2,osm:relation/4830174,Praia da Arda,score_gate,score_5.5_below_5.6
PL,PL633,Trójmiejski,beach,,6,2,osm:way/88410902,Plaża nudystów,photo_gate,imgs_2_strong_0
PL,PL633,Trójmiejski,beach,,6,2,osm:node/5798156871,plaża nudystów,photo_gate,imgs_0_strong_0
PL,PL633,Trójmiejski,beach,,6,2,osm:node/5811675958,Świbno,photo_gate,imgs_2_strong_2
PL,PL637,Chojnicki,beach,,3,2,osm:way/606141750,MIKOMANIA,photo_gate,imgs_0_strong_0
PL,PL637,Chojnicki,beach,,3,2,osm:way/230748644,plaża Swornegacie,photo_gate,imgs_0_strong_0
PL,PL637,Chojnicki,beach,,3,2,osm:way/828372113,Dobrogoszcz,score_gate,score_5.2_below_5.6
SE,SE211,Jönköpings län,beach,,3,2,osm:way/104302403,Domsand,photo_gate,imgs_0_strong_0
SE,SE211,Jönköpings län,beach,,3,2,osm:way/983805196,Hallbystugan,photo_gate,imgs_0_strong_0
SE,SE211,Jönköpings län,beach,,3,2,osm:way/1218522865,Åhult,photo_gate,imgs_0_strong_0
GB,TLK73,Gloucestershire CC,beach,,3,2,,,,
MC,MC-MCO,Monaco,beach,,3,2,osm:relation/2220209,Crique des Pêcheurs,photo_gate,imgs_2_strong_0
MC,MC-MCO,Monaco,beach,,3,2,wd:Q99206150,Plage du Solarium,photo_gate,imgs_1_strong_1
MC,MC-MCO,Monaco,beach,,3,2,osm:node/12371341053,Méridien Beach Plaza,score_gate,score_5.0_below_5.6
AT,AT211,Klagenfurt-Villach,beach,,3,1,eea:AT2110003700080020,"Ossiacher See, Annenheim",score_gate,score_5.4_below_5.6
AT,AT211,Klagenfurt-Villach,beach,,3,1,eea:AT2110000100120050,"Wörthersee, Maiernigg",score_gate,score_5.4_below_5.6
AT,AT211,Klagenfurt-Villach,beach,,3,1,osm:way/124282654,Bad Saag,score_gate,score_4.9_below_5.6
BE,BE251,Arr. Brugge,beach,,3,1,osm:way/827012307,Beachvolleybalterrein Drogenbrood,photo_gate,imgs_0_strong_0
BE,BE251,Arr. Brugge,beach,,3,1,osm:way/678708384,Broedeiland,photo_gate,imgs_0_strong_0
BE,BE251,Arr. Brugge,beach,,3,1,eea:BEVL_BW_BRN01,Beernem Gevaerts Zuid,score_gate,score_5.4_below_5.6
DE,DEF01,"Flensburg, Kreisfreie Stadt",beach,,3,1,,,,
DE,DEF02,"Kiel, Kreisfreie Stadt",beach,,3,1,,,,
DK,DK012,Københavns omegn,beach,,3,1,wd:Q3375957,Bellevue Beach,photo_gate,imgs_3_strong_3
DK,DK012,Københavns omegn,beach,,3,1,osm:way/26135533,Vallensbæk Strand - Brøndby Strand,photo_gate,imgs_0_strong_0
DK,DK012,Københavns omegn,beach,,3,1,wd:Q12316102,Hellerup Strand,photo_gate,imgs_3_strong_3
EE,EE008,Lõuna-Eesti,beach,,3,1,osm:way/162588696,Viljandi Lake's Huntaugu beach,photo_gate,imgs_1_strong_1
EE,EE008,Lõuna-Eesti,beach,,3,1,osm:way/1175554360,Saarepeedi beach,photo_gate,imgs_1_strong_1
EE,EE008,Lõuna-Eesti,beach,,3,1,osm:way/1131915113,Kurepalu beach,photo_gate,imgs_1_strong_1
MT,MT002,Gozo and Comino/Għawdex u Kemmuna,beach,,5,1,osm:way/23738627,Ħondoq ir-Rummien,photo_gate,imgs_1_strong_1
MT,MT002,Gozo and Comino/Għawdex u Kemmuna,beach,,5,1,osm:way/502152236,Wied il-Għasri,photo_gate,imgs_2_strong_2
MT,MT002,Gozo and Comino/Għawdex u Kemmuna,beach,,5,1,osm:way/23863699,San Blas,photo_gate,imgs_0_strong_0
NL,NL221,Veluwe,beach,,3,1,wd:Q2140282,Strand Nulde,photo_gate,imgs_0_strong_0
NL,NL221,Veluwe,beach,,3,1,osm:way/74921836,Strand Nulde Zuid,photo_gate,imgs_0_strong_0
NL,NL221,Veluwe,beach,,3,1,osm:way/1059233814,Recreatiegebied Zeumeren,photo_gate,imgs_0_strong_0
PT,PT112,Cávado,beach,,3,1,wd:Q10352770,Praia de Cepães,photo_gate,imgs_0_strong_0
PT,PT112,Cávado,beach,,3,1,osm:way/1378297580,Praia de Rio de Moinhos,score_gate,score_5.4_below_5.6
PT,PT112,Cávado,beach,,3,1,osm:way/1383808559,Praia da Ramalha,score_gate,score_5.4_below_5.6
GB,TLD73,Sefton,beach,,3,1,osm:relation/19113082,Devil's Hole,score_gate,score_5.2_below_5.6
GB,TLD73,Sefton,beach,,3,1,wd:Q31845085,Ainsdale Beach,score_gate,score_3.8_below_5.6
