name,qid,lat,lon,sitelinks,status,anchor,anchor_score,km_to_anchor,gap_score,desc,wiki,source,queued
Gibraltar,Q1410,36.14,-5.35,222,missing,La Línea de la Concepción,7.9,3.1,295.9,British overseas territory on the southern end of the Iberian Peninsula,https://en.wikipedia.org/wiki/Gibraltar,wdq_box,2026-09-03
Grenoble,Q1289,45.18694,5.72639,144,missing,Saint-Martin-le-Vinoux,5.9,1.9,153.4,"commune in Isère, France",https://en.wikipedia.org/wiki/Grenoble,wdq_box,2026-09-03
Ludwigshafen,Q2910,49.48111,8.43528,99,missing,Mannheim,8.3,2.5,144.2,"city in Rhineland-Palatinate, Germany",https://en.wikipedia.org/wiki/Ludwigshafen,wdq_box,2026-09-03
Santa Cruz de Tenerife,Q14328,28.46667,-16.25,121,missing,Tenerife North,8.5,7.0,133.6,"municipality in Canary Islands, Spain",https://en.wikipedia.org/wiki/Santa_Cruz_de_Tenerife,wdq_box,2026-09-03
Arras,Q131329,50.28917,2.78,100,missing,Achicourt,7.4,2.3,131.1,"commune in Pas-de-Calais, France",https://en.wikipedia.org/wiki/Arras,wdq_box,2026-09-03
Klagenfurt am Wörthersee,Q41753,46.61667,14.3,116,missing,Klagenfurt,6,1.7,127.1,"capital city of Carinthia, Austria",https://en.wikipedia.org/wiki/Klagenfurt,wdq_box,2026-09-03
Torre Annunziata,Q72712,40.75694,14.44444,79,member_of,Pompeii,9.3,3.6,120.5,Italian comune,https://en.wikipedia.org/wiki/Torre_Annunziata,wdq_box,2026-09-03
St. Pölten,Q82500,48.2,15.61667,101,missing,Sankt Pölten,6.5,1.7,119.8,"city in Austria, capital of Lower Austria",https://en.wikipedia.org/wiki/St._P%C3%B6lten,wdq_box,2026-09-03
Verbania,Q3639,45.92278,8.55194,90,missing,Lago Maggiore (Stresa),8.1,4.5,113.3,Italian city,https://en.wikipedia.org/wiki/Verbania,wdq_box,2026-09-03
Kópavogur,Q163852,64.11194,-21.9,85,missing,Reykjavik (Keflavik),8.4,4.2,112.7,city of Iceland,https://en.wikipedia.org/wiki/K%C3%B3pavogur,wdq_box,2026-09-03
Ravello,Q81427,40.65,14.61667,67,member_of,Amalfi Coast,9.4,2.1,112.5,Italian comune,https://en.wikipedia.org/wiki/Ravello,wdq_box,2026-09-03
Tilburg,Q26430,51.5575,5.09056,97,missing,De Reit,6.6,2.9,109.7,municipality in the Netherlands,https://en.wikipedia.org/wiki/Tilburg,wdq_box,2026-09-03
Bradford,Q22905,53.794,-1.751,91,missing,Saltaire,7.8,4.9,107.5,"city and largest settlement in the City of Bradford district, Yorkshire, England",https://en.wikipedia.org/wiki/Bradford,wdq_box,2026-09-03
L'Hospitalet de Llobregat,Q15470,41.35889,2.09917,90,missing,Barcelona,9.5,7.5,107.0,"municipality in Catalonia, Spain",https://en.wikipedia.org/wiki/L%27Hospitalet_de_Llobregat,wdq_box,2026-09-03
Swansea,Q23051,51.61667,-3.95,101,member_of,Landore,6.1,3.1,104.2,city in Wales,https://en.wikipedia.org/wiki/Swansea,wdq_box,2026-09-03
Massa,Q13370,44.03333,10.13333,87,missing,Marina di Massa,7.4,3.9,103.6,Italian comune,"https://en.wikipedia.org/wiki/Massa,_Tuscany",wdq_box,2026-09-03
Varenna,Q42776,46.0108,9.2838,64,member_of,Lake Como,9.1,2.3,102.9,Italian comune,https://en.wikipedia.org/wiki/Varenna,wdq_box,2026-09-03
Maiori,Q81016,40.64861,14.63889,66,member_of,Amalfi Coast,9.4,3.5,102.6,Italian comune,https://en.wikipedia.org/wiki/Maiori,wdq_box,2026-09-03
Albano Laziale,Q191115,41.73333,12.66667,73,missing,Castel Gandolfo,7.9,2.2,102.6,Italian comune,https://en.wikipedia.org/wiki/Albano_Laziale,wdq_box,2026-09-03
Maó,Q49550,39.88944,4.26417,66,member_of,Menorca,8.5,1.8,102.0,"capital city of the island of Menorca, Spain",https://en.wikipedia.org/wiki/Mah%C3%B3n,wdq_box,2026-09-03
Brest,Q140147,52.08472,23.65694,103,missing,Terespol,5.8,3.0,101.7,"city of Belarus, capital of Byerastsye Region","https://en.wikipedia.org/wiki/Brest,_Belarus",wdq_box,2026-09-03
Stoke-on-Trent,Q134902,53.0,-2.18333,87,missing,"Basford, Stoke-on-Trent",6.7,2.7,101.1,"city in Staffordshire, England",https://en.wikipedia.org/wiki/Stoke-on-Trent,wdq_box,2026-09-03
Esino Lario,Q43049,45.99389,9.33306,78,member_of,Lake Como,9.1,5.8,100.5,Italian comune,https://en.wikipedia.org/wiki/Esino_Lario,wdq_box,2026-09-03
Fiesole,Q82670,43.8,11.3,72,missing,Florence,9.1,4.9,99.1,Italian comune,https://en.wikipedia.org/wiki/Fiesole,wdq_box,2026-09-03
Vernazza,Q270328,44.13516,9.68385,62,member_of,Cinque Terre,9,2.3,98.9,"comune located in the province of La Spezia, Liguria, northwestern Italy",https://en.wikipedia.org/wiki/Vernazza,wdq_box,2026-09-03
Lens,Q165271,50.43139,2.8325,90,missing,Loos-en-Gohelle,6.9,4.1,98.7,"commune in Pas-de-Calais, France","https://en.wikipedia.org/wiki/Lens,_Pas-de-Calais",wdq_box,2026-09-03
Portsmouth,Q72259,50.80583,-1.08722,109,missing,Cosham,5.9,4.8,97.6,"city in Hampshire, England, United Kingdom",https://en.wikipedia.org/wiki/Portsmouth,wdq_box,2026-09-03
Locarno,Q11935,46.16957,8.79549,79,missing,Ascona,7.1,2.7,97.2,"osm place=town, pop 16000",,osm_grid,2026-09-03
Rapallo,Q210098,44.35,9.23333,75,member_of,Santa Margherita Ligure,7.3,2.4,96.3,Italian comune,https://en.wikipedia.org/wiki/Rapallo,wdq_box,2026-09-03
Kiruna,Q83232,67.84889,20.30278,80,missing,Kiruna / Abisko,7.2,3.3,96.0,"urban area in Kiruna Municipality, Sweden",https://en.wikipedia.org/wiki/Kiruna,wdq_box,2026-09-03
Marino,Q242926,41.76667,12.66667,69,missing,Castel Gandolfo,7.9,2.4,95.7,"comune in Lazio, Italy","https://en.wikipedia.org/wiki/Marino,_Lazio",wdq_box,2026-09-03
Villeneuve-d'Ascq,Q43295,50.62278,3.14417,98,missing,Lille,7,6.1,95.5,"commune in Nord, France",https://en.wikipedia.org/wiki/Villeneuve-d%27Ascq,wdq_box,2026-09-03
Piraeus,Q58976,37.943,23.64694,97,member_of,Athens,8.5,8.5,95.0,"city and port of Attica region, Greece",https://en.wikipedia.org/wiki/Piraeus,wdq_box,2026-09-03
Terni,Q8621,42.56077,12.64678,105,member_of,Cascata delle Marmore,6.3,5.7,94.9,Italian comune,https://en.wikipedia.org/wiki/Terni,wdq_box,2026-09-03
Prilep,Q157032,41.34639,21.55417,69,missing,Markov Grad,7.7,2.2,94.7,"city and seat of Prilep Municipality, North Macedonia",https://en.wikipedia.org/wiki/Prilep,wdq_box,2026-09-03
Scafati,Q42446,40.75361,14.52528,61,missing,Pompeii,9.3,3.3,94.6,Italian municipality,https://en.wikipedia.org/wiki/Scafati,wdq_box,2026-09-03
Montrouge,Q241021,48.81639,2.32111,66,missing,Paris (Beauvais),9.6,5.1,94.1,"commune in Hauts-de-Seine, France",https://en.wikipedia.org/wiki/Montrouge,wdq_box,2026-09-03
Vila Chã (São João Baptista),Q40662,41.79412,-8.33507,127,missing,Peneda-Geres National Park,7.4,16.0,94.0,"osm place=village, pop 484",,osm_grid,2026-09-03
Dover,Q179224,51.1275,1.31222,86,member_of,White Cliffs of Dover,6.5,3.2,93.8,"town and major ferry port in Kent, South East England",https://en.wikipedia.org/wiki/Dover,wdq_box,2026-09-03
Scala,Q81681,40.65361,14.60778,56,member_of,Amalfi Coast,9.4,2.2,93.6,Italian comune,"https://en.wikipedia.org/wiki/Scala,_Campania",wdq_box,2026-09-03
Scandicci,Q82842,43.75444,11.18944,71,missing,Florence,9.1,5.5,93.4,Italian comune,https://en.wikipedia.org/wiki/Scandicci,wdq_box,2026-09-03
Birkirkara,Q39583,35.9,14.46667,70,member_of,San Ġiljan,7.8,2.9,93.3,city in Malta,https://en.wikipedia.org/wiki/Birkirkara,wdq_box,2026-09-03
Anderlecht,Q12886,50.83917,4.32972,68,missing,Brussels,7.5,1.8,92.8,"municipality in the Brussels-Capital Region, Belgium",https://en.wikipedia.org/wiki/Anderlecht,wdq_box,2026-09-03
Casoria,Q72009,40.9,14.3,72,missing,Naples,8.9,5.6,92.6,"comune in Province of Naples, Italy",https://en.wikipedia.org/wiki/Casoria,wdq_box,2026-09-03
Boscoreale,Q71845,40.775,14.475,58,missing,Pompeii,9.3,2.9,92.1,Italian comune,https://en.wikipedia.org/wiki/Boscoreale,wdq_box,2026-09-03
Giardini Naxos,Q490422,37.83333,15.26667,60,missing,Taormina,8.9,3.1,90.5,Italian comune,https://en.wikipedia.org/wiki/Giardini_Naxos,wdq_box,2026-09-03
Cagnes-sur-Mer,Q193832,43.66361,7.14833,76,missing,Saint-Paul-de-Vence,7.6,4.4,90.3,"commune in Alpes-Maritimes, France",https://en.wikipedia.org/wiki/Cagnes-sur-Mer,wdq_box,2026-09-03
Campione d'Italia,Q244207,45.97083,8.97083,76,missing,Lugano,7.4,4.0,90.2,"comune and exclave of Italy, surrounded by Switzerland",https://en.wikipedia.org/wiki/Campione_d%27Italia,wdq_box,2026-09-03
Menaggio,Q47425,46.01667,9.23333,57,member_of,Lake Como,9.1,2.7,89.9,Italian comune,https://en.wikipedia.org/wiki/Menaggio,wdq_box,2026-09-03
Corinth,Q103011,37.93861,22.92722,96,missing,Arkhaía Kórinthos,6.2,5.0,89.2,"seaside city in Peloponnese, Greece",https://en.wikipedia.org/wiki/Corinth_(modern_city),wdq_box,2026-09-03
Irun,Q200201,43.33781,-1.78881,71,missing,Hondarribia,7.5,3.3,89.1,"municipality of Basque Country, Spain",https://en.wikipedia.org/wiki/Irun,wdq_box,2026-09-03
Monterosso al Mare,Q270217,44.14629,9.65555,65,member_of,Cinque Terre,9,4.8,88.7,Italian comune,https://en.wikipedia.org/wiki/Monterosso_al_Mare,wdq_box,2026-09-03
Vincennes,Q193819,48.84778,2.43917,68,missing,Paris (CDG),9.6,6.5,88.3,"commune in Val-de-Marne, France",https://en.wikipedia.org/wiki/Vincennes,wdq_box,2026-09-03
Conca dei Marini,Q80883,40.61667,14.56667,57,member_of,Amalfi Coast,9.4,3.6,87.9,Italian comune,https://en.wikipedia.org/wiki/Conca_dei_Marini,wdq_box,2026-09-03
Saint-Germain-en-Laye,Q60847808,48.89639,2.09056,80,missing,Louveciennes,7,4.3,87.9,"commune in Yvelines, France",https://en.wikipedia.org/wiki/Saint-Germain-en-Laye,wdq_box,2026-09-03
Minori,Q81053,40.65269,14.62495,54,member_of,Amalfi Coast,9.4,2.8,87.3,Italian comune,"https://en.wikipedia.org/wiki/Minori,_Campania",wdq_box,2026-09-03
Murano,Q52437,45.4575,12.35361,52,missing,Venice (Treviso),9.6,2.6,86.8,"series of islands in the Venetian Lagoon, Italy",https://en.wikipedia.org/wiki/Murano,wdq_box,2026-09-03
Hoorn,Q9938,52.65333,5.07333,81,missing,Zwaagdijk-West,6.2,2.7,86.7,municipality in the Netherlands,https://en.wikipedia.org/wiki/Hoorn,wdq_box,2026-09-03
Jouy-en-Josas,Q372483,48.76806,2.16694,67,missing,Versailles,8.4,4.6,86.6,"commune in Yvelines, France",https://en.wikipedia.org/wiki/Jouy-en-Josas,wdq_box,2026-09-03
Fürth,Q3075,49.47833,10.99028,98,missing,Nuremberg,6.6,6.8,85.1,"town in Bavaria, Germany",https://en.wikipedia.org/wiki/F%C3%BCrth,wdq_box,2026-09-03
Verdun,Q154748,49.15972,5.38278,82,missing,Bras-sur-Meuse,7.2,5.6,85.0,"commune in Meuse, France",https://en.wikipedia.org/wiki/Verdun,wdq_box,2026-09-03
Jesolo,Q47281,45.53311,12.64475,71,missing,Lido di Jesolo,7,2.9,84.9,Italian comune,https://en.wikipedia.org/wiki/Jesolo,wdq_box,2026-09-03
Несебър,Q193241,42.66079,27.71675,62,missing,Nesebar,7.5,1.8,84.6,"osm place=town, pop 13866",,osm_grid,2026-09-03
Dunkirk,Q45797,51.03778,2.37639,121,missing,Bergues,6.1,8.6,84.1,"commune in Nord, France",https://en.wikipedia.org/wiki/Dunkirk,wdq_box,2026-09-03
Griante,Q47240,46.0,9.23333,51,missing,Lake Como,9.1,1.9,84.0,Italian comune,https://en.wikipedia.org/wiki/Griante,wdq_box,2026-09-03
Hendaye,Q191754,43.35861,-1.77444,62,missing,Hondarribia,7.5,1.9,83.9,"commune in Pyrénées-Atlantiques, France",https://en.wikipedia.org/wiki/Hendaye,wdq_box,2026-09-03
Ventimiglia,Q191759,43.79028,7.60833,79,missing,Bordighera,6.9,4.6,83.8,"city and comune in Liguria, northern Italy",https://en.wikipedia.org/wiki/Ventimiglia,wdq_box,2026-09-03
Amstelveen,Q9898,52.30194,4.85806,77,missing,Amsterdam,9.2,8.2,83.5,"town and municipality in North Holland, the Netherlands",https://en.wikipedia.org/wiki/Amstelveen,wdq_box,2026-09-03
Ivry-sur-Seine,Q193877,48.81389,2.38778,60,missing,Paris (CDG),9.6,5.6,83.2,"commune in Val-de-Marne, France",https://en.wikipedia.org/wiki/Ivry-sur-Seine,wdq_box,2026-09-03
San Benedetto del Tronto,Q13140,42.94378,13.88333,72,missing,Grottammare,7.4,4.4,83.0,Italian comune,https://en.wikipedia.org/wiki/San_Benedetto_del_Tronto,wdq_box,2026-09-03
Talence,Q192481,44.8086,-0.58831,59,missing,Bordeaux,8.5,3.5,82.8,"commune in Gironde, France",https://en.wikipedia.org/wiki/Talence,wdq_box,2026-09-03
Buda,Q193478,47.46667,19.05,58,missing,Budapest,8.3,2.8,82.6,"western part of Budapest, Hungary, former independent city",https://en.wikipedia.org/wiki/Buda,wdq_box,2026-09-03
Sèvres,Q206493,48.82306,2.21083,70,missing,Versailles,8.4,6.0,82.3,"commune in Hauts-de-Seine, France",https://en.wikipedia.org/wiki/S%C3%A8vres,wdq_box,2026-09-03
Mals,Q427187,46.68792,10.54655,58,missing,Glorenza,7.9,2.0,82.3,"municipality in South Tyrol, Italy",https://en.wikipedia.org/wiki/Mals,wdq_box,2026-09-03
Malakoff,Q253721,48.81722,2.29917,61,missing,Paris (Beauvais),9.6,6.0,82.2,"commune in Hauts-de-Seine, France","https://en.wikipedia.org/wiki/Malakoff,_Hauts-de-Seine",wdq_box,2026-09-03
Lierna,Q42942,45.9581,9.3051,64,member_of,Lake Como,9.1,5.9,82.1,Italian comune,https://en.wikipedia.org/wiki/Lierna,wdq_box,2026-09-03
Ponte Buggianese,Q49603,43.84083,10.7475,71,missing,Montecatini-Terme,7.6,4.9,81.2,municipality in the Italian region Tuscany,https://en.wikipedia.org/wiki/Ponte_Buggianese,wdq_box,2026-09-03
Schiltigheim,Q22639,48.60694,7.74917,60,missing,Strasbourg,8.3,3.7,81.0,"commune in Bas-Rhin, France",https://en.wikipedia.org/wiki/Schiltigheim,wdq_box,2026-09-03
Santa Cruz de La Palma,Q433632,28.6825,-17.765,59,member_of,La Palma,7.5,1.7,80.9,municipality of Spain,https://en.wikipedia.org/wiki/Santa_Cruz_de_La_Palma,wdq_box,2026-09-03
Recco,Q266648,44.36209,9.14348,59,member_of,Camogli,7.5,1.7,80.8,Italian comune,https://en.wikipedia.org/wiki/Recco,wdq_box,2026-09-03
Dorgali,Q294782,40.29157,9.58763,66,missing,Cala Gonone (Golfo di Orosei),7.6,3.9,80.8,Italian comune,https://en.wikipedia.org/wiki/Dorgali,wdq_box,2026-09-03
Mülheim an der Ruhr,Q2899,51.4275,6.8825,93,missing,Oberhausen,6.1,5.8,80.6,"city in North Rhine-Westphalia, Germany",https://en.wikipedia.org/wiki/M%C3%BClheim,wdq_box,2026-09-03
Ariccia,Q241744,41.71667,12.66667,63,missing,Castel Gandolfo,7.9,3.8,80.5,Italian comune,https://en.wikipedia.org/wiki/Ariccia,wdq_box,2026-09-03
Bourg-la-Reine,Q249852,48.77806,2.31583,78,missing,Paris (Beauvais),9.6,9.3,80.3,"commune in Hauts-de-Seine, France",https://en.wikipedia.org/wiki/Bourg-la-Reine,wdq_box,2026-09-03
Mérignac,Q205551,44.8425,-0.645,64,missing,Bordeaux,8.5,5.2,80.3,"commune in Gironde, France, suburb of Bordeaux","https://en.wikipedia.org/wiki/M%C3%A9rignac,_Gironde",wdq_box,2026-09-03
Hafnarfjörður,Q103725,64.0671,-21.93774,85,missing,Reykjavik (Keflavik),8.4,8.8,80.3,town of Iceland,https://en.wikipedia.org/wiki/Hafnarfj%C3%B6r%C3%B0ur,wdq_box,2026-09-03
Issy-les-Moulineaux,Q135265,48.82306,2.26917,65,missing,Paris (CDG),9.6,7.2,79.9,"commune in Hauts-de-Seine, France",https://en.wikipedia.org/wiki/Issy-les-Moulineaux,wdq_box,2026-09-03
Roquebrune-Cap-Martin,Q220668,43.75722,7.47417,63,missing,Menton,7.4,2.9,79.9,"French commune in Alpes-Maritimes, Provence-Alpes-Côte d'Azur",https://en.wikipedia.org/wiki/Roquebrune-Cap-Martin,wdq_box,2026-09-03
Orbetello,Q214849,42.43944,11.2125,64,missing,Porto Ercole,7.9,4.2,79.7,"comune of Grosseto, Italy",https://en.wikipedia.org/wiki/Orbetello,wdq_box,2026-09-03
Vence,Q192368,43.72247,7.11186,61,missing,Saint-Paul-de-Vence,7.6,2.8,79.6,"commune in Alpes-Maritimes, France",https://en.wikipedia.org/wiki/Vence,wdq_box,2026-09-03
Monreale,Q207448,38.08167,13.28889,70,missing,Palermo,8.6,6.8,79.4,Italian comune,https://en.wikipedia.org/wiki/Monreale,wdq_box,2026-09-03
Grottaferrata,Q242703,41.8,12.66667,71,missing,Castel Gandolfo,7.9,5.9,79.3,Italian comune,https://en.wikipedia.org/wiki/Grottaferrata,wdq_box,2026-09-03
Ixelles,Q208713,50.83306,4.36694,58,missing,Brussels,7.5,1.8,79.1,"municipality in the Brussels-Capital Region, Belgium",https://en.wikipedia.org/wiki/Ixelles,wdq_box,2026-09-03
Schaerbeek,Q12887,50.8675,4.37361,61,missing,Brussels,7.5,2.7,78.9,"municipality in the Brussels-Capital Region, Belgium",https://en.wikipedia.org/wiki/Schaerbeek,wdq_box,2026-09-03
Anglet,Q191765,43.48417,-1.51944,63,missing,Biarritz,7.3,2.9,78.7,"commune in Pyrénées-Atlantiques, France",https://en.wikipedia.org/wiki/Anglet,wdq_box,2026-09-03
Delos,Q173148,37.39121,25.27122,80,member_of,Mykonos,8.1,7.9,78.6,island in Greece with famous Apollo sanctuary,https://en.wikipedia.org/wiki/Delos,wdq_box,2026-09-03
Fréjus,Q215155,43.43306,6.73556,67,member_of,Saint-Raphaël,7,3.2,78.6,"commune in Var, France",https://en.wikipedia.org/wiki/Fr%C3%A9jus,wdq_box,2026-09-03
Palau,Q333389,41.18333,9.38333,64,member_of,La Maddalena,7.7,4.1,78.5,Italian comune,"https://en.wikipedia.org/wiki/Palau,_Sardinia",wdq_box,2026-09-03
Giugliano in Campania,Q72125,40.92835,14.20108,82,missing,Naples,8.9,9.3,78.4,Italian comune,https://en.wikipedia.org/wiki/Giugliano_in_Campania,wdq_box,2026-09-03
Le Bouscat,Q192461,44.86472,-0.59861,55,missing,Bordeaux,8.5,3.2,78.4,"commune in Gironde, France",https://en.wikipedia.org/wiki/Le_Bouscat,wdq_box,2026-09-03
Cervia,Q52975,44.25,12.36667,62,missing,Milano Marittima,7.4,2.9,78.3,Italian comune,https://en.wikipedia.org/wiki/Cervia,wdq_box,2026-09-03
Vanves,Q234728,48.82,2.28889,59,missing,Paris (Beauvais),9.6,6.3,77.8,"commune in Hauts-de-Seine, France",https://en.wikipedia.org/wiki/Vanves,wdq_box,2026-09-03
Bègles,Q192438,44.80778,-0.54889,58,missing,Bordeaux,8.5,4.2,77.8,"commune in Gironde, France",https://en.wikipedia.org/wiki/B%C3%A8gles,wdq_box,2026-09-03
Gragnano,Q72128,40.69572,14.51545,53,member_of,Castellammare di Stabia,8.4,2.5,77.8,Italian comune,https://en.wikipedia.org/wiki/Gragnano,wdq_box,2026-09-03
Furore,Q80948,40.62139,14.54944,54,member_of,Amalfi Coast,9.4,4.7,77.6,Italian comune,https://en.wikipedia.org/wiki/Furore,wdq_box,2026-09-03
Baveno,Q23238,45.9,8.5,58,missing,Lago Maggiore (Stresa),8.1,3.6,77.3,Italian comune,https://en.wikipedia.org/wiki/Baveno,wdq_box,2026-09-03
Hunawihr,Q83766,48.18028,7.31139,53,missing,Riquewihr,8,1.8,77.3,"commune in Haut-Rhin, France",https://en.wikipedia.org/wiki/Hunawihr,wdq_box,2026-09-03
Pieve a Nievole,Q102677,43.87889,10.795,56,missing,Montecatini-Terme,7.6,1.8,77.3,Italian comune,https://en.wikipedia.org/wiki/Pieve_a_Nievole,wdq_box,2026-09-03
Perledo,Q42529,46.01667,9.3,52,member_of,Lake Como,9.1,3.7,76.9,Italian comune,https://en.wikipedia.org/wiki/Perledo,wdq_box,2026-09-03
Montparnasse,Q211604,48.84364,2.32381,46,missing,Paris (Beauvais),9.6,2.6,76.8,neighbourhood of Paris,https://en.wikipedia.org/wiki/Montparnasse,wdq_box,2026-09-03
Pietrasanta,Q219330,43.94519,10.21827,66,missing,Forte dei Marmi,7.3,4.1,76.8,Italian comune,https://en.wikipedia.org/wiki/Pietrasanta,wdq_box,2026-09-03
Ribeauvillé,Q148483,48.19528,7.31833,58,missing,Riquewihr,8,3.5,76.7,"commune in Haut-Rhin, France",https://en.wikipedia.org/wiki/Ribeauvill%C3%A9,wdq_box,2026-09-03
Porto Empedocle,Q432311,37.29444,13.52722,61,missing,Agrigento (Valley of the Temples),8.9,5.9,76.7,Italian comune,https://en.wikipedia.org/wiki/Porto_Empedocle,wdq_box,2026-09-03
Formia,Q128086,41.25639,13.60694,70,missing,Gaeta,7.6,5.6,76.7,Italian comune,https://en.wikipedia.org/wiki/Formia,wdq_box,2026-09-03
Bagno a Ripoli,Q82612,43.75,11.31667,58,missing,Florence,9.1,5.5,76.6,Italian comune,https://en.wikipedia.org/wiki/Bagno_a_Ripoli,wdq_box,2026-09-03
Afragola,Q71610,40.91667,14.31667,71,missing,Naples,8.9,7.9,76.6,Italian comune,https://en.wikipedia.org/wiki/Afragola,wdq_box,2026-09-03
Villejuif,Q128466,48.79389,2.36111,62,missing,Paris (Beauvais),9.6,7.2,76.4,"commune in Val-de-Marne, France",https://en.wikipedia.org/wiki/Villejuif,wdq_box,2026-09-03
Letojanni,Q496343,37.88333,15.3,52,missing,Taormina,8.9,3.5,76.2,Italian comune,https://en.wikipedia.org/wiki/Letojanni,wdq_box,2026-09-03
Le Chesnay,Q237281,48.82028,2.13028,50,missing,Versailles,8.4,1.9,76.1,"commune in Yvelines, France",https://en.wikipedia.org/wiki/Le_Chesnay,wdq_box,2026-09-03
Andria,Q13486,41.23167,16.30833,95,member_of,Barletta,7.6,9.5,76.1,"city and comune in Apulia, Italy",https://en.wikipedia.org/wiki/Andria,wdq_box,2026-09-03
Barberino Val d'Elsa,Q82615,43.5423,11.17146,54,missing,Tavarnelle Val di Pesa,7.9,2.2,76.1,former Italian comune,https://en.wikipedia.org/wiki/Barberino_Val_d%27Elsa,wdq_box,2026-09-03
Casavatore,Q71967,40.89814,14.27622,55,missing,Naples,8.9,4.5,75.9,Italian comune,https://en.wikipedia.org/wiki/Casavatore,wdq_box,2026-09-03
Pessac,Q207156,44.80583,-0.63222,62,missing,Bordeaux,8.5,5.6,75.8,"commune in Gironde, France",https://en.wikipedia.org/wiki/Pessac,wdq_box,2026-09-03
Le Cannet,Q207967,43.57611,7.01861,62,member_of,Cannes,7.1,2.8,75.7,"commune in Alpes-Maritimes, France",https://en.wikipedia.org/wiki/Le_Cannet,wdq_box,2026-09-03
Brixen,Q185541,46.71655,11.65785,84,missing,Val di Funes,7.3,7.7,75.7,"commune in South Tyrol, Italy",https://en.wikipedia.org/wiki/Brixen,wdq_box,2026-09-03
Ameno,Q22039,45.78333,8.43333,55,missing,Orta San Giulio,7.7,2.1,75.7,"municipality in the province of Novara, Piedmont, Italy","https://en.wikipedia.org/wiki/Ameno,_Piedmont",wdq_box,2026-09-03
Villarreal,Q12292,39.93778,-0.10139,71,missing,Burriana,7.4,5.6,75.7,"city in the province of Castellón, in the Valencian Community, Spain",https://en.wikipedia.org/wiki/Villarreal,wdq_box,2026-09-03
Nyon,Q64027,46.38206,6.24028,76,missing,Yvoire,7.5,6.7,75.7,"osm place=town, pop 19738",,osm_grid,2026-09-03
Cenon,Q1053472,44.85694,-0.53278,56,missing,Bordeaux,8.5,4.1,75.6,"commune in Gironde, France",https://en.wikipedia.org/wiki/Cenon,wdq_box,2026-09-03
Boscotrecase,Q71851,40.78333,14.46667,51,missing,Pompeii,9.3,4.1,75.6,Italian comune,https://en.wikipedia.org/wiki/Boscotrecase,wdq_box,2026-09-03
Charenton-le-Pont,Q212793,48.82139,2.41194,56,missing,Paris (Beauvais),9.6,6.0,75.3,"commune in Val-de-Marne, France",https://en.wikipedia.org/wiki/Charenton-le-Pont,wdq_box,2026-09-03
Beaulieu-sur-Mer,Q211622,43.70694,7.33139,55,missing,Villefranche-sur-Mer,7.5,1.8,75.0,"commune in Alpes-Maritimes, France",https://en.wikipedia.org/wiki/Beaulieu-sur-Mer,wdq_box,2026-09-03
Ladispoli,Q242784,41.95444,12.07417,61,missing,Cerveteri,7.8,4.3,74.8,Italian commune,https://en.wikipedia.org/wiki/Ladispoli,wdq_box,2026-09-03
Dinard,Q131600,48.6325,-2.06167,61,missing,Saint-Malo,7.3,3.2,74.7,"commune in Ille-et-Vilaine, France",https://en.wikipedia.org/wiki/Dinard,wdq_box,2026-09-03
Curtatone,Q43025,45.15,10.71667,57,missing,Grazie,7.2,1.8,74.7,Italian comune,https://en.wikipedia.org/wiki/Curtatone,wdq_box,2026-09-03
Sant'Agnello,Q72565,40.62942,14.39957,54,missing,Sorrento,7.7,2.0,74.7,Italian comune,https://en.wikipedia.org/wiki/Sant%27Agnello,wdq_box,2026-09-03
Agde,Q191396,43.31,3.47528,73,missing,Le Cap d'Agde,6.7,4.7,74.7,"commune in Hérault, France",https://en.wikipedia.org/wiki/Agde,wdq_box,2026-09-03
El Escorial,Q985269,40.58161,-4.12512,52,missing,San Lorenzo de El Escorial,8.1,2.3,74.6,municipality in the Autonomous Community of Madrid,"https://en.wikipedia.org/wiki/El_Escorial,_Madrid",wdq_box,2026-09-03
Frascati,Q190963,41.81667,12.68333,79,missing,Castel Gandolfo,7.9,8.0,74.6,Italian comune,https://en.wikipedia.org/wiki/Frascati,wdq_box,2026-09-03
Le Kremlin-Bicêtre,Q135104,48.81,2.35806,53,missing,Paris (Beauvais),9.6,5.4,74.5,"commune in Val-de-Marne, France",https://en.wikipedia.org/wiki/Le_Kremlin-Bic%C3%AAtre,wdq_box,2026-09-03
Massa Lubrense,Q72239,40.61667,14.35,55,missing,Sorrento,7.7,2.4,74.4,Italian comune,https://en.wikipedia.org/wiki/Massa_Lubrense,wdq_box,2026-09-03
Schluderns,Q493790,46.66454,10.58482,53,missing,Glorenza,7.9,2.3,74.3,"municipality in South Tyrol, Italy",https://en.wikipedia.org/wiki/Schluderns,wdq_box,2026-09-03
Casalecchio di Reno,Q94638,44.48333,11.28333,58,missing,Bologna,7.6,3.2,74.1,Italian comune,https://en.wikipedia.org/wiki/Casalecchio_di_Reno,wdq_box,2026-09-03
Garðabær,Q186142,64.09019,-21.92636,64,missing,Reykjavik (Keflavik),8.4,6.2,74.1,town in Iceland,https://en.wikipedia.org/wiki/Gar%C3%B0ab%C3%A6r,wdq_box,2026-09-03
Bourg-Saint-Christophe,Q838496,45.89056,5.16056,60,missing,Pérouges,6.9,2.1,74.1,"commune in Ain, France",https://en.wikipedia.org/wiki/Bourg-Saint-Christophe,wdq_box,2026-09-03
Douglas,Q18569,54.15,-4.4775,94,member_of,Isle of Man,6,6.9,74.0,capital city of the Isle of Man,"https://en.wikipedia.org/wiki/Douglas,_Isle_of_Man",wdq_box,2026-09-03
Pella,Q22549,45.8,8.38333,56,missing,Orta San Giulio,7.7,2.8,74.0,Italian comune,"https://en.wikipedia.org/wiki/Pella,_Piedmont",wdq_box,2026-09-03
San Nicola la Strada,Q58859,41.05,14.33333,54,missing,Caserta (Reggia),7.9,2.7,74.0,Italian comune,https://en.wikipedia.org/wiki/San_Nicola_la_Strada,wdq_box,2026-09-03
Saint-Cloud,Q189153,48.84639,2.21528,71,missing,Versailles,8.4,7.6,73.9,"town in Hauts-de-Seine, France",https://en.wikipedia.org/wiki/Saint-Cloud,wdq_box,2026-09-03
Spotorno,Q271236,44.22711,8.4192,53,missing,Noli,7.9,2.4,73.8,"comune in Liguria, Italy",https://en.wikipedia.org/wiki/Spotorno,wdq_box,2026-09-03
Rocca di Papa,Q243228,41.76197,12.70687,62,missing,Castel Gandolfo,7.9,5.0,73.7,Italian comune,https://en.wikipedia.org/wiki/Rocca_di_Papa,wdq_box,2026-09-03
Ono San Pietro,Q105390,46.01778,10.32917,51,missing,Capo di Ponte,7.9,1.7,73.6,Italian comune,https://en.wikipedia.org/wiki/Ono_San_Pietro,wdq_box,2026-09-03
Bagneux,Q161884,48.79778,2.3125,60,missing,Paris (CDG),9.6,7.3,73.2,"commune in Hauts-de-Seine, France","https://en.wikipedia.org/wiki/Bagneux,_Hauts-de-Seine",wdq_box,2026-09-03
Parghelia,Q54726,38.68333,15.91667,51,missing,Tropea,8,2.1,73.1,Italian comune,https://en.wikipedia.org/wiki/Parghelia,wdq_box,2026-09-03
Rueil-Malmaison,Q193920,48.87778,2.18833,73,missing,Louveciennes,7,5.7,73.1,"commune in Hauts-de-Seine, France",https://en.wikipedia.org/wiki/Rueil-Malmaison,wdq_box,2026-09-03
Etterbeek,Q192859,50.83611,4.38611,56,missing,Brussels,7.5,2.6,73.0,"municipality in the Brussels-Capital Region, Belgium",https://en.wikipedia.org/wiki/Etterbeek,wdq_box,2026-09-03
Vico Equense,Q72732,40.66667,14.43333,62,member_of,Castellammare di Stabia,8.4,6.0,73.0,Italian comune,https://en.wikipedia.org/wiki/Vico_Equense,wdq_box,2026-09-03
Casagiove,Q58503,41.0757,14.3086,50,missing,Caserta (Reggia),7.9,1.5,73.0,Italian comune,https://en.wikipedia.org/wiki/Casagiove,wdq_box,2026-09-03
Sesto San Giovanni,Q43005,45.53333,9.23333,85,missing,Milan (Linate),7.2,8.1,72.9,Italian commune in Lombardy,https://en.wikipedia.org/wiki/Sesto_San_Giovanni,wdq_box,2026-09-03
Marano di Napoli,Q72221,40.89763,14.19037,65,missing,Naples,8.9,7.4,72.9,Italian comune,https://en.wikipedia.org/wiki/Marano_di_Napoli,wdq_box,2026-09-03
Drapia,Q54705,38.66667,15.91667,51,missing,Tropea,8,2.1,72.9,Italian comune,https://en.wikipedia.org/wiki/Drapia,wdq_box,2026-09-03
Saint-Jean-Cap-Ferrat,Q243713,43.68778,7.33417,56,missing,Villefranche-sur-Mer,7.5,2.7,72.8,"commune in Alpes-Maritimes, France",https://en.wikipedia.org/wiki/Saint-Jean-Cap-Ferrat,wdq_box,2026-09-03
Torquay,Q209055,50.4625,-3.52806,58,missing,Paignton,7.9,4.1,72.8,"town in Devon, England, UK",https://en.wikipedia.org/wiki/Torquay,wdq_box,2026-09-03
Bagnoregio,Q159498,42.63,12.08917,54,missing,Civita di Bagnoregio,7.5,2.0,72.7,Italian comune,https://en.wikipedia.org/wiki/Bagnoregio,wdq_box,2026-09-03
Sarzana,Q160628,44.11361,9.95996,65,missing,Lerici,7.8,5.7,72.4,Italian comune,https://en.wikipedia.org/wiki/Sarzana,wdq_box,2026-09-03
Nanterre,Q170507,48.89056,2.20361,81,missing,Louveciennes,7,7.3,72.1,"commune in Hauts-de-Seine, France",https://en.wikipedia.org/wiki/Nanterre,wdq_box,2026-09-03
Santa Maria la Carità,Q72613,40.71667,14.51667,50,missing,Pompeii,9.3,4.5,72.0,Italian comune,https://en.wikipedia.org/wiki/Santa_Maria_la_Carit%C3%A0,wdq_box,2026-09-03
Gignese,Q23582,45.86667,8.51667,51,missing,Lago Maggiore (Stresa),8.1,2.6,72.0,Italian comune,https://en.wikipedia.org/wiki/Gignese,wdq_box,2026-09-03
Trecase,Q72723,40.76667,14.43333,51,missing,Pompeii,9.3,4.8,72.0,Italian comune,https://en.wikipedia.org/wiki/Trecase,wdq_box,2026-09-03
Meximieux,Q243579,45.90444,5.19444,57,missing,Pérouges,6.9,1.7,71.9,"commune in Ain, France",https://en.wikipedia.org/wiki/Meximieux,wdq_box,2026-09-03
Portici,Q72414,40.81972,14.34111,67,missing,Naples,8.9,8.0,71.8,Italian comune,https://en.wikipedia.org/wiki/Portici,wdq_box,2026-09-03
Castiglione Falletto,Q19918,44.62397,7.97867,53,member_of,Langhe (Barolo & Alba),7.4,1.7,71.8,Italian comune,https://en.wikipedia.org/wiki/Castiglione_Falletto,wdq_box,2026-09-03
Llanfairpwllgwyngyll,Q322,53.22333,-4.19944,92,missing,Caernarfon,7.8,10.3,71.8,"village in Anglesey, Wales, United Kingdom",https://en.wikipedia.org/wiki/Llanfairpwllgwyngyll,wdq_box,2026-09-03
Hérouville-Saint-Clair,Q234361,49.20361,-0.32639,59,missing,Caen,7.2,3.1,71.8,"commune in Calvados, France",https://en.wikipedia.org/wiki/H%C3%A9rouville-Saint-Clair,wdq_box,2026-09-03
Bottrop,Q3069,51.52325,6.92527,88,missing,Oberhausen,6.1,6.6,71.7,"large city in North Rhine-Westphalia, Germany",https://en.wikipedia.org/wiki/Bottrop,wdq_box,2026-09-03
Cattolica,Q111800,43.95844,12.73861,58,missing,Gradara,7.4,3.3,71.6,Italian comune,https://en.wikipedia.org/wiki/Cattolica,wdq_box,2026-09-03
Paspardo,Q111358,46.03167,10.37194,51,missing,Capo di Ponte,7.9,2.3,71.5,Italian comune,https://en.wikipedia.org/wiki/Paspardo,wdq_box,2026-09-03
Tuili,Q278730,39.71475,8.95982,62,missing,Su Nuraxi (Barumini),6.7,2.8,71.4,Italian comune,https://en.wikipedia.org/wiki/Tuili,wdq_box,2026-09-03
Vitry-sur-Seine,Q72248,48.7875,2.39278,64,missing,Paris (Beauvais),9.6,8.4,71.3,"commune in Val-de-Marne, France",https://en.wikipedia.org/wiki/Vitry-sur-Seine,wdq_box,2026-09-03
Freetown Christiania,Q202206,55.67359,12.59971,50,missing,Copenhagen,7.9,1.9,71.3,"autonomous community in Copenhagen, Denmark",https://en.wikipedia.org/wiki/Freetown_Christiania,wdq_box,2026-09-03
Donnas,Q34998,45.6,7.76667,55,missing,Bard,7.2,2.0,71.3,Italian municipality in the Aosta Valley,https://en.wikipedia.org/wiki/Donnas,wdq_box,2026-09-03
Vers-Pont-du-Gard,Q379644,43.96861,4.52444,48,missing,Pont du Gard,8.5,2.5,71.2,"commune in Gard, France",https://en.wikipedia.org/wiki/Vers-Pont-du-Gard,wdq_box,2026-09-03
San Maurizio d'Opaglio,Q22605,45.778,8.38799,56,missing,Orta San Giulio,7.7,3.5,71.2,Italian comune,https://en.wikipedia.org/wiki/San_Maurizio_d%27Opaglio,wdq_box,2026-09-03
Albenga,Q241298,44.04911,8.21302,68,missing,Alassio,7.6,6.2,71.2,Italian urban comune and city,https://en.wikipedia.org/wiki/Albenga,wdq_box,2026-09-03
Fiumicino,Q19326,41.76667,12.23333,82,missing,Lido di Castel Fusano,7.9,9.0,71.2,Italian comune,https://en.wikipedia.org/wiki/Fiumicino,wdq_box,2026-09-03
Bonea,Q55853,41.06667,14.61667,51,missing,Montesarchio,7.8,2.1,71.2,Italian comune,https://en.wikipedia.org/wiki/Bonea,wdq_box,2026-09-03
Seltjarnarnes,Q214057,64.15417,-22.0,50,missing,Reykjavik (Keflavik),8.4,3.1,71.0,"municipality in Capital Region, Iceland",https://en.wikipedia.org/wiki/Seltjarnarnes,wdq_box,2026-09-03
Las Plassas,Q287794,39.68004,8.98511,62,missing,Su Nuraxi (Barumini),6.7,2.9,71.0,Italian comune,https://en.wikipedia.org/wiki/Las_Plassas,wdq_box,2026-09-03
Bellano,Q43032,46.0432,9.3061,56,member_of,Lake Como,9.1,6.1,70.9,Italian comune,https://en.wikipedia.org/wiki/Bellano,wdq_box,2026-09-03
Monsummano Terme,Q102634,43.86667,10.81667,58,missing,Montecatini-Terme,7.6,3.9,70.9,Italian comune,https://en.wikipedia.org/wiki/Monsummano_Terme,wdq_box,2026-09-03
Harly,Q839092,49.8425,3.32111,52,missing,Saint-Quentin,7.8,2.5,70.9,"commune in Aisne, France",https://en.wikipedia.org/wiki/Harly,wdq_box,2026-09-03
Armeno,Q22045,45.81667,8.45,54,missing,Orta San Giulio,7.7,3.0,70.8,"municipality in the province of Novara, Piedmont, Italy",https://en.wikipedia.org/wiki/Armeno,wdq_box,2026-09-03
La Celle-Saint-Cloud,Q367553,48.85,2.145,57,missing,Versailles,8.4,5.2,70.8,"commune in Yvelines, France",https://en.wikipedia.org/wiki/La_Celle-Saint-Cloud,wdq_box,2026-09-03
Pettenasco,Q22554,45.8309,8.4063,56,missing,Orta San Giulio,7.7,3.6,70.7,Italian comune,https://en.wikipedia.org/wiki/Pettenasco,wdq_box,2026-09-03
Buggiano,Q102566,43.87639,10.73444,55,missing,Montecatini-Terme,7.6,3.1,70.7,Italian comune,https://en.wikipedia.org/wiki/Buggiano,wdq_box,2026-09-03
Armilla,Q550985,37.14278,-3.62778,51,missing,Granada,9,4.6,70.6,municipality of Spain,"https://en.wikipedia.org/wiki/Armilla,_Granada",wdq_box,2026-09-03
Pimonte,Q72351,40.67361,14.5125,52,missing,Castellammare di Stabia,8.4,3.8,70.6,Italian comune,https://en.wikipedia.org/wiki/Pimonte,wdq_box,2026-09-03
Illkirch-Graffenstaden,Q22660,48.52472,7.71444,61,missing,Strasbourg,8.3,6.1,70.5,"commune in Bas-Rhin, France",https://en.wikipedia.org/wiki/Illkirch-Graffenstaden,wdq_box,2026-09-03
Tirol,Q504179,46.6911,11.15422,58,missing,Merano,7.1,2.9,70.5,"municipality in South Tyrol, Italy","https://en.wikipedia.org/wiki/Tirol,_South_Tyrol",wdq_box,2026-09-03
Schiedam,Q204709,51.91667,4.4,67,missing,Rotterdam,7.2,5.4,70.4,city and municipality in the Netherlands,https://en.wikipedia.org/wiki/Schiedam,wdq_box,2026-09-03
Villeneuve-lès-Avignon,Q269113,43.96639,4.79583,49,missing,Avignon,8,2.1,70.4,"commune in Gard, France",https://en.wikipedia.org/wiki/Villeneuve-l%C3%A8s-Avignon,wdq_box,2026-09-03
Piano di Sorrento,Q72346,40.63333,14.41111,54,member_of,Sorrento,7.7,3.1,70.4,Italian comune,https://en.wikipedia.org/wiki/Piano_di_Sorrento,wdq_box,2026-09-03
Seriate,Q101576,45.68472,9.71778,56,missing,Bergamo (Città Alta),7.8,3.9,70.4,Italian comune,https://en.wikipedia.org/wiki/Seriate,wdq_box,2026-09-03
San Giorgio a Cremano,Q72497,40.83333,14.33333,59,missing,Naples,8.9,6.6,70.2,Italian comune,https://en.wikipedia.org/wiki/San_Giorgio_a_Cremano,wdq_box,2026-09-03
Slough,Q211907,51.50972,-0.59306,62,missing,Windsor,6.9,3.6,70.2,"town in Berkshire, England, UK",https://en.wikipedia.org/wiki/Slough,wdq_box,2026-09-03
Seraing,Q194037,50.5986,5.5122,59,missing,Liège,8.2,5.5,70.1,"city in Wallonia, Belgium",https://en.wikipedia.org/wiki/Seraing,wdq_box,2026-09-03
Liévin,Q217841,50.42194,2.77778,64,missing,Loos-en-Gohelle,6.9,4.1,70.1,"commune in Pas-de-Calais, France",https://en.wikipedia.org/wiki/Li%C3%A9vin,wdq_box,2026-09-03
Gourdon,Q272364,43.72028,6.97833,50,missing,Le Bar-sur-Loup,7.9,2.3,70.0,"commune in Alpes-Maritimes, France","https://en.wikipedia.org/wiki/Gourdon,_Alpes-Maritimes",wdq_box,2026-09-03
Lacco Ameno,Q72138,40.75,13.88333,55,member_of,Ischia,7.2,2.3,69.9,Italian comune,https://en.wikipedia.org/wiki/Lacco_Ameno,wdq_box,2026-09-03
La Turbie,Q244709,43.74556,7.40083,57,missing,Èze,7.5,3.7,69.8,"commune in Alpes-Maritimes, France",https://en.wikipedia.org/wiki/La_Turbie,wdq_box,2026-09-03
Diemen,Q9913,52.3439,4.9625,53,missing,Amsterdam,9.2,5.7,69.7,town and municipality in the Netherlands,https://en.wikipedia.org/wiki/Diemen,wdq_box,2026-09-03
Maracena,Q583032,37.2075,-3.63306,50,missing,Granada,9,4.5,69.6,municipality of Spain,https://en.wikipedia.org/wiki/Maracena,wdq_box,2026-09-03
Agny,Q317260,50.26,2.75944,51,missing,Achicourt,7.4,1.6,69.5,"commune in Pas-de-Calais, France",https://en.wikipedia.org/wiki/Agny,wdq_box,2026-09-03
Zaanstad,Q9978,52.4697,4.7767,70,missing,Zaanse Schans,5.8,2.9,69.4,municipality in the Netherlands,https://en.wikipedia.org/wiki/Zaanstad,wdq_box,2026-09-03
Katwijk,Q208764,52.2008,4.4153,61,missing,Noordwijk-Binnen,7.2,4.2,69.4,"municipality in South Holland, the Netherlands",https://en.wikipedia.org/wiki/Katwijk,wdq_box,2026-09-03
Arcueil,Q467132,48.80667,2.33528,51,missing,Paris (Beauvais),9.6,5.8,69.3,"commune in Val-de-Marne, France",https://en.wikipedia.org/wiki/Arcueil,wdq_box,2026-09-03
Dainville,Q987503,50.28194,2.72722,53,missing,Achicourt,7.4,2.3,69.3,"commune in Pas-de-Calais, France",https://en.wikipedia.org/wiki/Dainville,wdq_box,2026-09-03
Bassano Romano,Q159520,42.22528,12.19,55,missing,Sutri,7.5,3.2,69.3,Italian comune,https://en.wikipedia.org/wiki/Bassano_Romano,wdq_box,2026-09-03
Piana,Q686108,42.23917,8.63639,47,member_of,Calanques de Piana,8.3,2.3,69.2,"commune in Corse-du-Sud, France","https://en.wikipedia.org/wiki/Piana,_Corse-du-Sud",wdq_box,2026-09-03
Terzigno,Q72708,40.8,14.5,52,missing,Pompeii,9.3,5.7,69.2,Italian comune,https://en.wikipedia.org/wiki/Terzigno,wdq_box,2026-09-03
Saint-Gilles,Q237674,50.82667,4.34556,52,missing,Brussels,7.5,2.3,69.1,"municipality in the Brussels-Capital Region, Belgium","https://en.wikipedia.org/wiki/Saint-Gilles,_Belgium",wdq_box,2026-09-03
Torri del Benaco,Q48481,45.60944,10.68739,55,member_of,Lake Garda,8.1,4.5,69.1,"comune in Province of Verona, birthplace of the Renaissance humanist Domizio Cal",https://en.wikipedia.org/wiki/Torri_del_Benaco,wdq_box,2026-09-03
Porto Mantovano,Q42212,45.19667,10.79389,55,missing,Mantua,8.1,4.5,69.1,Italian comune,https://en.wikipedia.org/wiki/Porto_Mantovano,wdq_box,2026-09-03
Campi Bisenzio,Q82636,43.82556,11.13333,67,missing,Prato,7.8,6.8,69.1,Italian comune,https://en.wikipedia.org/wiki/Campi_Bisenzio,wdq_box,2026-09-03
Vernon,Q236736,49.09167,1.485,64,missing,Giverny,6.6,3.7,69.0,"French commune in Eure, Normandy","https://en.wikipedia.org/wiki/Vernon,_Eure",wdq_box,2026-09-03
Sellero,Q111746,46.05583,10.34778,51,missing,Capo di Ponte,7.9,2.9,68.9,Italian comune,https://en.wikipedia.org/wiki/Sellero,wdq_box,2026-09-03
Positano,Q81345,40.62778,14.48194,70,member_of,Castellammare di Stabia,8.4,8.3,68.9,Italian commune,https://en.wikipedia.org/wiki/Positano,wdq_box,2026-09-03
Prades,Q212450,42.61722,2.42194,54,missing,Ria-Sirach,7,1.8,68.8,commune of France in the department of Pyrénées-Orientales,"https://en.wikipedia.org/wiki/Prades,_Pyr%C3%A9n%C3%A9es-Orientales",wdq_box,2026-09-03
Quartu Sant'Elena,Q284516,39.24135,9.18392,76,missing,Cagliari,6.7,6.5,68.6,Italian comune,https://en.wikipedia.org/wiki/Quartu_Sant%27Elena,wdq_box,2026-09-03
Pest,Q210205,47.5,19.1,51,missing,Budapest,8.3,3.8,68.6,"eastern part of Budapest, Hungary, former independent city (–1873)","https://en.wikipedia.org/wiki/Pest,_Hungary",wdq_box,2026-09-03
Frederiksberg,Q30096,55.6779,12.5327,49,missing,Copenhagen,7.9,2.3,68.6,town area in Copenhagen Urban Area (and capital of Frederiksberg Municipality),https://en.wikipedia.org/wiki/Frederiksberg,wdq_box,2026-09-03
Bar,Q115276,42.1,19.1,64,missing,Stari Bar,6.2,2.7,68.6,coastal town in Montenegro,"https://en.wikipedia.org/wiki/Bar,_Montenegro",wdq_box,2026-09-03
Cachan,Q209005,48.79194,2.33194,57,missing,Paris (CDG),9.6,7.5,68.5,"commune in Val-de-Marne, France",https://en.wikipedia.org/wiki/Cachan,wdq_box,2026-09-03
Pré-Saint-Didier,Q35295,45.76389,6.98583,54,missing,Courmayeur,7.3,2.6,68.5,Italian municipality in the Aosta Valley,https://en.wikipedia.org/wiki/Pr%C3%A9-Saint-Didier,wdq_box,2026-09-03
Limone sul Garda,Q104973,45.81667,10.78333,64,missing,Malcesine,7.9,6.5,68.5,Italian comune,https://en.wikipedia.org/wiki/Limone_sul_Garda,wdq_box,2026-09-03
Villeurbanne,Q582,45.76606,4.87963,52,missing,Lyon,7.8,3.1,68.5,"osm place=town, pop 156928",,osm_pop,2026-09-03
Chatham,Q729006,51.38192,0.52656,49,missing,Rochester,7.6,1.6,68.5,"osm place=town, pop 76983",,osm_pop,2026-09-03
Eivissa,Q473914,38.91007,1.43045,47,missing,Ibiza,8.4,2.6,68.5,"osm place=town, pop 54403",,osm_pop,2026-09-03
Arzano,Q71628,40.91528,14.26806,56,missing,Naples,8.9,6.3,68.4,Italian comune,https://en.wikipedia.org/wiki/Arzano,wdq_box,2026-09-03
Meta,Q72265,40.64167,14.41667,55,missing,Sorrento,7.7,3.8,68.4,Italian comune in Campania,"https://en.wikipedia.org/wiki/Meta,_Campania",wdq_box,2026-09-03
Casamicciola Terme,Q71940,40.75,13.91667,55,member_of,Ischia,7.2,2.7,68.4,Italian comune,https://en.wikipedia.org/wiki/Casamicciola_Terme,wdq_box,2026-09-03
Casapulla,Q58547,41.08135,14.29151,51,missing,Caserta (Reggia),7.9,3.1,68.3,Italian comune,https://en.wikipedia.org/wiki/Casapulla,wdq_box,2026-09-03
Wałbrzych,Q110732,50.76667,16.28333,70,member_of,Szczawno-Zdrój,6.3,4.5,68.3,city in Poland,https://en.wikipedia.org/wiki/Wa%C5%82brzych,wdq_box,2026-09-03
Genzano di Roma,Q242683,41.70222,12.6925,63,missing,Castel Gandolfo,7.9,6.3,68.3,Italian comune,https://en.wikipedia.org/wiki/Genzano_di_Roma,wdq_box,2026-09-03
Taufers im Münstertal,Q504554,46.64561,10.46415,52,missing,Müstair,7.5,2.5,68.3,"municipality in South Tyrol, Italy",https://en.wikipedia.org/wiki/Taufers_im_M%C3%BCnstertal,wdq_box,2026-09-03
Bischheim,Q21570,48.61389,7.75194,53,missing,Strasbourg,8.3,4.5,68.2,"commune in Bas-Rhin, France","https://en.wikipedia.org/wiki/Bischheim,_Bas-Rhin",wdq_box,2026-09-03
Carpentras,Q202560,44.055,5.04806,66,missing,Pernes-les-Fontaines,7.6,6.4,68.2,"commune in Vaucluse, France",https://en.wikipedia.org/wiki/Carpentras,wdq_box,2026-09-03
La Teste-de-Buch,Q233133,44.63099,-1.14823,58,missing,Arcachon,6.8,2.7,68.1,"commune in Gironde, France",https://en.wikipedia.org/wiki/La_Teste-de-Buch,wdq_box,2026-09-03
Santa Cristina - Gherdëina,Q504253,46.55907,11.71549,52,missing,Ortisei (Val Gardena),8.1,3.8,68.1,"municipality in South Tyrol, Italy",https://en.wikipedia.org/wiki/Santa_Cristina_Gherd%C3%ABina,wdq_box,2026-09-03
Kirkwall,Q208329,58.98111,-2.96,56,member_of,Orkney (Kirkwall & Skara Brae),7.2,3.1,68.1,"town in Orkney Islands, Scotland, UK",https://en.wikipedia.org/wiki/Kirkwall,wdq_box,2026-09-03
San Gregorio Matese,Q58844,41.38333,14.36667,52,missing,Castello del Matese,7.3,2.1,68.1,Italian comune,https://en.wikipedia.org/wiki/San_Gregorio_Matese,wdq_box,2026-09-03
Induno Olona,Q40229,45.85,8.83333,53,missing,Varese,7.7,3.3,68.0,Italian comune,https://en.wikipedia.org/wiki/Induno_Olona,wdq_box,2026-09-03
Barolo,Q18356,44.61667,7.93333,54,member_of,Langhe (Barolo & Alba),7.4,3.0,67.9,Italian comune,"https://en.wikipedia.org/wiki/Barolo,_Piedmont",wdq_box,2026-09-03
Praiano,Q81355,40.61111,14.53333,53,member_of,Amalfi Coast,9.4,6.4,67.8,Italian comune,https://en.wikipedia.org/wiki/Praiano,wdq_box,2026-09-03
Sassnitz,Q494631,54.51639,13.64111,58,member_of,Rügen (Jasmund chalk cliffs),7.2,3.8,67.7,"town in Mecklenburg-Vorpommern, Germany",https://en.wikipedia.org/wiki/Sassnitz,wdq_box,2026-09-03
Châteauneuf-Grasse,Q324244,43.675,6.975,50,missing,Le Bar-sur-Loup,7.9,2.9,67.7,"commune in Alpes-Maritimes, France",https://en.wikipedia.org/wiki/Ch%C3%A2teauneuf-Grasse,wdq_box,2026-09-03
Étaples,Q273522,50.51778,1.64056,57,missing,Le Touquet-Paris-Plage,7.4,3.9,67.7,"French commune in Pas-de-Calais, Hauts-de-France",https://en.wikipedia.org/wiki/%C3%89taples,wdq_box,2026-09-03
L'Haÿ-les-Roses,Q128643,48.77917,2.33722,63,missing,Paris (CDG),9.6,8.8,67.6,"commune in Val-de-Marne, France",https://en.wikipedia.org/wiki/L%27Ha%C3%BF-les-Roses,wdq_box,2026-09-03
Riva del Garda,Q194136,45.88333,10.85,63,missing,Tenno,6.8,4.3,67.5,Italian comune,https://en.wikipedia.org/wiki/Riva_del_Garda,wdq_box,2026-09-03
San Zeno di Montagna,Q47471,45.63333,10.73333,50,member_of,Lake Garda,8.1,3.4,67.4,Italian comune,https://en.wikipedia.org/wiki/San_Zeno_di_Montagna,wdq_box,2026-09-03
Villeneuve-Loubet,Q320197,43.65806,7.12139,53,missing,Biot,7.9,3.9,67.4,"commune in Alpes-Maritimes, France",https://en.wikipedia.org/wiki/Villeneuve-Loubet,wdq_box,2026-09-03
Serralunga d'Alba,Q20495,44.61667,8.0,52,missing,Langhe (Barolo & Alba),7.4,2.5,67.4,Italian comune,https://en.wikipedia.org/wiki/Serralunga_d%27Alba,wdq_box,2026-09-03
Angri,Q80568,40.74306,14.56944,56,missing,Pompeii,9.3,7.1,67.4,Italian comune,https://en.wikipedia.org/wiki/Angri,wdq_box,2026-09-03
Nettuno,Q243116,41.46667,12.66667,64,missing,Anzio,6.6,4.1,67.3,Italian comune,https://en.wikipedia.org/wiki/Nettuno,wdq_box,2026-09-03
Barano d'Ischia,Q71838,40.71667,13.91667,53,member_of,Ischia,7.2,2.4,67.2,Italian comune,https://en.wikipedia.org/wiki/Barano_d%27Ischia,wdq_box,2026-09-03
Piedimonte Matese,Q58749,41.36686,14.39667,50,missing,Castello del Matese,7.3,1.6,67.2,Italian comune,https://en.wikipedia.org/wiki/Piedimonte_Matese,wdq_box,2026-09-03
Balan,Q722661,49.68889,4.96056,48,missing,Sedan,7.8,2.1,67.2,"commune in Ardennes, France","https://en.wikipedia.org/wiki/Balan,_Ardennes",wdq_box,2026-09-03
Munster,Q149419,48.04139,7.13417,58,missing,Soultzeren,7,3.4,67.2,"commune in Haut-Rhin, France","https://en.wikipedia.org/wiki/Munster,_Haut-Rhin",wdq_box,2026-09-03
Realmonte,Q432498,37.31028,13.46278,53,missing,Scala dei Turchi,7.2,2.4,67.1,Italian comune,https://en.wikipedia.org/wiki/Realmonte,wdq_box,2026-09-03
Chaville,Q494125,48.80861,2.18861,50,missing,Versailles,8.4,4.0,67.1,"commune in Hauts-de-Seine, France",https://en.wikipedia.org/wiki/Chaville,wdq_box,2026-09-03
Orio al Serio,Q101309,45.66929,9.69562,52,missing,Bergamo (Città Alta),7.8,3.5,67.0,Italian comune,https://en.wikipedia.org/wiki/Orio_al_Serio,wdq_box,2026-09-03
Poli,Q243168,41.88333,12.88333,54,missing,Castel San Pietro Romano,7.9,4.3,67.0,"comune in Lazio, Italy","https://en.wikipedia.org/wiki/Poli,_Lazio",wdq_box,2026-09-03
Monforte d'Alba,Q20191,44.58333,7.96667,53,member_of,Langhe (Barolo & Alba),7.4,3.0,66.8,Italian comune,https://en.wikipedia.org/wiki/Monforte_d%27Alba,wdq_box,2026-09-03
Valgioie,Q10331,45.08333,7.33333,54,missing,Sacra di San Michele,6.8,1.8,66.8,Italian comune,https://en.wikipedia.org/wiki/Valgioie,wdq_box,2026-09-03
La Seyne-sur-Mer,Q208866,43.10306,5.87833,56,member_of,Toulon,7.8,4.7,66.8,"commune in Var, France",https://en.wikipedia.org/wiki/La_Seyne-sur-Mer,wdq_box,2026-09-03
Chamalières,Q623487,45.77361,3.06694,48,missing,Clermont-Ferrand,7.6,1.7,66.8,"commune in Puy-de-Dôme, France",https://en.wikipedia.org/wiki/Chamali%C3%A8res,wdq_box,2026-09-03
Valderice,Q481906,38.05,12.61667,51,member_of,Erice,7.7,3.0,66.7,Italian comune,https://en.wikipedia.org/wiki/Valderice,wdq_box,2026-09-03
Sant'Ambrogio di Torino,Q10291,45.1,7.36667,54,missing,Sacra di San Michele,6.8,1.8,66.7,Italian comune,https://en.wikipedia.org/wiki/Sant%27Ambrogio_di_Torino,wdq_box,2026-09-03
Bastia Umbra,Q20126,43.06669,12.5489,57,missing,Assisi,8.2,5.8,66.6,Italian commune and town in Umbria,https://en.wikipedia.org/wiki/Bastia_Umbra,wdq_box,2026-09-03
Modolo,Q386395,40.27535,8.53002,63,missing,Bosa,6.5,3.7,66.6,Italian comune,https://en.wikipedia.org/wiki/Modolo,wdq_box,2026-09-03
Ciampino,Q242513,41.8,12.6,65,missing,Castel Gandolfo,7.9,7.0,66.6,Italian comune,https://en.wikipedia.org/wiki/Ciampino,wdq_box,2026-09-03
Châtillon,Q212947,48.80111,2.28861,57,missing,Paris (Beauvais),9.6,7.8,66.5,"commune in Hauts-de-Seine, France","https://en.wikipedia.org/wiki/Ch%C3%A2tillon,_Hauts-de-Seine",wdq_box,2026-09-03
Cap-d'Ail,Q274193,43.72111,7.40556,54,missing,Èze,7.5,3.6,66.5,"commune in Alpes-Maritimes, France",https://en.wikipedia.org/wiki/Cap-d%27Ail,wdq_box,2026-09-03
Temù,Q112084,46.24944,10.46889,54,missing,Ponte di Legno,7.4,3.4,66.5,Italian comune,https://en.wikipedia.org/wiki/Tem%C3%B9,wdq_box,2026-09-03
Bagnolet,Q208943,48.86882,2.41737,46,missing,Paris (CDG),9.6,4.9,66.5,"osm place=town, pop 39366",,osm_pop,2026-09-03
Schwyz,Q68155,47.02118,8.65356,71,missing,Stoos,6,4.4,66.5,"osm place=town, pop 14750",,osm_grid,2026-09-03
Barakaldo,Q487801,43.29722,-2.99167,65,missing,Bilbao,7.3,6.0,66.3,"city in Basque Country, Spain",https://en.wikipedia.org/wiki/Barakaldo,wdq_box,2026-09-03
Casola di Napoli,Q71972,40.69879,14.54036,51,missing,Castellammare di Stabia,8.4,4.5,66.3,Italian comune,https://en.wikipedia.org/wiki/Casola_di_Napoli,wdq_box,2026-09-03
Zagarolo,Q140255,41.83333,12.83333,57,missing,Castel San Pietro Romano,7.9,5.3,66.3,Italian comune,https://en.wikipedia.org/wiki/Zagarolo,wdq_box,2026-09-03
Albissola Marina,Q270497,44.32728,8.5031,51,missing,Savona,7.6,2.9,66.3,Italian comune,https://en.wikipedia.org/wiki/Albissola_Marina,wdq_box,2026-09-03
L'Abergement-Clémenciat,Q204388,46.15111,4.92111,66,missing,Châtillon-sur-Chalaronne,6.5,4.6,66.3,"commune in Ain, France",https://en.wikipedia.org/wiki/L%27Abergement-Cl%C3%A9menciat,wdq_box,2026-09-03
Lido,Q18503363,45.41646,12.37061,42,missing,Venice (Marco Polo),9.6,3.5,66.3,"osm place=town, pop 15719",,osm_pop,2026-09-03
Sant'Antonio Abate,Q72602,40.72181,14.5436,50,missing,Pompeii,9.3,5.8,66.2,Italian comune,https://en.wikipedia.org/wiki/Sant%27Antonio_Abate,wdq_box,2026-09-03
Brovello-Carpugnino,Q23268,45.84528,8.53361,52,missing,Lago Maggiore (Stresa),8.1,4.3,66.2,Italian comune,https://en.wikipedia.org/wiki/Brovello-Carpugnino,wdq_box,2026-09-03
Lambersart,Q244311,50.64944,3.02417,57,missing,Lille,7,3.4,66.2,"commune in Nord, France",https://en.wikipedia.org/wiki/Lambersart,wdq_box,2026-09-03
Pantin,Q209086,48.8965,2.40198,48,missing,Paris (CDG),9.6,5.6,66.2,"osm place=town, pop 60800",,osm_pop,2026-09-03
Fontenay-aux-Roses,Q269166,48.78917,2.28556,63,missing,Paris (Beauvais),9.6,9.1,66.1,"commune in Hauts-de-Seine, France",https://en.wikipedia.org/wiki/Fontenay-aux-Roses,wdq_box,2026-09-03
Saint-Laurent-du-Var,Q217755,43.67333,7.19,60,missing,Nice,8.4,6.9,66.0,"commune in Alpes-Maritimes, France",https://en.wikipedia.org/wiki/Saint-Laurent-du-Var,wdq_box,2026-09-03
La Madeleine,Q842003,50.65528,3.07028,56,missing,Lille,7,3.2,66.0,"commune in Nord, France","https://en.wikipedia.org/wiki/La_Madeleine,_Nord",wdq_box,2026-09-03
Beaurains,Q663119,50.26306,2.78861,51,missing,Achicourt,7.4,2.5,66.0,"commune in Pas-de-Calais, France",https://en.wikipedia.org/wiki/Beaurains,wdq_box,2026-09-03
Rovigliano,Q2491155,40.7377,14.47214,39,missing,Pompeii,9.3,1.8,66.0,"osm place=village, pop 8000",,osm_pop,2026-09-03
La Colle-sur-Loup,Q865745,43.68639,7.10389,48,missing,Saint-Paul-de-Vence,7.6,1.9,65.9,"commune in Alpes-Maritimes, France",https://en.wikipedia.org/wiki/La_Colle-sur-Loup,wdq_box,2026-09-03
Libourne,Q6544,44.91528,-0.24389,69,missing,Saint-Émilion,7.6,7.4,65.9,"commune in Gironde, France",https://en.wikipedia.org/wiki/Libourne,wdq_box,2026-09-03
Delfzijl,Q322986,53.33333,6.91667,60,missing,Appingedam,6.9,4.1,65.9,"city in Eemsdelta, Netherlands",https://en.wikipedia.org/wiki/Delfzijl,wdq_box,2026-09-03
Volla,Q72783,40.88333,14.33333,55,missing,Naples,8.9,6.6,65.8,Italian comune,"https://en.wikipedia.org/wiki/Volla,_Campania",wdq_box,2026-09-03
Gallodoro,Q490895,37.90167,15.29333,51,missing,Taormina,8.9,5.5,65.8,Italian comune,https://en.wikipedia.org/wiki/Gallodoro,wdq_box,2026-09-03
Vallauris,Q234205,43.57972,7.05333,60,member_of,Cannes,7.1,4.5,65.8,"commune in Alpes-Maritimes, France",https://en.wikipedia.org/wiki/Vallauris,wdq_box,2026-09-03
Laigueglia,Q270761,43.97451,8.15831,52,missing,Alassio,7.6,3.3,65.8,Italian comune,https://en.wikipedia.org/wiki/Laigueglia,wdq_box,2026-09-03
Remoulins,Q244486,43.93944,4.56389,44,missing,Pont du Gard,8.5,2.4,65.7,"commune in Gard, France",https://en.wikipedia.org/wiki/Remoulins,wdq_box,2026-09-03
Rocca di Cave,Q243220,41.85,12.95,54,missing,Castel San Pietro Romano,7.9,4.6,65.7,Italian comune,https://en.wikipedia.org/wiki/Rocca_di_Cave,wdq_box,2026-09-03
Cimbergo,Q104014,46.025,10.36667,46,missing,Capo di Ponte,7.9,1.9,65.7,Italian comune,https://en.wikipedia.org/wiki/Cimbergo,wdq_box,2026-09-03
Candelo,Q18040,45.54778,8.10694,62,missing,Biella,6.7,4.2,65.7,Italian comune,https://en.wikipedia.org/wiki/Candelo,wdq_box,2026-09-03
Magomadas,Q386295,40.2655,8.52078,64,missing,Bosa,6.5,4.2,65.6,Italian comune,https://en.wikipedia.org/wiki/Magomadas,wdq_box,2026-09-03
Perinaldo,Q269476,43.86693,7.67435,51,missing,Apricale,7.1,1.9,65.6,Italian comune,https://en.wikipedia.org/wiki/Perinaldo,wdq_box,2026-09-03
Villenave-d'Ornon,Q235733,44.77944,-0.56694,58,missing,Bordeaux,8.5,6.7,65.5,"commune in Gironde, France",https://en.wikipedia.org/wiki/Villenave-d%27Ornon,wdq_box,2026-09-03
Gargnano,Q104628,45.68333,10.66667,52,member_of,Lake Garda,8.1,4.5,65.5,Italian comune,https://en.wikipedia.org/wiki/Gargnano,wdq_box,2026-09-03
Numana,Q124456,43.5136,13.62157,55,missing,Sirolo (Monte Conero),6.7,2.2,65.5,Italian comune,https://en.wikipedia.org/wiki/Numana,wdq_box,2026-09-03
Gesturi,Q287535,39.73313,9.02033,61,missing,Su Nuraxi (Barumini),6.7,4.0,65.5,Italian comune,https://en.wikipedia.org/wiki/Gesturi,wdq_box,2026-09-03
Sesto Fiorentino,Q82865,43.83333,11.2,61,missing,Florence,9.1,8.2,65.4,Italian commune in Tuscany,https://en.wikipedia.org/wiki/Sesto_Fiorentino,wdq_box,2026-09-03
Mugnano di Napoli,Q72279,40.90936,14.20984,57,missing,Naples,8.9,7.1,65.4,Italian comune,https://en.wikipedia.org/wiki/Mugnano_di_Napoli,wdq_box,2026-09-03
Lanvallay,Q456814,48.45528,-2.02833,46,missing,Dinan,7.7,1.5,65.4,"commune in Côtes-d'Armor, France",https://en.wikipedia.org/wiki/Lanvallay,wdq_box,2026-09-03
Riva Ligure,Q269704,43.83748,7.88188,50,missing,Taggia,7.5,2.6,65.4,Italian comune,https://en.wikipedia.org/wiki/Riva_Ligure,wdq_box,2026-09-03
Marcianise,Q58706,41.03333,14.3,55,missing,Caserta (Reggia),7.9,5.0,65.3,Italian comune,https://en.wikipedia.org/wiki/Marcianise,wdq_box,2026-09-03
Purmerend,Q9954,52.505,4.96389,63,missing,Middenbeemster,7.4,6.0,65.2,"city in Purmerend, Netherlands",https://en.wikipedia.org/wiki/Purmerend,wdq_box,2026-09-03
Porto Azzurro,Q157837,42.76667,10.4,58,missing,Capoliveri,6.6,3.0,65.2,Italian comune,https://en.wikipedia.org/wiki/Porto_Azzurro,wdq_box,2026-09-03
Capranica,Q160253,42.25849,12.17278,54,missing,Sutri,7.5,3.9,65.2,Italian comune,"https://en.wikipedia.org/wiki/Capranica,_Lazio",wdq_box,2026-09-03
Reutlingen,Q3085,48.48333,9.21667,96,missing,Lichtenstein Castle,6.2,9.1,65.1,"city in Baden-Württemberg, Germany",https://en.wikipedia.org/wiki/Reutlingen,wdq_box,2026-09-03
Porto Ceresio,Q39216,45.9,8.9,54,missing,Morcote,6.8,2.3,65.1,Italian comune,https://en.wikipedia.org/wiki/Porto_Ceresio,wdq_box,2026-09-03
Forio,Q72114,40.73333,13.85,56,member_of,Ischia,7.2,3.9,65.1,Italian comune,https://en.wikipedia.org/wiki/Forio,wdq_box,2026-09-03
Tollegno,Q18175,45.58333,8.05,55,missing,Biella,6.7,2.3,65.1,Italian comune,https://en.wikipedia.org/wiki/Tollegno,wdq_box,2026-09-03
Colonno,Q244449,45.95778,9.15556,49,missing,Ossuccio,7.5,2.3,65.1,Italian comune,https://en.wikipedia.org/wiki/Colonno,wdq_box,2026-09-03
Kriens,Q14571,47.03415,8.2808,44,missing,Lucerne,8.6,2.8,65.1,"osm place=town, pop 25932",,osm_pop,2026-09-03
Favara,Q431544,37.31861,13.66306,56,missing,Agrigento (Valley of the Temples),8.9,7.0,65.0,Italian comune,"https://en.wikipedia.org/wiki/Favara,_Sicily",wdq_box,2026-09-03
Isolabona,Q269038,43.87944,7.6389,50,missing,Apricale,7.1,1.7,65.0,Italian comune,https://en.wikipedia.org/wiki/Isolabona,wdq_box,2026-09-03
Pisogne,Q111405,45.81083,10.10806,53,missing,Lovere,7.2,3.0,65.0,Italian comune,https://en.wikipedia.org/wiki/Pisogne,wdq_box,2026-09-03
Torre Boldone,Q101654,45.71667,9.7,50,missing,Bergamo (Città Alta),7.8,3.4,64.9,Italian comune,https://en.wikipedia.org/wiki/Torre_Boldone,wdq_box,2026-09-03
Bolzano Novarese,Q22095,45.7649,8.446,54,missing,Orta San Giulio,7.7,4.4,64.9,Italian comune in Novara,https://en.wikipedia.org/wiki/Bolzano_Novarese,wdq_box,2026-09-03
Avigliana,Q9008,45.07794,7.39839,63,missing,Sacra di San Michele,6.8,4.9,64.9,Italian comune,https://en.wikipedia.org/wiki/Avigliana,wdq_box,2026-09-03
Affile,Q239180,41.885,13.09611,57,missing,Subiaco,7.4,4.6,64.9,Italian comune,https://en.wikipedia.org/wiki/Affile,wdq_box,2026-09-03
Lesa,Q22479,45.83333,8.56667,57,missing,Lago Maggiore (Stresa),8.1,6.0,64.8,Italian comune,"https://en.wikipedia.org/wiki/Lesa,_Piedmont",wdq_box,2026-09-03
Leggiuno,Q40658,45.875,8.6217,59,missing,Lago Maggiore (Stresa),8.1,6.4,64.8,Italian comune,https://en.wikipedia.org/wiki/Leggiuno,wdq_box,2026-09-03
Madonna del Sasso,Q23611,45.8,8.36667,53,missing,Orta San Giulio,7.7,4.1,64.7,Italian comune,"https://en.wikipedia.org/wiki/Madonna_del_Sasso,_Piedmont",wdq_box,2026-09-03
Avola,Q489929,36.91667,15.13333,59,missing,Noto,8,6.3,64.6,Italian comune,https://en.wikipedia.org/wiki/Avola,wdq_box,2026-09-03
Pietrapertosa,Q52638,40.51667,16.06667,50,missing,Castelmezzano,7.3,2.3,64.6,Italian comune,https://en.wikipedia.org/wiki/Pietrapertosa,wdq_box,2026-09-03
Greenwich,Q179385,51.48,0.0,69,member_of,Bromley,8,8.3,64.6,"town in south-east London, England, UK",https://en.wikipedia.org/wiki/Greenwich,wdq_box,2026-09-03
Bagnaria Arsa,Q53223,45.88333,13.28333,52,missing,Palmanova,7.4,3.2,64.6,Italian comune,https://en.wikipedia.org/wiki/Bagnaria_Arsa,wdq_box,2026-09-03
Alphen aan den Rijn,Q213246,52.13333,4.65,57,missing,Gouwsluis,6.3,2.0,64.6,municipality in the Netherlands,https://en.wikipedia.org/wiki/Alphen_aan_den_Rijn,wdq_box,2026-09-03
Saint-Nicolas,Q65062,50.63167,5.53763,44,missing,Liège,8.2,2.1,64.5,"osm place=town, pop 24517",,osm_pop,2026-09-03
Clichy,Q201982,48.9026,2.30551,48,missing,Paris (CDG),9.6,6.0,64.5,"osm place=town, pop 64849",,osm_pop,2026-09-03
Melito di Napoli,Q72258,40.91667,14.23333,55,missing,Naples,8.9,6.8,64.4,Italian comune,https://en.wikipedia.org/wiki/Melito_di_Napoli,wdq_box,2026-09-03
La Morra,Q20109,44.63333,7.93333,54,member_of,Langhe (Barolo & Alba),7.4,3.9,64.4,Italian comune,https://en.wikipedia.org/wiki/La_Morra,wdq_box,2026-09-03
Guyancourt,Q237303,48.77056,2.07306,54,missing,Versailles,8.4,5.8,64.4,"commune in Yvelines, France",https://en.wikipedia.org/wiki/Guyancourt,wdq_box,2026-09-03
Nemi,Q243101,41.72185,12.71809,60,missing,Castel Gandolfo,7.9,6.4,64.4,Italian comune,https://en.wikipedia.org/wiki/Nemi,wdq_box,2026-09-03
Monselice,Q34602,45.23333,11.75,55,missing,Arquà Petrarca,7.6,4.6,64.4,Italian comune,https://en.wikipedia.org/wiki/Monselice,wdq_box,2026-09-03
Ameglia,Q269943,44.06726,9.95754,48,missing,Fiumaretta di Ameglia,7.9,3.0,64.4,Italian comune,https://en.wikipedia.org/wiki/Ameglia,wdq_box,2026-09-03
Riccò del Golfo di Spezia,Q270288,44.15306,9.76389,48,member_of,Cinque Terre,9,5.1,64.3,Italian comune,https://en.wikipedia.org/wiki/Ricc%C3%B2_del_Golfo_di_Spezia,wdq_box,2026-09-03
Marone,Q105168,45.73333,10.1,53,member_of,Monte Isola (Lake Iseo),6.8,2.1,64.3,Italian comune,https://en.wikipedia.org/wiki/Marone,wdq_box,2026-09-03
Caprie,Q9167,45.11885,7.33191,54,missing,Sacra di San Michele,6.8,2.5,64.3,Italian comune,https://en.wikipedia.org/wiki/Caprie,wdq_box,2026-09-03
Glaire,Q430926,49.71083,4.91472,46,missing,Sedan,7.8,2.1,64.3,"commune in Ardennes, France",https://en.wikipedia.org/wiki/Glaire,wdq_box,2026-09-03
Vélez-Málaga,Q492741,36.78214,-4.09925,61,missing,Torre del Mar,6.8,4.5,64.3,municipality of Spain,https://en.wikipedia.org/wiki/V%C3%A9lez-M%C3%A1laga,wdq_box,2026-09-03
Emmen,Q4225,47.07524,8.28395,45,missing,Lucerne,8.6,3.4,64.3,"osm place=town, pop 29721",,osm_pop,2026-09-03
Azzano San Paolo,Q95082,45.66056,9.67556,51,missing,Bergamo (Città Alta),7.8,3.9,64.2,Italian comune,https://en.wikipedia.org/wiki/Azzano_San_Paolo,wdq_box,2026-09-03
Condove,Q9318,45.11742,7.30945,57,missing,Sacra di San Michele,6.8,3.4,64.2,Italian comune,https://en.wikipedia.org/wiki/Condove,wdq_box,2026-09-03
Recale,Q58802,41.05,14.3,49,missing,Caserta (Reggia),7.9,3.4,64.2,Italian comune,https://en.wikipedia.org/wiki/Recale,wdq_box,2026-09-03
Ayamonte,Q736872,37.21357,-7.40312,53,member_of,Vila Real de Santo António,6.9,2.4,64.2,municipality of Spain,https://en.wikipedia.org/wiki/Ayamonte,wdq_box,2026-09-03
Levallois-Perret,Q166640,48.89296,2.28817,48,missing,Paris (CDG),9.6,6.1,64.2,"osm place=town, pop 68009",,osm_pop,2026-09-03
Lettere,Q72142,40.7,14.55,52,missing,Castellammare di Stabia,8.4,5.3,64.1,Italian comune,https://en.wikipedia.org/wiki/Lettere,wdq_box,2026-09-03
Gozzano,Q22462,45.75,8.43333,58,missing,Orta San Giulio,7.7,5.7,64.1,Italian comune,"https://en.wikipedia.org/wiki/Gozzano,_Piedmont",wdq_box,2026-09-03
Capodrise,Q58467,41.04455,14.30232,50,missing,Caserta (Reggia),7.9,3.8,64.1,Italian comune,https://en.wikipedia.org/wiki/Capodrise,wdq_box,2026-09-03
Stadtbergen,Q503300,48.36667,10.85,44,missing,Augsburg,8.9,3.6,64.1,municipality of Germany,https://en.wikipedia.org/wiki/Stadtbergen,wdq_box,2026-09-03
Castellucchio,Q42261,45.15,10.65,54,missing,Grazie,7.2,3.5,64.1,Italian comune,https://en.wikipedia.org/wiki/Castellucchio,wdq_box,2026-09-03
Sagunto,Q47483,39.68,-0.27833,66,missing,Canet d'En Berenguer,6.6,5.3,64.1,"municipality in Camp de Morvedre, Valencia Province, Spain",https://en.wikipedia.org/wiki/Sagunto,wdq_box,2026-09-03
Tramonti,Q81765,40.69426,14.63988,54,missing,Amalfi Coast,9.4,7.4,64.0,Italian comune,"https://en.wikipedia.org/wiki/Tramonti,_Campania",wdq_box,2026-09-03
Cusset,Q321502,46.13444,3.45639,56,missing,Vichy,6.5,2.4,64.0,"commune in Allier, France",https://en.wikipedia.org/wiki/Cusset,wdq_box,2026-09-03
Montigny-lès-Metz,Q22752,49.09972,6.15333,55,missing,Metz,6.8,2.9,64.0,"commune in Moselle, France",https://en.wikipedia.org/wiki/Montigny-l%C3%A8s-Metz,wdq_box,2026-09-03
Chatou,Q240752,48.89056,2.15694,59,missing,Louveciennes,7,4.5,64.0,"commune in Yvelines, France",https://en.wikipedia.org/wiki/Chatou,wdq_box,2026-09-03
Azzano d'Asti,Q17749,44.87444,8.26778,53,missing,Asti,8.4,5.6,64.0,Italian comune,https://en.wikipedia.org/wiki/Azzano_d%27Asti,wdq_box,2026-09-03
Recklinghausen,Q3050,51.61667,7.2,91,missing,Herne,6.3,8.8,64.0,"city in Recklinghausen District, in North Rhine-Westphalia, Germany",https://en.wikipedia.org/wiki/Recklinghausen,wdq_box,2026-09-03
Aubervilliers,Q205632,48.91461,2.38219,50,missing,Paris (CDG),9.6,6.7,64.0,"osm place=town, pop 90071",,osm_pop,2026-09-03
Le Chesnay-Rocquencourt,Q59326653,48.82984,2.12179,45,missing,Versailles,8.4,3.1,64.0,"osm place=town, pop 31057",,osm_pop,2026-09-03
Zaccanopoli,Q54751,38.66055,15.94478,52,missing,Tropea,8,4.6,63.9,Italian comune,https://en.wikipedia.org/wiki/Zaccanopoli,wdq_box,2026-09-03
Schenna,Q504293,46.69005,11.18656,53,missing,Merano,7.1,3.0,63.9,"municipality in South Tyrol, Italy",https://en.wikipedia.org/wiki/Schenna,wdq_box,2026-09-03
Arola,Q23219,45.80833,8.35778,55,missing,Orta San Giulio,7.7,4.9,63.9,Italian comune,https://en.wikipedia.org/wiki/Arola,wdq_box,2026-09-03
Chianciano Terme,Q91168,43.06667,11.83333,62,missing,Montepulciano,7,5.3,63.9,Italian comune,https://en.wikipedia.org/wiki/Chianciano_Terme,wdq_box,2026-09-03
Alfortville,Q233909,48.7975,2.42417,58,missing,Paris (Beauvais),9.6,8.6,63.7,"French commune in Val-de-Marne, Île-de-France",https://en.wikipedia.org/wiki/Alfortville,wdq_box,2026-09-03
Ronciglione,Q177695,42.28944,12.21472,56,missing,Sutri,7.5,4.8,63.7,Italian comune,https://en.wikipedia.org/wiki/Ronciglione,wdq_box,2026-09-03
Καλαμπάκα,Q940330,39.70702,21.62794,39,missing,Meteora,8.9,1.6,63.7,"osm place=town, pop 8330",,osm_pop,2026-09-03
Wengen BE,Q589968,46.60556,7.92139,40,missing,Lauterbrunnen,8.7,1.7,63.6,"village in the municipality of Lauterbrunnen in the canton of Bern, Switzerland",https://en.wikipedia.org/wiki/Wengen,wdq_box,2026-09-03
Lezzeno,Q47388,45.95,9.2,49,missing,Ossuccio,7.5,2.7,63.6,Italian comune,https://en.wikipedia.org/wiki/Lezzeno,wdq_box,2026-09-03
Vélizy-Villacoublay,Q387447,48.78333,2.18833,49,missing,Versailles,8.4,4.6,63.6,"commune in Yvelines, France",https://en.wikipedia.org/wiki/V%C3%A9lizy-Villacoublay,wdq_box,2026-09-03
Deiva Marina,Q270151,44.21667,9.51667,48,missing,Moneglia,7.9,3.2,63.6,Italian comune,https://en.wikipedia.org/wiki/Deiva_Marina,wdq_box,2026-09-03
San Quirico d'Orcia,Q91430,43.06667,11.6,59,missing,Pienza,7.9,6.4,63.5,Italian comune,https://en.wikipedia.org/wiki/San_Quirico_d%27Orcia,wdq_box,2026-09-03
Capranica Prenestina,Q241990,41.86667,12.95,54,missing,Castel San Pietro Romano,7.9,5.1,63.5,Italian comune,https://en.wikipedia.org/wiki/Capranica_Prenestina,wdq_box,2026-09-03
Gazzada Schianno,Q40786,45.78104,8.83218,53,missing,Varese,7.7,4.4,63.5,Italian comune,https://en.wikipedia.org/wiki/Gazzada_Schianno,wdq_box,2026-09-03
Daigny,Q650753,49.70278,4.99194,50,missing,Sedan,7.8,3.7,63.5,"commune in Ardennes, France",https://en.wikipedia.org/wiki/Daigny,wdq_box,2026-09-03
Arnad,Q34760,45.6443,7.7222,56,missing,Bard,7.2,4.3,63.4,Italian municipality in the Aosta Valley,https://en.wikipedia.org/wiki/Arnad,wdq_box,2026-09-03
Pontboset,Q35283,45.60761,7.68638,57,missing,Bard,7.2,4.6,63.4,Italian municipality in the Aosta Valley,https://en.wikipedia.org/wiki/Pontboset,wdq_box,2026-09-03
Cospicua,Q757225,35.88222,14.52222,42,member_of,Malta,8.4,2.0,63.3,city in Malta,https://en.wikipedia.org/wiki/Cospicua,wdq_box,2026-09-03
Ostwald,Q21354,48.55111,7.71361,47,missing,Strasbourg,8.3,3.8,63.3,"commune in Bas-Rhin, France","https://en.wikipedia.org/wiki/Ostwald,_Bas-Rhin",wdq_box,2026-09-03
Montignoso,Q52236,44.01667,10.16667,57,missing,Marina di Massa,7.4,5.0,63.3,"municipality in the Province of Massa and Carrara, Tuscany, Italy",https://en.wikipedia.org/wiki/Montignoso,wdq_box,2026-09-03
Castellaro,Q260657,43.86436,7.86881,48,missing,Taggia,7.5,2.4,63.3,Italian comune,https://en.wikipedia.org/wiki/Castellaro,wdq_box,2026-09-03
Malnate,Q41062,45.8,8.88333,55,missing,Varese,7.7,5.1,63.3,Italian comune,https://en.wikipedia.org/wiki/Malnate,wdq_box,2026-09-03
Uccle,Q203312,50.80361,4.33389,56,missing,Brussels,7.5,5.0,63.2,"municipality in the Brussels-Capital Region, Belgium",https://en.wikipedia.org/wiki/Uccle,wdq_box,2026-09-03
Mont-Saint-Aignan,Q1055925,49.4625,1.08722,50,missing,Rouen,7.1,2.2,63.2,"commune in Seine-Maritime, France",https://en.wikipedia.org/wiki/Mont-Saint-Aignan,wdq_box,2026-09-03
Blagnac,Q271068,43.63556,1.39,57,missing,Toulouse,6.7,3.5,63.1,"commune in Haute-Garonne, France",https://en.wikipedia.org/wiki/Blagnac,wdq_box,2026-09-03
Campo nell'Elba,Q157708,42.75,10.23333,56,member_of,Elba (Portoferraio),7.4,4.8,63.1,Italian comune,https://en.wikipedia.org/wiki/Campo_nell%27Elba,wdq_box,2026-09-03
Bossico,Q99980,45.8275,10.04472,50,missing,Lovere,7.2,2.5,63.1,Italian comune,https://en.wikipedia.org/wiki/Bossico,wdq_box,2026-09-03
Camas,Q752127,37.40201,-6.03316,47,missing,Seville,8.6,4.4,63.0,municipality of Spain,"https://en.wikipedia.org/wiki/Camas,_Seville",wdq_box,2026-09-03
Setzu,Q288302,39.7225,8.93842,62,missing,Su Nuraxi (Barumini),6.7,4.8,63.0,Italian comune,https://en.wikipedia.org/wiki/Setzu,wdq_box,2026-09-03
Casarza Ligure,Q267157,44.27472,9.45342,53,missing,Moneglia,7.9,5.0,63.0,Italian comune,https://en.wikipedia.org/wiki/Casarza_Ligure,wdq_box,2026-09-03
Oliveto Lario,Q42221,45.95,9.26667,48,missing,Lake Como,9.1,5.6,62.9,Italian comune,https://en.wikipedia.org/wiki/Oliveto_Lario,wdq_box,2026-09-03
Porano,Q10888,42.68724,12.10213,51,missing,Orvieto,7.5,3.5,62.9,"town in the region Umbria, in Italy",https://en.wikipedia.org/wiki/Porano,wdq_box,2026-09-03
Santa Maria Capua Vetere,Q58894,41.08333,14.25,59,missing,Caserta (Reggia),7.9,6.5,62.9,Italian comune,https://en.wikipedia.org/wiki/Santa_Maria_Capua_Vetere,wdq_box,2026-09-03
Stenico,Q323892,46.05,10.85,49,missing,Ponte Arche,7.3,2.4,62.9,Italian comune,https://en.wikipedia.org/wiki/Stenico,wdq_box,2026-09-03
Lido di Ostia,Q11171297,41.7326,12.27846,49,missing,Lido di Castel Fusano,7.9,3.8,62.9,"osm place=town, pop 79400",,osm_pop,2026-09-03
Carouge,Q69364,46.18467,6.13968,53,missing,Geneva,6.6,2.0,62.9,"osm place=town, pop 20910",,osm_grid,2026-09-03
North Nicosia,Q2762100,35.19,33.36361,61,missing,Nicosia,5.7,2.0,62.8,capital of Northern Cyprus,https://en.wikipedia.org/wiki/North_Nicosia,wdq_box,2026-09-03
Canterano,Q241931,41.94051,13.03714,55,missing,Subiaco,7.4,4.6,62.8,Italian comune,https://en.wikipedia.org/wiki/Canterano,wdq_box,2026-09-03
Sainte-Catherine,Q380271,50.30722,2.76306,52,missing,Achicourt,7.4,3.7,62.8,"commune in Pas-de-Calais, France","https://en.wikipedia.org/wiki/Sainte-Catherine,_Pas-de-Calais",wdq_box,2026-09-03
Maisons-Alfort,Q208314,48.80583,2.43778,57,missing,Paris (CDG),9.6,8.5,62.7,"commune in Val-de-Marne, France",https://en.wikipedia.org/wiki/Maisons-Alfort,wdq_box,2026-09-03
Zoagli,Q218027,44.33697,9.26709,55,member_of,Santa Margherita Ligure,7.3,4.4,62.7,Italian comune,https://en.wikipedia.org/wiki/Zoagli,wdq_box,2026-09-03
Bennwihr,Q274710,48.14361,7.32528,47,missing,Riquewihr,8,3.3,62.7,"commune in Haut-Rhin, France",https://en.wikipedia.org/wiki/Bennwihr,wdq_box,2026-09-03
Ermoupolis,Q210087,37.4395,24.9381,52,member_of,Syros (Ermoupoli),6.7,2.0,62.7,"town on the island of Syros, in the Cyclades, Greece",https://en.wikipedia.org/wiki/Ermoupoli,wdq_box,2026-09-03
Poggiomarino,Q72356,40.8,14.55,55,missing,Pompeii,9.3,7.7,62.7,Italian comune in the Province of Naples,https://en.wikipedia.org/wiki/Poggiomarino,wdq_box,2026-09-03
Seborga,Q269808,43.82604,7.69384,63,missing,Bordighera,6.9,5.6,62.7,Italian comune,https://en.wikipedia.org/wiki/Seborga,wdq_box,2026-09-03
Costa Volpino,Q100423,45.83056,10.09917,51,missing,Lovere,7.2,2.9,62.7,Italian comune,https://en.wikipedia.org/wiki/Costa_Volpino,wdq_box,2026-09-03
Saint-Ouen-sur-Seine,Q208889,48.91173,2.33427,47,missing,Paris (CDG),9.6,6.1,62.7,"osm place=town, pop 53207",,osm_pop,2026-09-03
Pignone,Q270242,44.17901,9.72411,49,member_of,Cinque Terre,9,5.8,62.6,Italian comune,https://en.wikipedia.org/wiki/Pignone,wdq_box,2026-09-03
Turckheim,Q157729,48.08639,7.28056,54,missing,Eguisheim,7.8,5.1,62.6,"commune in Haut-Rhin, France",https://en.wikipedia.org/wiki/Turckheim,wdq_box,2026-09-03
Mondaino,Q111824,43.8559,12.67148,47,missing,Montegridolfo,7.2,1.5,62.6,Italian comune,https://en.wikipedia.org/wiki/Mondaino,wdq_box,2026-09-03
Bernardswiller,Q21247,48.45333,7.46444,48,missing,Obernai,7.1,1.6,62.6,"commune in Bas-Rhin, France",https://en.wikipedia.org/wiki/Bernardswiller,wdq_box,2026-09-03
Saint-Ghislain,Q668950,50.44775,3.81952,44,missing,Hornu,7.8,1.8,62.6,"osm place=town, pop 22969",,osm_pop,2026-09-03
San Marco Evangelista,Q58849,41.03333,14.33333,51,missing,Caserta (Reggia),7.9,4.5,62.5,Italian comune,https://en.wikipedia.org/wiki/San_Marco_Evangelista,wdq_box,2026-09-03
Camden Town,Q149836,51.53925,-0.14276,44,missing,London (Stansted),8.7,3.7,62.5,"osm place=town, pop 24538",,osm_pop,2026-09-03
Arcola,Q269947,44.11455,9.90586,51,missing,Lerici,7.8,4.3,62.4,Italian commune in Liguria,"https://en.wikipedia.org/wiki/Arcola,_Liguria",wdq_box,2026-09-03
Curti,Q58581,41.07616,14.28039,49,missing,Caserta (Reggia),7.9,3.9,62.4,Italian comune,"https://en.wikipedia.org/wiki/Curti,_Campania",wdq_box,2026-09-03
Suni,Q388786,40.28084,8.5502,63,missing,Bosa,6.5,4.8,62.4,Italian comune,"https://en.wikipedia.org/wiki/Suni,_Sardinia",wdq_box,2026-09-03
Braone,Q103635,45.98944,10.34278,51,missing,Capo di Ponte,7.9,4.5,62.4,Italian comune,https://en.wikipedia.org/wiki/Braone,wdq_box,2026-09-03
Calenzano,Q82635,43.85667,11.16361,57,missing,Prato,7.8,6.0,62.4,Italian comune,https://en.wikipedia.org/wiki/Calenzano,wdq_box,2026-09-03
Oświęcim,Q7342,50.03824,19.22141,46,missing,Auschwitz / Wieliczka,7.4,1.7,62.4,"osm place=town, pop 36956",,osm_pop,2026-09-03
Rijswijk,Q506745,52.04556,4.33,54,missing,Delft,7.3,4.2,62.3,"city and municipality in South Holland, Netherlands",https://en.wikipedia.org/wiki/Rijswijk,wdq_box,2026-09-03
Mons-en-Barœul,Q841686,50.64194,3.10778,55,missing,Lille,7,3.8,62.3,"commune in Nord, France",https://en.wikipedia.org/wiki/Mons-en-Bar%C5%93ul,wdq_box,2026-09-03
Saint-Doulchard,Q1141347,47.09972,2.37278,43,missing,Bourges,8.4,2.8,62.3,"commune in Cher, France",https://en.wikipedia.org/wiki/Saint-Doulchard,wdq_box,2026-09-03
Occhieppo Inferiore,Q18092,45.551,8.0221,55,missing,Biella,6.7,3.1,62.3,Italian comune,https://en.wikipedia.org/wiki/Occhieppo_Inferiore,wdq_box,2026-09-03
Pescia,Q102661,43.90171,10.68978,63,missing,Montecatini-Terme,7.6,7.0,62.3,Italian comune,https://en.wikipedia.org/wiki/Pescia,wdq_box,2026-09-03
Visco,Q53399,45.9,13.35,50,missing,Palmanova,7.4,3.2,62.3,Italian comune,"https://en.wikipedia.org/wiki/Visco,_Friuli_Venezia_Giulia",wdq_box,2026-09-03
Les Lilas,Q256004,48.87957,2.4158,44,missing,Paris (CDG),9.6,5.2,62.3,"osm place=town, pop 23469",,osm_pop,2026-09-03
Portorož,Q564988,45.51417,13.59083,47,missing,Piran,7.5,2.4,62.2,seaside town in Slovenia,https://en.wikipedia.org/wiki/Portoro%C5%BE,wdq_box,2026-09-03
Avegno,Q266580,44.38233,9.15865,51,member_of,Camogli,7.5,3.7,62.2,Italian comune,"https://en.wikipedia.org/wiki/Avegno,_Liguria",wdq_box,2026-09-03
Άργος,Q189901,37.63333,22.72917,77,missing,Nafplio,7.9,9.8,62.2,"city in Argolis, Peloponnese, Greece","https://en.wikipedia.org/wiki/Argos,_Peloponnese",wdq_box,2026-09-03
Bougival,Q399342,48.865,2.13944,49,missing,Louveciennes,7,1.9,62.2,"commune in Yvelines, France",https://en.wikipedia.org/wiki/Bougival,wdq_box,2026-09-03
Buguggiate,Q40172,45.786,8.805,51,missing,Varese,7.7,4.1,62.2,Italian comune,https://en.wikipedia.org/wiki/Buguggiate,wdq_box,2026-09-03
Sinio,Q20498,44.6,8.01667,52,missing,Langhe (Barolo & Alba),7.4,3.9,62.1,Italian comune,https://en.wikipedia.org/wiki/Sinio,wdq_box,2026-09-03
Arcisate,Q39489,45.85527,8.86758,54,missing,Varese,7.7,5.1,62.1,Italian comune,https://en.wikipedia.org/wiki/Arcisate,wdq_box,2026-09-03
San Vendemiano,Q47006,45.89139,12.33889,49,missing,Conegliano,7.4,2.9,62.1,Italian comune,https://en.wikipedia.org/wiki/San_Vendemiano,wdq_box,2026-09-03
Uzzano,Q102791,43.88882,10.70885,55,missing,Montecatini-Terme,7.6,5.1,62.1,Italian comune,https://en.wikipedia.org/wiki/Uzzano,wdq_box,2026-09-03
Saint-Mandé,Q18102,48.84324,2.41597,43,missing,Paris (CDG),9.6,5.0,62.1,"osm place=town, pop 21195",,osm_pop,2026-09-03
Loos,Q274325,50.61222,3.01361,54,missing,Lille,7,3.6,62.0,"commune in Nord, France","https://en.wikipedia.org/wiki/Loos,_Nord",wdq_box,2026-09-03
Predore,Q101474,45.68333,10.01667,67,member_of,Monte Isola (Lake Iseo),6.8,6.4,62.0,Italian comune,https://en.wikipedia.org/wiki/Predore,wdq_box,2026-09-03
Pianico,Q101379,45.81056,10.04389,48,missing,Lovere,7.2,2.1,62.0,Italian comune,https://en.wikipedia.org/wiki/Pianico,wdq_box,2026-09-03
Gentilly,Q640102,48.81333,2.34444,43,missing,Paris (Beauvais),9.6,5.0,61.9,"commune in Val-de-Marne, France","https://en.wikipedia.org/wiki/Gentilly,_Val-de-Marne",wdq_box,2026-09-03
Lingolsheim,Q21388,48.5575,7.68306,51,missing,Strasbourg,8.3,5.4,61.9,"commune in Bas-Rhin, France",https://en.wikipedia.org/wiki/Lingolsheim,wdq_box,2026-09-03
Marnes-la-Coquette,Q636993,48.83028,2.17722,47,missing,Versailles,8.4,4.3,61.9,"commune in Hauts-de-Seine, France",https://en.wikipedia.org/wiki/Marnes-la-Coquette,wdq_box,2026-09-03
Misano Adriatico,Q111818,43.96667,12.7,53,missing,Riccione,7.8,5.0,61.9,Italian comune,https://en.wikipedia.org/wiki/Misano_Adriatico,wdq_box,2026-09-03
Ans,Q499594,50.65287,5.54061,44,missing,Liège,8.2,2.8,61.9,"osm place=town, pop 27813",,osm_pop,2026-09-03
San Juan de Aznalfarache,Q1611693,37.35972,-6.02778,50,missing,Seville,8.6,5.6,61.8,"Municipality in the province of Seville, Spain",https://en.wikipedia.org/wiki/San_Juan_de_Aznalfarache,wdq_box,2026-09-03
Żabbar,Q39518,35.87722,14.53806,44,member_of,Malta,8.4,3.3,61.8,city in Malta,https://en.wikipedia.org/wiki/%C5%BBabbar,wdq_box,2026-09-03
Huétor Vega,Q575653,37.14528,-3.56944,44,missing,Granada,9,4.4,61.8,municipality of Spain,https://en.wikipedia.org/wiki/Hu%C3%A9tor_Vega,wdq_box,2026-09-03
Le Petit-Quevilly,Q268362,49.43056,1.05278,51,missing,Rouen,7.1,2.9,61.8,"commune in Seine-Maritime, France",https://en.wikipedia.org/wiki/Le_Petit-Quevilly,wdq_box,2026-09-03
Pellizzano,Q144801,46.3097,10.75963,49,member_of,Ossana,6.9,1.7,61.8,Italian comune,https://en.wikipedia.org/wiki/Pellizzano,wdq_box,2026-09-03
Domus de Maria,Q283882,38.94356,8.86288,61,member_of,Chia,6.4,4.2,61.8,Italian comune,https://en.wikipedia.org/wiki/Domus_de_Maria,wdq_box,2026-09-03
Castiglione Chiavarese,Q267168,44.27451,9.51364,50,missing,Moneglia,7.9,4.3,61.8,Italian comune,https://en.wikipedia.org/wiki/Castiglione_Chiavarese,wdq_box,2026-09-03
San Martino Valle Caudina,Q55092,41.0266,14.6654,51,missing,Montesarchio,7.8,4.5,61.8,Italian comune,https://en.wikipedia.org/wiki/San_Martino_Valle_Caudina,wdq_box,2026-09-03
Curno,Q100654,45.69111,9.6125,51,missing,Bergamo (Città Alta),7.8,4.5,61.7,Italian comune,https://en.wikipedia.org/wiki/Curno,wdq_box,2026-09-03
Mozzo,Q101264,45.69868,9.60865,52,missing,Bergamo (Città Alta),7.8,4.8,61.7,Italian comune,https://en.wikipedia.org/wiki/Mozzo,wdq_box,2026-09-03
Flussio,Q385675,40.26712,8.53921,63,missing,Bosa,6.5,4.9,61.7,Italian comune,https://en.wikipedia.org/wiki/Flussio,wdq_box,2026-09-03
Gabicce Mare,Q206966,43.96684,12.75626,50,missing,Gradara,7.4,3.3,61.7,comune of Italy,https://en.wikipedia.org/wiki/Gabicce_Mare,wdq_box,2026-09-03
Andora,Q270508,43.95856,8.13946,56,missing,Alassio,7.6,5.5,61.7,Italian comune,https://en.wikipedia.org/wiki/Andora,wdq_box,2026-09-03
Mongiuffi Melia,Q490919,37.9034,15.27542,49,missing,Taormina,8.9,5.9,61.6,Italian comune,https://en.wikipedia.org/wiki/Mongiuffi_Melia,wdq_box,2026-09-03
Abano Terme,Q34603,45.3619,11.7924,64,missing,Padua,8.1,8.1,61.6,Italian municipality,https://en.wikipedia.org/wiki/Abano_Terme,wdq_box,2026-09-03
Grindavík,Q472822,63.84128,-22.43711,57,missing,Blue Lagoon,6.9,4.3,61.6,town in Iceland,https://en.wikipedia.org/wiki/Grindav%C3%ADk,wdq_box,2026-09-03
Sainte-Adresse,Q604222,49.50639,0.08333,44,missing,Le Havre,7.9,2.3,61.6,"commune in Seine-Maritime, France",https://en.wikipedia.org/wiki/Sainte-Adresse,wdq_box,2026-09-03
Massarosa,Q217489,43.86667,10.33333,57,missing,Viareggio,8.1,6.7,61.6,Italian comune,https://en.wikipedia.org/wiki/Massarosa,wdq_box,2026-09-03
Santo Stefano al Mare,Q269788,43.83723,7.89931,51,missing,Taggia,7.5,3.9,61.6,Italian comune,https://en.wikipedia.org/wiki/Santo_Stefano_al_Mare,wdq_box,2026-09-03
Le Pré-Saint-Gervais,Q175999,48.88306,2.40401,42,missing,Paris (CDG),9.6,4.7,61.6,"osm place=town, pop 16865",,osm_pop,2026-09-03
Selargius,Q145856,39.25366,9.16062,63,missing,Cagliari,6.7,5.4,61.5,Italian comune,https://en.wikipedia.org/wiki/Selargius,wdq_box,2026-09-03
Buscemi,Q489870,37.08333,14.86667,54,missing,Palazzolo Acreide,7.2,4.2,61.5,Italian comune,https://en.wikipedia.org/wiki/Buscemi,wdq_box,2026-09-03
Este,Q34607,45.23333,11.66667,57,missing,Arquà Petrarca,7.6,5.8,61.5,Italian comune,"https://en.wikipedia.org/wiki/Este,_Veneto",wdq_box,2026-09-03
Bloemendaal,Q9908,52.4028,4.6281,49,missing,Haarlem,7,2.1,61.4,municipality in the Netherlands,https://en.wikipedia.org/wiki/Bloemendaal,wdq_box,2026-09-03
Torrelavega,Q494693,43.35056,-4.04917,60,member_of,Santillana del Mar,7.6,6.5,61.4,"town and municipality in Cantabria, northern Spain",https://en.wikipedia.org/wiki/Torrelavega,wdq_box,2026-09-03
Le Grand-Quevilly,Q655572,49.40639,1.05222,57,missing,Rouen,7.1,4.8,61.4,"commune in Seine-Maritime, France",https://en.wikipedia.org/wiki/Le_Grand-Quevilly,wdq_box,2026-09-03
Campitello di Fassa,Q257783,46.47617,11.74152,53,missing,Canazei (Val di Fassa),6.6,2.4,61.4,Italian comune,https://en.wikipedia.org/wiki/Campitello_di_Fassa,wdq_box,2026-09-03
Macerata Campania,Q58690,41.06667,14.26667,52,missing,Caserta (Reggia),7.9,5.1,61.4,Italian comune,https://en.wikipedia.org/wiki/Macerata_Campania,wdq_box,2026-09-03
Portico di Caserta,Q58772,41.05,14.28333,50,missing,Caserta (Reggia),7.9,4.4,61.4,Italian comune,https://en.wikipedia.org/wiki/Portico_di_Caserta,wdq_box,2026-09-03
Gennep,Q9800,51.6942,5.9733,50,missing,Heijen,6.9,2.2,61.4,"municipality in Limburg, the Netherlands",https://en.wikipedia.org/wiki/Gennep,wdq_box,2026-09-03
Narón,Q23993972,43.5011,-8.19231,45,missing,Ferrol,8.4,3.8,61.4,"osm place=town, pop 33297",,osm_pop,2026-09-03
Tergu,Q391549,40.86472,8.7125,63,missing,Castelsardo,6.5,5.0,61.3,Italian comune,https://en.wikipedia.org/wiki/Tergu,wdq_box,2026-09-03
Heppenheim,Q524407,49.64153,8.645,55,missing,Lorsch,7.8,5.7,61.3,"seat of Kreis Bergstraße and town in Hesse, Germany",https://en.wikipedia.org/wiki/Heppenheim,wdq_box,2026-09-03
Bischoffsheim,Q22764,48.48694,7.48944,50,missing,Obernai,7.1,2.7,61.3,"commune in Bas-Rhin, France",https://en.wikipedia.org/wiki/Bischoffsheim,wdq_box,2026-09-03
Mosta,Q39520,35.9,14.43333,46,member_of,Mdina,7.9,3.1,61.2,city in Malta,https://en.wikipedia.org/wiki/Mosta,wdq_box,2026-09-03
Gaggi,Q492985,37.86014,15.22153,50,missing,Taormina,8.9,6.2,61.2,Italian comune,"https://en.wikipedia.org/wiki/Gaggi,_Sicily",wdq_box,2026-09-03
Opio,Q850534,43.66833,6.98167,47,missing,Le Bar-sur-Loup,7.9,3.5,61.2,"commune in Alpes-Maritimes, France","https://en.wikipedia.org/wiki/Opio,_Alpes-Maritimes",wdq_box,2026-09-03
Mongardino,Q17829,44.84806,8.215,52,missing,Asti,8.4,6.0,61.2,Italian comune,https://en.wikipedia.org/wiki/Mongardino,wdq_box,2026-09-03
Neuilly-sur-Seine,Q48958,48.88468,2.26957,48,missing,Paris (CDG),9.6,6.7,61.2,"osm place=town, pop 59267",,osm_pop,2026-09-03
Pachino,Q253989,36.71667,15.1,58,missing,Marzamemi,6.1,2.7,61.1,Italian comune,https://en.wikipedia.org/wiki/Pachino,wdq_box,2026-09-03
Cave,Q177726,41.81667,12.93333,50,missing,Castel San Pietro Romano,7.9,4.5,61.1,comune in Italy,"https://en.wikipedia.org/wiki/Cave,_Lazio",wdq_box,2026-09-03
Baone,Q34421,45.25,11.68333,49,missing,Arquà Petrarca,7.6,3.6,61.1,Italian comune,https://en.wikipedia.org/wiki/Baone,wdq_box,2026-09-03
Pompeiana,Q269534,43.85332,7.88864,48,missing,Taggia,7.5,3.0,61.1,Italian comune,https://en.wikipedia.org/wiki/Pompeiana,wdq_box,2026-09-03
Revigliasco d'Asti,Q17849,44.85861,8.16139,52,missing,Asti,8.4,6.0,61.1,Italian comune,https://en.wikipedia.org/wiki/Revigliasco_d%27Asti,wdq_box,2026-09-03
Luvinate,Q40727,45.83333,8.76667,52,missing,Varese,7.7,4.7,61.1,Italian comune,https://en.wikipedia.org/wiki/Luvinate,wdq_box,2026-09-03
Santa Maria la Longa,Q53361,45.93361,13.29,50,missing,Palmanova,7.4,3.5,61.1,Italian comune,https://en.wikipedia.org/wiki/Santa_Maria_la_Longa,wdq_box,2026-09-03
Sant Adrià de Besòs,Q15471,41.43048,2.21828,46,missing,Barcelona,9.5,6.0,61.1,"osm place=town, pop 38980",,osm_pop,2026-09-03
Novello,Q20268,44.58333,7.93333,52,missing,Langhe (Barolo & Alba),7.4,4.1,61.0,Italian comune,"https://en.wikipedia.org/wiki/Novello,_Piedmont",wdq_box,2026-09-03
Wijdemeren,Q9975,52.23,5.12,48,missing,Hilversum,7.9,3.9,61.0,municipality in the Netherlands,https://en.wikipedia.org/wiki/Wijdemeren,wdq_box,2026-09-03
Vandœuvre-lès-Nancy,Q320308,48.65611,6.1675,52,missing,Nancy,7.5,4.4,61.0,"commune in Meurthe-et-Moselle, France",https://en.wikipedia.org/wiki/Vand%C5%93uvre-l%C3%A8s-Nancy,wdq_box,2026-09-03
Pogno,Q22566,45.75944,8.38333,54,missing,Orta San Giulio,7.7,5.3,61.0,Italian comune,https://en.wikipedia.org/wiki/Pogno,wdq_box,2026-09-03
Cerveno,Q103891,46.00333,10.32667,46,missing,Capo di Ponte,7.9,3.2,61.0,Italian comune,https://en.wikipedia.org/wiki/Cerveno,wdq_box,2026-09-03
Lettopalena,Q51246,42.0,14.16667,50,missing,Palena,7.2,3.1,61.0,Italian comune,https://en.wikipedia.org/wiki/Lettopalena,wdq_box,2026-09-03
Gauchy,Q1021455,49.82528,3.28556,45,missing,Saint-Quentin,7.8,2.6,61.0,"commune in Aisne, France",https://en.wikipedia.org/wiki/Gauchy,wdq_box,2026-09-03
Armilla,Q24011413,37.14312,-3.62773,44,missing,Granada,9,4.6,61.0,"osm place=town, pop 25259",,osm_pop,2026-09-03
Plesio,Q47419,46.04944,9.22556,48,missing,Lake Como,9.1,6.1,60.9,Italian comune,https://en.wikipedia.org/wiki/Plesio,wdq_box,2026-09-03
Capannori,Q216881,43.87556,10.57361,57,missing,Lucca,8.1,6.8,60.9,Italian comune,https://en.wikipedia.org/wiki/Capannori,wdq_box,2026-09-03
Albisola Superiore,Q270492,44.3395,8.51013,51,missing,Savona,7.6,4.3,60.9,Italian comune,https://en.wikipedia.org/wiki/Albisola_Superiore,wdq_box,2026-09-03
Massa e Cozzile,Q102623,43.91667,10.75,51,missing,Montecatini-Terme,7.6,4.3,60.9,Italian comune,https://en.wikipedia.org/wiki/Massa_e_Cozzile,wdq_box,2026-09-03
Villar Dora,Q10354,45.11667,7.38333,55,missing,Sacra di San Michele,6.8,3.8,60.8,Italian comune,https://en.wikipedia.org/wiki/Villar_Dora,wdq_box,2026-09-03
Rouvroy,Q1062183,49.85472,3.31833,44,missing,Saint-Quentin,7.8,2.3,60.8,"commune in Aisne, France","https://en.wikipedia.org/wiki/Rouvroy,_Aisne",wdq_box,2026-09-03
Köniz,Q64058,46.92224,7.41306,46,missing,Bern,8.2,3.9,60.8,"osm place=town, pop 39794",,osm_pop,2026-09-03
Haarlemmermeer,Q9924,52.3008,4.6653,68,missing,Aalsmeerderbrug,6.6,6.5,60.7,Dutch municipality; former lake pumped dry in 1850 (thus 'ships hollow' for Schi,https://en.wikipedia.org/wiki/Haarlemmermeer,wdq_box,2026-09-03
Besano,Q40810,45.88714,8.90256,54,missing,Morcote,6.8,3.5,60.7,Italian comune,https://en.wikipedia.org/wiki/Besano,wdq_box,2026-09-03
Avon,Q791277,48.40889,2.725,43,missing,Fontainebleau,7.7,1.7,60.7,"commune in Seine-et-Marne, France","https://en.wikipedia.org/wiki/Avon,_Seine-et-Marne",wdq_box,2026-09-03
Cervinara,Q55026,41.02139,14.61528,52,missing,Montesarchio,7.8,5.0,60.7,Italian comune,https://en.wikipedia.org/wiki/Cervinara,wdq_box,2026-09-03
Bazeilles,Q124052546,49.67722,4.97639,48,missing,Sedan,7.8,3.8,60.7,"commune in Ardennes, France (2024-)",https://en.wikipedia.org/wiki/Bazeilles,wdq_box,2026-09-03
Wimbledon,Q736742,51.4235,-0.2171,55,missing,Kingston upon Thames,7.7,5.7,60.6,suburb of London,"https://en.wikipedia.org/wiki/Wimbledon,_London",wdq_box,2026-09-03
Sainte-Agnès,Q155413,43.78917,7.46917,48,missing,Menton,7.4,2.9,60.6,"commune in Alpes-Maritimes, France","https://en.wikipedia.org/wiki/Sainte-Agn%C3%A8s,_Alpes-Maritimes",wdq_box,2026-09-03
Colle di Val d'Elsa,Q91192,43.4225,11.12667,63,missing,San Gimignano,8.3,8.4,60.6,Italian comune,https://en.wikipedia.org/wiki/Colle_di_Val_d%27Elsa,wdq_box,2026-09-03
Vado Ligure,Q271350,44.26917,8.43607,55,missing,Savona,7.6,5.5,60.6,Italian comune,https://en.wikipedia.org/wiki/Vado_Ligure,wdq_box,2026-09-03
Pont-Saint-Martin,Q35279,45.6,7.8,54,missing,Bard,7.2,4.4,60.6,Italian municipality in the Aosta Valley,"https://en.wikipedia.org/wiki/Pont-Saint-Martin,_Aosta_Valley",wdq_box,2026-09-03
Soest,Q10041,52.18333,5.28333,50,missing,Baarn,7.2,3.2,60.6,municipality in the Netherlands,"https://en.wikipedia.org/wiki/Soest,_Netherlands",wdq_box,2026-09-03
Zgorzelec,Q147929,51.1477,15.0079,45,missing,Görlitz,7.3,1.6,60.6,"osm place=town, pop 29313",,osm_pop,2026-09-03
Lormont,Q235300,44.88014,-0.52311,52,missing,Bordeaux,8.5,6.3,60.5,"commune in Gironde, France",https://en.wikipedia.org/wiki/Lormont,wdq_box,2026-09-03
Castelnaud-la-Chapelle,Q457785,44.815,1.14861,47,missing,La Roque-Gageac,7.6,3.1,60.5,"commune in Dordogne, France",https://en.wikipedia.org/wiki/Castelnaud-la-Chapelle,wdq_box,2026-09-03
Breña Alta,Q433958,28.66152,-17.7851,44,member_of,La Palma,7.5,1.7,60.4,municipality of Spain,https://en.wikipedia.org/wiki/Bre%C3%B1a_Alta,wdq_box,2026-09-03
Monserrato,Q284342,39.25685,9.13874,58,missing,Cagliari,6.7,4.5,60.4,Italian comune,https://en.wikipedia.org/wiki/Monserrato,wdq_box,2026-09-03
Galzignano Terme,Q34447,45.30798,11.73134,51,missing,Arquà Petrarca,7.6,4.4,60.4,Italian comune,https://en.wikipedia.org/wiki/Galzignano_Terme,wdq_box,2026-09-03
Cernay,Q274589,47.80667,7.17583,51,missing,Wattwiller,7.1,3.3,60.4,"commune in Haut-Rhin, France","https://en.wikipedia.org/wiki/Cernay,_Haut-Rhin",wdq_box,2026-09-03
Perdifumo,Q81283,40.28103,15.00528,48,missing,Castellabate,7.9,4.1,60.4,Italian comune,https://en.wikipedia.org/wiki/Perdifumo,wdq_box,2026-09-03
Katerini,Q210470,40.2711,22.5084,73,missing,Paralía,6.6,7.5,60.4,"city in Macedonia, Greece","https://en.wikipedia.org/wiki/Katerini,_Greece",wdq_box,2026-09-03
Viroflay,Q83432,48.7996,2.17306,42,missing,Versailles,8.4,2.9,60.4,"osm place=town, pop 16960",,osm_pop,2026-09-03
Koekelberg,Q219244,50.86056,4.33167,45,missing,Brussels,7.5,2.1,60.3,"municipality in the Brussels-Capital Region, Belgium",https://en.wikipedia.org/wiki/Koekelberg,wdq_box,2026-09-03
Vallecrosia al mare,Q269892,43.79309,7.64387,49,missing,Bordighera,6.9,2.2,60.3,Italian comune,https://en.wikipedia.org/wiki/Vallecrosia_al_Mare,wdq_box,2026-09-03
Asnières-sur-Seine,Q191415,48.91059,2.28905,50,missing,Paris (CDG),9.6,7.4,60.3,"osm place=town, pop 89662",,osm_pop,2026-09-03
Tyresö,Q21667397,59.23904,18.30735,46,missing,Raksta,7.3,2.0,60.3,"osm place=town, pop 39437",,osm_pop,2026-09-03
Sori,Q266630,44.37269,9.10423,53,missing,Camogli,7.5,4.8,60.2,Italian comune,"https://en.wikipedia.org/wiki/Sori,_Liguria",wdq_box,2026-09-03
Marling,Q427354,46.65563,11.14053,48,missing,Merano,7.1,2.3,60.2,"municipality in South Tyrol, Italy","https://en.wikipedia.org/wiki/Marling,_South_Tyrol",wdq_box,2026-09-03
La Baule-Escoublac,Q213481,47.28583,-2.39222,59,missing,Guérande,6.5,4.3,60.1,"commune in Loire-Atlantique, France",https://en.wikipedia.org/wiki/La_Baule-Escoublac,wdq_box,2026-09-03
Agropoli,Q80544,40.3469,14.99655,63,missing,Castellabate,7.9,7.9,60.1,Italian comune,https://en.wikipedia.org/wiki/Agropoli,wdq_box,2026-09-03
Terranuova Bracciolini,Q52104,43.55306,11.58944,55,missing,Loro Ciuffenna,7.3,5.0,60.1,Italian comune,https://en.wikipedia.org/wiki/Terranuova_Bracciolini,wdq_box,2026-09-03
Baneins,Q210902,46.11,4.90167,59,missing,Châtillon-sur-Chalaronne,6.5,4.3,60.1,"commune in Ain, France",https://en.wikipedia.org/wiki/Baneins,wdq_box,2026-09-03
Casciago,Q39508,45.83273,8.77117,50,missing,Varese,7.7,4.4,60.1,Italian comune,https://en.wikipedia.org/wiki/Casciago,wdq_box,2026-09-03
Salt,Q13444,41.97417,2.79499,45,member_of,Girona,7.7,2.7,60.1,"osm place=town, pop 34585",,osm_pop,2026-09-03
Eckbolsheim,Q21347,48.57889,7.68972,47,missing,Strasbourg,8.3,4.6,60.0,"commune in Bas-Rhin, France",https://en.wikipedia.org/wiki/Eckbolsheim,wdq_box,2026-09-03
Brusimpiano,Q40553,45.95,8.88333,57,missing,Morcote,6.8,4.5,60.0,Italian comune,https://en.wikipedia.org/wiki/Brusimpiano,wdq_box,2026-09-03
Tinnura,Q389275,40.26906,8.54818,63,missing,Bosa,6.5,5.3,60.0,Italian comune,https://en.wikipedia.org/wiki/Tinnura,wdq_box,2026-09-03
La Valette-du-Var,Q321128,43.13722,5.9825,50,member_of,Toulon,7.8,4.6,60.0,"commune in Var, France",https://en.wikipedia.org/wiki/La_Valette-du-Var,wdq_box,2026-09-03
Ortonovo,Q270220,44.08909,10.05398,49,missing,Carrara,7.5,3.7,60.0,"osm place=village, pop 306",,osm_grid,2026-09-03
Casalmaggiore,Q42139,44.98583,10.41472,54,missing,Sabbioneta,7.9,6.0,59.9,"comune in Lombardy, Italy",https://en.wikipedia.org/wiki/Casalmaggiore,wdq_box,2026-09-03
Westerveld,Q747920,52.7667,6.2333,48,missing,Darp,7,2.2,59.9,"municipality in Drenthe, the Netherlands",https://en.wikipedia.org/wiki/Westerveld,wdq_box,2026-09-03
Tremosine sul Garda,Q112127,45.77108,10.76077,47,missing,Malcesine,7.9,3.9,59.9,osm place=village,,osm_grid,2026-09-03
Prievidza,Q208750,48.77139,18.62417,58,missing,Bojnice,6.2,3.4,59.8,town in Slovakia,https://en.wikipedia.org/wiki/Prievidza,wdq_box,2026-09-03
Sotteville-lès-Rouen,Q317082,49.40861,1.08917,52,missing,Rouen,7.1,3.8,59.8,"commune in Seine-Maritime, France",https://en.wikipedia.org/wiki/Sotteville-l%C3%A8s-Rouen,wdq_box,2026-09-03
Prags,Q375618,46.72035,12.13288,52,member_of,Lago di Braies,7.5,4.7,59.8,"municipality in South Tyrol, Italy",https://en.wikipedia.org/wiki/Prags,wdq_box,2026-09-03
Bevagna,Q20144,42.93388,12.60906,56,missing,Montefalco,7.5,5.8,59.8,Italian comune,https://en.wikipedia.org/wiki/Bevagna,wdq_box,2026-09-03
Vaucresson,Q638656,48.8425,2.15278,46,missing,Versailles,8.4,4.5,59.8,"commune in Hauts-de-Seine, France",https://en.wikipedia.org/wiki/Vaucresson,wdq_box,2026-09-03
Arco,Q138473,45.91667,10.88333,55,missing,Tenno,6.8,4.0,59.8,Italian comune,"https://en.wikipedia.org/wiki/Arco,_Trentino",wdq_box,2026-09-03
Glarus,Q63912,47.04221,9.0674,77,missing,Klöntalersee,5.9,6.8,59.8,"osm place=town, pop 5500",,osm_grid,2026-09-03
Castilleja de la Cuesta,Q841589,37.38639,-6.05167,50,missing,Seville,8.6,6.1,59.7,municipality of Spain,https://en.wikipedia.org/wiki/Castilleja_de_la_Cuesta,wdq_box,2026-09-03
Weil am Rhein,Q61909,47.59472,7.61083,62,missing,Basel,6.3,4.7,59.7,municipality in Germany,https://en.wikipedia.org/wiki/Weil_am_Rhein,wdq_box,2026-09-03
Saint-Louis,Q384516,47.58528,7.565,59,missing,Basel,6.3,3.9,59.7,"commune in Haut-Rhin, France","https://en.wikipedia.org/wiki/Saint-Louis,_Haut-Rhin",wdq_box,2026-09-03
Asquins,Q680380,47.48056,3.755,44,missing,Vézelay,7.4,1.7,59.7,"commune in Yonne, France",https://en.wikipedia.org/wiki/Asquins,wdq_box,2026-09-03
Terzorio,Q269827,43.8529,7.8981,49,missing,Taggia,7.5,3.8,59.7,Italian comune,https://en.wikipedia.org/wiki/Terzorio,wdq_box,2026-09-03
Saludecio,Q111900,43.87278,12.66861,47,missing,Montegridolfo,7.2,2.4,59.7,Italian comune,https://en.wikipedia.org/wiki/Saludecio,wdq_box,2026-09-03
Boussu,Q95126,50.43313,3.79609,43,missing,Hornu,7.8,2.2,59.7,"osm place=town, pop 19942",,osm_pop,2026-09-03
La Trinité,Q383475,43.74083,7.31417,50,missing,Èze,7.5,4.1,59.6,"French commune in Alpes-Maritimes, Provence-Alpes-Côte d'Azur","https://en.wikipedia.org/wiki/La_Trinit%C3%A9,_Alpes-Maritimes",wdq_box,2026-09-03
Saint-André-de-la-Roche,Q746896,43.74,7.28778,47,missing,Nice,8.4,4.9,59.6,"commune in Alpes-Maritimes, France",https://en.wikipedia.org/wiki/Saint-Andr%C3%A9-de-la-Roche,wdq_box,2026-09-03
Heemstede,Q9928,52.3528,4.62,54,missing,Haarlem,7,4.2,59.6,"town and municipality in North Holland, the Netherlands",https://en.wikipedia.org/wiki/Heemstede,wdq_box,2026-09-03
Belgirate,Q23247,45.84443,8.57785,50,missing,Lago Maggiore (Stresa),8.1,5.3,59.6,Italian comune,https://en.wikipedia.org/wiki/Belgirate,wdq_box,2026-09-03
Fourques,Q244645,43.69306,4.61056,41,missing,Arles,8.2,2.3,59.6,"commune in Gard, France","https://en.wikipedia.org/wiki/Fourques,_Gard",wdq_box,2026-09-03
Faramans,Q652898,45.90194,5.12556,53,missing,Pérouges,6.9,3.7,59.6,"commune in Ain, France","https://en.wikipedia.org/wiki/Faramans,_Ain",wdq_box,2026-09-03
Maddaloni,Q58693,41.03333,14.38333,56,missing,Caserta (Reggia),7.9,6.5,59.6,Italian comune,https://en.wikipedia.org/wiki/Maddaloni,wdq_box,2026-09-03
Salford,Q47952,53.48278,-2.29306,58,missing,Manchester,6,2.9,59.5,"city in Greater Manchester, England, UK",https://en.wikipedia.org/wiki/Salford,wdq_box,2026-09-03
Tscherms,Q377608,46.63462,11.14656,52,missing,Merano,7.1,3.9,59.5,"municipality in South Tyrol, Italy",https://en.wikipedia.org/wiki/Tscherms,wdq_box,2026-09-03
San Giuliano Terme,Q103239,43.7625,10.44139,60,missing,Pisa,7.1,6.0,59.4,Italian comune,https://en.wikipedia.org/wiki/San_Giuliano_Terme,wdq_box,2026-09-03
Castillon-du-Gard,Q322714,43.97,4.55472,41,missing,Pont du Gard,8.5,3.0,59.4,"commune in Gard, France",https://en.wikipedia.org/wiki/Castillon-du-Gard,wdq_box,2026-09-03
Saint-Cyr-l'École,Q112683,48.80028,2.0625,48,missing,Versailles,8.4,5.3,59.4,"commune in Yvelines, France",https://en.wikipedia.org/wiki/Saint-Cyr-l%27%C3%89cole,wdq_box,2026-09-03
Gaglianico,Q18069,45.53243,8.08177,55,missing,Biella,6.7,3.9,59.4,Italian comune,https://en.wikipedia.org/wiki/Gaglianico,wdq_box,2026-09-03
Pralungo,Q18149,45.59215,8.03792,54,missing,Biella,6.7,3.6,59.4,Italian comune,https://en.wikipedia.org/wiki/Pralungo,wdq_box,2026-09-03
Taranta Peligna,Q51299,42.01667,14.16667,53,missing,Palena,7.2,4.4,59.4,Italian comune,https://en.wikipedia.org/wiki/Taranta_Peligna,wdq_box,2026-09-03
Donchery,Q378559,49.69639,4.87444,50,missing,Sedan,7.8,4.8,59.4,"commune in Ardennes, France",https://en.wikipedia.org/wiki/Donchery,wdq_box,2026-09-03
Cinisello Balsamo,Q43007,45.55,9.21667,78,missing,Milan (Linate),7.2,9.4,59.3,Italian comune,https://en.wikipedia.org/wiki/Cinisello_Balsamo,wdq_box,2026-09-03
Albignasego,Q34596,45.35,11.86667,54,missing,Padua,8.1,6.4,59.3,Italian comune,https://en.wikipedia.org/wiki/Albignasego,wdq_box,2026-09-03
Mougins,Q220673,43.6,6.99472,58,member_of,Cannes,7.1,5.6,59.3,French commune in Alpes-Maritimes,https://en.wikipedia.org/wiki/Mougins,wdq_box,2026-09-03
Tresnuraghes,Q389304,40.25289,8.52076,63,missing,Bosa,6.5,5.5,59.3,Italian comune,https://en.wikipedia.org/wiki/Tresnuraghes,wdq_box,2026-09-03
Beblenheim,Q317154,48.15833,7.32722,42,missing,Riquewihr,8,2.4,59.2,"commune in Haut-Rhin, France",https://en.wikipedia.org/wiki/Beblenheim,wdq_box,2026-09-03
Cedegolo,Q103874,46.0775,10.35056,51,missing,Capo di Ponte,7.9,5.3,59.2,Italian comune,https://en.wikipedia.org/wiki/Cedegolo,wdq_box,2026-09-03
Serravalle Pistoiese,Q102780,43.9,10.83333,53,missing,Montecatini-Terme,7.6,5.3,59.2,Italian comune,https://en.wikipedia.org/wiki/Serravalle_Pistoiese,wdq_box,2026-09-03
Chiclana de la Frontera,Q277302,36.41667,-6.15,61,missing,San Fernando,8,7.9,59.2,"municipality of the province of Cádiz, Andalusia, Spain",https://en.wikipedia.org/wiki/Chiclana_de_la_Frontera,wdq_box,2026-09-03
Floing,Q1086451,49.72194,4.93028,43,missing,Sedan,7.8,2.3,59.2,"commune in Ardennes, France","https://en.wikipedia.org/wiki/Floing,_Ardennes",wdq_box,2026-09-03
Benešov,Q470394,49.7817,14.68702,53,missing,Konopiště,6.2,2.0,59.2,town in the Czech Republic,https://en.wikipedia.org/wiki/Bene%C5%A1ov,wdq_box,2026-09-03
Bruges,Q327025,44.88278,-0.6125,48,missing,Bordeaux,8.5,5.5,59.1,"French commune in Gironde, New Aquitaine","https://en.wikipedia.org/wiki/Bruges,_Gironde",wdq_box,2026-09-03
Mandelieu-la-Napoule,Q239317,43.54556,6.9375,55,member_of,Théoule-sur-Mer,6.8,4.2,59.1,"commune in Alpes-Maritimes, France",https://en.wikipedia.org/wiki/Mandelieu-la-Napoule,wdq_box,2026-09-03
Marcq-en-Barœul,Q271649,50.67028,3.09639,58,missing,Lille,7,5.4,59.1,"commune in Nord, France",https://en.wikipedia.org/wiki/Marcq-en-Bar%C5%93ul,wdq_box,2026-09-03
Hattem,Q58797,52.47444,6.06972,51,missing,Zwolle,7.5,4.6,59.1,"city and municipality in Gelderland, the Netherlands",https://en.wikipedia.org/wiki/Hattem,wdq_box,2026-09-03
Creixomil,Q529035,41.44285,-8.31181,40,missing,Guimaraes,8.1,1.8,59.1,"osm place=village, pop 9641",,osm_pop,2026-09-03
Qormi,Q39578,35.87944,14.47222,45,member_of,Malta,8.4,4.4,59.0,"city in Southern Region, Malta",https://en.wikipedia.org/wiki/Qormi,wdq_box,2026-09-03
Cesara,Q23305,45.83333,8.36667,53,missing,Orta San Giulio,7.7,5.6,59.0,"comune in Verbania, Italy",https://en.wikipedia.org/wiki/Cesara,wdq_box,2026-09-03
Montemurlo,Q20389,43.92778,11.04,58,missing,Prato,7.8,7.0,59.0,Italian comune,https://en.wikipedia.org/wiki/Montemurlo,wdq_box,2026-09-03
Zeist,Q10056,52.08333,5.23333,55,missing,Soesterberg,7.3,5.3,59.0,municipality in the Dutch province of Utrecht,https://en.wikipedia.org/wiki/Zeist_(municipality),wdq_box,2026-09-03
Wettolsheim,Q635229,48.05694,7.29944,41,missing,Eguisheim,7.8,1.6,58.9,"commune in Haut-Rhin, France",https://en.wikipedia.org/wiki/Wettolsheim,wdq_box,2026-09-03
Cájar,Q554805,37.13389,-3.56972,45,missing,Granada,9,5.5,58.9,municipality of Spain,https://en.wikipedia.org/wiki/C%C3%A1jar,wdq_box,2026-09-03
Aubagne,Q184047,43.29083,5.57083,71,missing,Cassis,7.3,8.6,58.9,"French commune in Bouches-du-Rhône, Provence-Alpes-Côte d'Azur",https://en.wikipedia.org/wiki/Aubagne,wdq_box,2026-09-03
Argelès-sur-Mer,Q644728,42.54611,3.02389,51,missing,Collioure,7.8,5.2,58.9,"commune in Pyrénées-Orientales, France",https://en.wikipedia.org/wiki/Argel%C3%A8s-sur-Mer,wdq_box,2026-09-03
Treviolo,Q101690,45.67278,9.61556,50,missing,Bergamo (Città Alta),7.8,4.9,58.9,Italian comune,https://en.wikipedia.org/wiki/Treviolo,wdq_box,2026-09-03
Saint-Éloi,Q674534,45.93306,5.15222,51,missing,Pérouges,6.9,3.3,58.9,"commune in Ain, France","https://en.wikipedia.org/wiki/Saint-%C3%89loi,_Ain",wdq_box,2026-09-03
Arradon,Q476672,47.62556,-2.82333,46,missing,Île-aux-Moines,7.8,3.6,58.9,"commune in Morbihan, France",https://en.wikipedia.org/wiki/Arradon,wdq_box,2026-09-03
Cinto Euganeo,Q34466,45.28333,11.66667,50,missing,Arquà Petrarca,7.6,4.5,58.9,Italian comune,https://en.wikipedia.org/wiki/Cinto_Euganeo,wdq_box,2026-09-03
Ceto,Q103908,46.00333,10.35278,44,missing,Capo di Ponte,7.9,3.1,58.9,Italian comune,"https://en.wikipedia.org/wiki/Ceto,_Lombardy",wdq_box,2026-09-03
Casalvecchio Siculo,Q491830,37.9575,15.32194,51,missing,Savoca,6.3,1.7,58.9,Italian comune,https://en.wikipedia.org/wiki/Casalvecchio_Siculo,wdq_box,2026-09-03
Calatabiano,Q478246,37.82278,15.22778,49,missing,Taormina,8.9,6.5,58.8,Italian comune,https://en.wikipedia.org/wiki/Calatabiano,wdq_box,2026-09-03
Laren,Q9945,52.25444,5.23167,50,missing,Hilversum,7.9,5.1,58.8,"town and municipality in North Holland, Netherlands","https://en.wikipedia.org/wiki/Laren,_North_Holland",wdq_box,2026-09-03
Pietra Ligure,Q271152,44.14875,8.28282,59,missing,Finale Ligure (Finalborgo),6.7,5.1,58.8,Italian comune,https://en.wikipedia.org/wiki/Pietra_Ligure,wdq_box,2026-09-03
Arcinazzo Romano,Q241725,41.88333,13.11667,54,missing,Subiaco,7.4,5.3,58.8,Italian comune,https://en.wikipedia.org/wiki/Arcinazzo_Romano,wdq_box,2026-09-03
Saint-Nicolas,Q876147,50.30278,2.77722,48,missing,Achicourt,7.4,3.5,58.8,"commune in Pas-de-Calais, France","https://en.wikipedia.org/wiki/Saint-Nicolas,_Pas-de-Calais",wdq_box,2026-09-03
Merksem,Q2543761,51.24389,4.43972,47,missing,Antwerp,7.7,3.8,58.8,"osm place=town, pop 48104",,osm_pop,2026-09-03
Joué-lès-Tours,Q269364,47.35056,0.66167,52,missing,Loire Valley (Tours),7.6,5.1,58.7,"French commune in Indre-et-Loire, Centre-Val de Loire",https://en.wikipedia.org/wiki/Jou%C3%A9-l%C3%A8s-Tours,wdq_box,2026-09-03
Jun,Q1751788,37.22056,-3.59444,43,missing,Granada,9,4.8,58.7,"municipality in the province of Granada, Spain","https://en.wikipedia.org/wiki/Jun,_Granada",wdq_box,2026-09-03
Vaals,Q9768,50.76944,6.01806,51,missing,Aachen,7.5,4.7,58.7,municipality in the Netherlands,https://en.wikipedia.org/wiki/Vaals,wdq_box,2026-09-03
Roddino,Q20426,44.58333,8.01667,52,missing,Langhe (Barolo & Alba),7.4,4.7,58.7,Italian comune,https://en.wikipedia.org/wiki/Roddino,wdq_box,2026-09-03
Zarautz,Q147774,43.28632,-2.1748,51,missing,Getaria,6.8,3.1,58.7,municipality of Spain,https://en.wikipedia.org/wiki/Zarautz,wdq_box,2026-09-03
Steinseltz,Q21483,49.01056,7.93111,47,missing,Wissembourg,7.4,3.1,58.7,"commune in Bas-Rhin, France",https://en.wikipedia.org/wiki/Steinseltz,wdq_box,2026-09-03
Commessaggio,Q42340,45.03333,10.55,54,missing,Sabbioneta,7.9,6.2,58.7,Italian comune,https://en.wikipedia.org/wiki/Commessaggio,wdq_box,2026-09-03
Alcobendas,Q487679,40.53333,-3.63333,69,missing,Madrid,8.5,14.2,58.6,town of Spain in the Madrid metropolitan area,https://en.wikipedia.org/wiki/Alcobendas,wdq_box,2026-09-03
Landsmeer,Q9942,52.4293,4.9136,47,missing,Amsterdam,9.2,6.4,58.6,municipality in the Netherlands,https://en.wikipedia.org/wiki/Landsmeer,wdq_box,2026-09-03
Bene Lario,Q244101,46.03333,9.18333,49,missing,Lake Como,9.1,6.9,58.6,Italian comune,https://en.wikipedia.org/wiki/Bene_Lario,wdq_box,2026-09-03
Alzano Lombardo,Q95066,45.73167,9.72833,54,missing,Bergamo (Città Alta),7.8,6.1,58.6,Italian comune,https://en.wikipedia.org/wiki/Alzano_Lombardo,wdq_box,2026-09-03
Waalwijk,Q745038,51.68333,5.06667,52,missing,Efteling (Kaatsheuvel),7,3.9,58.6,municipality in the Netherlands,https://en.wikipedia.org/wiki/Waalwijk,wdq_box,2026-09-03
Boara Pisani,Q34361,45.1077,11.78255,49,missing,Rovigo,7.6,4.3,58.6,Italian comune,https://en.wikipedia.org/wiki/Boara_Pisani,wdq_box,2026-09-03
Kallithea,Q478518,37.95,23.7,44,missing,Athens,8.5,4.4,58.5,"suburb of Athens, Greece",https://en.wikipedia.org/wiki/Kallithea,wdq_box,2026-09-03
Castellar,Q328398,43.80361,7.49667,47,missing,Menton,7.4,3.2,58.5,"commune in Alpes-Maritimes, France","https://en.wikipedia.org/wiki/Castellar,_Alpes-Maritimes",wdq_box,2026-09-03
Laveno-Mombello,Q39550,45.90888,8.62036,55,missing,Lago Maggiore (Stresa),8.1,6.9,58.5,Italian comune,https://en.wikipedia.org/wiki/Laveno-Mombello,wdq_box,2026-09-03
Rivarolo del Re ed Uniti,Q42468,45.03116,10.47253,46,missing,Sabbioneta,7.9,3.9,58.5,Italian comune,https://en.wikipedia.org/wiki/Rivarolo_del_Re_ed_Uniti,wdq_box,2026-09-03
Losine,Q105054,45.98417,10.31694,51,missing,Capo di Ponte,7.9,5.5,58.5,Italian comune,https://en.wikipedia.org/wiki/Losine,wdq_box,2026-09-03
Campli,Q51426,42.72613,13.68609,53,missing,Civitella del Tronto,7.5,5.3,58.5,Italian comune,https://en.wikipedia.org/wiki/Campli,wdq_box,2026-09-03
Cantello,Q39493,45.81965,8.89467,52,missing,Varese,7.7,5.4,58.5,comune in Italy,https://en.wikipedia.org/wiki/Cantello,wdq_box,2026-09-03
Dobrota,Q1008132,42.45624,18.76696,39,member_of,Kotor,9.1,3.5,58.5,"osm place=town, pop 8169",,osm_pop,2026-09-03
Il-Fgura,Q44388,35.87283,14.5208,41,missing,Malta,8.4,3.0,58.5,"osm place=town, pop 11670",,osm_pop,2026-09-03
Argostoli,Q643695,38.17389,20.48833,40,member_of,Kefalonia,7.9,1.5,58.4,"town on Kefalonia island, Greece",https://en.wikipedia.org/wiki/Argostoli,wdq_box,2026-09-03
Fermignano,Q190623,43.67662,12.64504,50,missing,Urbino,8.1,5.6,58.4,comune of Italy,https://en.wikipedia.org/wiki/Fermignano,wdq_box,2026-09-03
Lallio,Q101187,45.66611,9.63139,48,missing,Bergamo (Città Alta),7.8,4.4,58.4,Italian comune,https://en.wikipedia.org/wiki/Lallio,wdq_box,2026-09-03
Castel Madama,Q242114,41.97472,12.86722,52,missing,Tivoli,8,6.0,58.4,Italian comune,https://en.wikipedia.org/wiki/Castel_Madama,wdq_box,2026-09-03
Castel Morrone,Q58550,41.11667,14.35,50,missing,Caserta (Reggia),7.9,5.2,58.4,Italian comune,https://en.wikipedia.org/wiki/Castel_Morrone,wdq_box,2026-09-03
Terzo d'Aquileia,Q53380,45.8,13.33333,50,missing,Aquileia,7.5,4.4,58.4,Italian comune,https://en.wikipedia.org/wiki/Terzo_d%27Aquileia,wdq_box,2026-09-03
Marliana,Q102615,43.93333,10.76667,54,missing,Montecatini-Terme,7.6,5.8,58.4,Italian comune,https://en.wikipedia.org/wiki/Marliana,wdq_box,2026-09-03
Rotondi,Q55087,41.0325,14.59583,50,missing,Montesarchio,7.8,5.0,58.4,Italian comune,https://en.wikipedia.org/wiki/Rotondi,wdq_box,2026-09-03
Kehl,Q15979,48.5734,7.8114,45,missing,Strasbourg,8.3,4.4,58.4,"osm place=town, pop 33991",,osm_pop,2026-09-03
San Giovanni Lupatoto,Q47853,45.38333,11.03333,51,missing,Verona,8.7,6.9,58.3,Italian comune,https://en.wikipedia.org/wiki/San_Giovanni_Lupatoto,wdq_box,2026-09-03
Locri,Q54619,38.23333,16.26667,63,missing,Gerace,6.5,5.8,58.3,Italian comune,https://en.wikipedia.org/wiki/Locri,wdq_box,2026-09-03
Cercola,Q72030,40.86667,14.35,52,missing,Naples,8.9,7.4,58.2,Italian comune,https://en.wikipedia.org/wiki/Cercola,wdq_box,2026-09-03
Bacoli,Q71832,40.8,14.08333,61,member_of,Procida,7.5,7.3,58.2,Italian comune,https://en.wikipedia.org/wiki/Bacoli,wdq_box,2026-09-03
Sale Marasino,Q111696,45.71667,10.11667,50,member_of,Monte Isola (Lake Iseo),6.8,2.9,58.2,Italian comune,https://en.wikipedia.org/wiki/Sale_Marasino,wdq_box,2026-09-03
Monte Argentario,Q214731,42.43452,11.11954,61,missing,Porto Ercole,7.9,7.9,58.2,Italian comune,https://en.wikipedia.org/wiki/Monte_Argentario,wdq_box,2026-09-03
Churriana de la Vega,Q558134,37.14778,-3.64611,44,missing,Granada,9,5.3,58.1,municipality of Spain,https://en.wikipedia.org/wiki/Churriana_de_la_Vega,wdq_box,2026-09-03
Oegstgeest,Q94747,52.16667,4.46667,48,missing,Leiden,6.8,2.2,58.1,town and municipality in the Netherlands,https://en.wikipedia.org/wiki/Oegstgeest,wdq_box,2026-09-03
Stezzano,Q101631,45.65083,9.65278,50,missing,Bergamo (Città Alta),7.8,5.1,58.1,Italian comune,https://en.wikipedia.org/wiki/Stezzano,wdq_box,2026-09-03
Gasny,Q1073294,49.09222,1.60417,43,missing,La Roche-Guyon,7.6,2.2,58.1,"commune in Eure, France",https://en.wikipedia.org/wiki/Gasny,wdq_box,2026-09-03
Chiavari,Q266941,44.31641,9.32374,70,missing,Sestri Levante,6.9,8.0,58.1,Italian comune,https://en.wikipedia.org/wiki/Chiavari,wdq_box,2026-09-03
Oberhoffen-lès-Wissembourg,Q21527,49.01639,7.92056,46,missing,Wissembourg,7.4,2.9,58.1,"commune in Bas-Rhin, France",https://en.wikipedia.org/wiki/Oberhoffen-l%C3%A8s-Wissembourg,wdq_box,2026-09-03
Rocca d'Arazzo,Q17853,44.87306,8.28583,53,missing,Asti,8.4,6.9,58.1,Italian comune,https://en.wikipedia.org/wiki/Rocca_d%27Arazzo,wdq_box,2026-09-03
Wadelincourt,Q1146931,49.68528,4.94083,41,missing,Sedan,7.8,1.8,58.1,"commune in Ardennes, France","https://en.wikipedia.org/wiki/Wadelincourt,_Ardennes",wdq_box,2026-09-03
Diekirch,Q16050,49.86909,6.16005,55,missing,Vianden,6.8,4.5,58.1,"osm place=town, pop 7047",,osm_grid,2026-09-03
Horw,Q14570,47.0185,8.31078,41,missing,Lucerne,8.6,3.5,58.1,"osm place=town, pop 12648",,osm_pop,2026-09-03
Cazilhac,Q1149456,43.18306,2.36361,42,missing,Carcassonne,8.3,3.4,58.0,"commune in Aude, France","https://en.wikipedia.org/wiki/Cazilhac,_Aude",wdq_box,2026-09-03
Monte di Procida,Q72272,40.8,14.05,53,member_of,Procida,7.5,5.4,58.0,Italian comune,https://en.wikipedia.org/wiki/Monte_di_Procida,wdq_box,2026-09-03
Milton Keynes,Q204234,52.03333,-0.76667,69,member_of,Stony Stratford,6.2,6.4,58.0,"city in Buckinghamshire, England, United Kingdom",https://en.wikipedia.org/wiki/Milton_Keynes,wdq_box,2026-09-03
Rossiglione,Q265325,44.56667,8.66667,54,missing,Campo Ligure,6.8,4.2,58.0,Italian comune,https://en.wikipedia.org/wiki/Rossiglione,wdq_box,2026-09-03
L-Imsida,Q585187,35.89569,14.48918,39,missing,Malta,8.4,2.3,58.0,"osm place=town, pop 7623",,osm_pop,2026-09-03
Ponteranica,Q101428,45.73333,9.65,48,missing,Bergamo (Città Alta),7.8,4.5,57.9,Italian comune,https://en.wikipedia.org/wiki/Ponteranica,wdq_box,2026-09-03
Rignieux-le-Franc,Q840542,45.94,5.18944,52,missing,Pérouges,6.9,3.9,57.9,"commune in Ain, France",https://en.wikipedia.org/wiki/Rignieux-le-Franc,wdq_box,2026-09-03
Benalmádena,Q488869,36.5969,-4.5535,68,missing,Mijas,6.8,7.5,57.9,"town and municipality in Málaga, Spain",https://en.wikipedia.org/wiki/Benalm%C3%A1dena,wdq_box,2026-09-03
Roveredo di Guà,Q47849,45.26667,11.45,47,missing,Montagnana,7.7,4.0,57.9,Italian comune,https://en.wikipedia.org/wiki/Roveredo_di_Gu%C3%A0,wdq_box,2026-09-03
Gallicano,Q217269,44.06667,10.43333,52,missing,Barga,6.8,3.6,57.9,Italian comune,https://en.wikipedia.org/wiki/Gallicano,wdq_box,2026-09-03
Dallon,Q847338,49.82111,3.24139,48,missing,Saint-Quentin,7.8,4.5,57.9,"commune in Aisne, France",https://en.wikipedia.org/wiki/Dallon,wdq_box,2026-09-03
Bœrsch,Q22798,48.47722,7.44083,49,missing,Obernai,7.1,3.4,57.9,"commune in Bas-Rhin, France",https://en.wikipedia.org/wiki/B%C5%93rsch,wdq_box,2026-09-03
Cerseuil,Q849767,49.32361,3.52139,48,missing,Braine,6.8,2.3,57.9,"commune in Aisne, France",https://en.wikipedia.org/wiki/Cerseuil,wdq_box,2026-09-03
San Sebastián de los Reyes,Q484717,40.54694,-3.62583,68,missing,Madrid,8.5,15.9,57.8,"minicity in the Community of Madrid, Spain",https://en.wikipedia.org/wiki/San_Sebasti%C3%A1n_de_los_Reyes,wdq_box,2026-09-03
Colazza,Q22182,45.79053,8.49737,54,missing,Orta San Giulio,7.7,6.1,57.8,Italian comune,https://en.wikipedia.org/wiki/Colazza,wdq_box,2026-09-03
Vaie,Q10330,45.10234,7.28941,54,missing,Sacra di San Michele,6.8,4.3,57.8,Italian comune,https://en.wikipedia.org/wiki/Vaie,wdq_box,2026-09-03
San Prisco,Q58883,41.09907,14.27659,49,missing,Caserta (Reggia),7.9,5.1,57.8,Italian comune,https://en.wikipedia.org/wiki/San_Prisco,wdq_box,2026-09-03
Cucq,Q782596,50.48694,1.62444,52,missing,Le Touquet-Paris-Plage,7.4,5.0,57.8,"commune in Pas-de-Calais, France",https://en.wikipedia.org/wiki/Cucq,wdq_box,2026-09-03
Hulluch,Q473419,50.48583,2.81667,51,missing,Loos-en-Gohelle,6.9,3.6,57.8,"commune in Pas-de-Calais, France",https://en.wikipedia.org/wiki/Hulluch,wdq_box,2026-09-03
Quaregnon,Q538735,50.44216,3.86373,43,missing,Hornu,7.8,2.8,57.8,"osm place=town, pop 18868",,osm_pop,2026-09-03
Torgiano,Q20590,43.02563,12.43398,54,missing,Deruta,7,4.7,57.7,Italian comune,https://en.wikipedia.org/wiki/Torgiano,wdq_box,2026-09-03
Vals-près-le-Puy,Q1322750,45.02833,3.87472,41,missing,Le Puy-en-Velay,7.8,2.0,57.7,"commune in Haute-Loire, France",https://en.wikipedia.org/wiki/Vals-pr%C3%A8s-le-Puy,wdq_box,2026-09-03
Tavullia,Q207664,43.898,12.75319,51,missing,Gradara,7.4,4.7,57.7,Italian comune,https://en.wikipedia.org/wiki/Tavullia,wdq_box,2026-09-03
Fiavé,Q286808,46.00444,10.84222,50,missing,Ponte Arche,7.3,4.2,57.7,Italian comune,https://en.wikipedia.org/wiki/Fiav%C3%A9,wdq_box,2026-09-03
Coreglia Antelminelli,Q216977,44.06444,10.52639,53,missing,Barga,6.8,4.0,57.7,Italian comune,https://en.wikipedia.org/wiki/Coreglia_Antelminelli,wdq_box,2026-09-03
Saint-Sébastien-sur-Loire,Q337636,47.20722,-1.5025,60,missing,Nantes,6,4.0,57.6,"commune in Loire-Atlantique, France",https://en.wikipedia.org/wiki/Saint-S%C3%A9bastien-sur-Loire,wdq_box,2026-09-03
Mittelwihr,Q149387,48.15083,7.31944,41,missing,Riquewihr,8,2.4,57.6,"commune in Haut-Rhin, France",https://en.wikipedia.org/wiki/Mittelwihr,wdq_box,2026-09-03
Pulianas,Q615266,37.22278,-3.60806,43,missing,Granada,9,5.1,57.6,municipality of Spain,https://en.wikipedia.org/wiki/Pulianas,wdq_box,2026-09-03
Quinto Vicentino,Q46549,45.56667,11.61667,51,missing,Vicenza,7.8,5.5,57.6,Italian comune,https://en.wikipedia.org/wiki/Quinto_Vicentino,wdq_box,2026-09-03
Gorle,Q101145,45.70389,9.71917,46,missing,Bergamo (Città Alta),7.8,3.9,57.6,Italian comune,"https://en.wikipedia.org/wiki/Gorle,_Lombardy",wdq_box,2026-09-03
Espaly-Saint-Marcel,Q944969,45.04611,3.85944,41,missing,Le Puy-en-Velay,7.8,2.0,57.6,"commune in Haute-Loire, France",https://en.wikipedia.org/wiki/Espaly-Saint-Marcel,wdq_box,2026-09-03
Algund,Q419942,46.68252,11.12307,50,missing,Merano,7.1,3.8,57.6,"municipality in South Tyrol, Italy",https://en.wikipedia.org/wiki/Algund,wdq_box,2026-09-03
Tavernola Bergamasca,Q101645,45.71667,10.05,48,missing,Monte Isola (Lake Iseo),6.8,2.4,57.6,Italian comune,https://en.wikipedia.org/wiki/Tavernola_Bergamasca,wdq_box,2026-09-03
Ronco Biellese,Q18153,45.58167,8.09861,53,missing,Biella,6.7,3.8,57.6,Italian comune,https://en.wikipedia.org/wiki/Ronco_Biellese,wdq_box,2026-09-03
Francilly-Selency,Q842564,49.85278,3.22361,48,missing,Saint-Quentin,7.8,4.6,57.6,"commune in Aisne, France",https://en.wikipedia.org/wiki/Francilly-Selency,wdq_box,2026-09-03
Weiterstadt,Q285140,49.9,8.6,45,missing,Darmstadt,8.4,4.8,57.5,"town in Landkreis Darmstadt-Dieburg in Hesse, Germany",https://en.wikipedia.org/wiki/Weiterstadt,wdq_box,2026-09-03
Marciano della Chiana,Q52085,43.30583,11.7875,54,missing,Lucignano,7.1,5.0,57.5,Italian comune,https://en.wikipedia.org/wiki/Marciano_della_Chiana,wdq_box,2026-09-03
Nova Mokošica,Q3300964,42.67643,18.11024,38,missing,Dubrovnik,9.4,3.9,57.5,"osm place=village, pop 5682",,osm_pop,2026-09-03
Eppelheim,Q82539,49.4025,8.63306,42,missing,Heidelberg,8,2.9,57.5,"osm place=town, pop 14345",,osm_pop,2026-09-03
Hemel Hempstead,Q3532,51.75118,-0.47253,49,missing,Apsley,6.4,1.7,57.5,"osm place=town, pop 81100",,osm_pop,2026-09-03
Huétor Vega,Q24011358,37.1452,-3.56946,41,missing,Granada,9,4.4,57.5,"osm place=town, pop 12276",,osm_pop,2026-09-03
Villaricca,Q72772,40.91667,14.2,55,missing,Naples,8.9,8.3,57.4,Italian comune,https://en.wikipedia.org/wiki/Villaricca,wdq_box,2026-09-03
Garda,Q47585,45.5725,10.67167,63,member_of,Lake Garda,8.1,8.7,57.4,Italian comune,"https://en.wikipedia.org/wiki/Garda,_Veneto",wdq_box,2026-09-03
Jenesien,Q474811,46.53504,11.33138,51,missing,Bolzano,7.1,4.1,57.4,"municipality in South Tyrol, Italy",https://en.wikipedia.org/wiki/Jenesien,wdq_box,2026-09-03
Pedrengo,Q101372,45.69833,9.73389,49,missing,Bergamo (Città Alta),7.8,5.0,57.4,Italian comune,https://en.wikipedia.org/wiki/Pedrengo,wdq_box,2026-09-03
Ponte San Pietro,Q101426,45.69778,9.58806,54,missing,Bergamo (Città Alta),7.8,6.4,57.4,Italian comune,https://en.wikipedia.org/wiki/Ponte_San_Pietro,wdq_box,2026-09-03
Salavas,Q325208,44.39417,4.37917,41,member_of,Vallon-Pont-d'Arc,7.7,1.8,57.4,"commune in Ardèche, France",https://en.wikipedia.org/wiki/Salavas,wdq_box,2026-09-03
Castelvecchio Calvisio,Q50075,42.31222,13.68806,49,member_of,Rocca Calascio,6.5,2.0,57.4,Italian comune,https://en.wikipedia.org/wiki/Castelvecchio_Calvisio,wdq_box,2026-09-03
Garches,Q246199,48.84556,2.18694,49,missing,Versailles,8.4,6.1,57.4,"commune in Hauts-de-Seine, France",https://en.wikipedia.org/wiki/Garches,wdq_box,2026-09-03
Rott,Q22488,49.02333,7.90806,46,missing,Wissembourg,7.4,3.1,57.4,"commune in Bas-Rhin, France","https://en.wikipedia.org/wiki/Rott,_Bas-Rhin",wdq_box,2026-09-03
Carbonera,Q29578,45.68333,12.28333,49,missing,Treviso,7.2,3.7,57.4,Italian comune,"https://en.wikipedia.org/wiki/Carbonera,_Veneto",wdq_box,2026-09-03
Saint-Laurent-Blangy,Q598043,50.3025,2.80278,50,missing,Achicourt,7.4,4.5,57.4,"commune in Pas-de-Calais, France",https://en.wikipedia.org/wiki/Saint-Laurent-Blangy,wdq_box,2026-09-03
Azzate,Q40186,45.7803,8.7938,50,missing,Varese,7.7,5.1,57.4,Italian comune,https://en.wikipedia.org/wiki/Azzate,wdq_box,2026-09-03
Monte San Savino,Q52086,43.33028,11.73083,60,missing,Lucignano,7.1,6.5,57.4,Italian comune,https://en.wikipedia.org/wiki/Monte_San_Savino,wdq_box,2026-09-03
Neckarsulm,Q488708,49.19172,9.22493,65,missing,Heilbronn,6.2,5.8,57.4,"osm place=town, pop 25754",,osm_grid,2026-09-03
Komárom,Q625154,47.74173,18.12183,43,missing,Komárno,7.6,2.4,57.4,"osm place=town, pop 20391",,osm_pop,2026-09-03
Sant Lluís,Q984499,39.84944,4.25806,40,member_of,Menorca,8.5,3.1,57.3,municipality of Spain,https://en.wikipedia.org/wiki/Sant_Llu%C3%ADs,wdq_box,2026-09-03
Calasetta,Q286187,39.11052,8.36823,62,member_of,Carloforte,6.6,6.0,57.3,Italian comune,https://en.wikipedia.org/wiki/Calasetta,wdq_box,2026-09-03
Ospedaletti,Q269458,43.80059,7.71769,52,missing,Sanremo,7.4,5.1,57.3,Italian comune,https://en.wikipedia.org/wiki/Ospedaletti,wdq_box,2026-09-03
Fayet,Q1093048,49.86806,3.25222,44,missing,Saint-Quentin,7.8,3.3,57.3,"commune in Aisne, France","https://en.wikipedia.org/wiki/Fayet,_Aisne",wdq_box,2026-09-03
Halsteren,Q2213267,51.52302,4.27295,41,missing,Bergen op Zoom,8.4,3.4,57.3,"osm place=village, pop 12420",,osm_pop,2026-09-03
Coriano,Q111804,43.96906,12.60055,51,missing,Riccione,7.8,5.6,57.2,Italian comune,https://en.wikipedia.org/wiki/Coriano,wdq_box,2026-09-03
Taden,Q225211,48.47556,-2.01778,44,missing,Dinan,7.7,3.1,57.2,"commune in Côtes-d'Armor, France",https://en.wikipedia.org/wiki/Taden,wdq_box,2026-09-03
Rocca Santo Stefano,Q243216,41.91052,13.02379,54,missing,Subiaco,7.4,5.7,57.2,Italian comune,https://en.wikipedia.org/wiki/Rocca_Santo_Stefano,wdq_box,2026-09-03
Genazzano,Q242675,41.83332,12.97284,54,missing,Castel San Pietro Romano,7.9,6.6,57.2,Italian comune,https://en.wikipedia.org/wiki/Genazzano,wdq_box,2026-09-03
Vigliano Biellese,Q18190,45.56167,8.11167,54,missing,Biella,6.7,4.2,57.2,Italian comune,https://en.wikipedia.org/wiki/Vigliano_Biellese,wdq_box,2026-09-03
Gateshead,Q216372,54.95,-1.6,57,missing,Newcastle,5.8,2.7,57.1,"town in Tyne and Wear, England",https://en.wikipedia.org/wiki/Gateshead,wdq_box,2026-09-03
Anzin-Saint-Aubin,Q851006,50.31444,2.74444,50,missing,Achicourt,7.4,4.6,57.1,"commune in Pas-de-Calais, France",https://en.wikipedia.org/wiki/Anzin-Saint-Aubin,wdq_box,2026-09-03
Framura,Q270164,44.20866,9.55442,52,missing,Moneglia,7.9,6.1,57.1,Italian comune,https://en.wikipedia.org/wiki/Framura,wdq_box,2026-09-03
Loreto,Q124110,43.4403,13.60743,70,missing,Recanati,5.8,5.9,57.1,"hill town and comune of the Italian province of Ancona, in the Marche","https://en.wikipedia.org/wiki/Loreto,_Marche",wdq_box,2026-09-03
Santiponce,Q568278,37.43861,-6.03833,50,missing,Seville,8.6,6.7,57.0,municipality of Spain,https://en.wikipedia.org/wiki/Santiponce,wdq_box,2026-09-03
Oostzaan,Q9951,52.4406,4.8789,50,missing,Amsterdam,9.2,7.6,57.0,municipality in the Netherlands,https://en.wikipedia.org/wiki/Oostzaan,wdq_box,2026-09-03
Ricadi,Q54731,38.62611,15.86556,51,member_of,Tropea,8,6.0,57.0,Italian commune in the province Vibo Valentia,https://en.wikipedia.org/wiki/Ricadi,wdq_box,2026-09-03
Gallicano nel Lazio,Q242661,41.86667,12.81667,55,missing,Castel San Pietro Romano,7.9,6.9,57.0,Italian comune,https://en.wikipedia.org/wiki/Gallicano_nel_Lazio,wdq_box,2026-09-03
Saint-Cirgues-de-Prades,Q246056,44.62361,4.27167,42,missing,Jaujac,7.5,1.9,57.0,"commune in Ardèche, France",https://en.wikipedia.org/wiki/Saint-Cirgues-de-Prades,wdq_box,2026-09-03
Barasso,Q20095,45.8404,8.7564,52,missing,Varese,7.7,5.8,57.0,Italian comune,https://en.wikipedia.org/wiki/Barasso,wdq_box,2026-09-03
Morazzone,Q40644,45.76667,8.83333,53,missing,Varese,7.7,6.0,57.0,Italian comune,https://en.wikipedia.org/wiki/Morazzone,wdq_box,2026-09-03
Kerkrade,Q9796,50.86667,6.06667,60,missing,Rimburg,6.6,5.6,57.0,"municipality in Limburg, the Netherlands",https://en.wikipedia.org/wiki/Kerkrade,wdq_box,2026-09-03
Maasmechelen,Q329633,50.9967,5.7025,43,missing,Eisden,7.2,1.6,57.0,"municipality in Limburg, Belgium",https://en.wikipedia.org/wiki/Maasmechelen,wdq_box,2026-09-03
Graniti,Q493478,37.88333,15.21667,51,missing,Taormina,8.9,7.5,56.9,Italian comune,https://en.wikipedia.org/wiki/Graniti,wdq_box,2026-09-03
Fornalutx,Q950901,39.78268,2.74092,41,member_of,Soller,8.1,2.9,56.9,municipality of Spain,https://en.wikipedia.org/wiki/Fornalutx,wdq_box,2026-09-03
Kuens,Q376618,46.69948,11.16949,49,missing,Merano,7.1,3.7,56.9,"municipality in South Tyrol, Italy",https://en.wikipedia.org/wiki/Kuens,wdq_box,2026-09-03
Marciana Marina,Q157805,42.8,10.2,57,member_of,Elba (Portoferraio),7.4,6.5,56.9,Italian comune,https://en.wikipedia.org/wiki/Marciana_Marina,wdq_box,2026-09-03
Capaccio Paestum,Q80746,40.41667,15.08333,56,missing,Paestum,7.6,6.6,56.9,Italian comune,https://en.wikipedia.org/wiki/Capaccio_Paestum,wdq_box,2026-09-03
Villaggio Mosè,Q4012833,37.2718,13.62128,38,missing,Agrigento (Valley of the Temples),8.9,3.2,56.9,"osm place=village, pop 5645",,osm_pop,2026-09-03
Karneid,Q377980,46.48991,11.40839,52,missing,Bolzano,7.1,4.6,56.8,"municipality in South Tyrol, Italy",https://en.wikipedia.org/wiki/Karneid,wdq_box,2026-09-03
Perros-Guirec,Q239943,48.81333,-3.44333,49,missing,Ploumanac'h (Pink Granite Coast),7.1,3.7,56.8,"commune in Côtes-d'Armor, France",https://en.wikipedia.org/wiki/Perros-Guirec,wdq_box,2026-09-03
Nonio,Q23657,45.84611,8.3775,53,missing,Orta San Giulio,7.7,6.1,56.8,Italian comune,https://en.wikipedia.org/wiki/Nonio,wdq_box,2026-09-03
Borgio Verezzi,Q270548,44.16,8.30463,50,missing,Finale Ligure (Finalborgo),6.7,3.0,56.8,Italian comune,https://en.wikipedia.org/wiki/Borgio_Verezzi,wdq_box,2026-09-03
Bubión,Q554265,36.94913,-3.35611,46,missing,Alpujarras (Pampaneira),6.8,1.8,56.8,municipality of Spain,https://en.wikipedia.org/wiki/Bubi%C3%B3n,wdq_box,2026-09-03
Valmontone,Q243514,41.78333,12.91667,56,missing,Castel San Pietro Romano,7.9,7.2,56.8,Italian comune,https://en.wikipedia.org/wiki/Valmontone,wdq_box,2026-09-03
Coulounieix-Chamiers,Q746946,45.18639,0.69139,40,missing,Périgueux,7.8,1.8,56.8,"commune in Dordogne, France",https://en.wikipedia.org/wiki/Coulounieix-Chamiers,wdq_box,2026-09-03
Sovere,Q101620,45.81667,10.03333,46,missing,Lovere,7.2,2.9,56.8,Italian comune,https://en.wikipedia.org/wiki/Sovere,wdq_box,2026-09-03
Lozza,Q39522,45.77482,8.86145,52,missing,Varese,7.7,5.8,56.8,Italian comune,"https://en.wikipedia.org/wiki/Lozza,_Lombardy",wdq_box,2026-09-03
Romainville,Q372111,48.8853,2.43583,45,missing,Paris (CDG),9.6,6.8,56.8,"osm place=town, pop 33266",,osm_pop,2026-09-03
Lucé,Q1072289,48.43647,1.46286,42,missing,Chartres,7.8,2.7,56.8,"osm place=town, pop 15602",,osm_pop,2026-09-03
Ostermundigen,Q69682,46.95828,7.49112,42,missing,Bern,8.2,3.5,56.8,"osm place=town, pop 16185",,osm_pop,2026-09-03
Palaja,Q1020673,43.17278,2.38528,46,missing,Carcassonne,8.3,5.2,56.7,"commune in Aude, France",https://en.wikipedia.org/wiki/Palaja,wdq_box,2026-09-03
Cenes de la Vega,Q555126,37.15944,-3.53861,44,missing,Granada,9,5.7,56.7,municipality of Spain,https://en.wikipedia.org/wiki/Cenes_de_la_Vega,wdq_box,2026-09-03
Chadrac,Q738120,45.06361,3.90583,42,missing,Le Puy-en-Velay,7.8,2.7,56.7,"commune in Haute-Loire, France",https://en.wikipedia.org/wiki/Chadrac,wdq_box,2026-09-03
Turri,Q288392,39.70471,8.91635,62,missing,Su Nuraxi (Barumini),6.7,6.3,56.7,Italian comune,"https://en.wikipedia.org/wiki/Turri,_Sardinia",wdq_box,2026-09-03
Ville-d'Avray,Q456327,48.82611,2.19333,45,missing,Versailles,8.4,5.0,56.7,"French commune in Hauts-de-Seine, Île-de-France",https://en.wikipedia.org/wiki/Ville-d%27Avray,wdq_box,2026-09-03
Occhieppo Superiore,Q18093,45.566,8.0024,54,missing,Biella,6.7,4.3,56.7,Italian comune,https://en.wikipedia.org/wiki/Occhieppo_Superiore,wdq_box,2026-09-03
Castelnuovo Magra,Q270091,44.09937,10.01779,50,missing,Fiumaretta di Ameglia,7.9,5.7,56.7,Italian commune,https://en.wikipedia.org/wiki/Castelnuovo_Magra,wdq_box,2026-09-03
Campomarino,Q277418,41.95667,15.03444,59,missing,Termoli,6.8,5.9,56.7,Italian comune,https://en.wikipedia.org/wiki/Campomarino,wdq_box,2026-09-03
San Potito Sannitico,Q58867,41.33333,14.4,49,missing,Castello del Matese,7.3,4.2,56.7,Italian comune,https://en.wikipedia.org/wiki/San_Potito_Sannitico,wdq_box,2026-09-03
Pedrouços,Q1216704,41.1878,-8.58728,41,missing,Porto,9.1,4.8,56.7,"osm place=village, pop 12149",,osm_pop,2026-09-03
Mislata,Q12442,39.47474,-0.41603,43,missing,Valencia,7.8,3.1,56.6,"municipality in the Valencian Community, Spain",https://en.wikipedia.org/wiki/Mislata,wdq_box,2026-09-03
Frattamaggiore,Q72118,40.94167,14.27222,59,missing,Naples,8.9,9.2,56.6,Italian comune,https://en.wikipedia.org/wiki/Frattamaggiore,wdq_box,2026-09-03
Frontignan,Q216280,43.44722,3.75556,65,missing,Sète,6.5,6.6,56.6,"commune in Hérault, France",https://en.wikipedia.org/wiki/Frontignan,wdq_box,2026-09-03
San Roque,Q846153,36.20972,-5.38444,50,missing,La Línea de la Concepción,7.9,5.7,56.6,"municipality and town in the Province of Cádiz, Spain","https://en.wikipedia.org/wiki/San_Roque,_Spain",wdq_box,2026-09-03
Gatteo,Q99943,44.1371,12.40427,51,missing,Bellaria-Igea Marina,7.6,5.4,56.6,Italian comune,https://en.wikipedia.org/wiki/Gatteo,wdq_box,2026-09-03
Neuville-Saint-Rémy,Q1063646,50.18778,3.22222,41,missing,Cambrai,7.5,1.6,56.6,"commune in Nord, France",https://en.wikipedia.org/wiki/Neuville-Saint-R%C3%A9my,wdq_box,2026-09-03
Deurne,Q1201672,51.20849,4.47193,49,missing,Antwerp,7.7,5.0,56.6,"osm place=town, pop 86297",,osm_pop,2026-09-03
Izola / Isola,Q15877,45.53989,13.65939,59,missing,Piran,7.5,7.2,56.6,"osm place=town, pop 11300",,osm_grid,2026-09-03
Errenteria,Q681893,43.31253,-1.89861,50,missing,San Sebastián,8.5,6.7,56.5,municipal community in the Basque Country,https://en.wikipedia.org/wiki/Errenteria,wdq_box,2026-09-03
Le Rouret,Q475850,43.67444,7.00556,43,missing,Le Bar-sur-Loup,7.9,3.4,56.5,"commune in Alpes-Maritimes, France",https://en.wikipedia.org/wiki/Le_Rouret,wdq_box,2026-09-03
Le Palais,Q128745,47.34639,-3.15528,47,member_of,Belle-Île-en-Mer,6.9,2.6,56.5,"commune in Morbihan, France",https://en.wikipedia.org/wiki/Le_Palais,wdq_box,2026-09-03
Sant'Antonino di Susa,Q10292,45.10707,7.27227,58,missing,Sacra di San Michele,6.8,5.7,56.5,Italian comune,https://en.wikipedia.org/wiki/Sant%27Antonino_di_Susa,wdq_box,2026-09-03
La Iruela,Q1645527,37.92035,-2.99414,47,missing,Cazorla,6.8,2.3,56.5,"municipality in Jaén Province, Spain",https://en.wikipedia.org/wiki/La_Iruela,wdq_box,2026-09-03
Niardo,Q105317,45.97667,10.33417,51,missing,Capo di Ponte,7.9,6.0,56.5,Italian comune,https://en.wikipedia.org/wiki/Niardo,wdq_box,2026-09-03
San Vito al Torre,Q53359,45.9,13.36667,49,missing,Palmanova,7.4,4.4,56.5,Italian comune,https://en.wikipedia.org/wiki/San_Vito_al_Torre,wdq_box,2026-09-03
Grugies,Q872765,49.81333,3.26611,46,missing,Saint-Quentin,7.8,4.2,56.5,"commune in Aisne, France",https://en.wikipedia.org/wiki/Grugies,wdq_box,2026-09-03
Brenelle,Q851374,49.36583,3.54306,48,missing,Braine,6.8,2.7,56.5,"commune in Aisne, France",https://en.wikipedia.org/wiki/Brenelle,wdq_box,2026-09-03
Neusäß,Q503208,48.39287,10.83545,43,missing,Augsburg,8.9,5.2,56.5,"osm place=town, pop 21858",,osm_pop,2026-09-03
Venaria Reale,Q10339,45.11667,7.63333,62,missing,Turin,6.8,6.6,56.4,Italian comune,https://en.wikipedia.org/wiki/Venaria_Reale,wdq_box,2026-09-03
Veyrier-du-Lac,Q657022,45.88139,6.17722,42,missing,Annecy,8.5,4.2,56.4,"commune in Haute-Savoie, France",https://en.wikipedia.org/wiki/Veyrier-du-Lac,wdq_box,2026-09-03
Santa Teresa di Riva,Q498938,37.94,15.3625,51,missing,Savoca,6.3,2.5,56.4,Italian comune,https://en.wikipedia.org/wiki/Santa_Teresa_di_Riva,wdq_box,2026-09-03
Battaglia Terme,Q34684,45.28937,11.77959,50,missing,Arquà Petrarca,7.6,5.1,56.4,Italian comune,https://en.wikipedia.org/wiki/Battaglia_Terme,wdq_box,2026-09-03
Solin,Q642828,43.54429,16.4853,43,missing,Split,9,5.4,56.4,"osm place=town, pop 20996",,osm_pop,2026-09-03
Solna,Q28476747,59.36137,18.00137,49,member_of,Stockholm (Arlanda),7.8,5.2,56.4,"osm place=town, pop 74790",,osm_pop,2026-09-03
Ridderkerk,Q222220,51.86667,4.6,50,missing,Kinderdijk,6.8,3.5,56.3,"town and municipality in South Holland, Netherlands",https://en.wikipedia.org/wiki/Ridderkerk,wdq_box,2026-09-03
Noventa Padovana,Q34330,45.4143,11.951,50,missing,Padua,8.1,6.1,56.3,Italian comune,https://en.wikipedia.org/wiki/Noventa_Padovana,wdq_box,2026-09-03
Bisceglie,Q23178,41.24093,16.50206,75,member_of,Trani,6.1,7.7,56.3,town in Italy,https://en.wikipedia.org/wiki/Bisceglie,wdq_box,2026-09-03
Agnana Calabra,Q54557,38.3,16.21667,52,missing,Gerace,6.5,3.3,56.3,Italian comune,https://en.wikipedia.org/wiki/Agnana_Calabra,wdq_box,2026-09-03
San Giovanni in Marignano,Q111937,43.9393,12.7137,49,missing,Gradara,7.4,4.5,56.3,Italian comune,https://en.wikipedia.org/wiki/San_Giovanni_in_Marignano,wdq_box,2026-09-03
Cervignano del Friuli,Q53241,45.82306,13.335,56,missing,Aquileia,7.5,6.6,56.3,Italian comune,https://en.wikipedia.org/wiki/Cervignano_del_Friuli,wdq_box,2026-09-03
Zumaglia,Q18198,45.59306,8.08944,53,missing,Biella,6.7,4.1,56.3,Italian comune,https://en.wikipedia.org/wiki/Zumaglia,wdq_box,2026-09-03
Charvensod,Q34962,45.71667,7.31667,54,missing,Aosta,5.9,2.3,56.3,Italian municipality in the Aosta Valley,https://en.wikipedia.org/wiki/Charvensod,wdq_box,2026-09-03
Bretteville-sur-Odon,Q326435,49.17,-0.41389,50,missing,Caen,7.2,4.4,56.3,"commune in Calvados, France",https://en.wikipedia.org/wiki/Bretteville-sur-Odon,wdq_box,2026-09-03
Fromelennes,Q1086516,50.12333,4.85917,47,missing,Givet,7,2.9,56.3,"commune in Ardennes, France",https://en.wikipedia.org/wiki/Fromelennes,wdq_box,2026-09-03
Coulogne,Q989880,50.92417,1.885,46,missing,Calais,7.5,3.7,56.3,"commune in Pas-de-Calais, France",https://en.wikipedia.org/wiki/Coulogne,wdq_box,2026-09-03
Rosheim,Q22990,48.49667,7.46944,49,missing,Obernai,7.1,3.8,56.3,"commune in Bas-Rhin, France",https://en.wikipedia.org/wiki/Rosheim,wdq_box,2026-09-03
Herisau,Q63970,47.38555,9.27876,66,missing,St. Gallen,7.2,8.2,56.3,"osm place=town, pop 15943",,osm_grid,2026-09-03
Ranica,Q101500,45.73333,9.71667,50,missing,Bergamo (Città Alta),7.8,5.6,56.2,Italian comune,https://en.wikipedia.org/wiki/Ranica,wdq_box,2026-09-03
Portacomaro,Q17846,44.9575,8.25806,53,missing,Asti,8.4,7.4,56.2,Italian comune,https://en.wikipedia.org/wiki/Portacomaro,wdq_box,2026-09-03
Montecorice,Q81062,40.23417,14.98389,50,missing,Castellabate,7.9,5.8,56.2,Italian comune,https://en.wikipedia.org/wiki/Montecorice,wdq_box,2026-09-03
Vegas del Genil,Q618377,37.17167,-3.6675,45,missing,Granada,9,6.1,56.1,municipality of Spain,https://en.wikipedia.org/wiki/Vegas_del_Genil,wdq_box,2026-09-03
Certaldo,Q82646,43.54778,11.04111,61,missing,San Gimignano,8.3,8.9,56.1,Italian comune,https://en.wikipedia.org/wiki/Certaldo,wdq_box,2026-09-03
Givonne,Q1018812,49.72056,4.98806,45,missing,Sedan,7.8,4.0,56.1,"commune in Ardennes, France",https://en.wikipedia.org/wiki/Givonne,wdq_box,2026-09-03
Tomblaine,Q642356,48.68556,6.21167,42,missing,Nancy,7.5,2.2,56.1,"commune in Meurthe-et-Moselle, France",https://en.wikipedia.org/wiki/Tomblaine,wdq_box,2026-09-03
Casape,Q242007,41.90694,12.88556,54,missing,Castel San Pietro Romano,7.9,6.9,56.1,Italian comune,https://en.wikipedia.org/wiki/Casape,wdq_box,2026-09-03
Cupra Marittima,Q56055,43.02492,13.85889,50,missing,Grottammare,7.4,4.8,56.1,Italian comune,https://en.wikipedia.org/wiki/Cupra_Marittima,wdq_box,2026-09-03
Pernumia,Q34297,45.26667,11.78333,49,missing,Arquà Petrarca,7.6,4.9,56.1,Italian comune,https://en.wikipedia.org/wiki/Pernumia,wdq_box,2026-09-03
Coquelles,Q380987,50.935,1.79917,48,missing,Calais,7.5,4.4,56.1,"commune in Pas-de-Calais, France",https://en.wikipedia.org/wiki/Coquelles,wdq_box,2026-09-03
Völs,Q278250,47.25232,11.32794,38,missing,Innsbruck,8.3,2.2,56.1,"osm place=village, pop 6713",,osm_pop,2026-09-03
Ebikon,Q14566,47.08121,8.33852,41,missing,Lucerne,8.6,4.1,56.1,"osm place=town, pop 11322",,osm_pop,2026-09-03
Woluwe-Saint-Pierre,Q242393,50.83694,4.4275,51,missing,Brussels,7.5,5.4,56.0,"municipality in the Brussels-Capital Region, Belgium",https://en.wikipedia.org/wiki/Woluwe-Saint-Pierre,wdq_box,2026-09-03
San Siro,Q47650,46.06408,9.2681,48,missing,Lake Como,9.1,7.2,56.0,Italian comune,"https://en.wikipedia.org/wiki/San_Siro,_Como",wdq_box,2026-09-03
Alfacar,Q564768,37.23667,-3.57083,48,missing,Granada,9,7.0,56.0,municipality of Spain,https://en.wikipedia.org/wiki/Alfacar,wdq_box,2026-09-03
Pieve Ligure,Q266620,44.37481,9.0866,54,missing,Camogli,7.5,6.2,56.0,Italian comune,https://en.wikipedia.org/wiki/Pieve_Ligure,wdq_box,2026-09-03
Brives-Charensac,Q507820,45.04667,3.92667,43,missing,Le Puy-en-Velay,7.8,3.3,56.0,"commune in Haute-Loire, France",https://en.wikipedia.org/wiki/Brives-Charensac,wdq_box,2026-09-03
Harrogate,Q215829,53.99194,-1.53778,53,missing,Knaresborough,7,4.9,56.0,"town and civil parish in North Yorkshire, England",https://en.wikipedia.org/wiki/Harrogate,wdq_box,2026-09-03
Omissy,Q870115,49.87806,3.31194,44,missing,Saint-Quentin,7.8,3.7,56.0,"commune in Aisne, France",https://en.wikipedia.org/wiki/Omissy,wdq_box,2026-09-03
Jette,Q241918,50.87583,4.32444,46,missing,Brussels,7.5,3.8,55.9,"municipality in the Brussels-Capital Region, Belgium",https://en.wikipedia.org/wiki/Jette,wdq_box,2026-09-03
Berriac,Q865068,43.21667,2.41361,45,missing,Carcassonne,8.3,5.0,55.9,"commune in Aude, France",https://en.wikipedia.org/wiki/Berriac,wdq_box,2026-09-03
Štúrovo,Q60038,47.79917,18.71806,50,missing,Esztergom,6.3,2.2,55.9,town in Slovakia,https://en.wikipedia.org/wiki/%C5%A0t%C3%BArovo,wdq_box,2026-09-03
Saint-Père,Q666047,47.45972,3.765,41,missing,Vézelay,7.4,1.6,55.9,"commune in Yonne, France","https://en.wikipedia.org/wiki/Saint-P%C3%A8re,_Yonne",wdq_box,2026-09-03
Trégastel,Q210421,48.81694,-3.51361,46,missing,Ploumanac'h (Pink Granite Coast),7.1,2.9,55.9,"commune in Côtes-d'Armor, France",https://en.wikipedia.org/wiki/Tr%C3%A9gastel,wdq_box,2026-09-03
Mazzin,Q295297,46.47011,11.72969,51,missing,Canazei (Val di Fassa),6.6,3.4,55.9,Italian comune,https://en.wikipedia.org/wiki/Mazzin,wdq_box,2026-09-03
Bergeggi,Q270531,44.24867,8.44365,48,missing,Noli,7.9,5.3,55.9,Italian comune,https://en.wikipedia.org/wiki/Bergeggi,wdq_box,2026-09-03
Barisciano,Q49882,42.32528,13.59333,48,missing,Santo Stefano di Sessanio,7.6,4.7,55.9,Italian comune,https://en.wikipedia.org/wiki/Barisciano,wdq_box,2026-09-03
Chooz,Q456477,50.10361,4.80694,50,missing,Givet,7,4.0,55.9,"commune in Ardennes, France","https://en.wikipedia.org/wiki/Chooz,_Ardennes",wdq_box,2026-09-03
Villaseta,Q4012906,37.29799,13.5609,37,missing,Agrigento (Valley of the Temples),8.9,3.0,55.9,"osm place=village, pop 5493",,osm_pop,2026-09-03
Alphen aan den Rijn,Q15156199,52.13434,4.65614,49,missing,Gouwsluis,6.3,1.9,55.9,"osm place=town, pop 71428",,osm_pop,2026-09-03
Corsico,Q42423,45.43333,9.11667,59,missing,Milan (Bergamo),7.2,6.9,55.8,Italian comune,https://en.wikipedia.org/wiki/Corsico,wdq_box,2026-09-03
Toscolano-Maderno,Q112101,45.63977,10.6076,53,member_of,Lake Garda,8.1,7.0,55.8,Italian comune,https://en.wikipedia.org/wiki/Toscolano_Maderno,wdq_box,2026-09-03
Peligros,Q538809,37.23083,-3.62861,46,missing,Granada,9,6.5,55.8,municipality of Spain,https://en.wikipedia.org/wiki/Peligros,wdq_box,2026-09-03
Grassobbio,Q101151,45.65667,9.72389,51,missing,Bergamo (Città Alta),7.8,6.0,55.8,Italian comune,https://en.wikipedia.org/wiki/Grassobbio,wdq_box,2026-09-03
Cuasso al Monte,Q40808,45.90906,8.8675,51,missing,Morcote,6.8,3.9,55.8,Italian comune,https://en.wikipedia.org/wiki/Cuasso_al_Monte,wdq_box,2026-09-03
Bisuschio,Q40893,45.86667,8.86667,52,missing,Varese,7.7,6.1,55.8,Italian comune,https://en.wikipedia.org/wiki/Bisuschio,wdq_box,2026-09-03
Faches-Thumesnil,Q640115,50.59889,3.07361,48,missing,Lille,7,3.4,55.8,"commune in Nord, France",https://en.wikipedia.org/wiki/Faches-Thumesnil,wdq_box,2026-09-03
Soriso,Q22631,45.74111,8.41056,54,missing,Orta San Giulio,7.7,6.6,55.8,Italian comune,https://en.wikipedia.org/wiki/Soriso,wdq_box,2026-09-03
Bleggio Superiore,Q244220,46.02257,10.82368,48,missing,Ponte Arche,7.3,4.1,55.8,Italian comune,https://en.wikipedia.org/wiki/Bleggio_Superiore,wdq_box,2026-09-03
Foiano della Chiana,Q52081,43.25667,11.81639,56,missing,Lucignano,7.1,6.0,55.8,Italian comune,https://en.wikipedia.org/wiki/Foiano_della_Chiana,wdq_box,2026-09-03
Courcelles-sur-Vesle,Q847431,49.33806,3.57194,48,missing,Braine,6.8,2.9,55.8,"commune in Aisne, France",https://en.wikipedia.org/wiki/Courcelles-sur-Vesle,wdq_box,2026-09-03
Courbevoie,Q189715,48.89533,2.25616,49,missing,Paris (CDG),9.6,8.1,55.8,"osm place=town, pop 81516",,osm_pop,2026-09-03
Le Plessis-Robinson,Q259107,48.78333,2.26361,58,missing,Paris (CDG),9.6,10.5,55.7,"commune in Hauts-de-Seine, France",https://en.wikipedia.org/wiki/Le_Plessis-Robinson,wdq_box,2026-09-03
Husseren-les-Châteaux,Q83409,48.035,7.28083,40,missing,Eguisheim,7.8,2.1,55.7,"commune in Haut-Rhin, France",https://en.wikipedia.org/wiki/Husseren-les-Ch%C3%A2teaux,wdq_box,2026-09-03
Albolote,Q565415,37.23056,-3.65722,51,missing,Granada,9,7.9,55.7,municipality of Spain,https://en.wikipedia.org/wiki/Albolote,wdq_box,2026-09-03
Bellerive-sur-Allier,Q245132,46.11639,3.40417,48,missing,Vichy,6.5,2.2,55.7,"commune in Allier, France",https://en.wikipedia.org/wiki/Bellerive-sur-Allier,wdq_box,2026-09-03
Abrest,Q274683,46.09861,3.44472,52,missing,Vichy,6.5,3.5,55.7,"commune in Allier, France",https://en.wikipedia.org/wiki/Abrest,wdq_box,2026-09-03
Rivery,Q631983,49.9025,2.32694,42,missing,Amiens,7.5,2.3,55.7,"commune in Somme, France",https://en.wikipedia.org/wiki/Rivery,wdq_box,2026-09-03
Kastelruth,Q377319,46.56784,11.55968,57,missing,Alpe di Siusi,7.6,7.1,55.7,"municipality in South Tyrol, Italy",https://en.wikipedia.org/wiki/Kastelruth,wdq_box,2026-09-03
Buc,Q256137,48.77333,2.12528,40,missing,Versailles,8.4,3.4,55.7,"commune in Yvelines, France","https://en.wikipedia.org/wiki/Buc,_Yvelines",wdq_box,2026-09-03
Baden,Q486450,48.00767,16.23437,68,missing,Hinterbrühl,7.3,8.8,55.7,"osm place=town, pop 25000",,osm_grid,2026-09-03
Belmonte Mezzagno,Q490936,38.05,13.38333,52,missing,Palermo,8.6,7.6,55.6,Italian comune,https://en.wikipedia.org/wiki/Belmonte_Mezzagno,wdq_box,2026-09-03
Ferney-Voltaire,Q233733,46.25583,6.10806,63,missing,Geneva,6.6,6.6,55.6,"commune in Ain, France",https://en.wikipedia.org/wiki/Ferney-Voltaire,wdq_box,2026-09-03
Marmirolo,Q42351,45.21928,10.75609,55,missing,Mantua,8.1,7.5,55.6,Italian comune,https://en.wikipedia.org/wiki/Marmirolo,wdq_box,2026-09-03
Sorisole,Q101612,45.7375,9.65639,47,missing,Bergamo (Città Alta),7.8,4.8,55.6,Italian comune,https://en.wikipedia.org/wiki/Sorisole,wdq_box,2026-09-03
Béligneux,Q211116,45.85222,5.12889,62,missing,Pérouges,6.9,7.0,55.6,"commune in Ain, France",https://en.wikipedia.org/wiki/B%C3%A9ligneux,wdq_box,2026-09-03
Agliana,Q102555,43.9,11.0,57,missing,Pistoia,7.5,7.0,55.6,Italian comune,https://en.wikipedia.org/wiki/Agliana,wdq_box,2026-09-03
Tomares,Q1447544,37.37389,-6.045,46,missing,Seville,8.6,6.0,55.5,"municipality in Seville, Spain",https://en.wikipedia.org/wiki/Tomares,wdq_box,2026-09-03
Gradignan,Q234769,44.77139,-0.61694,55,missing,Bordeaux,8.5,8.1,55.5,"commune in Gironde, France",https://en.wikipedia.org/wiki/Gradignan,wdq_box,2026-09-03
Bussum,Q9909,52.27333,5.16111,49,missing,Hilversum,7.9,5.7,55.5,"town in Gooise Meren, Netherlands",https://en.wikipedia.org/wiki/Bussum,wdq_box,2026-09-03
Chenôve,Q20319,47.29111,5.00722,50,missing,Dijon,6.5,2.9,55.5,"commune in Côte-d'Or, France",https://en.wikipedia.org/wiki/Chen%C3%B4ve,wdq_box,2026-09-03
San Giuseppe Vesuviano,Q72503,40.83333,14.5,56,missing,Pompeii,9.3,9.3,55.5,Italian comune,https://en.wikipedia.org/wiki/San_Giuseppe_Vesuviano,wdq_box,2026-09-03
Leusden,Q10046,52.1331,5.4297,45,missing,Amersfoort,7.6,3.8,55.5,municipality in the Netherlands,https://en.wikipedia.org/wiki/Leusden,wdq_box,2026-09-03
Seravezza,Q221193,44.0,10.23333,55,missing,Forte dei Marmi,7.3,6.2,55.5,Italian comune,https://en.wikipedia.org/wiki/Seravezza,wdq_box,2026-09-03
Camaiore,Q216853,43.93333,10.3,59,missing,Viareggio,8.1,8.4,55.5,commune in Italy,https://en.wikipedia.org/wiki/Camaiore,wdq_box,2026-09-03
Armentières-sur-Ourcq,Q79201,49.1825,3.38639,49,missing,Oulchy-le-Château,6.6,2.8,55.5,"commune in Aisne, France",https://en.wikipedia.org/wiki/Armenti%C3%A8res-sur-Ourcq,wdq_box,2026-09-03
Isera,Q290754,45.88333,11.01667,49,missing,Rovereto,6.3,2.0,55.5,Italian comune,https://en.wikipedia.org/wiki/Isera,wdq_box,2026-09-03
Colfontaine,Q665573,50.40566,3.8514,43,missing,Hornu,7.8,3.5,55.5,"osm place=town, pop 20446",,osm_pop,2026-09-03
Bresso,Q42898,45.53333,9.18333,61,missing,Milan (Linate),7.2,7.4,55.4,Italian commune (comune) in Lombardy,https://en.wikipedia.org/wiki/Bresso,wdq_box,2026-09-03
Horbourg-Wihr,Q83412,48.07944,7.39444,41,missing,Colmar,7.8,2.7,55.4,"commune in Haut-Rhin, France",https://en.wikipedia.org/wiki/Horbourg-Wihr,wdq_box,2026-09-03
Hernani,Q1441329,43.26616,-1.97492,46,missing,San Sebastián,8.5,5.8,55.4,municipality of Spain,"https://en.wikipedia.org/wiki/Hernani,_Spain",wdq_box,2026-09-03
Creazzo,Q46735,45.53333,11.48333,49,missing,Vicenza,7.8,5.5,55.4,Italian comune,https://en.wikipedia.org/wiki/Creazzo,wdq_box,2026-09-03
Paladina,Q101350,45.72905,9.61349,50,missing,Bergamo (Città Alta),7.8,5.8,55.4,Italian comune,https://en.wikipedia.org/wiki/Paladina,wdq_box,2026-09-03
Charnoz-sur-Ain,Q728369,45.86417,5.2225,58,missing,Pérouges,6.9,6.2,55.4,"commune in Ain, France",https://en.wikipedia.org/wiki/Charnoz-sur-Ain,wdq_box,2026-09-03
Isola d'Asti,Q17816,44.83417,8.18139,54,missing,Asti,8.4,7.8,55.4,Italian comune,https://en.wikipedia.org/wiki/Isola_d%27Asti,wdq_box,2026-09-03
Saint-Menges,Q978427,49.73861,4.92611,45,missing,Sedan,7.8,4.2,55.4,"commune in Ardennes, France",https://en.wikipedia.org/wiki/Saint-Menges,wdq_box,2026-09-03
Calatafimi-Segesta,Q481594,37.9,12.85,54,missing,Calatafimi,5.7,2.0,55.4,Italian comune,https://en.wikipedia.org/wiki/Calatafimi-Segesta,wdq_box,2026-09-03
Argegno,Q244048,45.94333,9.12833,49,missing,Ossuccio,7.5,4.9,55.4,Italian comune,https://en.wikipedia.org/wiki/Argegno,wdq_box,2026-09-03
Llandudno Junction,Q3401123,53.28713,-3.8105,40,missing,Conwy,7.5,1.5,55.4,"osm place=town, pop 10658",,osm_pop,2026-09-03
Churriana de la Vega,Q24011383,37.14781,-3.64626,42,missing,Granada,9,5.3,55.4,"osm place=town, pop 16900",,osm_pop,2026-09-03
San Gregorio da Sassola,Q243364,41.91667,12.86667,55,missing,Tivoli,8,7.4,55.3,Italian comune,https://en.wikipedia.org/wiki/San_Gregorio_da_Sassola,wdq_box,2026-09-03
Martina Franca,Q52020,40.7,17.33333,60,missing,Locorotondo,6.7,6.2,55.3,"town and municipality in the province of Taranto, Apulia, Italy",https://en.wikipedia.org/wiki/Martina_Franca,wdq_box,2026-09-03
Fiumara,Q54610,38.21229,15.69532,49,missing,Scilla,7.4,4.7,55.3,Italian comune,https://en.wikipedia.org/wiki/Fiumara,wdq_box,2026-09-03
Marly-le-Roi,Q656505,48.86694,2.09417,43,missing,Louveciennes,7,1.6,55.3,"commune in Yvelines, France",https://en.wikipedia.org/wiki/Marly-le-Roi,wdq_box,2026-09-03
Ponderano,Q18147,45.52906,8.051,51,missing,Biella,6.7,3.8,55.3,Italian comune,https://en.wikipedia.org/wiki/Ponderano,wdq_box,2026-09-03
Pollone,Q18144,45.5807,8.007,53,missing,Biella,6.7,4.4,55.3,Italian comune,https://en.wikipedia.org/wiki/Pollone,wdq_box,2026-09-03
Friedberg,Q507194,48.3552,10.97865,45,missing,Augsburg,8.9,6.2,55.3,"osm place=town, pop 29081",,osm_pop,2026-09-03
Hampstead,Q25610,51.55653,-0.1783,47,missing,London (Stansted),8.7,6.5,55.3,"osm place=town, pop 48858",,osm_pop,2026-09-03
Falicon,Q867129,43.74889,7.27972,46,missing,Nice,8.4,5.7,55.2,"commune in Alpes-Maritimes, France",https://en.wikipedia.org/wiki/Falicon,wdq_box,2026-09-03
Les Angles,Q266880,43.95444,4.76667,41,missing,Avignon,8,3.2,55.2,"commune in Gard, France","https://en.wikipedia.org/wiki/Les_Angles,_Gard",wdq_box,2026-09-03
Beauvoir,Q1001692,48.59722,-1.50472,42,missing,Mont-Saint-Michel,8.4,4.4,55.2,"commune in Manche, France","https://en.wikipedia.org/wiki/Beauvoir,_Manche",wdq_box,2026-09-03
Santa Lucia di Piave,Q48170,45.85,12.28333,48,missing,Conegliano,7.4,4.5,55.2,Italian comune,https://en.wikipedia.org/wiki/Santa_Lucia_di_Piave,wdq_box,2026-09-03
Prad am Stilfserjoch,Q474174,46.61709,10.59166,52,missing,Glorenza,7.9,6.6,55.2,"municipality in South Tyrol, Italy",https://en.wikipedia.org/wiki/Prad_am_Stilfser_Joch,wdq_box,2026-09-03
Morcourt,Q869581,49.87639,3.32194,44,missing,Saint-Quentin,7.8,3.9,55.2,"commune in Aisne, France","https://en.wikipedia.org/wiki/Morcourt,_Aisne",wdq_box,2026-09-03
Rocca Pia,Q50133,41.93444,13.97778,49,missing,Pettorano sul Gizio,7.3,4.6,55.2,Italian comune,https://en.wikipedia.org/wiki/Rocca_Pia,wdq_box,2026-09-03
Chanteheux,Q990753,48.6,6.53056,44,missing,Lunéville,7.3,2.8,55.2,"commune in Meurthe-et-Moselle, France",https://en.wikipedia.org/wiki/Chanteheux,wdq_box,2026-09-03
Raħal Ġdid,Q846589,35.8718,14.50737,39,missing,Malta,8.4,3.1,55.2,"osm place=town, pop 7864",,osm_pop,2026-09-03
Floirac,Q199682,44.83639,-0.52583,41,missing,Bordeaux,8.5,4.2,55.1,"commune in Gironde, France","https://en.wikipedia.org/wiki/Floirac,_Gironde",wdq_box,2026-09-03
Villemoustaussou,Q1082490,43.25222,2.36472,43,missing,Carcassonne,8.3,4.6,55.1,"commune in Aude, France",https://en.wikipedia.org/wiki/Villemoustaussou,wdq_box,2026-09-03
Saint-Samson-sur-Rance,Q1012412,48.49139,-2.03083,45,missing,Dinan,7.7,4.1,55.1,"commune in Côtes-d'Armor, France",https://en.wikipedia.org/wiki/Saint-Samson-sur-Rance,wdq_box,2026-09-03
Bogliasco,Q266592,44.37824,9.06979,59,missing,Camogli,7.5,7.5,55.1,Italian comune,https://en.wikipedia.org/wiki/Bogliasco,wdq_box,2026-09-03
Saltrio,Q39916,45.87723,8.92462,52,missing,Morcote,6.8,4.4,55.1,Italian comune,https://en.wikipedia.org/wiki/Saltrio,wdq_box,2026-09-03
Île-d'Arz,Q71713,47.59,-2.80278,42,missing,Île-aux-Moines,7.8,3.2,55.1,"commune in Morbihan, France",https://en.wikipedia.org/wiki/%C3%8Ele-d%27Arz,wdq_box,2026-09-03
Fontaine,Q838235,45.19306,5.68472,54,missing,Saint-Martin-le-Vinoux,5.9,2.7,55.1,"commune in Isère, France","https://en.wikipedia.org/wiki/Fontaine,_Is%C3%A8re",wdq_box,2026-09-03
Beaumont,Q504948,45.75167,3.08306,43,missing,Clermont-Ferrand,7.6,3.1,55.1,"commune in Puy-de-Dôme, France","https://en.wikipedia.org/wiki/Beaumont,_Puy-de-D%C3%B4me",wdq_box,2026-09-03
Ribaute,Q1082119,43.10778,2.635,42,missing,Lagrasse,7.4,2.3,55.1,"commune in Aude, France",https://en.wikipedia.org/wiki/Ribaute,wdq_box,2026-09-03
Niedernai,Q21369,48.4475,7.51611,46,missing,Obernai,7.1,3.1,55.1,"commune in Bas-Rhin, France",https://en.wikipedia.org/wiki/Niedernai,wdq_box,2026-09-03
Freilassing,Q278352,47.84097,12.98239,42,missing,Salzburg,9.2,5.7,55.1,"osm place=town, pop 15890",,osm_pop,2026-09-03
Damme,Q323408,51.25,3.28333,43,missing,Bruges,9.2,6.1,55.0,"municipality in West Flanders, Belgium",https://en.wikipedia.org/wiki/Damme,wdq_box,2026-09-03
Cavallino,Q52130,40.3102,18.20221,50,missing,Lecce,7.4,5.1,55.0,Italian comune,https://en.wikipedia.org/wiki/Cavallino,wdq_box,2026-09-03
La Riche,Q661814,47.38917,0.66056,40,missing,Loire Valley (Tours),7.6,1.9,55.0,"commune in Indre-et-Loire, France",https://en.wikipedia.org/wiki/La_Riche,wdq_box,2026-09-03
Forza d'Agrò,Q496120,37.91472,15.33417,51,missing,Taormina,8.9,7.9,55.0,Italian comune,https://en.wikipedia.org/wiki/Forza_d%27Agr%C3%B2,wdq_box,2026-09-03
Chiesina Uzzanese,Q102578,43.83808,10.71609,54,missing,Montecatini-Terme,7.6,6.6,55.0,Italian comune,https://en.wikipedia.org/wiki/Chiesina_Uzzanese,wdq_box,2026-09-03
Masone,Q265311,44.50356,8.71195,50,missing,Campo Ligure,6.8,3.8,55.0,Italian comune,https://en.wikipedia.org/wiki/Masone,wdq_box,2026-09-03
Carema,Q9173,45.5833,7.81041,54,missing,Bard,7.2,5.9,55.0,Italian comune,https://en.wikipedia.org/wiki/Carema,wdq_box,2026-09-03
Dompierre-sur-Chalaronne,Q774184,46.14333,4.90444,56,missing,Châtillon-sur-Chalaronne,6.5,4.9,55.0,"commune in Ain, France",https://en.wikipedia.org/wiki/Dompierre-sur-Chalaronne,wdq_box,2026-09-03
Villanova,Q2526072,41.96354,12.75427,42,missing,Tivoli,8,3.6,55.0,"osm place=town, pop 15117",,osm_pop,2026-09-03
Is-Swieqi,Q220667,35.92363,14.46955,39,missing,San Ġiljan,7.8,1.9,55.0,"osm place=town, pop 7749",,osm_pop,2026-09-03
Pennautier,Q1083982,43.24583,2.31833,43,missing,Carcassonne,8.3,4.6,54.9,"commune in Aude, France",https://en.wikipedia.org/wiki/Pennautier,wdq_box,2026-09-03
Grandola ed Uniti,Q47600,46.05086,9.19554,48,missing,Lake Como,9.1,7.4,54.9,Italian comune,https://en.wikipedia.org/wiki/Grandola_ed_Uniti,wdq_box,2026-09-03
Bihorel,Q1113714,49.45472,1.11667,44,missing,Rouen,7.1,2.4,54.9,"commune in Seine-Maritime, France",https://en.wikipedia.org/wiki/Bihorel,wdq_box,2026-09-03
Villieu-Loyes-Mollon,Q783452,45.92056,5.22222,50,missing,Pérouges,6.9,4.1,54.9,"commune in Ain, France",https://en.wikipedia.org/wiki/Villieu-Loyes-Mollon,wdq_box,2026-09-03
Bolquère,Q1101891,42.50306,2.0775,41,missing,La Cabanasse,7.9,3.1,54.9,"commune in Pyrénées-Orientales, France",https://en.wikipedia.org/wiki/Bolqu%C3%A8re,wdq_box,2026-09-03
Casale di Scodosia,Q34354,45.18333,11.46667,49,missing,Montagnana,7.7,5.4,54.9,Italian comune,https://en.wikipedia.org/wiki/Casale_di_Scodosia,wdq_box,2026-09-03
Mondeville,Q372882,49.17389,-0.32111,45,missing,Caen,7.2,3.1,54.9,"commune in Calvados, France","https://en.wikipedia.org/wiki/Mondeville,_Calvados",wdq_box,2026-09-03
Alife,Q58433,41.33333,14.33333,51,missing,Castello del Matese,7.3,5.2,54.9,Italian comune,"https://en.wikipedia.org/wiki/Alife,_Campania",wdq_box,2026-09-03
Voorburg,Q809821,52.07032,4.35586,47,missing,The Hague,7,3.3,54.9,"osm place=town, pop 45945",,osm_pop,2026-09-03
Muri bei Bern,Q69765,46.92905,7.48709,41,missing,Bern,8.2,3.7,54.9,"osm place=town, pop 13712",,osm_pop,2026-09-03
Breña Baja,Q433986,28.64432,-17.77329,42,member_of,La Palma,7.5,2.6,54.8,municipality of Spain,https://en.wikipedia.org/wiki/Bre%C3%B1a_Baja,wdq_box,2026-09-03
Vendrogno,Q43075,46.03333,9.33333,46,missing,Lake Como,9.1,6.9,54.8,"parish and former municipality in Bellano, Italy",https://en.wikipedia.org/wiki/Vendrogno,wdq_box,2026-09-03
Hattstatt,Q325029,48.01111,7.3,43,missing,Eguisheim,7.8,3.6,54.8,"commune in Haut-Rhin, France",https://en.wikipedia.org/wiki/Hattstatt,wdq_box,2026-09-03
Scheveningen,Q837211,52.10806,4.27306,49,missing,The Hague,7,4.0,54.8,district of The Hague,https://en.wikipedia.org/wiki/Scheveningen,wdq_box,2026-09-03
Chazey-sur-Ain,Q838332,45.8925,5.25444,59,missing,Pérouges,6.9,6.5,54.8,"commune in Ain, France",https://en.wikipedia.org/wiki/Chazey-sur-Ain,wdq_box,2026-09-03
Torreano,Q53382,46.13333,13.43333,51,missing,Cividale del Friuli,6.6,3.7,54.8,Italian comune,https://en.wikipedia.org/wiki/Torreano,wdq_box,2026-09-03
Borgarello,Q39403,45.23333,9.13333,53,missing,Pavia,6.9,5.0,54.8,Italian comune,https://en.wikipedia.org/wiki/Borgarello,wdq_box,2026-09-03
Apollosa,Q55849,41.1,14.7,52,missing,Montesarchio,7.8,6.5,54.8,Italian comune,https://en.wikipedia.org/wiki/Apollosa,wdq_box,2026-09-03
Proville,Q1063629,50.16139,3.20583,42,missing,Cambrai,7.5,2.6,54.8,"commune in Nord, France",https://en.wikipedia.org/wiki/Proville,wdq_box,2026-09-03
Fabras,Q250579,44.65,4.28972,43,missing,Jaujac,7.5,3.0,54.8,"commune in Ardèche, France",https://en.wikipedia.org/wiki/Fabras,wdq_box,2026-09-03
Perloz,Q35264,45.61667,7.81667,53,missing,Bard,7.2,5.6,54.8,Italian municipality in the Aosta Valley,https://en.wikipedia.org/wiki/Perloz,wdq_box,2026-09-03
Gorbio,Q162301,43.78667,7.445,48,missing,Menton,7.4,4.6,54.7,"commune in Alpes-Maritimes, France",https://en.wikipedia.org/wiki/Gorbio,wdq_box,2026-09-03
La Gaude,Q429102,43.72194,7.15306,44,missing,Saint-Paul-de-Vence,7.6,3.6,54.7,"commune in Alpes-Maritimes, France",https://en.wikipedia.org/wiki/La_Gaude,wdq_box,2026-09-03
Valbrembo,Q101702,45.71889,9.60944,48,missing,Bergamo (Città Alta),7.8,5.4,54.7,Italian comune,https://en.wikipedia.org/wiki/Valbrembo,wdq_box,2026-09-03
Silea,Q47046,45.65472,12.29667,49,missing,Treviso,7.2,4.5,54.7,Italian comune,https://en.wikipedia.org/wiki/Silea,wdq_box,2026-09-03
Cevo,Q103995,46.08222,10.36944,50,missing,Capo di Ponte,7.9,6.2,54.7,Italian comune,https://en.wikipedia.org/wiki/Cevo,wdq_box,2026-09-03
Quiliano,Q271174,44.29311,8.41031,50,missing,Savona,7.6,5.6,54.7,Italian comune,https://en.wikipedia.org/wiki/Quiliano,wdq_box,2026-09-03
Relevant,Q966793,46.09028,4.94944,50,missing,Châtillon-sur-Chalaronne,6.5,3.2,54.7,"commune in Ain, France","https://en.wikipedia.org/wiki/Relevant,_Ain",wdq_box,2026-09-03
Illy,Q1088644,49.73583,4.96139,44,missing,Sedan,7.8,4.1,54.7,"commune in Ardennes, France","https://en.wikipedia.org/wiki/Illy,_Ardennes",wdq_box,2026-09-03
Vione,Q112215,46.24808,10.44842,49,missing,Ponte di Legno,7.4,4.9,54.7,Italian comune,https://en.wikipedia.org/wiki/Vione,wdq_box,2026-09-03
Fiumicello,Q53259,45.79202,13.40964,46,missing,Aquileia,7.5,4.2,54.6,Italian hamlet of the municipality of Fiumicello Villa Vicentina,https://en.wikipedia.org/wiki/Fiumicello,wdq_box,2026-09-03
De Bilt,Q10035,52.1119,5.1825,46,missing,Utrecht,7.8,4.8,54.6,municipality in the Netherlands,https://en.wikipedia.org/wiki/De_Bilt,wdq_box,2026-09-03
Peillon,Q327669,43.76861,7.36722,47,missing,Èze,7.5,4.5,54.6,"commune in Alpes-Maritimes, France",https://en.wikipedia.org/wiki/Peillon,wdq_box,2026-09-03
Alblasserdam,Q736131,51.86667,4.66667,46,missing,Kinderdijk,6.8,2.5,54.6,"town and municipality in South Holland, the Netherlands",https://en.wikipedia.org/wiki/Alblasserdam,wdq_box,2026-09-03
Leiderdorp,Q1000817,52.16167,4.52833,45,missing,Leiden,6.8,2.1,54.6,"town and municipality in South Holland, Netherlands",https://en.wikipedia.org/wiki/Leiderdorp,wdq_box,2026-09-03
Barneville-la-Bertran,Q843128,49.38861,0.18778,49,missing,Honfleur,7.3,4.7,54.6,"commune in Calvados, France",https://en.wikipedia.org/wiki/Barneville-la-Bertran,wdq_box,2026-09-03
Bonsecours,Q1113442,49.42778,1.12778,46,missing,Rouen,7.1,3.3,54.6,"commune in Seine-Maritime, France",https://en.wikipedia.org/wiki/Bonsecours,wdq_box,2026-09-03
Le Crotoy,Q61816,50.21583,1.625,45,missing,Baie de Somme,6.6,1.6,54.6,"commune in Somme, France",https://en.wikipedia.org/wiki/Le_Crotoy,wdq_box,2026-09-03
Couvrelles,Q550461,49.33833,3.48778,48,missing,Braine,6.8,3.3,54.6,"commune in Aisne, France",https://en.wikipedia.org/wiki/Couvrelles,wdq_box,2026-09-03
Mödling,Q277965,48.08559,16.28335,43,missing,Hinterbrühl,7.3,2.6,54.6,"osm place=town, pop 20619",,osm_pop,2026-09-03
Evere,Q321718,50.87194,4.40333,47,missing,Brussels,7.5,4.5,54.5,"municipality in the Brussels-Capital Region, Belgium",https://en.wikipedia.org/wiki/Evere,wdq_box,2026-09-03
Basauri,Q765496,43.23667,-2.89,49,missing,Bilbao,7.3,4.8,54.5,"municipality in Basque Country, Spain",https://en.wikipedia.org/wiki/Basauri,wdq_box,2026-09-03
Attard,Q44557,35.9,14.45,44,missing,San Ġiljan,7.8,4.1,54.5,town in Malta,https://en.wikipedia.org/wiki/Attard,wdq_box,2026-09-03
Pasaia,Q847127,43.32639,-1.91917,43,missing,San Sebastián,8.5,5.1,54.5,"municipality in Basque Country, Spain",https://en.wikipedia.org/wiki/Pasaia,wdq_box,2026-09-03
Almè,Q95065,45.73694,9.61528,51,missing,Bergamo (Città Alta),7.8,6.3,54.5,Italian comune,https://en.wikipedia.org/wiki/Alm%C3%A8,wdq_box,2026-09-03
Batz-sur-Mer,Q1001582,47.2775,-2.48027,46,missing,Le Croisic,7.1,3.3,54.5,"commune in Loire-Atlantique, France",https://en.wikipedia.org/wiki/Batz-sur-Mer,wdq_box,2026-09-03
Marcellina,Q242917,42.02361,12.80694,53,missing,Tivoli,8,7.1,54.5,Italian comune,https://en.wikipedia.org/wiki/Marcellina_(municipality),wdq_box,2026-09-03
Camporosso,Q268268,43.81513,7.62843,52,missing,Bordighera,6.9,4.8,54.5,Italian comune,https://en.wikipedia.org/wiki/Camporosso,wdq_box,2026-09-03
Villanova d'Albenga,Q271381,44.04601,8.14313,48,missing,Alassio,7.6,5.1,54.5,Italian comune,https://en.wikipedia.org/wiki/Villanova_d%27Albenga,wdq_box,2026-09-03
Charnois,Q1021564,50.10722,4.82917,47,missing,Givet,7,3.4,54.5,"commune in Ardennes, France",https://en.wikipedia.org/wiki/Charnois,wdq_box,2026-09-03
Limé,Q871531,49.32167,3.54806,46,missing,Braine,6.8,2.6,54.5,"commune in Aisne, France",https://en.wikipedia.org/wiki/Lim%C3%A9,wdq_box,2026-09-03
Équemauville,Q1016469,49.39306,0.20889,45,missing,Honfleur,7.3,3.4,54.4,"commune in Calvados, France",https://en.wikipedia.org/wiki/%C3%89quemauville,wdq_box,2026-09-03
Orschwiller,Q21438,48.24139,7.3825,45,missing,Château du Haut-Koenigsbourg,7.1,3.0,54.4,"commune in Bas-Rhin, France",https://en.wikipedia.org/wiki/Orschwiller,wdq_box,2026-09-03
Vaucelles,Q210361,49.28556,-0.73583,45,missing,Bayeux,6.9,2.5,54.4,"commune in Calvados, France",https://en.wikipedia.org/wiki/Vaucelles,wdq_box,2026-09-03
Bangor,Q63150,47.315,-3.18861,44,member_of,Belle-Île-en-Mer,6.9,2.1,54.4,"commune in Morbihan, France","https://en.wikipedia.org/wiki/Bangor,_Morbihan",wdq_box,2026-09-03
Herstal,Q211033,50.6644,5.63,46,missing,Liège,8.2,5.6,54.4,"city in Wallonia, Belgium",https://en.wikipedia.org/wiki/Herstal,wdq_box,2026-09-03
Oulchy-la-Ville,Q869933,49.21333,3.34972,45,missing,Oulchy-le-Château,6.6,1.7,54.4,"commune in Aisne, France",https://en.wikipedia.org/wiki/Oulchy-la-Ville,wdq_box,2026-09-03
Bassens,Q654194,45.58111,5.94083,42,missing,Chambéry,7.3,2.3,54.4,"commune in Savoie, France","https://en.wikipedia.org/wiki/Bassens,_Savoie",wdq_box,2026-09-03
Galliate Lombardo,Q40804,45.78333,8.76667,51,missing,Varese,7.7,6.1,54.4,Italian comune,https://en.wikipedia.org/wiki/Galliate_Lombardo,wdq_box,2026-09-03
Pigra,Q47618,45.96555,9.12511,46,missing,Ossuccio,7.5,4.2,54.4,Italian comune,https://en.wikipedia.org/wiki/Pigra,wdq_box,2026-09-03
Forest,Q72946,50.81167,4.31806,47,missing,Brussels,7.5,4.6,54.3,"municipality in the Brussels-Capital Region, Belgium","https://en.wikipedia.org/wiki/Forest,_Belgium",wdq_box,2026-09-03
Tegueste,Q985603,28.52326,-16.34076,41,missing,Tenerife North,8.5,4.4,54.3,municipality of Spain,https://en.wikipedia.org/wiki/Tegueste,wdq_box,2026-09-03
Peristeri,Q652895,38.01667,23.68333,45,missing,Athens,8.5,5.8,54.3,"suburb of Athens, Greece",https://en.wikipedia.org/wiki/Peristeri,wdq_box,2026-09-03
Plogonnec,Q471129,48.07778,-4.19444,46,missing,Locronan,6.8,2.6,54.3,"commune in Finistère, France",https://en.wikipedia.org/wiki/Plogonnec,wdq_box,2026-09-03
Invorio,Q22472,45.75,8.48333,56,missing,Orta San Giulio,7.7,7.4,54.3,Italian comune,https://en.wikipedia.org/wiki/Invorio,wdq_box,2026-09-03
Campomaggiore,Q52547,40.5659,16.0725,48,missing,Castelmezzano,7.3,4.5,54.3,Italian comune,https://en.wikipedia.org/wiki/Campomaggiore,wdq_box,2026-09-03
Pollein,Q35275,45.728,7.357,55,missing,Aosta,5.9,3.3,54.3,Italian municipality in the Aosta Valley,https://en.wikipedia.org/wiki/Pollein,wdq_box,2026-09-03
Paolisi,Q55944,41.03333,14.58333,49,missing,Montesarchio,7.8,5.8,54.3,Italian comune,https://en.wikipedia.org/wiki/Paolisi,wdq_box,2026-09-03
Aiello del Friuli,Q53212,45.86667,13.36667,53,missing,Palmanova,7.4,6.1,54.3,Italian comune,https://en.wikipedia.org/wiki/Aiello_del_Friuli,wdq_box,2026-09-03
Vila-seca,Q508754,41.11093,1.14496,43,missing,Salou,7.8,3.8,54.3,"osm place=town, pop 18913",,osm_pop,2026-09-03
Brenzone sul Garda,Q46732,45.7,10.76667,55,member_of,Lake Garda,8.1,7.8,54.2,Italian comune,https://en.wikipedia.org/wiki/Brenzone_sul_Garda,wdq_box,2026-09-03
Polignac,Q664024,45.06972,3.85944,42,missing,Le Puy-en-Velay,7.8,3.4,54.2,"commune in Haute-Loire, France","https://en.wikipedia.org/wiki/Polignac,_Haute-Loire",wdq_box,2026-09-03
Lana,Q420235,46.61602,11.14486,54,missing,Merano,7.1,5.9,54.2,"municipality in South Tyrol, Italy","https://en.wikipedia.org/wiki/Lana,_South_Tyrol",wdq_box,2026-09-03
Rubiana,Q10246,45.13795,7.38483,55,missing,Sacra di San Michele,6.8,5.5,54.2,Italian comune,https://en.wikipedia.org/wiki/Rubiana,wdq_box,2026-09-03
San Polo dei Cavalieri,Q243371,42.01667,12.83333,52,missing,Tivoli,8,7.0,54.2,Italian comune,https://en.wikipedia.org/wiki/San_Polo_dei_Cavalieri,wdq_box,2026-09-03
Carapelle Calvisio,Q50069,42.30028,13.68556,50,member_of,Rocca Calascio,6.5,3.3,54.2,Italian comune,https://en.wikipedia.org/wiki/Carapelle_Calvisio,wdq_box,2026-09-03
Breny,Q864481,49.18556,3.35306,47,missing,Oulchy-le-Château,6.6,2.5,54.2,"commune in Aisne, France",https://en.wikipedia.org/wiki/Breny,wdq_box,2026-09-03
Colombelles,Q662396,49.20417,-0.29722,50,missing,Caen,7.2,4.9,54.2,"commune in Calvados, France",https://en.wikipedia.org/wiki/Colombelles,wdq_box,2026-09-03
Cognin,Q694794,45.56194,5.89722,41,missing,Chambéry,7.3,1.9,54.2,"commune in Savoie, France",https://en.wikipedia.org/wiki/Cognin,wdq_box,2026-09-03
Rancennes,Q1084865,50.11694,4.81778,44,missing,Givet,7,2.4,54.2,"commune in Ardennes, France",https://en.wikipedia.org/wiki/Rancennes,wdq_box,2026-09-03
La Moncelle,Q722625,49.68889,4.98972,43,missing,Sedan,7.8,3.8,54.2,"former commune in Ardennes, France",https://en.wikipedia.org/wiki/La_Moncelle,wdq_box,2026-09-03
Neuville-Saint-Amand,Q762683,49.82583,3.33389,44,missing,Saint-Quentin,7.8,4.2,54.2,"commune in Aisne, France",https://en.wikipedia.org/wiki/Neuville-Saint-Amand,wdq_box,2026-09-03
Trélou-sur-Marne,Q845910,49.07694,3.60694,45,missing,Dormans,6.8,2.3,54.2,"commune in Aisne, France",https://en.wikipedia.org/wiki/Tr%C3%A9lou-sur-Marne,wdq_box,2026-09-03
Esplugues de Llobregat,Q15621,41.37781,2.08863,47,missing,Barcelona,9.5,7.9,54.2,"osm place=town, pop 48424",,osm_pop,2026-09-03
Monticello Conte Otto,Q48234,45.6,11.58333,50,missing,Vicenza,7.8,6.1,54.1,Italian comune,https://en.wikipedia.org/wiki/Monticello_Conte_Otto,wdq_box,2026-09-03
Dalmine,Q101028,45.65,9.6,55,missing,Bergamo (Città Alta),7.8,7.4,54.1,Italian comune,https://en.wikipedia.org/wiki/Dalmine,wdq_box,2026-09-03
Argilliers,Q273912,43.97972,4.49528,42,missing,Pont du Gard,8.5,4.8,54.1,"commune in Gard, France",https://en.wikipedia.org/wiki/Argilliers,wdq_box,2026-09-03
Plonévez-Porzay,Q471095,48.12556,-4.22194,47,missing,Locronan,6.8,3.1,54.1,"commune in Finistère, France",https://en.wikipedia.org/wiki/Plon%C3%A9vez-Porzay,wdq_box,2026-09-03
Mezzana,Q295374,46.31667,10.8,52,member_of,Ossana,6.9,4.9,54.1,Italian comune,"https://en.wikipedia.org/wiki/Mezzana,_Trentino",wdq_box,2026-09-03
Villanovafranca,Q288502,39.6439,9.0033,62,missing,Su Nuraxi (Barumini),6.7,7.0,54.1,Italian comune,https://en.wikipedia.org/wiki/Villanovafranca,wdq_box,2026-09-03
San Leucio del Sannio,Q55959,41.08333,14.76667,48,missing,Benevento,7.7,5.4,54.1,Italian comune,https://en.wikipedia.org/wiki/San_Leucio_del_Sannio,wdq_box,2026-09-03
Vigliano d'Asti,Q17880,44.835,8.23028,52,missing,Asti,8.4,7.6,54.1,Italian comune,https://en.wikipedia.org/wiki/Vigliano_d%27Asti,wdq_box,2026-09-03
Brunello,Q40954,45.76583,8.79639,52,missing,Varese,7.7,6.5,54.1,"comune in Lombardy, Italy","https://en.wikipedia.org/wiki/Brunello,_Lombardy",wdq_box,2026-09-03
Ottrott,Q22434,48.45778,7.42556,48,missing,Obernai,7.1,4.1,54.1,"commune in Bas-Rhin, France",https://en.wikipedia.org/wiki/Ottrott,wdq_box,2026-09-03
Fermentões,Q1023204,41.45656,-8.31568,38,missing,Guimaraes,8.1,2.4,54.1,"osm place=village, pop 5739",,osm_pop,2026-09-03
Casandrino,Q71945,40.93333,14.25,52,missing,Naples,8.9,8.3,54.0,Italian comune,https://en.wikipedia.org/wiki/Casandrino,wdq_box,2026-09-03
Marsala,Q481514,37.79806,12.43417,90,member_of,Trapani,6,26.0,54.0,Italian comune in Sicily,https://en.wikipedia.org/wiki/Marsala,wdq_box,2026-09-03
Herrlisheim-près-Colmar,Q381549,48.01889,7.32611,41,missing,Eguisheim,7.8,3.1,54.0,"commune in Haut-Rhin, France",https://en.wikipedia.org/wiki/Herrlisheim-pr%C3%A8s-Colmar,wdq_box,2026-09-03
Wintzenheim,Q495481,48.07306,7.29,42,missing,Eguisheim,7.8,3.5,54.0,"commune in Haut-Rhin, France",https://en.wikipedia.org/wiki/Wintzenheim,wdq_box,2026-09-03
Oberhausbergen,Q21511,48.60667,7.68528,47,missing,Strasbourg,8.3,6.2,54.0,"commune in Bas-Rhin, France",https://en.wikipedia.org/wiki/Oberhausbergen,wdq_box,2026-09-03
Alba,Q18341,44.69154,8.02564,73,member_of,Langhe (Barolo & Alba),7.4,10.1,54.0,Italian comune,"https://en.wikipedia.org/wiki/Alba,_Piedmont",wdq_box,2026-09-03
Hillegom,Q932116,52.29167,4.57944,44,missing,Keukenhof (Lisse),7.3,3.2,54.0,"village and municipality in South Holland, the Netherlands",https://en.wikipedia.org/wiki/Hillegom,wdq_box,2026-09-03
Puerto Real,Q846159,36.52917,-6.19194,48,missing,San Fernando,8,5.9,54.0,"municipality in the Cadiz province, Spain",https://en.wikipedia.org/wiki/Puerto_Real,wdq_box,2026-09-03
Escaudœuvres,Q630749,50.19278,3.265,42,missing,Cambrai,7.5,2.9,54.0,"commune in Nord, France",https://en.wikipedia.org/wiki/Escaud%C5%93uvres,wdq_box,2026-09-03
Břeclav,Q581478,48.75899,16.88202,54,missing,Lednice,7.9,7.3,54.0,town in the Czech Republic,https://en.wikipedia.org/wiki/B%C5%99eclav,wdq_box,2026-09-03
Bevilacqua,Q47479,45.23333,11.4,47,missing,Montagnana,7.7,5.1,54.0,Italian comune,https://en.wikipedia.org/wiki/Bevilacqua,wdq_box,2026-09-03
Courmes,Q778769,43.7425,7.00889,46,missing,Le Bar-sur-Loup,7.9,5.2,54.0,"commune in Alpes-Maritimes, France",https://en.wikipedia.org/wiki/Courmes,wdq_box,2026-09-03
Wageningen,Q1305,51.96444,5.66306,60,missing,Achterberg,6.1,5.3,54.0,"city and municipality in Gelderland, the Netherlands",https://en.wikipedia.org/wiki/Wageningen,wdq_box,2026-09-03
Lewisham,Q6537297,51.46243,-0.01018,50,missing,Bromley,8,6.5,54.0,"osm place=town, pop 96224",,osm_pop,2026-09-03
Ružomberok,Q27541,49.07861,19.30833,59,member_of,Vlkolínec,6,4.8,53.9,town in Slovakia,https://en.wikipedia.org/wiki/Ru%C5%BEomberok,wdq_box,2026-09-03
Quévert,Q665253,48.46361,-2.08722,41,missing,Dinan,7.7,2.9,53.9,"commune in Côtes-d'Armor, France",https://en.wikipedia.org/wiki/Qu%C3%A9vert,wdq_box,2026-09-03
San Biagio della Cima,Q248807,43.81859,7.64965,50,missing,Bordighera,6.9,4.4,53.9,Italian comune,https://en.wikipedia.org/wiki/San_Biagio_della_Cima,wdq_box,2026-09-03
Vallebona,Q269885,43.81401,7.66659,48,missing,Bordighera,6.9,3.7,53.9,Italian comune,https://en.wikipedia.org/wiki/Vallebona,wdq_box,2026-09-03
Berzo Demo,Q103528,46.09389,10.33444,53,missing,Capo di Ponte,7.9,7.1,53.9,Italian comune,https://en.wikipedia.org/wiki/Berzo_Demo,wdq_box,2026-09-03
Rezé,Q326453,47.18139,-1.54972,56,missing,Nantes,6,4.0,53.8,"commune in Loire-Atlantique, France",https://en.wikipedia.org/wiki/Rez%C3%A9,wdq_box,2026-09-03
La Zubia,Q619692,37.12056,-3.585,44,missing,Granada,9,6.4,53.8,municipality of Spain,https://en.wikipedia.org/wiki/La_Zubia,wdq_box,2026-09-03
Massino Visconti,Q22493,45.81667,8.53333,53,missing,Lago Maggiore (Stresa),8.1,7.5,53.8,Italian comune,https://en.wikipedia.org/wiki/Massino_Visconti,wdq_box,2026-09-03
Barbeville,Q740530,49.27472,-0.74917,47,missing,Bayeux,6.9,3.4,53.8,"commune in Calvados, France",https://en.wikipedia.org/wiki/Barbeville,wdq_box,2026-09-03
Arcugnano,Q46864,45.50042,11.53534,48,missing,Vicenza,7.8,5.6,53.8,Italian comune,https://en.wikipedia.org/wiki/Arcugnano,wdq_box,2026-09-03
Morgex,Q35226,45.75,7.03333,54,missing,Courmayeur,7.3,6.4,53.8,Italian municipality in the Aosta Valley,https://en.wikipedia.org/wiki/Morgex,wdq_box,2026-09-03
Huércal de Almería,Q5277,36.88237,-2.44075,46,missing,Almería,7.9,5.2,53.8,"municipality of Almería province, Spain",https://en.wikipedia.org/wiki/Hu%C3%A9rcal_de_Almer%C3%ADa,wdq_box,2026-09-03
Rocca Canterano,Q243207,41.95,13.01667,54,missing,Subiaco,7.4,6.5,53.8,Italian comune,https://en.wikipedia.org/wiki/Rocca_Canterano,wdq_box,2026-09-03
Celico,Q53858,39.37295,16.42398,49,missing,Camigliatello Silano,6.8,3.9,53.8,Italian comune,https://en.wikipedia.org/wiki/Celico,wdq_box,2026-09-03
Alboraia / Alboraya,Q987383,39.50101,-0.34996,43,missing,Valencia,7.8,3.9,53.8,"osm place=town, pop 17806",,osm_pop,2026-09-03
Casalnuovo di Napoli,Q71917,40.91667,14.35,59,missing,Naples,8.9,9.8,53.7,Italian comune,https://en.wikipedia.org/wiki/Casalnuovo_di_Napoli,wdq_box,2026-09-03
Drap,Q1089758,43.755,7.32139,46,missing,Èze,7.5,4.4,53.7,"commune in Alpes-Maritimes, France",https://en.wikipedia.org/wiki/Drap,wdq_box,2026-09-03
Capileira,Q555140,36.96139,-3.35861,47,missing,Alpujarras (Pampaneira),6.8,3.2,53.7,municipality of Spain,https://en.wikipedia.org/wiki/Capileira,wdq_box,2026-09-03
Cornegliano Laudense,Q42382,45.28722,9.48889,50,missing,Lodi,6.2,2.7,53.7,Italian comune,https://en.wikipedia.org/wiki/Cornegliano_Laudense,wdq_box,2026-09-03
Saint-Germain-la-Blanche-Herbe,Q373245,49.18972,-0.41083,46,missing,Caen,7.2,3.8,53.7,"commune in Calvados, France",https://en.wikipedia.org/wiki/Saint-Germain-la-Blanche-Herbe,wdq_box,2026-09-03
Noisy-le-Sec,Q370224,48.88978,2.45161,47,missing,Paris (CDG),9.6,8.1,53.7,"osm place=town, pop 46094",,osm_pop,2026-09-03
Santa Marta de Tormes,Q1648843,40.94921,-5.63062,42,missing,Salamanca,7.8,3.6,53.7,"osm place=town, pop 14949",,osm_pop,2026-09-03
Cantaron,Q845711,43.76167,7.31861,48,missing,Èze,7.5,5.1,53.6,"commune in Alpes-Maritimes, France",https://en.wikipedia.org/wiki/Cantaron,wdq_box,2026-09-03
Ammerschwihr,Q325508,48.12556,7.28194,44,missing,Riquewihr,8,4.8,53.6,"commune in Haut-Rhin, France",https://en.wikipedia.org/wiki/Ammerschwihr,wdq_box,2026-09-03
Kintzheim,Q21432,48.25444,7.39667,47,missing,Château du Haut-Koenigsbourg,7.1,3.9,53.6,"commune in Bas-Rhin, France",https://en.wikipedia.org/wiki/Kintzheim,wdq_box,2026-09-03
Riffian,Q474654,46.70364,11.18144,48,missing,Merano,7.1,4.3,53.6,"municipality in South Tyrol, Italy","https://en.wikipedia.org/wiki/Riffian,_South_Tyrol",wdq_box,2026-09-03
Lavagna,Q266794,44.31215,9.34171,58,missing,Sestri Levante,6.9,6.6,53.6,Italian comune,https://en.wikipedia.org/wiki/Lavagna,wdq_box,2026-09-03
San Mauro Pascoli,Q99954,44.1,12.41667,52,missing,Bellaria-Igea Marina,7.6,6.4,53.6,Italian comune,https://en.wikipedia.org/wiki/San_Mauro_Pascoli,wdq_box,2026-09-03
Bucciano,Q55857,41.07756,14.56898,50,missing,Montesarchio,7.8,6.3,53.6,Italian comune,https://en.wikipedia.org/wiki/Bucciano,wdq_box,2026-09-03
Serramezzana,Q81687,40.25,15.01667,49,missing,Castellabate,7.9,6.2,53.6,Italian comune,https://en.wikipedia.org/wiki/Serramezzana,wdq_box,2026-09-03
Fréthun,Q1031443,50.91694,1.82472,46,missing,Calais,7.5,4.5,53.6,"commune in Pas-de-Calais, France",https://en.wikipedia.org/wiki/Fr%C3%A9thun,wdq_box,2026-09-03
Bron,Q1291,45.73375,4.90924,46,missing,Lyon,7.8,5.1,53.6,"osm place=town, pop 43049",,osm_pop,2026-09-03
La Courneuve,Q244725,48.92672,2.38961,47,missing,Paris (CDG),9.6,8.1,53.6,"osm place=town, pop 47160",,osm_pop,2026-09-03
Urgezes,Q1022859,41.42647,-8.29641,37,missing,Guimaraes,8.1,2.1,53.6,"osm place=village, pop 5259",,osm_pop,2026-09-03
Impruneta,Q82712,43.68543,11.25439,56,missing,Florence,9.1,9.5,53.5,Italian comune,https://en.wikipedia.org/wiki/Impruneta,wdq_box,2026-09-03
Mittelhausbergen,Q22684,48.61417,7.69278,47,missing,Strasbourg,8.3,6.3,53.5,"commune in Bas-Rhin, France",https://en.wikipedia.org/wiki/Mittelhausbergen,wdq_box,2026-09-03
Marzio,Q39772,45.93708,8.86083,52,missing,Morcote,6.8,4.9,53.5,Italian comune,https://en.wikipedia.org/wiki/Marzio,wdq_box,2026-09-03
Camon,Q683645,49.88694,2.34583,43,missing,Amiens,7.5,3.4,53.5,"commune in Somme, France","https://en.wikipedia.org/wiki/Camon,_Somme",wdq_box,2026-09-03
Cassaro,Q489885,37.1,14.95,52,missing,Palazzolo Acreide,7.2,5.7,53.5,Italian comune,"https://en.wikipedia.org/wiki/Cassaro,_Sicily",wdq_box,2026-09-03
Gressan,Q35070,45.71667,7.28333,55,missing,Aosta,5.9,3.5,53.5,Italian municipality in the Aosta Valley,https://en.wikipedia.org/wiki/Gressan,wdq_box,2026-09-03
Atapuerca,Q753459,42.37667,-3.50917,48,missing,Ibeas de Juarros,7.7,5.5,53.5,municipality of Spain,"https://en.wikipedia.org/wiki/Atapuerca,_Province_of_Burgos",wdq_box,2026-09-03
Kaštel Sućurac,Q80922,43.54713,16.42692,38,missing,Split,9,4.4,53.5,"osm place=village, pop 6544",,osm_pop,2026-09-03
Nacka,Q13383459,59.30995,18.1677,49,missing,Stockholm (Arlanda),7.8,6.0,53.5,"osm place=town, pop 88085",,osm_pop,2026-09-03
Scanzorosciate,Q101563,45.71139,9.73583,47,missing,Bergamo (Città Alta),7.8,5.4,53.4,Italian comune,https://en.wikipedia.org/wiki/Scanzorosciate,wdq_box,2026-09-03
La Thuile,Q35188,45.716,6.95,59,missing,Courmayeur,7.3,7.6,53.4,Italian municipality in the Aosta Valley,"https://en.wikipedia.org/wiki/La_Thuile,_Aosta_Valley",wdq_box,2026-09-03
Coazze,Q9298,45.05219,7.2979,57,missing,Sacra di San Michele,6.8,6.2,53.4,Italian comune,https://en.wikipedia.org/wiki/Coazze,wdq_box,2026-09-03
Fontevraud-l'Abbaye,Q632276,47.18222,0.04972,44,missing,Montsoreau,7.5,3.8,53.4,"commune in Maine-et-Loire, France",https://en.wikipedia.org/wiki/Fontevraud-l%27Abbaye,wdq_box,2026-09-03
Bellegra,Q241780,41.88333,13.03333,54,missing,Subiaco,7.4,6.6,53.4,Italian comune,https://en.wikipedia.org/wiki/Bellegra,wdq_box,2026-09-03
Labico,Q242779,41.78333,12.88333,52,missing,Castel San Pietro Romano,7.9,7.0,53.4,Italian comune,https://en.wikipedia.org/wiki/Labico,wdq_box,2026-09-03
Laureana Cilento,Q80997,40.3,15.03333,51,missing,Castellabate,7.9,6.7,53.4,Italian comune,https://en.wikipedia.org/wiki/Laureana_Cilento,wdq_box,2026-09-03
Trivignano Udinese,Q53388,45.95,13.33333,49,missing,Palmanova,7.4,5.3,53.4,Italian comune,https://en.wikipedia.org/wiki/Trivignano_Udinese,wdq_box,2026-09-03
Kuurne,Q731501,50.85229,3.28647,41,missing,Kortrijk,7.7,3.1,53.4,"osm place=town, pop 12650",,osm_pop,2026-09-03
Sceaux,Q370498,48.77861,2.29056,55,missing,Paris (CDG),9.6,9.9,53.3,"commune in Hauts-de-Seine, France","https://en.wikipedia.org/wiki/Sceaux,_Hauts-de-Seine",wdq_box,2026-09-03
La Chapelle-Saint-Luc,Q383396,48.31194,4.04444,48,missing,Troyes,6.5,2.9,53.3,"commune in Aube, France",https://en.wikipedia.org/wiki/La_Chapelle-Saint-Luc,wdq_box,2026-09-03
La Taha,Q618383,36.93611,-3.32556,44,missing,Alpujarras (Pampaneira),6.8,2.2,53.3,municipality of Spain,https://en.wikipedia.org/wiki/La_Taha,wdq_box,2026-09-03
Opi,Q50114,41.77778,13.83,50,missing,Pescasseroli,6.9,4.6,53.3,Italian comune,"https://en.wikipedia.org/wiki/Opi,_Abruzzo",wdq_box,2026-09-03
Wailly,Q1022324,50.24639,2.72222,45,missing,Achicourt,7.4,4.0,53.3,"commune in Pas-de-Calais, France",https://en.wikipedia.org/wiki/Wailly,wdq_box,2026-09-03
Vermiglio,Q327731,46.3,10.68333,49,missing,Ossana,6.9,4.2,53.3,Italian comune,https://en.wikipedia.org/wiki/Vermiglio,wdq_box,2026-09-03
Airola,Q55798,41.05871,14.55924,52,missing,Montesarchio,7.8,6.9,53.3,Italian comune,https://en.wikipedia.org/wiki/Airola,wdq_box,2026-09-03
Bicinicco,Q53226,45.93333,13.25,50,missing,Palmanova,7.4,5.6,53.3,Italian comune,https://en.wikipedia.org/wiki/Bicinicco,wdq_box,2026-09-03
Heule,Q3110823,50.84332,3.23486,40,missing,Kortrijk,7.7,2.7,53.3,"osm place=village, pop 10503",,osm_pop,2026-09-03
Selvazzano Dentro,Q34588,45.38977,11.78587,51,missing,Padua,8.1,7.1,53.2,Italian comune,https://en.wikipedia.org/wiki/Selvazzano_Dentro,wdq_box,2026-09-03
Ussaramanna,Q288412,39.69177,8.90862,62,missing,Su Nuraxi (Barumini),6.7,7.2,53.2,Italian comune,https://en.wikipedia.org/wiki/Ussaramanna,wdq_box,2026-09-03
Alfoz de Quintanadueñas,Q1447986,42.38333,-3.73333,44,missing,Burgos,7.7,4.3,53.2,municipality of Spain,https://en.wikipedia.org/wiki/Alfoz_de_Quintanadue%C3%B1as,wdq_box,2026-09-03
Ontígola,Q1610123,40.00556,-3.57306,40,missing,Aranjuez,8.2,3.8,53.2,municipality of Spain,https://en.wikipedia.org/wiki/Ont%C3%ADgola,wdq_box,2026-09-03
Králův Dvůr,Q1790512,49.94752,14.03954,40,missing,Beroun,7.8,2.9,53.2,"osm place=town, pop 9995",,osm_pop,2026-09-03
Νέα Αλικαρνασσός,Q1021602,35.34209,25.15791,41,missing,Heraklion (Crete),7.3,2.2,53.2,"osm place=town, pop 12925",,osm_pop,2026-09-03
Madalena,Q1883167,41.10633,-8.64295,40,missing,Porto,9.1,5.4,53.2,"osm place=town, pop 10040",,osm_pop,2026-09-03
Grumo Nevano,Q72130,40.93573,14.26036,52,missing,Naples,8.9,8.5,53.1,Italian comune,https://en.wikipedia.org/wiki/Grumo_Nevano,wdq_box,2026-09-03
Chorey-les-Beaune,Q16171,47.04806,4.8675,43,missing,Beaune,7.4,3.3,53.1,"commune in Côte-d'Or, France",https://en.wikipedia.org/wiki/Chorey-les-Beaune,wdq_box,2026-09-03
Saint-Étienne-du-Rouvray,Q1058186,49.37778,1.10417,59,missing,Rouen,7.1,7.3,53.1,"commune in Seine-Maritime, France",https://en.wikipedia.org/wiki/Saint-%C3%89tienne-du-Rouvray,wdq_box,2026-09-03
Costabissara,Q46389,45.58333,11.48333,50,missing,Vicenza,7.8,6.4,53.1,Italian comune,https://en.wikipedia.org/wiki/Costabissara,wdq_box,2026-09-03
Cadoneghe,Q34676,45.45,11.93333,49,missing,Padua,8.1,6.6,53.1,Italian comune,https://en.wikipedia.org/wiki/Cadoneghe,wdq_box,2026-09-03
Collias,Q266910,43.95389,4.47694,41,missing,Pont du Gard,8.5,4.8,53.1,"commune in Gard, France",https://en.wikipedia.org/wiki/Collias,wdq_box,2026-09-03
Hafling,Q374659,46.64462,11.22438,50,missing,Merano,7.1,5.0,53.1,"municipality in South Tyrol, Italy",https://en.wikipedia.org/wiki/Hafling,wdq_box,2026-09-03
Saint-Pierre-d'Irube,Q197256,43.47639,-1.45889,42,missing,Bayonne,7.1,2.2,53.1,"commune in Pyrénées-Atlantiques, France",https://en.wikipedia.org/wiki/Saint-Pierre-d%27Irube,wdq_box,2026-09-03
Celle Ligure,Q270613,44.3421,8.54557,52,missing,Savona,7.6,6.6,53.1,Italian comune,https://en.wikipedia.org/wiki/Celle_Ligure,wdq_box,2026-09-03
Santa Domenica Talao,Q53989,39.81667,15.85,49,missing,Scalea,7.1,4.7,53.1,Italian comune,https://en.wikipedia.org/wiki/Santa_Domenica_Talao,wdq_box,2026-09-03
Gersthofen,Q502767,48.42482,10.87786,43,missing,Augsburg,8.9,6.1,53.1,"osm place=town, pop 21685",,osm_pop,2026-09-03
Aloxe-Corton,Q16098,47.06556,4.85944,47,missing,Beaune,7.4,4.8,53.0,"commune in Côte-d'Or, France",https://en.wikipedia.org/wiki/Aloxe-Corton,wdq_box,2026-09-03
Kranj,Q1021,46.23887,14.35561,76,missing,Škofja Loka,6.3,8.9,53.0,city in Slovenia,https://en.wikipedia.org/wiki/Kranj,wdq_box,2026-09-03
La Trinité-sur-Mer,Q127747,47.58528,-3.02972,44,missing,Carnac,7.4,3.7,53.0,"commune in Morbihan, France",https://en.wikipedia.org/wiki/La_Trinit%C3%A9-sur-Mer,wdq_box,2026-09-03
San Fior,Q46268,45.92219,12.36137,51,missing,Conegliano,7.4,6.0,53.0,Italian comune,https://en.wikipedia.org/wiki/San_Fior,wdq_box,2026-09-03
Fregona,Q46817,46.00022,12.33896,50,missing,Vittorio Veneto,6.5,3.7,53.0,Italian comune,https://en.wikipedia.org/wiki/Fregona,wdq_box,2026-09-03
Champagne-sur-Seine,Q272016,48.39722,2.80111,40,missing,Moret-sur-Loing,7.8,3.0,53.0,"commune in Seine-et-Marne, France",https://en.wikipedia.org/wiki/Champagne-sur-Seine,wdq_box,2026-09-03
Gonars,Q53266,45.9,13.23333,51,missing,Palmanova,7.4,6.0,53.0,Italian comune,https://en.wikipedia.org/wiki/Gonars,wdq_box,2026-09-03
Argonay,Q649046,45.94528,6.14028,42,missing,Annecy,8.5,5.2,52.9,"commune in Haute-Savoie, France",https://en.wikipedia.org/wiki/Argonay,wdq_box,2026-09-03
La Rivière-Saint-Sauveur,Q383959,49.40722,0.27139,43,missing,Honfleur,7.3,3.1,52.9,"commune in Calvados, France",https://en.wikipedia.org/wiki/La_Rivi%C3%A8re-Saint-Sauveur,wdq_box,2026-09-03
Vaux-sur-Aure,Q217084,49.3025,-0.70222,44,missing,Bayeux,6.9,2.6,52.9,"commune in Calvados, France",https://en.wikipedia.org/wiki/Vaux-sur-Aure,wdq_box,2026-09-03
Sainte-Savine,Q1616722,48.29472,4.04889,46,missing,Troyes,6.5,2.3,52.9,"commune in Aube, France",https://en.wikipedia.org/wiki/Sainte-Savine,wdq_box,2026-09-03
Omegna,Q23662,45.87806,8.40694,61,missing,Orta San Giulio,7.7,8.7,52.9,Italian comune,https://en.wikipedia.org/wiki/Omegna,wdq_box,2026-09-03
Monfumo,Q46545,45.8317,11.9213,48,missing,Asolo,6.7,3.5,52.9,Italian comune,https://en.wikipedia.org/wiki/Monfumo,wdq_box,2026-09-03
Saint-Contest,Q647561,49.21361,-0.40167,47,missing,Caen,7.2,4.4,52.9,"commune in Calvados, France",https://en.wikipedia.org/wiki/Saint-Contest,wdq_box,2026-09-03
Morval,Q1026341,50.03111,2.8725,45,missing,Combles,6.7,2.5,52.9,"commune in Pas-de-Calais, France","https://en.wikipedia.org/wiki/Morval,_Pas-de-Calais",wdq_box,2026-09-03
Daverio,Q39638,45.7784,8.77183,50,missing,Varese,7.7,6.2,52.9,Italian comune,https://en.wikipedia.org/wiki/Daverio,wdq_box,2026-09-03
Cogoleto,Q265271,44.38957,8.64618,53,missing,Varazze,6.6,4.9,52.9,Italian comune,https://en.wikipedia.org/wiki/Cogoleto,wdq_box,2026-09-03
Ħal Tarxien,Q744001,35.86489,14.51149,39,missing,Malta,8.4,3.9,52.9,"osm place=village, pop 8583",,osm_pop,2026-09-03
Saint-Maurice,Q274327,48.81833,2.43472,44,missing,Paris (Beauvais),9.6,7.5,52.8,"commune in Val-de-Marne, France","https://en.wikipedia.org/wiki/Saint-Maurice,_Val-de-Marne",wdq_box,2026-09-03
Trèbes,Q187481,43.20972,2.44139,50,missing,Carcassonne,8.3,7.3,52.8,"commune in Aude, France",https://en.wikipedia.org/wiki/Tr%C3%A8bes,wdq_box,2026-09-03
Mandello del Lario,Q42935,45.91667,9.31667,58,member_of,Lake Como,9.1,10.3,52.8,Italian comune,https://en.wikipedia.org/wiki/Mandello_del_Lario,wdq_box,2026-09-03
Wolfisheim,Q21525,48.58667,7.66639,47,missing,Strasbourg,8.3,6.5,52.8,"commune in Bas-Rhin, France",https://en.wikipedia.org/wiki/Wolfisheim,wdq_box,2026-09-03
Champigneulles,Q229339,48.73361,6.16444,46,missing,Nancy,7.5,4.7,52.8,"commune in Meurthe-et-Moselle, France",https://en.wikipedia.org/wiki/Champigneulles,wdq_box,2026-09-03
Castel Vittorio,Q268314,43.92786,7.67426,51,missing,Apricale,7.1,5.4,52.8,Italian comune,https://en.wikipedia.org/wiki/Castel_Vittorio,wdq_box,2026-09-03
Celle Enomondo,Q17787,44.85778,8.12472,53,missing,Asti,8.4,8.1,52.8,Italian comune,https://en.wikipedia.org/wiki/Celle_Enomondo,wdq_box,2026-09-03
Chassemy,Q286586,49.37917,3.50694,50,missing,Braine,6.8,4.5,52.8,"commune in Aisne, France",https://en.wikipedia.org/wiki/Chassemy,wdq_box,2026-09-03
Hoogeveen,Q208012,52.71667,6.46667,61,missing,Alteveer,5.7,4.8,52.8,"municipality in Drenthe, the Netherlands",https://en.wikipedia.org/wiki/Hoogeveen,wdq_box,2026-09-03
Banyuls-sur-Mer,Q6753,42.48222,3.1275,49,missing,Collioure,7.8,6.2,52.7,"commune in Pyrénées-Orientales, France",https://en.wikipedia.org/wiki/Banyuls-sur-Mer,wdq_box,2026-09-03
Pommard,Q16155,47.00917,4.795,44,missing,Beaune,7.4,3.8,52.7,"commune in Côte-d'Or, France",https://en.wikipedia.org/wiki/Pommard,wdq_box,2026-09-03
Grinzane Cavour,Q20099,44.66098,7.99647,51,missing,Langhe (Barolo & Alba),7.4,6.0,52.7,Italian comune,https://en.wikipedia.org/wiki/Grinzane_Cavour,wdq_box,2026-09-03
Schouwen-Duiveland,Q10079,51.6653,3.8842,52,missing,Zierikzee,5.9,2.8,52.7,municipality in the Netherlands,https://en.wikipedia.org/wiki/Schouwen-Duiveland,wdq_box,2026-09-03
Briga Novarese,Q22116,45.73333,8.45,56,missing,Orta San Giulio,7.7,7.8,52.7,Italian comune,https://en.wikipedia.org/wiki/Briga_Novarese,wdq_box,2026-09-03
Tilloy-lès-Mofflaines,Q1024178,50.27639,2.81639,45,missing,Achicourt,7.4,4.2,52.7,"commune in Pas-de-Calais, France",https://en.wikipedia.org/wiki/Tilloy-l%C3%A8s-Mofflaines,wdq_box,2026-09-03
Bettona,Q20143,43.01357,12.48456,55,missing,Deruta,7,6.3,52.7,Italian comune,https://en.wikipedia.org/wiki/Bettona,wdq_box,2026-09-03
Bensheim,Q14872,49.68102,8.62276,46,missing,Lorsch,7.8,5.3,52.7,"osm place=town, pop 39642",,osm_pop,2026-09-03
Quartucciu,Q284501,39.25286,9.17616,58,missing,Cagliari,6.7,6.5,52.6,Italian comune,https://en.wikipedia.org/wiki/Quartucciu,wdq_box,2026-09-03
Dervio,Q42933,46.07639,9.30667,54,missing,Lake Como,9.1,9.3,52.6,Italian comune,https://en.wikipedia.org/wiki/Dervio,wdq_box,2026-09-03
Ogíjares,Q605335,37.12,-3.60694,43,missing,Granada,9,6.4,52.6,municipality of Spain,https://en.wikipedia.org/wiki/Og%C3%ADjares,wdq_box,2026-09-03
Canteleu,Q744205,49.45111,1.03611,46,missing,Rouen,7.1,3.9,52.6,"commune in Seine-Maritime, France",https://en.wikipedia.org/wiki/Canteleu,wdq_box,2026-09-03
Almese,Q8989,45.11688,7.39455,50,missing,Sacra di San Michele,6.8,4.5,52.6,Italian comune,https://en.wikipedia.org/wiki/Almese,wdq_box,2026-09-03
Genuri,Q287516,39.74409,8.92373,61,missing,Su Nuraxi (Barumini),6.7,7.1,52.6,Italian comune,https://en.wikipedia.org/wiki/Genuri,wdq_box,2026-09-03
Poggio a Caiano,Q20387,43.81553,11.044,58,missing,Prato,7.8,8.4,52.6,Italian comune,https://en.wikipedia.org/wiki/Poggio_a_Caiano,wdq_box,2026-09-03
Nogaredo,Q175406,45.90886,11.01998,48,missing,Rovereto,6.3,2.6,52.6,Italian comune,https://en.wikipedia.org/wiki/Nogaredo,wdq_box,2026-09-03
Villa Lagarina,Q328037,45.91667,11.03333,49,missing,Rovereto,6.3,3.0,52.6,Italian comune,https://en.wikipedia.org/wiki/Villa_Lagarina,wdq_box,2026-09-03
Itancourt,Q846415,49.80667,3.345,49,missing,Saint-Quentin,7.8,6.2,52.6,"commune in Aisne, France",https://en.wikipedia.org/wiki/Itancourt,wdq_box,2026-09-03
Rodì Milici,Q492628,38.10823,15.16933,49,missing,Castroreale,6.6,3.7,52.6,Italian comune,https://en.wikipedia.org/wiki/Rod%C3%AC_Milici,wdq_box,2026-09-03
Caluire-et-Cuire,Q244717,45.797,4.84233,46,missing,Lyon,7.8,5.3,52.6,"osm place=town, pop 43572",,osm_pop,2026-09-03
Palafrugell,Q13490,41.91836,3.16199,44,member_of,Calella de Palafrugell,7.4,3.8,52.6,"osm place=town, pop 22696",,osm_pop,2026-09-03
Ganshoren,Q366552,50.87028,4.30778,44,missing,Brussels,7.5,4.1,52.5,"municipality in the Brussels-Capital Region, Belgium",https://en.wikipedia.org/wiki/Ganshoren,wdq_box,2026-09-03
Cavanac,Q187445,43.16833,2.32667,43,missing,Carcassonne,8.3,5.3,52.5,"commune in Aude, France",https://en.wikipedia.org/wiki/Cavanac,wdq_box,2026-09-03
Saint-Hippolyte,Q126283,48.23194,7.37167,43,missing,Château du Haut-Koenigsbourg,7.1,2.8,52.5,"commune in Haut-Rhin, France","https://en.wikipedia.org/wiki/Saint-Hippolyte,_Haut-Rhin",wdq_box,2026-09-03
Parzanica,Q101369,45.73333,10.03333,48,member_of,Monte Isola (Lake Iseo),6.8,3.9,52.5,Italian comune,https://en.wikipedia.org/wiki/Parzanica,wdq_box,2026-09-03
Iseo,Q104911,45.65861,10.05361,60,member_of,Monte Isola (Lake Iseo),6.8,7.1,52.5,Italian comune,"https://en.wikipedia.org/wiki/Iseo,_Lombardy",wdq_box,2026-09-03
Camerano,Q123632,43.52774,13.55257,53,missing,Sirolo (Monte Conero),6.7,5.2,52.5,"comune in Province of Ancona, Italy",https://en.wikipedia.org/wiki/Camerano,wdq_box,2026-09-03
Rocchetta Nervina,Q269717,43.89,7.6002,49,missing,Apricale,7.1,4.9,52.5,Italian comune,https://en.wikipedia.org/wiki/Rocchetta_Nervina,wdq_box,2026-09-03
Saint-Christophe,Q35341,45.75,7.35,52,member_of,Aosta,5.9,2.9,52.5,Italian municipality in the Aosta Valley,"https://en.wikipedia.org/wiki/Saint-Christophe,_Aosta_Valley",wdq_box,2026-09-03
Ilidža,Q247962,43.83062,18.30774,48,missing,Sarajevo,7,4.4,52.5,"osm place=town, pop 63528",,osm_pop,2026-09-03
San Pawl il-Baħar,Q39521,35.94807,14.39739,43,member_of,Mellieħa,7.3,3.3,52.5,"osm place=town, pop 21046",,osm_pop,2026-09-03
Monteroni d'Arbia,Q91243,43.23333,11.41667,57,missing,Siena & Val d'Orcia,9.2,11.8,52.4,Italian comune,https://en.wikipedia.org/wiki/Monteroni_d%27Arbia,wdq_box,2026-09-03
Andolsheim,Q325717,48.0625,7.41694,44,missing,Colmar,7.8,4.7,52.4,"commune in Haut-Rhin, France",https://en.wikipedia.org/wiki/Andolsheim,wdq_box,2026-09-03
Hoenheim,Q22422,48.62417,7.75472,44,missing,Strasbourg,8.3,5.6,52.4,"commune in Bas-Rhin, France",https://en.wikipedia.org/wiki/H%C5%93nheim,wdq_box,2026-09-03
Bergheim,Q318168,48.20528,7.36167,48,missing,Riquewihr,8,6.4,52.4,"commune in Haut-Rhin, France","https://en.wikipedia.org/wiki/Bergheim,_Haut-Rhin",wdq_box,2026-09-03
Limena,Q34469,45.46667,11.85,49,missing,Padua,8.1,6.8,52.4,Italian comune,https://en.wikipedia.org/wiki/Limena,wdq_box,2026-09-03
Cansano,Q50062,42.00528,14.01278,47,missing,Pacentro,7.6,5.3,52.4,Italian comune,https://en.wikipedia.org/wiki/Cansano,wdq_box,2026-09-03
Pigna,Q269516,43.93254,7.66375,52,missing,Apricale,7.1,5.8,52.4,Italian comune,"https://en.wikipedia.org/wiki/Pigna,_Liguria",wdq_box,2026-09-03
Aix-Noulette,Q999433,50.42583,2.70972,50,missing,Ablain-Saint-Nazaire,6.4,3.6,52.4,"commune in Pas-de-Calais, France",https://en.wikipedia.org/wiki/Aix-Noulette,wdq_box,2026-09-03
Authie,Q838307,49.20583,-0.43167,51,missing,Caen,7.2,5.7,52.4,"commune in Calvados, France","https://en.wikipedia.org/wiki/Authie,_Calvados",wdq_box,2026-09-03
Stilfs,Q493831,46.59806,10.54582,56,missing,Glorenza,7.9,8.2,52.4,"municipality in South Tyrol, Italy",https://en.wikipedia.org/wiki/Stilfs,wdq_box,2026-09-03
Vasseny,Q680730,49.35333,3.48583,47,missing,Braine,6.8,3.6,52.4,"commune in Aisne, France",https://en.wikipedia.org/wiki/Vasseny,wdq_box,2026-09-03
Guiseley,Q2342139,53.87483,-1.70751,43,missing,Otley,7.4,3.5,52.4,"osm place=town, pop 22347",,osm_pop,2026-09-03
Bulle,Q68308,46.6191,7.05812,51,missing,Gruyères,6.6,4.4,52.4,"osm place=town, pop 27101",,osm_grid,2026-09-03
Woluwe-Saint-Lambert,Q211764,50.84372,4.42601,47,missing,Brussels,7.5,5.2,52.3,"municipality in the Brussels-Capital Region, Belgium",https://en.wikipedia.org/wiki/Woluwe-Saint-Lambert,wdq_box,2026-09-03
Cardito,Q71913,40.93619,14.29925,54,missing,Naples,8.9,9.1,52.3,Italian comune,https://en.wikipedia.org/wiki/Cardito,wdq_box,2026-09-03
Misterbianco,Q478681,37.51833,15.00694,54,member_of,Catania,7.5,7.1,52.3,Italian comune,https://en.wikipedia.org/wiki/Misterbianco,wdq_box,2026-09-03
Birkenhead,Q746718,53.38333,-3.01667,49,missing,Liverpool,6.3,3.1,52.3,"town in Merseyside, England",https://en.wikipedia.org/wiki/Birkenhead,wdq_box,2026-09-03
Touques,Q390442,49.3425,0.10194,46,missing,Deauville,6.5,2.5,52.3,"commune in Calvados, France","https://en.wikipedia.org/wiki/Touques,_Calvados",wdq_box,2026-09-03
Saint-André-lez-Lille,Q728517,50.66028,3.04389,46,missing,Lille,7,3.8,52.3,"commune in Nord, France",https://en.wikipedia.org/wiki/Saint-Andr%C3%A9-lez-Lille,wdq_box,2026-09-03
Champcevinel,Q1012118,45.21472,0.72639,40,missing,Périgueux,7.8,3.2,52.3,"commune in Dordogne, France",https://en.wikipedia.org/wiki/Champcevinel,wdq_box,2026-09-03
Camburzano,Q18035,45.54481,7.9996,52,missing,Biella,6.7,5.0,52.3,Italian comune,https://en.wikipedia.org/wiki/Camburzano,wdq_box,2026-09-03
Miño de Medinaceli,Q830548,41.18972,-2.51806,63,missing,Medinaceli,6.5,7.2,52.3,municipality of Spain,https://en.wikipedia.org/wiki/Mi%C3%B1o_de_Medinaceli,wdq_box,2026-09-03
Grenay,Q991982,50.45222,2.74306,46,missing,Loos-en-Gohelle,6.9,3.5,52.3,"commune in Pas-de-Calais, France","https://en.wikipedia.org/wiki/Grenay,_Pas-de-Calais",wdq_box,2026-09-03
San Martino sulla Marrucina,Q51286,42.22499,14.21431,51,missing,Guardiagrele,6.2,3.5,52.3,Italian commune,https://en.wikipedia.org/wiki/San_Martino_sulla_Marrucina,wdq_box,2026-09-03
Campo di Giove,Q50059,42.01111,14.04028,49,missing,Pacentro,7.6,5.9,52.3,Italian comune,https://en.wikipedia.org/wiki/Campo_di_Giove,wdq_box,2026-09-03
Noyers-Pont-Maugis,Q779944,49.66222,4.93722,43,missing,Sedan,7.8,4.4,52.3,"commune in Ardennes, France",https://en.wikipedia.org/wiki/Noyers-Pont-Maugis,wdq_box,2026-09-03
Gonneville-sur-Honfleur,Q865015,49.38361,0.24417,45,missing,Honfleur,7.3,4.1,52.2,"commune in Calvados, France",https://en.wikipedia.org/wiki/Gonneville-sur-Honfleur,wdq_box,2026-09-03
Tourrettes-sur-Loup,Q466642,43.71611,7.06,47,missing,Saint-Paul-de-Vence,7.6,5.4,52.2,"commune in Alpes-Maritimes, France",https://en.wikipedia.org/wiki/Tourrettes-sur-Loup,wdq_box,2026-09-03
Casier,Q29377,45.64361,12.29528,48,missing,Treviso,7.2,4.9,52.2,Italian comune,https://en.wikipedia.org/wiki/Casier,wdq_box,2026-09-03
Urbana,Q34406,45.18333,11.45,47,missing,Montagnana,7.7,5.6,52.2,Italian comune,"https://en.wikipedia.org/wiki/Urbana,_Veneto",wdq_box,2026-09-03
Comerio,Q39028,45.83994,8.74681,50,missing,Varese,7.7,6.4,52.2,Italian comune,https://en.wikipedia.org/wiki/Comerio,wdq_box,2026-09-03
Fucecchio,Q82699,43.73333,10.8,60,missing,San Miniato,6.8,7.2,52.2,Italian comune,https://en.wikipedia.org/wiki/Fucecchio,wdq_box,2026-09-03
Molazzana,Q217571,44.06667,10.41667,51,missing,Barga,6.8,4.9,52.2,Italian comune,https://en.wikipedia.org/wiki/Molazzana,wdq_box,2026-09-03
Fleigneux,Q1088538,49.74778,4.94833,45,missing,Sedan,7.8,5.1,52.2,"commune in Ardennes, France",https://en.wikipedia.org/wiki/Fleigneux,wdq_box,2026-09-03
Heiligenstein,Q21284,48.42306,7.45028,49,missing,Obernai,7.1,5.0,52.2,"commune in Bas-Rhin, France",https://en.wikipedia.org/wiki/Heiligenstein,wdq_box,2026-09-03
Hürth,Q4060,50.88074,6.87657,48,missing,Brühl,7.8,6.1,52.2,"osm place=town, pop 59496",,osm_pop,2026-09-03
Santa Maria degli Angeli,Q938802,43.05799,12.57769,39,missing,Assisi,8.2,3.7,52.2,"osm place=village, pop 8188",,osm_pop,2026-09-03
Katwijk,Q2921491,52.20051,4.41464,46,missing,Noordwijk-Binnen,7.2,4.3,52.2,"osm place=town, pop 43012",,osm_pop,2026-09-03
Ablon,Q844045,49.39333,0.29556,49,missing,Honfleur,7.3,5.4,52.1,"commune in Calvados, France",https://en.wikipedia.org/wiki/Ablon,wdq_box,2026-09-03
Torri di Quartesolo,Q47049,45.51667,11.61667,49,missing,Vicenza,7.8,6.4,52.1,Italian comune,https://en.wikipedia.org/wiki/Torri_di_Quartesolo,wdq_box,2026-09-03
Caldogno,Q48011,45.61184,11.50758,54,missing,Vicenza,7.8,7.6,52.1,Italian comune,https://en.wikipedia.org/wiki/Caldogno,wdq_box,2026-09-03
Corno di Rosazzo,Q53250,45.98333,13.45,52,missing,Goriška Brda (Šmartno),6,3.3,52.1,Italian comune,https://en.wikipedia.org/wiki/Corno_di_Rosazzo,wdq_box,2026-09-03
Genga,Q124067,43.43048,12.93556,54,member_of,Frasassi Caves,6,3.9,52.1,Italian comune,"https://en.wikipedia.org/wiki/Genga,_Marche",wdq_box,2026-09-03
Pasian di Prato,Q53304,46.05,13.2,52,missing,Udine,6.1,3.6,52.1,Italian comune,https://en.wikipedia.org/wiki/Pasian_di_Prato,wdq_box,2026-09-03
Cambes-en-Plaine,Q239609,49.2325,-0.385,50,missing,Caen,7.2,5.5,52.1,"commune in Calvados, France",https://en.wikipedia.org/wiki/Cambes-en-Plaine,wdq_box,2026-09-03
Colledimacine,Q51208,42.0,14.2,50,missing,Palena,7.2,5.5,52.1,Italian comune,https://en.wikipedia.org/wiki/Colledimacine,wdq_box,2026-09-03
Fosciandora,Q217251,44.11583,10.45944,51,missing,Barga,6.8,5.0,52.1,Italian comune,https://en.wikipedia.org/wiki/Fosciandora,wdq_box,2026-09-03
Holnon,Q846749,49.85861,3.2125,46,missing,Saint-Quentin,7.8,5.5,52.1,"commune in Aisne, France",https://en.wikipedia.org/wiki/Holnon,wdq_box,2026-09-03
Sainte-Foy-lès-Lyon,Q387460,45.73623,4.79348,43,missing,Lyon,7.8,4.5,52.1,"osm place=town, pop 21858",,osm_pop,2026-09-03
Bligny-lès-Beaune,Q16169,46.98694,4.825,45,missing,Beaune,7.4,4.4,52.0,"commune in Côte-d'Or, France",https://en.wikipedia.org/wiki/Bligny-l%C3%A8s-Beaune,wdq_box,2026-09-03
Cormons,Q53124,45.95,13.46667,56,missing,Goriška Brda (Šmartno),6,4.5,52.0,Italian comune,https://en.wikipedia.org/wiki/Cormons,wdq_box,2026-09-03
Fontaine-lès-Dijon,Q46712,47.34333,5.01917,47,missing,Dijon,6.5,3.0,52.0,"commune in Côte-d'Or, France",https://en.wikipedia.org/wiki/Fontaine-l%C3%A8s-Dijon,wdq_box,2026-09-03
Sainte-Geneviève-lès-Gasny,Q1072734,49.08333,1.58472,41,missing,La Roche-Guyon,7.6,3.3,52.0,"commune in Eure, France",https://en.wikipedia.org/wiki/Sainte-Genevi%C3%A8ve-l%C3%A8s-Gasny,wdq_box,2026-09-03
Novafeltria,Q111868,43.89537,12.29042,50,missing,San Leo,6.6,4.2,52.0,Italian comune,https://en.wikipedia.org/wiki/Novafeltria,wdq_box,2026-09-03
Fosdinovo,Q52234,44.13333,10.01667,61,missing,Fiumaretta di Ameglia,7.9,9.2,52.0,Italian comune,https://en.wikipedia.org/wiki/Fosdinovo,wdq_box,2026-09-03
Molsheim,Q22697,48.54278,7.49222,66,missing,Obernai,7.1,8.9,52.0,"commune in Bas-Rhin, France",https://en.wikipedia.org/wiki/Molsheim,wdq_box,2026-09-03
es Castell,Q941533,39.87986,4.29046,37,member_of,Menorca,8.5,3.5,52.0,"osm place=village, pop 5037",,osm_pop,2026-09-03
San Donato Milanese,Q42192,45.41667,9.26667,61,missing,Milan (Bergamo),7.2,8.2,51.9,Italian comune,https://en.wikipedia.org/wiki/San_Donato_Milanese,wdq_box,2026-09-03
Sant'Antimo,Q72592,40.94313,14.2368,56,missing,Naples,8.9,9.6,51.9,Italian comune,https://en.wikipedia.org/wiki/Sant%27Antimo,wdq_box,2026-09-03
Víznar,Q619528,37.23111,-3.55389,45,missing,Granada,9,7.2,51.9,municipality of Spain,https://en.wikipedia.org/wiki/V%C3%ADznar,wdq_box,2026-09-03
Saint-Carné,Q218036,48.41583,-2.06556,44,missing,Dinan,7.7,4.7,51.9,"commune in Côtes-d'Armor, France",https://en.wikipedia.org/wiki/Saint-Carn%C3%A9,wdq_box,2026-09-03
Aucaleuc,Q841065,48.45611,-2.12972,48,missing,Dinan,7.7,6.0,51.9,"commune in Côtes-d'Armor, France",https://en.wikipedia.org/wiki/Aucaleuc,wdq_box,2026-09-03
Bois-Guillaume,Q4164885,49.47,1.11944,45,missing,Rouen,7.1,3.8,51.9,"commune in Seine-Maritime, France",https://en.wikipedia.org/wiki/Bois-Guillaume,wdq_box,2026-09-03
San Pio delle Camere,Q50142,42.28722,13.65861,50,member_of,Santo Stefano di Sessanio,7.6,6.3,51.9,Italian comune,https://en.wikipedia.org/wiki/San_Pio_delle_Camere,wdq_box,2026-09-03
Steinbach,Q635466,47.82056,7.15222,42,missing,Wattwiller,7.1,2.6,51.9,"commune in Haut-Rhin, France","https://en.wikipedia.org/wiki/Steinbach,_Haut-Rhin",wdq_box,2026-09-03
Goxwiller,Q22496,48.43278,7.48472,44,missing,Obernai,7.1,3.4,51.9,"commune in Bas-Rhin, France",https://en.wikipedia.org/wiki/Goxwiller,wdq_box,2026-09-03
Kavajë,Q46702,41.18333,19.55,59,member_of,Golem,6.8,7.1,51.9,city of Albania,https://en.wikipedia.org/wiki/Kavaj%C3%AB,wdq_box,2026-09-03
Saint-Fons,Q828676,45.70849,4.85326,43,missing,Lyon,7.8,4.5,51.9,"osm place=town, pop 19360",,osm_pop,2026-09-03
Cúllar Vega,Q548884,37.15306,-3.67056,44,missing,Granada,9,6.9,51.8,municipality of Spain,https://en.wikipedia.org/wiki/C%C3%BAllar_Vega,wdq_box,2026-09-03
Sant'Alessio Siculo,Q491719,37.92167,15.34694,50,missing,Savoca,6.3,3.6,51.8,Italian comune,https://en.wikipedia.org/wiki/Sant%27Alessio_Siculo,wdq_box,2026-09-03
Villers-lès-Nancy,Q1414358,48.67306,6.15472,41,missing,Nancy,7.5,3.2,51.8,"commune in Meurthe-et-Moselle, France",https://en.wikipedia.org/wiki/Villers-l%C3%A8s-Nancy,wdq_box,2026-09-03
Tui,Q824122,42.04806,-8.64444,51,member_of,Valenca,6.2,3.6,51.8,municipality of Spain,"https://en.wikipedia.org/wiki/Tui,_Pontevedra",wdq_box,2026-09-03
Coli,Q102643,44.75,9.41667,50,missing,Bobbio,6.2,3.3,51.8,Italian comune,"https://en.wikipedia.org/wiki/Coli,_Emilia-Romagna",wdq_box,2026-09-03
Valdengo,Q18181,45.56678,8.13415,55,missing,Biella,6.7,5.9,51.8,Italian comune,https://en.wikipedia.org/wiki/Valdengo,wdq_box,2026-09-03
Homblières,Q850345,49.85,3.365,46,missing,Saint-Quentin,7.8,5.6,51.8,"commune in Aisne, France",https://en.wikipedia.org/wiki/Hombli%C3%A8res,wdq_box,2026-09-03
Blessagno,Q244128,45.96681,9.10337,49,missing,Ossuccio,7.5,5.9,51.8,Italian comune,https://en.wikipedia.org/wiki/Blessagno,wdq_box,2026-09-03
Ponna,Q47453,45.99557,9.11305,49,missing,Ossuccio,7.5,5.9,51.8,Italian comune,https://en.wikipedia.org/wiki/Ponna,wdq_box,2026-09-03
Santoña,Q1442470,43.44139,-3.4575,45,member_of,Laredo,7.6,4.8,51.8,"coastal town in Cantabria, Spain",https://en.wikipedia.org/wiki/Santo%C3%B1a,wdq_box,2026-09-03
Savigny-sur-Orge,Q243956,48.67946,2.34584,54,missing,Paris (CDG),9.6,19.9,51.8,"osm place=town, pop 37371",,osm_grid,2026-09-03
Castilleja de Guzmán,Q1628350,37.40848,-6.05728,45,missing,Seville,8.6,6.6,51.7,municipality of Spain,https://en.wikipedia.org/wiki/Castilleja_de_Guzm%C3%A1n,wdq_box,2026-09-03
Spilinga,Q54745,38.61667,15.9,48,missing,Tropea,8,6.5,51.7,Italian comune,https://en.wikipedia.org/wiki/Spilinga,wdq_box,2026-09-03
Roquefort-les-Pins,Q381338,43.66556,7.05083,45,missing,Biot,7.9,5.5,51.7,"commune in Alpes-Maritimes, France",https://en.wikipedia.org/wiki/Roquefort-les-Pins,wdq_box,2026-09-03
Saint-Martin-des-Entrées,Q872913,49.2675,-0.6725,43,missing,Bayeux,6.9,2.6,51.7,"commune in Calvados, France",https://en.wikipedia.org/wiki/Saint-Martin-des-Entr%C3%A9es,wdq_box,2026-09-03
Monteviale,Q46142,45.56667,11.46667,50,missing,Vicenza,7.8,6.7,51.7,Italian comune,https://en.wikipedia.org/wiki/Monteviale,wdq_box,2026-09-03
La Palud-sur-Verdon,Q1018654,43.78,6.34167,46,member_of,Gorges du Verdon,7.5,5.0,51.7,"commune in Alpes-de-Haute-Provence, France",https://en.wikipedia.org/wiki/La_Palud-sur-Verdon,wdq_box,2026-09-03
Cabris,Q741972,43.65611,6.87361,51,missing,Grasse,6.2,3.7,51.7,"commune in Alpes-Maritimes, France",https://en.wikipedia.org/wiki/Cabris,wdq_box,2026-09-03
Beniardà,Q1770182,38.68354,-0.21647,40,missing,Guadalest,7.1,1.8,51.7,municipality in Spain,https://en.wikipedia.org/wiki/Beniard%C3%A0,wdq_box,2026-09-03
Cleebourg,Q21431,49.00361,7.89111,48,missing,Wissembourg,7.4,5.4,51.7,"commune in Bas-Rhin, France",https://en.wikipedia.org/wiki/Cleebourg,wdq_box,2026-09-03
Uffholtz,Q429411,47.82028,7.17889,40,missing,Wattwiller,7.1,1.8,51.7,"commune in Haut-Rhin, France",https://en.wikipedia.org/wiki/Uffholtz,wdq_box,2026-09-03
Carency,Q383733,50.37861,2.70417,44,missing,Ablain-Saint-Nazaire,6.4,1.7,51.7,"commune in Pas-de-Calais, France",https://en.wikipedia.org/wiki/Carency,wdq_box,2026-09-03
Mesnil-Saint-Laurent,Q872397,49.82944,3.35472,45,missing,Saint-Quentin,7.8,5.3,51.7,"commune in Aisne, France",https://en.wikipedia.org/wiki/Mesnil-Saint-Laurent,wdq_box,2026-09-03
Vermelles,Q876024,50.48833,2.74583,49,missing,Loos-en-Gohelle,6.9,4.7,51.7,"commune in Pas-de-Calais, France",https://en.wikipedia.org/wiki/Vermelles,wdq_box,2026-09-03
Hohrod,Q382818,48.05417,7.12472,41,missing,Soultzeren,7,2.0,51.7,"commune in Haut-Rhin, France",https://en.wikipedia.org/wiki/Hohrod,wdq_box,2026-09-03
Birkerød,Q865630,55.84034,12.42878,43,member_of,Holte,7.3,3.5,51.7,"osm place=town, pop 20539",,osm_pop,2026-09-03
Le Pontet,Q225501,43.96219,4.86026,42,missing,Avignon,8,4.6,51.7,"osm place=town, pop 17551",,osm_pop,2026-09-03
Talamello,Q111961,43.90485,12.28636,51,missing,San Leo,6.6,4.7,51.6,Italian comune,https://en.wikipedia.org/wiki/Talamello,wdq_box,2026-09-03
Sagliano Micca,Q18156,45.61667,8.05,55,missing,Biella,6.7,6.0,51.6,Italian comune,https://en.wikipedia.org/wiki/Sagliano_Micca,wdq_box,2026-09-03
Awoingt,Q633221,50.155,3.28056,43,missing,Cambrai,7.5,4.0,51.6,"commune in Nord, France",https://en.wikipedia.org/wiki/Awoingt,wdq_box,2026-09-03
Saint-Pierre-des-Champs,Q1081728,43.05861,2.60472,43,missing,Lagrasse,7.4,3.8,51.6,"commune in Aude, France",https://en.wikipedia.org/wiki/Saint-Pierre-des-Champs,wdq_box,2026-09-03
Haisnes,Q853270,50.50806,2.80167,52,missing,Loos-en-Gohelle,6.9,5.6,51.6,"commune in Pas-de-Calais, France",https://en.wikipedia.org/wiki/Haisnes,wdq_box,2026-09-03
Baden,Q127451,47.61861,-2.92028,48,missing,Île-aux-Moines,7.8,6.2,51.6,"commune in Morbihan, France","https://en.wikipedia.org/wiki/Baden,_Morbihan",wdq_box,2026-09-03
Nesso,Q47399,45.91667,9.16667,49,missing,Ossuccio,7.5,6.0,51.6,Italian comune,https://en.wikipedia.org/wiki/Nesso,wdq_box,2026-09-03
Barr,Q22758,48.40806,7.44972,54,missing,Obernai,7.1,6.5,51.6,"commune in Bas-Rhin, Alsace, France","https://en.wikipedia.org/wiki/Barr,_Bas-Rhin",wdq_box,2026-09-03
Cazzago Brabbia,Q40195,45.79794,8.73279,54,missing,Varese,7.7,7.6,51.6,"osm place=village, pop 785",,osm_grid,2026-09-03
Lidingö,Q54349,59.36434,18.13173,45,missing,Stockholm (Arlanda),7.8,5.3,51.6,"osm place=town, pop 31561",,osm_pop,2026-09-03
Veleso,Q47620,45.91605,9.18774,49,missing,Ossuccio,7.5,6.0,51.5,Italian comune,https://en.wikipedia.org/wiki/Veleso,wdq_box,2026-09-03
Dornbirn,Q171219,47.41667,9.75,79,member_of,Bregenz,6.4,9.8,51.5,"urban municipality in Dornbirn District, Vorarlberg, Austria",https://en.wikipedia.org/wiki/Dornbirn,wdq_box,2026-09-03
Pove del Grappa,Q46457,45.8,11.73333,51,missing,Bassano del Grappa,6.2,3.7,51.5,Italian comune,https://en.wikipedia.org/wiki/Pove_del_Grappa,wdq_box,2026-09-03
Cervara di Roma,Q242133,41.98806,13.06722,54,missing,Subiaco,7.4,7.1,51.5,Italian comune,https://en.wikipedia.org/wiki/Cervara_di_Roma,wdq_box,2026-09-03
Roiate,Q243243,41.86667,13.06667,53,missing,Subiaco,7.4,6.9,51.5,Italian comune,https://en.wikipedia.org/wiki/Roiate,wdq_box,2026-09-03
San Martino in Strada,Q42950,45.27583,9.5275,53,missing,Lodi,6.2,4.3,51.5,Italian comune,https://en.wikipedia.org/wiki/San_Martino_in_Strada,wdq_box,2026-09-03
Sandigliano,Q18161,45.51272,8.07627,54,missing,Biella,6.7,5.8,51.5,Italian comune,https://en.wikipedia.org/wiki/Sandigliano,wdq_box,2026-09-03
Ramsgate,Q736439,51.34391,1.40403,47,missing,Margate,7,4.3,51.5,"town in Kent, England, UK",https://en.wikipedia.org/wiki/Ramsgate,wdq_box,2026-09-03
Épron,Q862449,49.22194,-0.37111,45,missing,Caen,7.2,4.1,51.5,"commune in Calvados, France",https://en.wikipedia.org/wiki/%C3%89pron,wdq_box,2026-09-03
Manfredonia,Q19286,41.63333,15.91667,73,missing,Monte Sant'Angelo,6.3,8.8,51.5,Italian comune,https://en.wikipedia.org/wiki/Manfredonia,wdq_box,2026-09-03
Calvià,Q491786,39.56667,2.51667,58,missing,Santa Ponsa,7,7.3,51.5,municipality of Spain,https://en.wikipedia.org/wiki/Calvi%C3%A0,wdq_box,2026-09-03
Monselice,Q30027698,45.24177,11.75085,42,missing,Arquà Petrarca,7.6,3.9,51.5,"osm place=town, pop 17599",,osm_pop,2026-09-03
Vught,Q12013510,51.65682,5.28933,44,missing,'s-Hertogenbosch,6.9,3.0,51.5,"osm place=town, pop 25355",,osm_pop,2026-09-03
Ittigen,Q69690,46.97907,7.48152,40,missing,Bern,8.2,4.3,51.5,"osm place=town, pop 11067",,osm_pop,2026-09-03
Guéron,Q196440,49.24917,-0.7125,45,missing,Bayeux,6.9,3.4,51.4,"commune in Calvados, France",https://en.wikipedia.org/wiki/Gu%C3%A9ron,wdq_box,2026-09-03
Monceaux-en-Bessin,Q609425,49.25611,-0.69306,43,missing,Bayeux,6.9,2.7,51.4,"commune in Calvados, France",https://en.wikipedia.org/wiki/Monceaux-en-Bessin,wdq_box,2026-09-03
Saint-Loup-Hors,Q655482,49.25833,-0.72056,43,missing,Bayeux,6.9,2.7,51.4,"commune in Calvados, France",https://en.wikipedia.org/wiki/Saint-Loup-Hors,wdq_box,2026-09-03
Montelupo Albese,Q20201,44.61667,8.05,51,missing,Langhe (Barolo & Alba),7.4,6.4,51.4,Italian comune,https://en.wikipedia.org/wiki/Montelupo_Albese,wdq_box,2026-09-03
Zanica,Q101810,45.63944,9.68417,48,missing,Bergamo (Città Alta),7.8,6.3,51.4,Italian comune,https://en.wikipedia.org/wiki/Zanica,wdq_box,2026-09-03
Le Ban-Saint-Martin,Q21756,49.12194,6.15056,42,missing,Metz,6.8,2.0,51.4,"commune in Moselle, France",https://en.wikipedia.org/wiki/Le_Ban-Saint-Martin,wdq_box,2026-09-03
Ronchin,Q548574,50.60472,3.08778,44,missing,Lille,7,3.3,51.4,"commune in Nord, France",https://en.wikipedia.org/wiki/Ronchin,wdq_box,2026-09-03
Giaveno,Q9389,45.04201,7.35199,55,missing,Sacra di San Michele,6.8,6.3,51.4,Italian comune,https://en.wikipedia.org/wiki/Giaveno,wdq_box,2026-09-03
Riedseltz,Q21290,48.99333,7.95306,46,missing,Wissembourg,7.4,4.9,51.4,"commune in Bas-Rhin, France",https://en.wikipedia.org/wiki/Riedseltz,wdq_box,2026-09-03
Lanuvio,Q242793,41.68333,12.7,56,missing,Castel Gandolfo,7.9,8.4,51.4,Italian comune,https://en.wikipedia.org/wiki/Lanuvio,wdq_box,2026-09-03
Angres,Q388484,50.40917,2.75861,50,missing,Ablain-Saint-Nazaire,6.4,4.0,51.4,"commune in Pas-de-Calais, France",https://en.wikipedia.org/wiki/Angres,wdq_box,2026-09-03
Bully-les-Mines,Q516081,50.44194,2.72444,50,missing,Loos-en-Gohelle,6.9,5.1,51.4,"commune in Pas-de-Calais, France",https://en.wikipedia.org/wiki/Bully-les-Mines,wdq_box,2026-09-03
Cormelles-le-Royal,Q330937,49.15389,-0.33028,45,missing,Caen,7.2,4.1,51.4,"commune in Calvados, France",https://en.wikipedia.org/wiki/Cormelles-le-Royal,wdq_box,2026-09-03
Rodigo,Q42324,45.2,10.63333,55,missing,Grazie,7.2,7.0,51.4,Italian comune,https://en.wikipedia.org/wiki/Rodigo,wdq_box,2026-09-03
San Giacomo degli Schiavoni,Q278107,41.96667,14.95,51,missing,Termoli,6.8,5.2,51.4,Italian comune,https://en.wikipedia.org/wiki/San_Giacomo_degli_Schiavoni,wdq_box,2026-09-03
Ham-sur-Meuse,Q1014716,50.11111,4.78083,47,missing,Givet,7,4.4,51.4,"commune in Ardennes, France",https://en.wikipedia.org/wiki/Ham-sur-Meuse,wdq_box,2026-09-03
Cardeñuela Riopico,Q946310,42.35972,-3.55778,41,missing,Ibeas de Juarros,7.7,3.7,51.4,municipality of Spain,https://en.wikipedia.org/wiki/Carde%C3%B1uela_Riopico,wdq_box,2026-09-03
Castrillo del Val,Q1643787,42.31417,-3.58472,43,missing,Ibeas de Juarros,7.7,4.5,51.4,"human settlement in Burgos Province, Castile and León, Spain",https://en.wikipedia.org/wiki/Castrillo_del_Val,wdq_box,2026-09-03
Gennevilliers,Q221968,48.92542,2.29401,47,missing,Paris (CDG),9.6,8.6,51.4,"osm place=town, pop 49410",,osm_pop,2026-09-03
Ogíjares,Q24011331,37.12001,-3.60692,42,missing,Granada,9,6.4,51.4,"osm place=town, pop 15223",,osm_pop,2026-09-03
Savigny-lès-Beaune,Q16156,47.06361,4.81833,45,missing,Beaune,7.4,4.6,51.3,"commune in Côte-d'Or, France",https://en.wikipedia.org/wiki/Savigny-l%C3%A8s-Beaune,wdq_box,2026-09-03
Civitella d'Agliano,Q160959,42.60417,12.18778,51,missing,Civita di Bagnoregio,7.5,6.6,51.3,Italian comune,https://en.wikipedia.org/wiki/Civitella_d%27Agliano,wdq_box,2026-09-03
Romano d'Ezzelino,Q46277,45.77333,11.77778,50,missing,Bassano del Grappa,6.2,3.5,51.3,Italian comune,https://en.wikipedia.org/wiki/Romano_d%27Ezzelino,wdq_box,2026-09-03
San Pietro al Natisone,Q53358,46.13,13.48722,53,missing,Cividale del Friuli,6.6,5.3,51.3,Italian comune,https://en.wikipedia.org/wiki/San_Pietro_al_Natisone,wdq_box,2026-09-03
Cipressa,Q268558,43.85143,7.93055,50,missing,Taggia,7.5,6.3,51.3,Italian comune,https://en.wikipedia.org/wiki/Cipressa,wdq_box,2026-09-03
Goussainville,Q240946,49.03167,2.47361,53,missing,Roissy-en-France,6.2,4.4,51.3,"commune in Val-d'Oise, France","https://en.wikipedia.org/wiki/Goussainville,_Val-d%27Oise",wdq_box,2026-09-03
Papendrecht,Q934511,51.83333,4.68333,45,missing,Zuidhoven,7.2,4.2,51.2,town and municipality in the Netherlands,https://en.wikipedia.org/wiki/Papendrecht,wdq_box,2026-09-03
Ponte San Nicolò,Q34531,45.36667,11.93333,47,missing,Padua,8.1,6.5,51.2,Italian comune,https://en.wikipedia.org/wiki/Ponte_San_Nicol%C3%B2,wdq_box,2026-09-03
Diano d'Alba,Q20017,44.65,8.03333,52,member_of,Langhe (Barolo & Alba),7.4,6.7,51.2,Italian comune,https://en.wikipedia.org/wiki/Diano_d%27Alba,wdq_box,2026-09-03
Brembate di Sopra,Q99987,45.71767,9.58065,52,missing,Bergamo (Città Alta),7.8,7.4,51.2,Italian comune,https://en.wikipedia.org/wiki/Brembate_di_Sopra,wdq_box,2026-09-03
Fournès,Q239856,43.92889,4.60139,42,missing,Pont du Gard,8.5,5.7,51.2,"commune in Gard, France",https://en.wikipedia.org/wiki/Fourn%C3%A8s,wdq_box,2026-09-03
Muzzano,Q18089,45.5617,7.99,52,missing,Biella,6.7,5.3,51.2,Italian comune,"https://en.wikipedia.org/wiki/Muzzano,_Piedmont",wdq_box,2026-09-03
Auchonvillers,Q45759,50.08083,2.63,42,missing,Mailly-Maillet,6.7,1.8,51.2,"commune in Somme, France",https://en.wikipedia.org/wiki/Auchonvillers,wdq_box,2026-09-03
Issogne,Q35113,45.65,7.68333,53,missing,Bard,7.2,6.6,51.2,Italian municipality in the Aosta Valley,https://en.wikipedia.org/wiki/Issogne,wdq_box,2026-09-03
Oullins,Q8358,45.71533,4.80393,44,missing,Lyon,7.8,5.1,51.2,"osm place=town, pop 26512",,osm_pop,2026-09-03
Bischofswiesen,Q256985,47.65108,12.96283,39,missing,Berchtesgaden,8.1,3.8,51.2,"osm place=village, pop 7464",,osm_pop,2026-09-03
Bidart,Q932076,43.43694,-1.59306,50,missing,Biarritz,7.3,6.0,51.1,"commune in Pyrénées-Atlantiques, France",https://en.wikipedia.org/wiki/Bidart,wdq_box,2026-09-03
Wormerland,Q9976,52.5086,4.8714,47,missing,Middenbeemster,7.4,5.3,51.1,municipality in the Netherlands,https://en.wikipedia.org/wiki/Wormerland,wdq_box,2026-09-03
Lagorce,Q382855,44.44778,4.41722,44,member_of,Vallon-Pont-d'Arc,7.7,4.9,51.1,"commune in Ardèche, France","https://en.wikipedia.org/wiki/Lagorce,_Ard%C3%A8che",wdq_box,2026-09-03
Moimacco,Q53285,46.1,13.38333,48,missing,Cividale del Friuli,6.6,3.9,51.1,Italian comune,https://en.wikipedia.org/wiki/Moimacco,wdq_box,2026-09-03
Premariacco,Q53318,46.06667,13.4,50,missing,Cividale del Friuli,6.6,4.5,51.1,Italian comune,https://en.wikipedia.org/wiki/Premariacco,wdq_box,2026-09-03
Castiglione d'Orcia,Q91152,43.01667,11.61667,56,missing,Pienza,7.9,8.5,51.1,Italian comune,https://en.wikipedia.org/wiki/Castiglione_d%27Orcia,wdq_box,2026-09-03
Breno,Q103640,45.95861,10.30556,56,missing,Capo di Ponte,7.9,8.4,51.1,Italian comune,"https://en.wikipedia.org/wiki/Breno,_Lombardy",wdq_box,2026-09-03
Marradi,Q82759,44.08333,11.61667,56,missing,Palazzuolo sul Senio,6.9,6.8,51.1,Italian comune,https://en.wikipedia.org/wiki/Marradi,wdq_box,2026-09-03
Saint-Nabor,Q21389,48.44528,7.42361,47,missing,Obernai,7.1,4.7,51.1,"commune in Bas-Rhin, France",https://en.wikipedia.org/wiki/Saint-Nabor,wdq_box,2026-09-03
Trobajo del Camino,Q656170,42.59527,-5.60726,43,missing,Leon,7.1,3.3,51.1,"osm place=town, pop 20016",,osm_pop,2026-09-03
Berchem-Sainte-Agathe,Q272272,50.865,4.29472,44,missing,Brussels,7.5,4.5,51.0,"municipality in the Brussels-Capital Region, Belgium",https://en.wikipedia.org/wiki/Berchem-Sainte-Agathe,wdq_box,2026-09-03
Calvizzano,Q71888,40.909,14.17514,53,missing,Naples,8.9,9.2,51.0,Italian comune,https://en.wikipedia.org/wiki/Calvizzano,wdq_box,2026-09-03
Gassin,Q815807,43.22861,6.58528,40,missing,Ramatuelle,7.3,2.6,51.0,"commune in Var, France",https://en.wikipedia.org/wiki/Gassin,wdq_box,2026-09-03
Sulzano,Q112034,45.68333,10.1,48,missing,Monte Isola (Lake Iseo),6.8,4.4,51.0,Italian comune,https://en.wikipedia.org/wiki/Sulzano,wdq_box,2026-09-03
Campo Calabro,Q54587,38.21667,15.66667,49,missing,Scilla,7.4,5.9,51.0,Italian comune,https://en.wikipedia.org/wiki/Campo_Calabro,wdq_box,2026-09-03
Quinto di Treviso,Q46558,45.65,12.16667,51,missing,Treviso,7.2,6.1,51.0,Italian comune,https://en.wikipedia.org/wiki/Quinto_di_Treviso,wdq_box,2026-09-03
Gillingham,Q610238,51.3792,0.5498,40,missing,Rochester,7.6,3.2,51.0,"town in Kent, England","https://en.wikipedia.org/wiki/Gillingham,_Kent",wdq_box,2026-09-03
Nanteuil-Notre-Dame,Q870726,49.19194,3.40861,46,missing,Oulchy-le-Château,6.6,3.2,51.0,"commune in Aisne, France",https://en.wikipedia.org/wiki/Nanteuil-Notre-Dame,wdq_box,2026-09-03
Oyón-Oion,Q581589,42.5059,-2.43644,43,missing,Logroño,7.7,4.6,51.0,municipality of Spain,https://en.wikipedia.org/wiki/Oy%C3%B3n-Oion,wdq_box,2026-09-03
Vezzano Ligure,Q270362,44.14119,9.88492,49,missing,La Spezia,7.7,6.5,51.0,Italian comune,https://en.wikipedia.org/wiki/Vezzano_Ligure,wdq_box,2026-09-03
San Giorgio Monferrato,Q17662,45.10768,8.41305,53,missing,Casale Monferrato,6.1,4.2,51.0,municipality in Italy,https://en.wikipedia.org/wiki/San_Giorgio_Monferrato,wdq_box,2026-09-03
Bourgheim,Q21252,48.41889,7.495,48,missing,Obernai,7.1,5.0,51.0,"commune in Bas-Rhin, France",https://en.wikipedia.org/wiki/Bourgheim,wdq_box,2026-09-03
Bobigny,Q154724,48.90639,2.44522,47,missing,Paris (CDG),9.6,8.7,51.0,"osm place=town, pop 55056",,osm_pop,2026-09-03
Auderghem,Q272228,50.81722,4.42694,49,missing,Brussels,7.5,6.2,50.9,"municipality in the Brussels-Capital Region, Belgium",https://en.wikipedia.org/wiki/Auderghem,wdq_box,2026-09-03
Niederhausbergen,Q21303,48.62417,7.70389,46,missing,Strasbourg,8.3,6.7,50.9,"commune in Bas-Rhin, France",https://en.wikipedia.org/wiki/Niederhausbergen,wdq_box,2026-09-03
Bénouville,Q1169149,49.71722,0.24944,42,missing,Étretat,7.2,3.2,50.9,"commune in Seine-Maritime, France","https://en.wikipedia.org/wiki/B%C3%A9nouville,_Seine-Maritime",wdq_box,2026-09-03
San Dorligo della Valle,Q16938,45.6225,13.85778,55,member_of,Lipica Stud Farm,6.3,5.3,50.9,Italian comune,https://en.wikipedia.org/wiki/San_Dorligo_della_Valle,wdq_box,2026-09-03
Capdrot,Q265845,44.68139,0.92278,41,missing,Monpazier,7,2.3,50.9,"commune in Dordogne, France",https://en.wikipedia.org/wiki/Capdrot,wdq_box,2026-09-03
La Garde,Q244718,43.12472,6.01056,49,member_of,Toulon,7.8,6.7,50.9,"commune in Var, France","https://en.wikipedia.org/wiki/La_Garde,_Var",wdq_box,2026-09-03
Camiers,Q874676,50.56611,1.61361,46,missing,Le Touquet-Paris-Plage,7.4,5.0,50.9,"commune in Pas-de-Calais, France",https://en.wikipedia.org/wiki/Camiers,wdq_box,2026-09-03
Rapino,Q51273,42.21103,14.18736,49,missing,Guardiagrele,6.2,3.2,50.9,Italian comune,https://en.wikipedia.org/wiki/Rapino,wdq_box,2026-09-03
Cheveuges,Q1000160,49.665,4.88278,46,missing,Sedan,7.8,5.8,50.9,"commune in Ardennes, France",https://en.wikipedia.org/wiki/Cheveuges,wdq_box,2026-09-03
Fontaine-lès-Clercs,Q840754,49.80583,3.22278,49,missing,Saint-Quentin,7.8,6.7,50.9,"commune in Aisne, France",https://en.wikipedia.org/wiki/Fontaine-l%C3%A8s-Clercs,wdq_box,2026-09-03
Avion,Q331624,50.40972,2.83278,53,missing,Loos-en-Gohelle,6.9,6.1,50.9,"commune in Pas-de-Calais, France","https://en.wikipedia.org/wiki/Avion,_Pas-de-Calais",wdq_box,2026-09-03
Tårnby,Q28173,55.62465,12.60063,46,missing,Copenhagen,7.9,6.0,50.9,"osm place=town, pop 41206",,osm_pop,2026-09-03
Vénissieux,Q13598,45.69771,4.8856,48,missing,Lyon,7.8,6.4,50.9,"osm place=town, pop 66363",,osm_pop,2026-09-03
Choisy-le-Roi,Q212987,48.76302,2.40937,53,missing,Paris (CDG),9.6,11.4,50.9,"osm place=town, pop 46129",,osm_grid,2026-09-03
Voorhout,Q923574,52.22442,4.48866,42,missing,Noordwijk-Binnen,7.2,3.2,50.9,"osm place=village, pop 15620",,osm_pop,2026-09-03
Buccinasco,Q42971,45.41667,9.11667,59,missing,Milan (Linate),7.2,8.0,50.8,Italian comune,https://en.wikipedia.org/wiki/Buccinasco,wdq_box,2026-09-03
Giurdignano,Q52145,40.12152,18.43273,48,missing,Otranto,7.4,5.7,50.8,Italian comune,https://en.wikipedia.org/wiki/Giurdignano,wdq_box,2026-09-03
Villa di Serio,Q101770,45.72167,9.735,46,missing,Bergamo (Città Alta),7.8,5.9,50.8,Italian comune,https://en.wikipedia.org/wiki/Villa_di_Serio,wdq_box,2026-09-03
Royat,Q650136,45.765,3.05,40,missing,Clermont-Ferrand,7.6,3.3,50.8,"commune in Puy-de-Dôme, France",https://en.wikipedia.org/wiki/Royat,wdq_box,2026-09-03
Essey-lès-Nancy,Q1085872,48.70583,6.22222,40,missing,Nancy,7.5,3.1,50.8,"commune in Meurthe-et-Moselle, France",https://en.wikipedia.org/wiki/Essey-l%C3%A8s-Nancy,wdq_box,2026-09-03
Centola,Q80867,40.06667,15.31667,51,member_of,Palinuro (Cilento),6.5,4.7,50.8,Italian comune,https://en.wikipedia.org/wiki/Centola,wdq_box,2026-09-03
Introdacqua,Q50099,42.00833,13.89917,51,missing,Pettorano sul Gizio,7.3,6.4,50.8,Italian comune,https://en.wikipedia.org/wiki/Introdacqua,wdq_box,2026-09-03
Harelbeke,Q478797,50.8567,3.3131,43,missing,Kortrijk,7.7,4.7,50.8,"city in West Flanders, Belgium",https://en.wikipedia.org/wiki/Harelbeke,wdq_box,2026-09-03
Sant'Alessio con Vialone,Q40424,45.21667,9.21667,50,missing,Pavia,6.9,5.3,50.8,Italian comune,https://en.wikipedia.org/wiki/Sant%27Alessio_con_Vialone,wdq_box,2026-09-03
Gonesse,Q271659,48.98667,2.44861,56,missing,Roissy-en-France,6.2,5.4,50.8,"commune in Val-d'Oise, France",https://en.wikipedia.org/wiki/Gonesse,wdq_box,2026-09-03
Ifs,Q996113,49.13833,-0.35306,48,missing,Caen,7.2,5.3,50.8,"commune in Calvados, France","https://en.wikipedia.org/wiki/Ifs,_Calvados",wdq_box,2026-09-03
Brinzio,Q39519,45.88826,8.79013,55,missing,Varese,7.7,8.0,50.8,Comune in the province of Varese (Italy).,https://en.wikipedia.org/wiki/Brinzio,wdq_box,2026-09-03
Athies-sous-Laon,Q383977,49.57306,3.68306,51,missing,Laon,6.3,4.2,50.8,"commune in Aisne, France",https://en.wikipedia.org/wiki/Athies-sous-Laon,wdq_box,2026-09-03
Castres,Q764905,49.80417,3.2375,47,missing,Saint-Quentin,7.8,6.1,50.8,"commune in Aisne, France","https://en.wikipedia.org/wiki/Castres,_Aisne",wdq_box,2026-09-03
Éleu-dit-Leauwette,Q274603,50.42083,2.81111,47,missing,Loos-en-Gohelle,6.9,4.3,50.8,"commune in Pas-de-Calais, France",https://en.wikipedia.org/wiki/%C3%89leu-dit-Leauwette,wdq_box,2026-09-03
Cheb,Q193719,50.07936,12.37035,45,missing,Františkovy Lázně,7.4,4.7,50.8,"osm place=town, pop 30420",,osm_pop,2026-09-03
Kastrup,Q1420866,55.63784,12.638,46,missing,Copenhagen,7.9,6.0,50.8,"osm place=town, pop 43010",,osm_pop,2026-09-03
Xirivella,Q13725,39.46556,-0.42667,41,missing,Valencia,7.8,4.1,50.7,"municipality in the Valencian Community, Spain",https://en.wikipedia.org/wiki/Xirivella,wdq_box,2026-09-03
Colomiers,Q318071,43.61278,1.33583,56,missing,Toulouse,6.7,6.5,50.7,"commune in Haute-Garonne, France",https://en.wikipedia.org/wiki/Colomiers,wdq_box,2026-09-03
Villa San Giovanni,Q54689,38.21667,15.63333,59,missing,Scilla,7.4,8.4,50.7,Italian comune,https://en.wikipedia.org/wiki/Villa_San_Giovanni,wdq_box,2026-09-03
Nago–Torbole,Q296262,45.87583,10.89111,56,missing,Tenno,6.8,6.7,50.7,Italian comune,https://en.wikipedia.org/wiki/Nago%E2%80%93Torbole,wdq_box,2026-09-03
Pojana Maggiore,Q46500,45.29039,11.5025,51,missing,Montagnana,7.7,7.1,50.7,Italian comune,https://en.wikipedia.org/wiki/Pojana_Maggiore,wdq_box,2026-09-03
Foisches,Q1021116,50.12667,4.77917,44,missing,Givet,7,3.5,50.7,"commune in Ardennes, France",https://en.wikipedia.org/wiki/Foisches,wdq_box,2026-09-03
Bindlach,Q505002,49.98195,11.61341,39,missing,Bayreuth,8.4,4.5,50.7,"osm place=village, pop 7192",,osm_pop,2026-09-03
Den Hoorn,Q2543653,52.0001,4.33087,39,missing,Delft,7.3,2.2,50.7,"osm place=village, pop 8246",,osm_pop,2026-09-03
Delfgauw,Q2220290,52.00958,4.39564,40,missing,Delft,7.3,2.6,50.7,"osm place=village, pop 9240",,osm_pop,2026-09-03
Águas Santas,Q249827,41.20776,-8.57275,44,missing,Porto,9.1,7.3,50.7,"osm place=town, pop 27470",,osm_pop,2026-09-03
Lascari,Q491410,38.0,13.93333,51,missing,Cefalù,8.4,8.2,50.6,Italian comune,https://en.wikipedia.org/wiki/Lascari,wdq_box,2026-09-03
Cucugnan,Q628912,42.85111,2.6025,44,missing,Maury,7.4,4.5,50.6,"commune in Aude, France",https://en.wikipedia.org/wiki/Cucugnan,wdq_box,2026-09-03
Villar-Saint-Pancrace,Q542509,44.87306,6.62722,43,missing,Briançon,6.8,2.7,50.6,"commune in Hautes-Alpes, France",https://en.wikipedia.org/wiki/Villar-Saint-Pancrace,wdq_box,2026-09-03
Maiolo,Q111813,43.87404,12.30939,47,missing,San Leo,6.6,3.7,50.6,Italian comune,https://en.wikipedia.org/wiki/Maiolo,wdq_box,2026-09-03
Valle di Maddaloni,Q58925,41.07889,14.41472,51,missing,Caserta (Reggia),7.9,7.4,50.6,Italian comune,https://en.wikipedia.org/wiki/Valle_di_Maddaloni,wdq_box,2026-09-03
Portigliola,Q54638,38.23333,16.2,50,missing,Gerace,6.5,4.4,50.6,Italian comune,https://en.wikipedia.org/wiki/Portigliola,wdq_box,2026-09-03
Siculiana,Q267469,37.33556,13.4225,53,missing,Scala dei Turchi,7.2,6.7,50.6,Italian comune,https://en.wikipedia.org/wiki/Siculiana,wdq_box,2026-09-03
Wesseling,Q14956,50.82075,6.9786,44,missing,Brühl,7.8,5.3,50.6,"city in North Rhine-Westphalia, Germany",https://en.wikipedia.org/wiki/Wesseling,wdq_box,2026-09-03
Travacò Siccomario,Q41099,45.15,9.16667,48,missing,Pavia,6.9,4.7,50.6,Italian comune,https://en.wikipedia.org/wiki/Travac%C3%B2_Siccomario,wdq_box,2026-09-03
Castelvetro Piacentino,Q102636,45.10034,9.98672,52,missing,Cremona,6.3,4.6,50.6,Italian comune,https://en.wikipedia.org/wiki/Castelvetro_Piacentino,wdq_box,2026-09-03
Berrwiller,Q332598,47.84972,7.21917,43,missing,Wattwiller,7.1,3.4,50.6,"commune in Haut-Rhin, France",https://en.wikipedia.org/wiki/Berrwiller,wdq_box,2026-09-03
Pian Camuno,Q111397,45.84472,10.15194,55,missing,Lovere,7.2,7.2,50.6,Italian comune,https://en.wikipedia.org/wiki/Pian_Camuno,wdq_box,2026-09-03
Givenchy-en-Gohelle,Q366425,50.39278,2.77222,51,missing,Ablain-Saint-Nazaire,6.4,4.5,50.6,"commune in Pas-de-Calais, France",https://en.wikipedia.org/wiki/Givenchy-en-Gohelle,wdq_box,2026-09-03
Souchez,Q1024742,50.39083,2.74278,45,missing,Ablain-Saint-Nazaire,6.4,2.4,50.6,"commune in Pas-de-Calais, France",https://en.wikipedia.org/wiki/Souchez,wdq_box,2026-09-03
Montaldo Scarampi,Q17832,44.83139,8.26,54,missing,Asti,8.4,8.8,50.6,Italian comune,https://en.wikipedia.org/wiki/Montaldo_Scarampi,wdq_box,2026-09-03
O Milladoiro,Q1268124,42.84495,-8.57822,41,missing,Santiago de Compostela,8.1,4.8,50.6,"osm place=town, pop 13788",,osm_pop,2026-09-03
Gravina di Catania,Q478338,37.56036,15.06178,51,member_of,Catania,7.5,6.8,50.5,Italian comune,https://en.wikipedia.org/wiki/Gravina_di_Catania,wdq_box,2026-09-03
Zwijndrecht,Q244692,51.82399,4.61258,47,missing,Zuidhoven,7.2,5.1,50.5,municipality of the Netherlands,"https://en.wikipedia.org/wiki/Zwijndrecht,_Netherlands",wdq_box,2026-09-03
Talant,Q46704,47.33639,5.00556,44,missing,Dijon,6.5,2.3,50.5,"commune in Côte-d'Or, France",https://en.wikipedia.org/wiki/Talant,wdq_box,2026-09-03
Riva di Solto,Q101507,45.76667,10.03333,50,member_of,Lovere,7.2,6.0,50.5,Italian comune,https://en.wikipedia.org/wiki/Riva_di_Solto,wdq_box,2026-09-03
Sagama,Q185964,40.26122,8.57762,64,missing,Bosa,6.5,7.9,50.5,"comune in Sardinia, Italy",https://en.wikipedia.org/wiki/Sagama,wdq_box,2026-09-03
Castelpoto,Q55889,41.15,14.7,50,missing,Benevento,7.7,6.9,50.5,Italian comune,https://en.wikipedia.org/wiki/Castelpoto,wdq_box,2026-09-03
Bodio Lomnago,Q39501,45.78333,8.75,51,missing,Varese,7.7,7.1,50.5,Italian comune,https://en.wikipedia.org/wiki/Bodio_Lomnago,wdq_box,2026-09-03
Schleswig,Q501661,54.51851,9.56533,44,missing,Dannewerk,7.8,5.3,50.5,"osm place=town, pop 24846",,osm_pop,2026-09-03
In-Naxxar,Q44397,35.91334,14.44329,41,missing,San Ġiljan,7.8,4.2,50.5,"osm place=town, pop 13443",,osm_pop,2026-09-03
Cenes de la Vega,Q24011392,37.16,-3.53905,39,missing,Granada,9,5.6,50.5,"osm place=village, pop 8289",,osm_pop,2026-09-03
A Valenzá,Q20543454,42.32152,-7.87742,39,missing,Ourense,7.2,2.0,50.5,"osm place=village, pop 7222",,osm_pop,2026-09-03
Grezzana,Q47890,45.51667,11.01667,52,missing,Verona,8.7,8.9,50.4,Italian comune,https://en.wikipedia.org/wiki/Grezzana,wdq_box,2026-09-03
Saint-Julien-lès-Metz,Q21927,49.13389,6.20278,42,missing,Metz,6.8,2.4,50.4,"commune in Moselle, France",https://en.wikipedia.org/wiki/Saint-Julien-l%C3%A8s-Metz,wdq_box,2026-09-03
Welsberg-Taisten,Q431389,46.7569,12.10435,52,member_of,Lago di Braies,7.5,7.1,50.4,"municipality in South Tyrol, Italy",https://en.wikipedia.org/wiki/Welsberg-Taisten,wdq_box,2026-09-03
Viator,Q1444040,36.88872,-2.4251,47,missing,Almería,7.9,6.4,50.4,municipality of Spain,https://en.wikipedia.org/wiki/Viator,wdq_box,2026-09-03
San Martino Siccomario,Q41026,45.15,9.13333,49,missing,Pavia,6.9,5.1,50.4,Italian comune,https://en.wikipedia.org/wiki/San_Martino_Siccomario,wdq_box,2026-09-03
Jovençan,Q35116,45.71556,7.27361,54,missing,Aosta,5.9,4.2,50.4,Italian municipality in the Aosta Valley,https://en.wikipedia.org/wiki/Joven%C3%A7an,wdq_box,2026-09-03
San Giustino,Q20518,43.54845,12.17653,51,missing,Sansepolcro,6.2,4.1,50.4,Italian comune,https://en.wikipedia.org/wiki/San_Giustino,wdq_box,2026-09-03
Bierne,Q888374,50.96278,2.41083,45,missing,Bergues,6.1,1.7,50.4,"commune in Nord, France",https://en.wikipedia.org/wiki/Bierne,wdq_box,2026-09-03
Marke,Q3099657,50.80705,3.23362,39,missing,Kortrijk,7.7,3.2,50.4,"osm place=village, pop 7882",,osm_pop,2026-09-03
Boulazac,Q21979644,45.18275,0.76327,40,missing,Périgueux,7.8,3.9,50.4,"osm place=village, pop 10697",,osm_pop,2026-09-03
Mutlangen,Q574197,48.82212,9.79344,38,missing,Schwäbisch Gmünd,7.6,2.5,50.4,"osm place=village, pop 6381",,osm_pop,2026-09-03
Römerberg,Q23019,49.28034,8.40079,40,missing,Speyer,8.4,5.0,50.4,"osm place=village, pop 9210",,osm_pop,2026-09-03
Stockelsdorf,Q551818,53.89818,10.64377,42,missing,Lübeck,7.8,4.6,50.4,"osm place=town, pop 16543",,osm_pop,2026-09-03
Leimen,Q23007,49.34914,8.691,44,missing,Heidelberg,8,5.7,50.4,"osm place=town, pop 27031",,osm_pop,2026-09-03
Arrecife,Q647543,28.9625,-13.55056,62,member_of,Lanzarote,7.5,9.2,50.3,"municipality in the Canary Islands, Spain",https://en.wikipedia.org/wiki/Arrecife,wdq_box,2026-09-03
San Bernardino Verbano,Q23692,45.95,8.51667,50,missing,Lago Maggiore (Stresa),8.1,7.6,50.3,Italian commune,https://en.wikipedia.org/wiki/San_Bernardino_Verbano,wdq_box,2026-09-03
Rubano,Q34388,45.43333,11.78333,50,missing,Padua,8.1,7.6,50.3,Italian comune,https://en.wikipedia.org/wiki/Rubano,wdq_box,2026-09-03
Verduno,Q20530,44.66667,7.93333,52,missing,Langhe (Barolo & Alba),7.4,6.9,50.3,Italian comune,https://en.wikipedia.org/wiki/Verduno,wdq_box,2026-09-03
Longueau,Q313538,49.87028,2.35611,44,missing,Amiens,7.5,4.8,50.3,"commune in Somme, France",https://en.wikipedia.org/wiki/Longueau,wdq_box,2026-09-03
Belleville-sur-Meuse,Q723986,49.17639,5.38028,43,missing,Bras-sur-Meuse,7.2,3.7,50.3,"commune in Meuse, France",https://en.wikipedia.org/wiki/Belleville-sur-Meuse,wdq_box,2026-09-03
Paisco Loveno,Q111345,46.08,10.29333,48,missing,Capo di Ponte,7.9,6.7,50.3,Italian comune,https://en.wikipedia.org/wiki/Paisco_Loveno,wdq_box,2026-09-03
Garlenda,Q270742,44.03351,8.09704,49,missing,Alassio,7.6,6.5,50.3,Italian comune,https://en.wikipedia.org/wiki/Garlenda,wdq_box,2026-09-03
Tournissan,Q173483,43.08167,2.66444,42,missing,Lagrasse,7.4,3.8,50.3,"commune in Aude, France",https://en.wikipedia.org/wiki/Tournissan,wdq_box,2026-09-03
Meppel,Q60425,52.70333,6.19167,60,missing,Darp,7,8.0,50.3,city and municipality in the Netherlands,https://en.wikipedia.org/wiki/Meppel,wdq_box,2026-09-03
Heverlee,Q764369,50.86459,4.69377,43,missing,Leuven,6.4,1.7,50.3,"osm place=town, pop 21000",,osm_pop,2026-09-03
Fredensborg,Q565436,55.974,12.40506,39,missing,Nødebo,7.9,3.7,50.3,"osm place=town, pop 8611",,osm_pop,2026-09-03
Valadares,Q2257407,41.09529,-8.63265,40,missing,Porto,9.1,6.2,50.3,"osm place=town, pop 10678",,osm_pop,2026-09-03
Custóias,Q2117063,41.20692,-8.6463,43,missing,Porto,9.1,7.2,50.3,"osm place=town, pop 18650",,osm_pop,2026-09-03
Boucau,Q320282,43.52361,-1.48667,43,missing,Bayonne,7.1,3.6,50.2,"commune in Pyrénées-Atlantiques, France",https://en.wikipedia.org/wiki/Boucau,wdq_box,2026-09-03
Saint-Jeannet,Q473663,43.74639,7.14333,46,missing,Saint-Paul-de-Vence,7.6,5.6,50.2,"commune in Alpes-Maritimes, France","https://en.wikipedia.org/wiki/Saint-Jeannet,_Alpes-Maritimes",wdq_box,2026-09-03
Montagny-lès-Beaune,Q16191,46.99111,4.84944,42,missing,Beaune,7.4,3.8,50.2,"commune in Côte-d'Or, France",https://en.wikipedia.org/wiki/Montagny-l%C3%A8s-Beaune,wdq_box,2026-09-03
Trecchina,Q52687,40.03333,15.76667,50,missing,Maratea,7.3,6.2,50.2,Italian comune,https://en.wikipedia.org/wiki/Trecchina,wdq_box,2026-09-03
Albano di Lucania,Q52512,40.58333,16.03333,49,missing,Castelmezzano,7.3,6.0,50.2,Italian comune,https://en.wikipedia.org/wiki/Albano_di_Lucania,wdq_box,2026-09-03
Pauli Arbarei,Q287917,39.66098,8.92184,61,missing,Su Nuraxi (Barumini),6.7,7.7,50.2,Italian comune,https://en.wikipedia.org/wiki/Pauli_Arbarei,wdq_box,2026-09-03
Orco Feglino,Q270985,44.21952,8.32499,50,missing,Noli,7.9,7.3,50.2,Italian comune,https://en.wikipedia.org/wiki/Orco_Feglino,wdq_box,2026-09-03
Sampzon,Q325420,44.42472,4.34333,42,missing,Vallon-Pont-d'Arc,7.7,4.5,50.2,"commune in Ardèche, France",https://en.wikipedia.org/wiki/Sampzon,wdq_box,2026-09-03
Montevarchi,Q52089,43.5234,11.56787,61,missing,Loro Ciuffenna,7.3,8.7,50.2,town and municipality of Italian province Arezzo in region Tuscany,https://en.wikipedia.org/wiki/Montevarchi,wdq_box,2026-09-03
Quincinetto,Q10213,45.56296,7.80732,54,missing,Bard,7.2,7.1,50.2,Italian comune,https://en.wikipedia.org/wiki/Quincinetto,wdq_box,2026-09-03
Bègues,Q849065,46.1275,3.15583,47,missing,Saint-Bonnet-de-Rochefort,6.1,2.5,50.2,"commune in Allier, France",https://en.wikipedia.org/wiki/B%C3%A8gues,wdq_box,2026-09-03
Tavarede,Q2118692,40.16561,-8.84268,40,missing,Figueira da Foz,7.1,2.3,50.2,"osm place=town, pop 9441",,osm_pop,2026-09-03
Tavernes Blanques,Q1109227,39.50643,-0.3626,40,missing,Valencia,7.8,3.9,50.2,"osm place=village, pop 9789",,osm_pop,2026-09-03
Gelves,Q1628386,37.33958,-6.02601,46,missing,Seville,8.6,7.3,50.1,municipality of Spain,https://en.wikipedia.org/wiki/Gelves,wdq_box,2026-09-03
Zaandam,Q211260,52.44167,4.84222,47,missing,Amsterdam,9.2,8.4,50.1,"city in Zaanstad, Netherlands",https://en.wikipedia.org/wiki/Zaandam,wdq_box,2026-09-03
Nieuwegein,Q10050,52.0314,5.0919,49,missing,Utrecht,7.8,6.9,50.1,town and municipality in the Netherlands,https://en.wikipedia.org/wiki/Nieuwegein,wdq_box,2026-09-03
Saint-Sulpice-de-Faleyrens,Q1005035,44.87444,-0.19028,40,missing,Saint-Émilion,7.6,3.5,50.1,"commune in Gironde, France",https://en.wikipedia.org/wiki/Saint-Sulpice-de-Faleyrens,wdq_box,2026-09-03
Ceyssac,Q1065649,45.03778,3.83556,40,missing,Le Puy-en-Velay,7.8,3.9,50.1,"commune in Haute-Loire, France",https://en.wikipedia.org/wiki/Ceyssac,wdq_box,2026-09-03
Bressolles,Q838714,45.86694,5.09556,58,missing,Pérouges,6.9,7.5,50.1,"commune in Ain, France","https://en.wikipedia.org/wiki/Bressolles,_Ain",wdq_box,2026-09-03
Feldthurns,Q499695,46.66794,11.59808,52,missing,Val di Funes,7.3,6.8,50.1,"municipality in South Tyrol, Italy",https://en.wikipedia.org/wiki/Feldthurns,wdq_box,2026-09-03
Planoise,Q483296,47.2214,5.9681,58,missing,Besançon,5.7,4.9,50.1,"neighbourhood in Besançon, France",https://en.wikipedia.org/wiki/Planoise,wdq_box,2026-09-03
Furci Siculo,Q496185,37.96139,15.38194,49,missing,Savoca,6.3,3.8,50.1,Italian comune,https://en.wikipedia.org/wiki/Furci_Siculo,wdq_box,2026-09-03
Abancourt,Q1046381,50.23417,3.21333,50,missing,Cambrai,7.5,6.6,50.1,"commune in Nord, France","https://en.wikipedia.org/wiki/Abancourt,_Nord",wdq_box,2026-09-03
Aulnay-sous-Bois,Q192773,48.93639,2.49306,66,missing,Roissy-en-France,6.2,7.8,50.1,"commune in Seine-Saint-Denis, France",https://en.wikipedia.org/wiki/Aulnay-sous-Bois,wdq_box,2026-09-03
Viguzzolo,Q17694,44.90528,8.92361,54,missing,Tortona,6.1,4.8,50.1,municipality in Italy,https://en.wikipedia.org/wiki/Viguzzolo,wdq_box,2026-09-03
Gricourt,Q991755,49.88889,3.24444,44,missing,Saint-Quentin,7.8,5.4,50.1,"commune in Aisne, France",https://en.wikipedia.org/wiki/Gricourt,wdq_box,2026-09-03
Boxmeer,Q9819,51.6483,5.9444,45,missing,Heijen,6.9,3.9,50.1,former Dutch municipality in North Brabant,https://en.wikipedia.org/wiki/Boxmeer,wdq_box,2026-09-03
Cumbernauld,Q996616,55.94778,-3.98826,47,missing,Kilsyth,7.3,5.4,50.1,"osm place=town, pop 52270",,osm_pop,2026-09-03
Burjassot,Q55688,39.50906,-0.41086,42,missing,Valencia,7.8,4.7,50.0,municipality in Spain,https://en.wikipedia.org/wiki/Burjassot,wdq_box,2026-09-03
Marostica,Q48090,45.74556,11.65528,60,missing,Bassano del Grappa,6.2,6.6,50.0,Italian comune,https://en.wikipedia.org/wiki/Marostica,wdq_box,2026-09-03
Castel del Monte,Q50071,42.36544,13.72592,51,missing,Rocca Calascio,6.5,4.9,50.0,Italian comune,"https://en.wikipedia.org/wiki/Castel_del_Monte,_Abruzzo",wdq_box,2026-09-03
Volano,Q328098,45.91718,11.06351,48,missing,Rovereto,6.3,3.5,50.0,Italian comune,https://en.wikipedia.org/wiki/Volano,wdq_box,2026-09-03
Mazingarbe,Q381476,50.47306,2.71806,50,missing,Loos-en-Gohelle,6.9,5.5,50.0,"commune in Pas-de-Calais, France",https://en.wikipedia.org/wiki/Mazingarbe,wdq_box,2026-09-03
Pluneret,Q128997,47.67556,-2.9575,42,missing,Auray,6.7,2.2,50.0,"commune in Morbihan, France",https://en.wikipedia.org/wiki/Pluneret,wdq_box,2026-09-03
Saint-Germain-en-Laye,Q185075,48.89904,2.09428,46,missing,Louveciennes,7,4.5,50.0,"osm place=town, pop 44380",,osm_pop,2026-09-03
Astigarraga,Q1639355,43.28157,-1.94748,39,missing,San Sebastián,8.5,4.9,50.0,"osm place=village, pop 7210",,osm_pop,2026-09-03
Argentona,Q11539,41.55543,2.40028,40,missing,Mataró,7.8,4.0,50.0,"osm place=town, pop 9218",,osm_pop,2026-09-03
Pully,Q69738,46.5098,6.66175,42,missing,Lausanne,6.8,2.5,50.0,"osm place=town, pop 17624",,osm_pop,2026-09-03
Carbonara al Ticino,Q40920,45.17382,9.08249,53,missing,Pavia,6.9,6.3,49.9,Italian comune,https://en.wikipedia.org/wiki/Carbonara_al_Ticino,wdq_box,2026-09-03
Viadana,Q42336,44.92667,10.52,54,missing,Sabbioneta,7.9,8.3,49.9,Italian comune,"https://en.wikipedia.org/wiki/Viadana,_Lombardy",wdq_box,2026-09-03
Saint-Martin-d'Hères,Q243868,45.18361,5.75528,52,missing,Saint-Martin-le-Vinoux,5.9,3.7,49.9,"commune in Isère, France",https://en.wikipedia.org/wiki/Saint-Martin-d%27H%C3%A8res,wdq_box,2026-09-03
Bajardo,Q268168,43.90349,7.71841,48,missing,Apricale,7.1,5.3,49.9,Italian comune,https://en.wikipedia.org/wiki/Bajardo,wdq_box,2026-09-03
Valbonne,Q383436,43.64139,7.00889,48,missing,Le Bar-sur-Loup,7.9,6.8,49.9,"commune in Alpes-Maritimes, France",https://en.wikipedia.org/wiki/Valbonne,wdq_box,2026-09-03
Mareno di Piave,Q47495,45.84088,12.352,50,missing,Conegliano,7.4,6.5,49.9,Italian comune,https://en.wikipedia.org/wiki/Mareno_di_Piave,wdq_box,2026-09-03
Fleury-sur-Orne,Q516709,49.14611,-0.37639,45,missing,Caen,7.2,4.6,49.9,"commune in Calvados, France",https://en.wikipedia.org/wiki/Fleury-sur-Orne,wdq_box,2026-09-03
Colincamps,Q58926,50.10056,2.60028,42,missing,Mailly-Maillet,6.7,2.3,49.9,"commune in Somme, France",https://en.wikipedia.org/wiki/Colincamps,wdq_box,2026-09-03
Kingsteignton,Q1215945,50.54959,-3.59557,41,missing,Newton Abbot,7,2.6,49.9,"osm place=town, pop 11551",,osm_pop,2026-09-03
Colindres,Q24014632,43.39496,-3.44979,39,member_of,Laredo,7.6,3.2,49.9,"osm place=village, pop 8571",,osm_pop,2026-09-03
Paterna,Q23042,39.50278,-0.44056,46,missing,Valencia,7.8,6.1,49.8,municipality in Spain,https://en.wikipedia.org/wiki/Paterna,wdq_box,2026-09-03
Corbara,Q80888,40.71667,14.6,49,missing,Amalfi Coast,9.4,9.2,49.8,Italian comune,https://en.wikipedia.org/wiki/Corbara,wdq_box,2026-09-03
Benerville-sur-Mer,Q843410,49.34222,0.03667,47,missing,Deauville,6.5,3.7,49.8,"commune in Calvados, France",https://en.wikipedia.org/wiki/Benerville-sur-Mer,wdq_box,2026-09-03
Agosta,Q241659,41.9825,13.03361,55,missing,Subiaco,7.4,7.8,49.8,Italian comune,"https://en.wikipedia.org/wiki/Agosta,_Lazio",wdq_box,2026-09-03
Ternengo,Q18174,45.58945,8.11677,51,missing,Biella,6.7,5.4,49.8,Italian comune,https://en.wikipedia.org/wiki/Ternengo,wdq_box,2026-09-03
Sainte-Eulalie-d'Olt,Q749158,44.46444,2.94556,40,missing,Saint-Geniez-d'Olt,7,2.2,49.8,"commune in Aveyron, France",https://en.wikipedia.org/wiki/Sainte-Eulalie-d%27Olt,wdq_box,2026-09-03
Louvigny,Q385859,49.15778,-0.39194,43,missing,Caen,7.2,3.9,49.8,"commune in Calvados, France","https://en.wikipedia.org/wiki/Louvigny,_Calvados",wdq_box,2026-09-03
Romans,Q613120,46.1217,5.0211,51,missing,Châtillon-sur-Chalaronne,6.5,5.0,49.8,"commune in Ain, France","https://en.wikipedia.org/wiki/Romans,_Ain",wdq_box,2026-09-03
Laino,Q47129,45.98301,9.10221,48,missing,Ossuccio,7.5,6.2,49.8,Italian comune,https://en.wikipedia.org/wiki/Laino,wdq_box,2026-09-03
Kaštela,Q396579,43.55614,16.3646,46,missing,Split,9,8.0,49.8,"osm place=town, pop 37794",,osm_pop,2026-09-03
Waalwijk,Q9879,51.68525,5.07051,45,missing,Efteling (Kaatsheuvel),7,4.2,49.8,"osm place=town, pop 29385",,osm_pop,2026-09-03
Sant'Agata li Battiati,Q478863,37.55745,15.07999,48,missing,Catania,7.5,6.2,49.7,Italian comune,https://en.wikipedia.org/wiki/Sant%27Agata_li_Battiati,wdq_box,2026-09-03
Calorguen,Q220197,48.41028,-2.02889,44,missing,Dinan,7.7,5.3,49.7,"commune in Côtes-d'Armor, France",https://en.wikipedia.org/wiki/Calorguen,wdq_box,2026-09-03
Zarzalejo,Q132247,40.54828,-4.18264,42,missing,San Lorenzo de El Escorial,8.1,5.4,49.7,municipality of Spain,https://en.wikipedia.org/wiki/Zarzalejo,wdq_box,2026-09-03
Bailly,Q83439,48.84139,2.07722,42,missing,Versailles,8.4,5.9,49.7,"commune in Yvelines, France","https://en.wikipedia.org/wiki/Bailly,_Yvelines",wdq_box,2026-09-03
Sant'Angelo a Cupolo,Q55977,41.06667,14.8,51,missing,Benevento,7.7,7.4,49.7,Italian comune,https://en.wikipedia.org/wiki/Sant%27Angelo_a_Cupolo,wdq_box,2026-09-03
Mercatel,Q470028,50.23556,2.79583,45,missing,Achicourt,7.4,5.1,49.7,"commune in Pas-de-Calais, France",https://en.wikipedia.org/wiki/Mercatel,wdq_box,2026-09-03
Carpiquet,Q839827,49.18611,-0.44444,50,missing,Caen,7.2,6.2,49.7,"commune in Calvados, France",https://en.wikipedia.org/wiki/Carpiquet,wdq_box,2026-09-03
Ferrazzano,Q277573,41.53333,14.66667,51,missing,Campobasso,5.7,2.9,49.7,Italian comune,https://en.wikipedia.org/wiki/Ferrazzano,wdq_box,2026-09-03
Vedano Olona,Q39926,45.7769,8.8869,49,missing,Varese,7.7,6.8,49.7,Italian comune,https://en.wikipedia.org/wiki/Vedano_Olona,wdq_box,2026-09-03
Borgo San Lorenzo,Q82619,43.95548,11.38561,60,missing,Sant'Agata,6.9,8.0,49.7,Italian comune,https://en.wikipedia.org/wiki/Borgo_San_Lorenzo,wdq_box,2026-09-03
Ussita,Q94984,42.94413,13.14295,51,missing,Castelsantangelo sul Nera,6.8,5.7,49.7,Italian comune,https://en.wikipedia.org/wiki/Ussita,wdq_box,2026-09-03
Porlezza,Q47510,46.03333,9.13333,55,missing,Ossuccio,7.5,7.9,49.7,Italian comune,https://en.wikipedia.org/wiki/Porlezza,wdq_box,2026-09-03
Arzon,Q63006,47.54806,-2.89139,47,missing,Île-aux-Moines,7.8,6.4,49.7,"commune in Morbihan, France",https://en.wikipedia.org/wiki/Arzon,wdq_box,2026-09-03
Hoogland,Q1851399,52.18725,5.37622,40,missing,Amersfoort,7.6,3.7,49.7,"osm place=village, pop 10449",,osm_pop,2026-09-03
Ferreiros,Q1407827,41.535,-8.43998,39,missing,Braga,7.1,2.0,49.7,"osm place=village, pop 7707",,osm_pop,2026-09-03
Torremolinos,Q492737,36.62454,-4.49963,68,missing,Malaga,7.3,12.8,49.6,"town in the province of Málaga, Spain",https://en.wikipedia.org/wiki/Torremolinos,wdq_box,2026-09-03
Urrugne,Q672401,43.36222,-1.7,46,missing,Saint-Jean-de-Luz,6.8,4.2,49.6,"commune in Pyrénées-Atlantiques, France",https://en.wikipedia.org/wiki/Urrugne,wdq_box,2026-09-03
Paceco,Q481744,37.97876,12.56028,49,member_of,Erice,7.7,6.9,49.6,Italian comune,https://en.wikipedia.org/wiki/Paceco,wdq_box,2026-09-03
Arganchy,Q839000,49.23833,-0.73139,48,missing,Bayeux,6.9,5.0,49.6,"commune in Calvados, France",https://en.wikipedia.org/wiki/Arganchy,wdq_box,2026-09-03
Clivio,Q39895,45.86667,8.93333,51,missing,Morcote,6.8,5.7,49.6,Italian comune,https://en.wikipedia.org/wiki/Clivio,wdq_box,2026-09-03
Viggiù,Q41041,45.86667,8.9,51,missing,Morcote,6.8,5.7,49.6,Italian comune,https://en.wikipedia.org/wiki/Viggi%C3%B9,wdq_box,2026-09-03
Solto Collina,Q101585,45.78333,10.01667,47,missing,Lovere,7.2,5.3,49.6,Italian comune,https://en.wikipedia.org/wiki/Solto_Collina,wdq_box,2026-09-03
Hermigua,Q1260011,28.16296,-17.19849,43,member_of,La Gomera,8.2,5.9,49.6,municipality of Spain,https://en.wikipedia.org/wiki/Hermigua,wdq_box,2026-09-03
Ficheux,Q1030223,50.22694,2.73861,46,missing,Achicourt,7.4,5.4,49.6,"commune in Pas-de-Calais, France",https://en.wikipedia.org/wiki/Ficheux,wdq_box,2026-09-03
Douvrin,Q854870,50.51,2.83167,53,missing,Loos-en-Gohelle,6.9,6.4,49.6,"commune in Pas-de-Calais, France",https://en.wikipedia.org/wiki/Douvrin,wdq_box,2026-09-03
Kongens Lyngby,Q2239,55.77186,12.50514,47,missing,Holte,7.3,5.5,49.6,"osm place=town, pop 53501",,osm_pop,2026-09-03
Laranjeiro,Q1805874,38.65653,-9.15422,43,missing,Lisbon,9.1,7.3,49.6,"osm place=village, pop 20780",,osm_pop,2026-09-03
San Cesario di Lecce,Q52187,40.3,18.16667,47,missing,Lecce,7.4,5.8,49.5,Italian comune,https://en.wikipedia.org/wiki/San_Cesario_di_Lecce,wdq_box,2026-09-03
Gargallo,Q22450,45.72757,8.40919,54,missing,Orta San Giulio,7.7,8.1,49.5,Italian comune,"https://en.wikipedia.org/wiki/Gargallo,_Piedmont",wdq_box,2026-09-03
Ceriana,Q268330,43.87906,7.7746,51,missing,Sanremo,7.4,6.9,49.5,Italian comune,https://en.wikipedia.org/wiki/Ceriana,wdq_box,2026-09-03
Aubière,Q627252,45.75083,3.11083,40,missing,Clermont-Ferrand,7.6,3.7,49.5,"commune in Puy-de-Dôme, France",https://en.wikipedia.org/wiki/Aubi%C3%A8re,wdq_box,2026-09-03
Meistratzheim,Q21297,48.44889,7.54306,46,missing,Obernai,7.1,4.8,49.5,"commune in Bas-Rhin, France",https://en.wikipedia.org/wiki/Meistratzheim,wdq_box,2026-09-03
Lede,Q912113,50.96615,3.97798,43,missing,Aalst,7.8,5.2,49.5,"osm place=town, pop 18400",,osm_pop,2026-09-03
Gladbeck,Q3905,51.57187,6.98773,49,missing,Buer,6.5,4.5,49.5,"osm place=town, pop 74011",,osm_pop,2026-09-03
Mottella,Q18490630,45.16515,10.84571,39,missing,Mantua,8.1,4.3,49.5,"osm place=village, pop 8019",,osm_pop,2026-09-03
Borgo a Buggiano,Q18490660,43.87836,10.73143,39,missing,Montecatini-Terme,7.6,3.3,49.5,"osm place=village, pop 7302",,osm_pop,2026-09-03
Sprang-Capelle,Q1329691,51.67053,5.0253,41,missing,Efteling (Kaatsheuvel),7,2.7,49.5,"osm place=village, pop 13000",,osm_pop,2026-09-03
Nootdorp,Q1615172,52.04262,4.39313,43,missing,Delft,7.3,4.2,49.5,"osm place=town, pop 19160",,osm_pop,2026-09-03
Monachil,Q593620,37.13222,-3.53972,43,missing,Granada,9,7.2,49.4,municipality of Spain,https://en.wikipedia.org/wiki/Monachil,wdq_box,2026-09-03
Darnétal,Q1110442,49.44472,1.15111,45,missing,Rouen,7.1,4.5,49.4,"commune in Seine-Maritime, France",https://en.wikipedia.org/wiki/Darn%C3%A9tal,wdq_box,2026-09-03
Sully,Q1013724,49.29972,-0.73694,43,missing,Bayeux,6.9,3.4,49.4,"commune in Calvados, France","https://en.wikipedia.org/wiki/Sully,_Calvados",wdq_box,2026-09-03
Châtenois,Q21440,48.27194,7.40083,46,missing,Château du Haut-Koenigsbourg,7.1,4.9,49.4,"commune in Bas-Rhin, France","https://en.wikipedia.org/wiki/Ch%C3%A2tenois,_Bas-Rhin",wdq_box,2026-09-03
Turre,Q1358302,37.15237,-1.89454,50,missing,Mojacar,6.2,4.1,49.4,municipality of Spain,https://en.wikipedia.org/wiki/Turre,wdq_box,2026-09-03
Villepinte,Q241064,48.96056,2.53028,53,missing,Roissy-en-France,6.2,5.0,49.4,"commune in Seine-Saint-Denis, France","https://en.wikipedia.org/wiki/Villepinte,_Seine-Saint-Denis",wdq_box,2026-09-03
Vaulx-en-Velin,Q13596,45.77843,4.92062,47,missing,Lyon,7.8,6.5,49.4,"osm place=town, pop 52139",,osm_pop,2026-09-03
Fontenay-sous-Bois,Q193899,48.84907,2.47493,47,missing,Paris (CDG),9.6,9.1,49.4,"osm place=town, pop 51812",,osm_pop,2026-09-03
Hellemmes,Q1113917,50.62745,3.10922,43,missing,Lille,7,3.6,49.4,"osm place=town, pop 18492",,osm_pop,2026-09-03
Quart de Poblet,Q945911,39.48273,-0.44389,44,missing,Valencia,7.8,5.6,49.4,"osm place=town, pop 24545",,osm_pop,2026-09-03
Meggen,Q14573,47.04707,8.3734,38,missing,Lucerne,8.6,4.9,49.4,"osm place=village, pop 5923",,osm_pop,2026-09-03
Monteroni di Lecce,Q52163,40.33333,18.1,50,missing,Lecce,7.4,6.7,49.3,Italian comune,https://en.wikipedia.org/wiki/Monteroni_di_Lecce,wdq_box,2026-09-03
Bolzano Vicentino,Q46214,45.6,11.61667,51,missing,Vicenza,7.8,7.6,49.3,Italian comune,https://en.wikipedia.org/wiki/Bolzano_Vicentino,wdq_box,2026-09-03
Monchiero,Q20186,44.56667,7.91667,49,missing,Langhe (Barolo & Alba),7.4,6.4,49.3,Italian comune,https://en.wikipedia.org/wiki/Monchiero,wdq_box,2026-09-03
Possagno,Q29369,45.85,11.88333,53,missing,Asolo,6.7,6.1,49.3,Italian comune,https://en.wikipedia.org/wiki/Possagno,wdq_box,2026-09-03
Striano,Q72679,40.81667,14.56667,53,missing,Pompeii,9.3,10.0,49.3,Italian comune,https://en.wikipedia.org/wiki/Striano,wdq_box,2026-09-03
Navaridas,Q1442870,42.54611,-2.62333,42,missing,Laguardia,7,3.2,49.3,municipality of Spain,https://en.wikipedia.org/wiki/Navaridas,wdq_box,2026-09-03
San Vito Romano,Q243377,41.88333,12.98333,54,missing,Castel San Pietro Romano,7.9,8.4,49.3,Italian comune,https://en.wikipedia.org/wiki/San_Vito_Romano,wdq_box,2026-09-03
Grand-Rozoy,Q962997,49.23444,3.385,45,missing,Oulchy-le-Château,6.6,3.4,49.3,"commune in Aisne, France",https://en.wikipedia.org/wiki/Grand-Rozoy,wdq_box,2026-09-03
Pettinengo,Q18095,45.61296,8.10407,55,missing,Biella,6.7,6.6,49.3,Italian comune,https://en.wikipedia.org/wiki/Pettinengo,wdq_box,2026-09-03
Maltignano,Q56072,42.8316,13.68714,49,missing,Civitella del Tronto,7.5,6.6,49.3,Italian comune,https://en.wikipedia.org/wiki/Maltignano,wdq_box,2026-09-03
Jouaignes,Q846060,49.29861,3.53583,48,missing,Braine,6.8,4.9,49.3,"commune in Aisne, France",https://en.wikipedia.org/wiki/Jouaignes,wdq_box,2026-09-03
Pilar de la Horadada,Q956513,37.86755,-0.79257,44,missing,Torre de la Horadada,6.6,3.0,49.3,municipality of Spain,https://en.wikipedia.org/wiki/Pilar_de_la_Horadada,wdq_box,2026-09-03
Bissegem,Q2708072,50.82325,3.22702,37,missing,Kortrijk,7.7,2.7,49.3,"osm place=village, pop 5533",,osm_pop,2026-09-03
Torre Boldone,Q30031181,45.71627,9.70819,39,missing,Bergamo (Città Alta),7.8,3.8,49.3,"osm place=village, pop 8825",,osm_pop,2026-09-03
Grassina,Q18486956,43.72354,11.29345,39,missing,Florence,9.1,6.1,49.3,"osm place=village, pop 8732",,osm_pop,2026-09-03
Noordwijkerhout,Q848988,52.26291,4.49052,42,missing,Keukenhof (Lisse),7.3,3.9,49.3,"osm place=village, pop 14423",,osm_pop,2026-09-03
Giubiasco,Q69498,46.17392,9.01341,39,missing,Bellinzona,7.3,2.7,49.3,"osm place=village, pop 8751",,osm_pop,2026-09-03
Ingersheim,Q495490,48.09472,7.30639,40,missing,Colmar,7.8,4.2,49.2,"commune in Haut-Rhin, France","https://en.wikipedia.org/wiki/Ingersheim,_Haut-Rhin",wdq_box,2026-09-03
Bordeaux-Saint-Clair,Q1113532,49.70111,0.25278,41,missing,Étretat,7.2,3.3,49.2,"commune in Seine-Maritime, France",https://en.wikipedia.org/wiki/Bordeaux-Saint-Clair,wdq_box,2026-09-03
Pennedepie,Q1017638,49.40694,0.17611,43,missing,Honfleur,7.3,4.3,49.2,"commune in Calvados, France",https://en.wikipedia.org/wiki/Pennedepie,wdq_box,2026-09-03
Roccafiorita,Q490330,37.93054,15.26858,50,missing,Taormina,8.9,8.9,49.2,Italian comune,https://en.wikipedia.org/wiki/Roccafiorita,wdq_box,2026-09-03
Cormontreuil,Q538779,49.22278,4.05194,41,missing,Reims,7.8,4.6,49.2,"commune in Marne, France",https://en.wikipedia.org/wiki/Cormontreuil,wdq_box,2026-09-03
Civezzano,Q268345,46.10015,11.18163,49,missing,Trento,7.3,6.2,49.2,Italian comune,https://en.wikipedia.org/wiki/Civezzano,wdq_box,2026-09-03
Villa d'Almè,Q101763,45.75,9.61667,50,missing,Bergamo (Città Alta),7.8,7.4,49.2,Italian comune,https://en.wikipedia.org/wiki/Villa_d%27Alm%C3%A8,wdq_box,2026-09-03
Charmeil,Q845240,46.16139,3.39306,49,missing,Vichy,6.5,4.5,49.2,"commune in Allier, France",https://en.wikipedia.org/wiki/Charmeil,wdq_box,2026-09-03
Alajeró,Q932914,28.06199,-17.23837,43,member_of,La Gomera,8.2,6.0,49.2,municipality of Spain,https://en.wikipedia.org/wiki/Alajer%C3%B3,wdq_box,2026-09-03
Spineda,Q42859,45.0614,10.51165,49,missing,Sabbioneta,7.9,7.3,49.2,Italian comune,https://en.wikipedia.org/wiki/Spineda,wdq_box,2026-09-03
Antignano,Q17743,44.84506,8.13484,51,missing,Asti,8.4,8.5,49.2,Italian comune,https://en.wikipedia.org/wiki/Antignano,wdq_box,2026-09-03
Nielles-lès-Calais,Q943423,50.90778,1.83778,44,missing,Calais,7.5,5.1,49.2,"commune in Pas-de-Calais, France",https://en.wikipedia.org/wiki/Nielles-l%C3%A8s-Calais,wdq_box,2026-09-03
Frameries,Q666751,50.40965,3.8933,43,missing,Hornu,7.8,5.3,49.2,"osm place=town, pop 21296",,osm_pop,2026-09-03
Odenthal,Q245466,51.03267,7.11715,42,missing,Bergisch Gladbach,8,5.3,49.2,"osm place=town, pop 15258",,osm_pop,2026-09-03
Wallasey,Q780923,53.42412,-3.03941,48,missing,Liverpool,6.3,3.7,49.2,"osm place=town, pop 60284",,osm_pop,2026-09-03
Lardero,Q386306,42.42729,-2.46244,41,missing,Logroño,7.7,4.4,49.2,"osm place=town, pop 11652",,osm_pop,2026-09-03
Elmas,Q283906,39.26788,9.04999,58,missing,Cagliari,6.7,7.4,49.1,Italian comune,https://en.wikipedia.org/wiki/Elmas,wdq_box,2026-09-03
Jesenice,Q4165497,46.43657,14.06017,51,member_of,Lake Bled,8.5,8.7,49.1,town in Slovenia,https://en.wikipedia.org/wiki/Jesenice,wdq_box,2026-09-03
Surbo,Q52204,40.4,18.13333,49,missing,Lecce,7.4,6.4,49.1,Italian comune,https://en.wikipedia.org/wiki/Surbo,wdq_box,2026-09-03
Barbentane,Q330430,43.89944,4.74778,48,missing,Avignon,8,7.2,49.1,"commune in Bouches-du-Rhône, France",https://en.wikipedia.org/wiki/Barbentane,wdq_box,2026-09-03
Ispra,Q40297,45.81667,8.61667,58,missing,Lago Maggiore (Stresa),8.1,9.6,49.1,Italian comune,https://en.wikipedia.org/wiki/Ispra,wdq_box,2026-09-03
Zungri,Q54754,38.65,15.98333,52,missing,Tropea,8,8.2,49.1,Italian comune,https://en.wikipedia.org/wiki/Zungri,wdq_box,2026-09-03
Montegrotto Terme,Q34434,45.33333,11.78333,57,missing,Arquà Petrarca,7.6,8.7,49.1,Italian comune,https://en.wikipedia.org/wiki/Montegrotto_Terme,wdq_box,2026-09-03
Saint-Paul-de-Salers,Q763314,45.13972,2.51639,40,missing,Salers,6.7,1.7,49.1,"commune in Cantal, France",https://en.wikipedia.org/wiki/Saint-Paul-de-Salers,wdq_box,2026-09-03
Arrone,Q6248,42.58284,12.76916,54,member_of,Cascata delle Marmore,6.3,5.6,49.1,"town in the region Umbria, in Italy",https://en.wikipedia.org/wiki/Arrone,wdq_box,2026-09-03
La Tronche,Q1017260,45.20639,5.74028,46,missing,Saint-Martin-le-Vinoux,5.9,1.9,49.1,"commune in Isère, France",https://en.wikipedia.org/wiki/La_Tronche,wdq_box,2026-09-03
Montanaso Lombardo,Q42219,45.33667,9.46972,49,missing,Lodi,6.2,3.8,49.1,Italian comune,https://en.wikipedia.org/wiki/Montanaso_Lombardo,wdq_box,2026-09-03
Pietrabruna,Q269489,43.88981,7.90328,48,missing,Taggia,7.5,6.4,49.1,Italian comune,https://en.wikipedia.org/wiki/Pietrabruna,wdq_box,2026-09-03
Pontecchio Polesine,Q34320,45.01667,11.81667,47,missing,Rovigo,7.6,6.3,49.1,Italian comune,https://en.wikipedia.org/wiki/Pontecchio_Polesine,wdq_box,2026-09-03
Gertwiller,Q21280,48.41083,7.46778,49,missing,Obernai,7.1,5.9,49.1,"commune in Bas-Rhin, France",https://en.wikipedia.org/wiki/Gertwiller,wdq_box,2026-09-03
Woensdrecht,Q9881,51.43,4.305,46,missing,Bergen op Zoom,8.4,7.3,49.1,municipality in the Netherlands,https://en.wikipedia.org/wiki/Woensdrecht,wdq_box,2026-09-03
Geestland,Q1497761,53.60967,8.59438,45,missing,Bremerhaven,8,6.4,49.1,"osm place=town, pop 31713",,osm_pop,2026-09-03
Nieuw-Loosdrecht,Q3341323,52.19977,5.13918,38,missing,Hilversum,7.9,3.6,49.1,"osm place=village, pop 6505",,osm_pop,2026-09-03
Prinsenbeek,Q2764979,51.60035,4.71856,41,missing,Breda,7.6,4.3,49.1,"osm place=village, pop 11606",,osm_pop,2026-09-03
Paterna,Q24020094,39.50392,-0.4421,46,missing,Valencia,7.8,6.3,49.1,"osm place=town, pop 40304",,osm_pop,2026-09-03
Monfalcone,Q53133,45.8,13.53333,70,missing,Trieste,7,25.2,49.0,comune of Italy,https://en.wikipedia.org/wiki/Monfalcone,wdq_box,2026-09-03
Les Pennes-Mirabeau,Q243100,43.41,5.30944,52,missing,Marseille,6.7,5.9,49.0,"commune in Bouches-du-Rhône, France",https://en.wikipedia.org/wiki/Les_Pennes-Mirabeau,wdq_box,2026-09-03
Beverino,Q269978,44.19593,9.76869,49,member_of,Cinque Terre,9,8.9,49.0,Italian comune,https://en.wikipedia.org/wiki/Beverino,wdq_box,2026-09-03
Berneville,Q998968,50.26556,2.67139,48,missing,Achicourt,7.4,6.2,49.0,"commune in Pas-de-Calais, France",https://en.wikipedia.org/wiki/Berneville,wdq_box,2026-09-03
Lefaux,Q1024835,50.54278,1.65972,46,missing,Le Touquet-Paris-Plage,7.4,5.6,49.0,"commune in Pas-de-Calais, France",https://en.wikipedia.org/wiki/Lefaux,wdq_box,2026-09-03
Camplong-d'Aude,Q495758,43.12861,2.65194,44,missing,Lagrasse,7.4,4.9,49.0,"commune in Aude, France",https://en.wikipedia.org/wiki/Camplong-d%27Aude,wdq_box,2026-09-03
La Chapelle-du-Châtelard,Q838362,46.06889,5.02556,61,missing,Châtillon-sur-Chalaronne,6.5,7.7,49.0,"commune in Ain, France",https://en.wikipedia.org/wiki/La_Chapelle-du-Ch%C3%A2telard,wdq_box,2026-09-03
Castiglione Olona,Q40274,45.7531,8.8744,55,missing,Varese,7.7,8.4,49.0,Italian comune,https://en.wikipedia.org/wiki/Castiglione_Olona,wdq_box,2026-09-03
Tocco Caudio,Q55987,41.13333,14.63333,52,missing,Montesarchio,7.8,7.9,49.0,Italian comune,https://en.wikipedia.org/wiki/Tocco_Caudio,wdq_box,2026-09-03
Lesdins,Q850162,49.89694,3.32722,45,missing,Saint-Quentin,7.8,6.1,49.0,"commune in Aisne, France",https://en.wikipedia.org/wiki/Lesdins,wdq_box,2026-09-03
Bénifontaine,Q771833,50.48694,2.83028,45,missing,Loos-en-Gohelle,6.9,4.2,49.0,"commune in Pas-de-Calais, France",https://en.wikipedia.org/wiki/B%C3%A9nifontaine,wdq_box,2026-09-03
Puteaux,Q234743,48.88415,2.23689,46,missing,Paris (CDG),9.6,8.9,49.0,"osm place=town, pop 43672",,osm_pop,2026-09-03
Clamart,Q194160,48.80038,2.26302,47,missing,Paris (CDG),9.6,9.1,49.0,"osm place=town, pop 54491",,osm_pop,2026-09-03
Bouliac,Q254934,44.815,-0.50194,43,missing,Bordeaux,8.5,6.6,48.9,"commune in Gironde, France",https://en.wikipedia.org/wiki/Bouliac,wdq_box,2026-09-03
Villegailhenc,Q193913,43.26889,2.35444,43,missing,Carcassonne,8.3,6.3,48.9,"commune in Aude, France",https://en.wikipedia.org/wiki/Villegailhenc,wdq_box,2026-09-03
Huningue,Q83415,47.59139,7.58306,49,missing,Basel,6.3,4.1,48.9,"commune in Haut-Rhin, France",https://en.wikipedia.org/wiki/Huningue,wdq_box,2026-09-03
Blaricum,Q9906,52.2728,5.2422,48,missing,Hilversum,7.9,7.1,48.9,"town and municipality in Noord-Holland, the Netherlands",https://en.wikipedia.org/wiki/Blaricum,wdq_box,2026-09-03
Saint-André-les-Vergers,Q688404,48.27972,4.05389,44,missing,Troyes,6.5,2.9,48.9,"commune in Aube, France",https://en.wikipedia.org/wiki/Saint-Andr%C3%A9-les-Vergers,wdq_box,2026-09-03
Pórtugos,Q609921,36.94222,-3.31028,44,missing,Alpujarras (Pampaneira),6.8,3.7,48.9,municipality of Spain,https://en.wikipedia.org/wiki/P%C3%B3rtugos,wdq_box,2026-09-03
Benifato,Q370955,38.67333,-0.22944,40,missing,Guadalest,7.1,2.8,48.9,municipality of Spain,https://en.wikipedia.org/wiki/Benifato,wdq_box,2026-09-03
Beugneux,Q849672,49.23444,3.41417,48,missing,Oulchy-le-Château,6.6,4.5,48.9,"commune in Aisne, France",https://en.wikipedia.org/wiki/Beugneux,wdq_box,2026-09-03
Suvereto,Q141423,43.08333,10.68333,57,missing,Campiglia Marittima,6.2,6.2,48.9,Italian comune,https://en.wikipedia.org/wiki/Suvereto,wdq_box,2026-09-03
Auchy-les-Mines,Q851160,50.5125,2.78389,51,missing,Loos-en-Gohelle,6.9,6.1,48.9,"commune in Pas-de-Calais, France",https://en.wikipedia.org/wiki/Auchy-les-Mines,wdq_box,2026-09-03
Vendin-le-Vieil,Q852562,50.47389,2.86611,49,missing,Loos-en-Gohelle,6.9,5.5,48.9,"commune in Pas-de-Calais, France",https://en.wikipedia.org/wiki/Vendin-le-Vieil,wdq_box,2026-09-03
Loison-sous-Lens,Q877564,50.43833,2.86833,50,missing,Loos-en-Gohelle,6.9,5.8,48.9,"commune in Pas-de-Calais, France",https://en.wikipedia.org/wiki/Loison-sous-Lens,wdq_box,2026-09-03
Annéot,Q221077,47.52111,3.88056,42,missing,Avallon,7.3,4.0,48.9,"commune in Yonne, France",https://en.wikipedia.org/wiki/Ann%C3%A9ot,wdq_box,2026-09-03
Noordenveld,Q835083,53.1333,6.4167,49,missing,Nietap,5.9,3.1,48.9,"municipality in Drenthe, the Netherlands",https://en.wikipedia.org/wiki/Noordenveld,wdq_box,2026-09-03
Lahnstein,Q569639,50.30903,7.60446,42,missing,Koblenz,7.9,5.3,48.9,"osm place=town, pop 17573",,osm_pop,2026-09-03
Willenhall,Q617799,52.58476,-2.05347,45,missing,Wolverhampton,7.1,4.7,48.9,"osm place=town, pop 28480",,osm_pop,2026-09-03
Villedubert,Q1083555,43.23083,2.42139,42,missing,Carcassonne,8.3,6.0,48.8,"commune in Aude, France",https://en.wikipedia.org/wiki/Villedubert,wdq_box,2026-09-03
Sunny Beach,Q1011039,42.69306,27.70833,44,missing,Nesebar,7.5,5.2,48.8,seaside resort town in Bulgaria,https://en.wikipedia.org/wiki/Sunny_Beach,wdq_box,2026-09-03
Rodern,Q147729,48.225,7.35361,40,missing,Château du Haut-Koenigsbourg,7.1,2.8,48.8,"commune in Haut-Rhin, France",https://en.wikipedia.org/wiki/Rodern,wdq_box,2026-09-03
Bobital,Q388510,48.41333,-2.10306,46,missing,Dinan,7.7,6.2,48.8,"commune in Côtes-d'Armor, France",https://en.wikipedia.org/wiki/Bobital,wdq_box,2026-09-03
Castelcucco,Q29387,45.83333,11.88333,47,missing,Asolo,6.7,4.5,48.8,Italian comune,https://en.wikipedia.org/wiki/Castelcucco,wdq_box,2026-09-03
Isola del Gran Sasso d'Italia,Q51451,42.5075,13.65778,52,member_of,Castelli,6.3,5.1,48.8,Italian comune,https://en.wikipedia.org/wiki/Isola_del_Gran_Sasso_d%27Italia,wdq_box,2026-09-03
San Zeno Naviglio,Q111732,45.49111,10.2175,47,missing,Brescia,6.9,4.9,48.8,Italian comune,https://en.wikipedia.org/wiki/San_Zeno_Naviglio,wdq_box,2026-09-03
Chancelade,Q957295,45.20556,0.66556,40,missing,Périgueux,7.8,4.4,48.8,"commune in Dordogne, France",https://en.wikipedia.org/wiki/Chancelade,wdq_box,2026-09-03
Graglia,Q18075,45.55856,7.97802,53,missing,Biella,6.7,6.2,48.8,Italian comune,https://en.wikipedia.org/wiki/Graglia,wdq_box,2026-09-03
Quaregna,Q18151,45.6,8.05,46,missing,Biella,6.7,4.2,48.8,former talian comune,https://en.wikipedia.org/wiki/Quaregna,wdq_box,2026-09-03
Pomarolo,Q299972,45.9281,11.04308,49,missing,Rovereto,6.3,4.2,48.8,Italian comune,https://en.wikipedia.org/wiki/Pomarolo,wdq_box,2026-09-03
Pont-de-Labeaume,Q250569,44.66583,4.28889,41,missing,Jaujac,7.5,4.1,48.8,"commune in Ardèche, France",https://en.wikipedia.org/wiki/Pont-de-Labeaume,wdq_box,2026-09-03
Saint-Alban-Leysse,Q818596,45.58,5.95806,40,missing,Chambéry,7.3,3.3,48.8,"commune in Savoie, France",https://en.wikipedia.org/wiki/Saint-Alban-Leysse,wdq_box,2026-09-03
Sant'Egidio alla Vibrata,Q51464,42.83333,13.71667,52,missing,Civitella del Tronto,7.5,7.5,48.8,Italian comune,https://en.wikipedia.org/wiki/Sant%27Egidio_alla_Vibrata,wdq_box,2026-09-03
Lesges,Q850100,49.30667,3.50722,46,missing,Braine,6.8,4.4,48.8,"commune in Aisne, France",https://en.wikipedia.org/wiki/Lesges,wdq_box,2026-09-03
Öhningen,Q62044,47.66171,8.88736,39,missing,Stein am Rhein,7.3,2.9,48.8,"osm place=village, pop 3728",,osm_grid,2026-09-03
Neustadt an der Weinstraße,Q4149,49.35361,8.13602,47,missing,Maikammer,7.1,5.4,48.8,"osm place=town, pop 52400",,osm_pop,2026-09-03
Pavona,Q2085595,41.7246,12.61163,39,missing,Castel Gandolfo,7.9,4.1,48.8,"osm place=village, pop 7500",,osm_pop,2026-09-03
Labastide-de-Virac,Q384833,44.35028,4.40333,42,member_of,Gorges de l'Ardèche,7.2,3.9,48.7,"commune in Ardèche, France",https://en.wikipedia.org/wiki/Labastide-de-Virac,wdq_box,2026-09-03
Rivarolo Mantovano,Q42322,45.06667,10.43333,55,missing,Sabbioneta,7.9,8.8,48.7,Italian comune,https://en.wikipedia.org/wiki/Rivarolo_Mantovano,wdq_box,2026-09-03
La Croix-sur-Ourcq,Q521208,49.16833,3.35389,47,missing,Oulchy-le-Château,6.6,4.3,48.7,"commune in Aisne, France",https://en.wikipedia.org/wiki/La_Croix-sur-Ourcq,wdq_box,2026-09-03
Miagliano,Q18085,45.61861,8.04361,53,missing,Biella,6.7,6.3,48.7,Italian comune,https://en.wikipedia.org/wiki/Miagliano,wdq_box,2026-09-03
Six-Fours-les-Plages,Q327993,43.09333,5.83944,52,missing,Toulon,7.8,8.0,48.7,"French commune in Var, Provence-Alpes-Côte d'Azur",https://en.wikipedia.org/wiki/Six-Fours-les-Plages,wdq_box,2026-09-03
Étrun,Q854947,50.31417,2.70111,47,missing,Achicourt,7.4,6.0,48.7,"commune in Pas-de-Calais, France",https://en.wikipedia.org/wiki/%C3%89trun,wdq_box,2026-09-03
Villefranche-de-Conflent,Q501114,42.58722,2.36778,44,missing,Ria-Sirach,7,4.2,48.7,"commune in Pyrénées-Orientales, France",https://en.wikipedia.org/wiki/Villefranche-de-Conflent,wdq_box,2026-09-03
Ceyreste,Q474023,43.21361,5.62972,41,missing,La Ciotat,7.8,4.8,48.7,"commune in Bouches-du-Rhône, France",https://en.wikipedia.org/wiki/Ceyreste,wdq_box,2026-09-03
Landgraaf,Q9795,50.9083,6.0297,46,missing,Rimburg,6.6,3.9,48.7,"town and municipality in Limburg, the Netherlands",https://en.wikipedia.org/wiki/Landgraaf,wdq_box,2026-09-03
La Mojonera,Q1407170,36.75227,-2.68379,48,missing,Roquetas de Mar,7.4,6.3,48.7,municipality of Spain,https://en.wikipedia.org/wiki/La_Mojonera,wdq_box,2026-09-03
Würselen,Q14901,50.81787,6.13411,46,missing,Aachen,7.5,5.9,48.7,"osm place=town, pop 37654",,osm_pop,2026-09-03
Haan,Q2974,51.1955,7.00853,45,missing,Gruiten,6.2,2.5,48.7,"osm place=town, pop 29985",,osm_pop,2026-09-03
Avintes,Q791051,41.1054,-8.55071,41,missing,Porto,9.1,6.9,48.7,"osm place=town, pop 11497",,osm_pop,2026-09-03
Cájar,Q24011402,37.13422,-3.57128,37,missing,Granada,9,5.4,48.7,"osm place=village, pop 5510",,osm_pop,2026-09-03
Sant Andreu de Llavaneres,Q12093,41.57395,2.48282,41,missing,Mataró,7.8,4.8,48.7,"osm place=town, pop 11910",,osm_pop,2026-09-03
Barrio de la Vega,Q2837457,37.13438,-3.56247,38,missing,Granada,9,5.7,48.7,"osm place=village, pop 6790",,osm_pop,2026-09-03
Colomars,Q845148,43.76361,7.22222,49,missing,Nice,8.4,8.2,48.6,"commune in Alpes-Maritimes, France",https://en.wikipedia.org/wiki/Colomars,wdq_box,2026-09-03
Tournefeuille,Q328022,43.58444,1.34361,54,missing,Toulouse,6.7,6.6,48.6,"commune in Haute-Garonne, France",https://en.wikipedia.org/wiki/Tournefeuille,wdq_box,2026-09-03
Ouder-Amstel,Q9953,52.2906,4.9117,49,missing,Amsterdam,9.2,9.2,48.6,municipality in the Netherlands,https://en.wikipedia.org/wiki/Ouder-Amstel,wdq_box,2026-09-03
Saint-Jurs,Q580419,43.89861,6.19972,43,missing,Moustiers-Sainte-Marie,8,5.9,48.6,"commune in Alpes-de-Haute-Provence, France",https://en.wikipedia.org/wiki/Saint-Jurs,wdq_box,2026-09-03
Carovigno,Q51860,40.70722,17.65944,54,missing,Ostuni,7.1,7.3,48.6,Italian comune,https://en.wikipedia.org/wiki/Carovigno,wdq_box,2026-09-03
Cussy,Q210459,49.28389,-0.7625,45,missing,Bayeux,6.9,4.4,48.6,"commune in Calvados, France",https://en.wikipedia.org/wiki/Cussy,wdq_box,2026-09-03
Saint-Arnoult,Q384097,49.33361,0.08944,44,missing,Deauville,6.5,3.0,48.6,"commune in Calvados, France","https://en.wikipedia.org/wiki/Saint-Arnoult,_Calvados",wdq_box,2026-09-03
Friedrichsdorf,Q627742,50.25688,8.64181,44,missing,Bad Homburg vor der Höhe,6.8,3.7,48.6,"town in Hochtaunuskreis in Hesse, Germany",https://en.wikipedia.org/wiki/Friedrichsdorf,wdq_box,2026-09-03
Castronno,Q39935,45.75277,8.811,51,missing,Varese,7.7,7.6,48.6,Italian comune,https://en.wikipedia.org/wiki/Castronno,wdq_box,2026-09-03
Sinalunga,Q91464,43.21667,11.73333,50,missing,Lucignano,7.1,6.3,48.6,Italian comune,https://en.wikipedia.org/wiki/Sinalunga,wdq_box,2026-09-03
Le Vésinet,Q641607,48.89389,2.13222,43,missing,Louveciennes,7,3.9,48.6,"commune in Yvelines, France",https://en.wikipedia.org/wiki/Le_V%C3%A9sinet,wdq_box,2026-09-03
Coslada,Q164197,40.42611,-3.565,57,missing,Madrid,8.5,11.7,48.5,"city and municipality in the autonomous community of Madrid, Spain",https://en.wikipedia.org/wiki/Coslada,wdq_box,2026-09-03
La Algaba,Q904151,37.46167,-6.01361,46,missing,Seville,8.6,7.7,48.5,municipality of Spain,https://en.wikipedia.org/wiki/La_Algaba,wdq_box,2026-09-03
Altofonte,Q443740,38.04472,13.29861,52,missing,Palermo,8.6,9.2,48.5,comune of Italy,https://en.wikipedia.org/wiki/Altofonte,wdq_box,2026-09-03
Bonneville-sur-Touques,Q842903,49.33806,0.11972,46,missing,Deauville,6.5,3.8,48.5,"commune in Calvados, France",https://en.wikipedia.org/wiki/Bonneville-sur-Touques,wdq_box,2026-09-03
Dorsino,Q270969,46.07306,10.89611,43,missing,Ponte Arche,7.3,4.6,48.5,former Italian comune,https://en.wikipedia.org/wiki/Dorsino,wdq_box,2026-09-03
Inarzo,Q40761,45.78556,8.73667,52,missing,Varese,7.7,7.9,48.5,Italian comune,https://en.wikipedia.org/wiki/Inarzo,wdq_box,2026-09-03
Beaucé,Q1010940,48.33806,-1.15694,42,missing,Fougères,7,3.5,48.5,"commune in Ille-et-Vilaine, France",https://en.wikipedia.org/wiki/Beauc%C3%A9,wdq_box,2026-09-03
Meudon,Q234735,48.81267,2.23854,47,missing,Versailles,8.4,7.7,48.5,"osm place=town, pop 46342",,osm_pop,2026-09-03
De Bilt,Q13415826,52.1097,5.17871,40,missing,Utrecht,7.8,4.4,48.5,"osm place=town, pop 10795",,osm_pop,2026-09-03
Navatejera,Q9049005,42.62761,-5.56525,39,missing,Leon,7.1,2.5,48.5,"osm place=village, pop 7745",,osm_pop,2026-09-03
Conques-sur-Orbiel,Q781871,43.27,2.40167,47,missing,Carcassonne,8.3,7.6,48.4,"commune in Aude, France",https://en.wikipedia.org/wiki/Conques-sur-Orbiel,wdq_box,2026-09-03
Caissargues,Q269782,43.79583,4.37889,42,missing,Nîmes,7.6,4.8,48.4,"commune in Gard, France",https://en.wikipedia.org/wiki/Caissargues,wdq_box,2026-09-03
Rodello,Q20428,44.62854,8.05684,51,missing,Langhe (Barolo & Alba),7.4,7.2,48.4,Italian comune,https://en.wikipedia.org/wiki/Rodello,wdq_box,2026-09-03
Cagny,Q636028,49.86139,2.34306,42,missing,Amiens,7.5,4.6,48.4,"commune in Somme, France","https://en.wikipedia.org/wiki/Cagny,_Somme",wdq_box,2026-09-03
Fonte,Q46752,45.78333,11.86667,46,missing,Asolo,6.7,4.3,48.4,Italian comune,"https://en.wikipedia.org/wiki/Fonte,_Veneto",wdq_box,2026-09-03
Saviore dell'Adamello,Q111741,46.08139,10.40056,48,missing,Capo di Ponte,7.9,7.2,48.4,Italian comune,https://en.wikipedia.org/wiki/Saviore_dell%27Adamello,wdq_box,2026-09-03
Montale,Q102652,43.93333,11.01667,55,missing,Prato,7.8,8.7,48.4,Italian comune,"https://en.wikipedia.org/wiki/Montale,_Tuscany",wdq_box,2026-09-03
Follo,Q270155,44.16042,9.86489,49,missing,La Spezia,7.7,7.2,48.4,Italian comune,"https://en.wikipedia.org/wiki/Follo,_Liguria",wdq_box,2026-09-03
Bandol,Q467338,43.13639,5.75333,49,missing,Saint-Cyr-sur-Mer,7.3,6.5,48.4,"commune in Var, France",https://en.wikipedia.org/wiki/Bandol,wdq_box,2026-09-03
Harderwijk,Q58931,52.35056,5.61722,56,missing,Ermelo,6.1,5.8,48.4,"municipality in Gelderland, the Netherlands",https://en.wikipedia.org/wiki/Harderwijk,wdq_box,2026-09-03
Venette,Q1332487,49.41556,2.79972,40,missing,Compiègne,6.7,1.9,48.4,"commune in Oise, France",https://en.wikipedia.org/wiki/Venette,wdq_box,2026-09-03
Brighouse,Q183296,53.7028,-1.78009,45,missing,Halifax,7.1,4.9,48.4,"osm place=town, pop 32360",,osm_pop,2026-09-03
Mestre,Q541405,45.49431,12.24181,49,missing,Venice (Marco Polo),9.6,9.7,48.4,"osm place=town, pop 87377",,osm_pop,2026-09-03
Ponte di Arcola,Q108572464,44.11625,9.9122,40,missing,Lerici,7.8,4.5,48.4,"osm place=village, pop 9914",,osm_pop,2026-09-03
Gaiserwald,Q66781,47.42666,9.33406,39,missing,St. Gallen,7.2,2.8,48.4,"osm place=village, pop 7495",,osm_pop,2026-09-03
Renens VD,Q69745,46.53491,6.59284,43,missing,Lausanne,6.8,3.5,48.4,"osm place=town, pop 21408",,osm_pop,2026-09-03
Prilly,Q69757,46.53457,6.60558,41,missing,Lausanne,6.8,2.6,48.4,"osm place=town, pop 11609",,osm_pop,2026-09-03
Costermano sul Garda,Q46678,45.58566,10.73997,49,member_of,Lake Garda,8.1,7.8,48.3,Italian comune,https://en.wikipedia.org/wiki/Costermano_sul_Garda,wdq_box,2026-09-03
Atarfe,Q550974,37.22278,-3.68639,50,missing,Granada,9,9.3,48.3,municipality of Spain,https://en.wikipedia.org/wiki/Atarfe,wdq_box,2026-09-03
Calamonte,Q1020436,38.89,-6.385,43,missing,Merida,7.3,4.6,48.3,municipality of Spain,https://en.wikipedia.org/wiki/Calamonte,wdq_box,2026-09-03
Aubure,Q317354,48.19722,7.22139,45,missing,Riquewihr,8,6.6,48.3,"commune in Haut-Rhin, France",https://en.wikipedia.org/wiki/Aubure,wdq_box,2026-09-03
Agy,Q838595,49.24111,-0.76111,50,missing,Bayeux,6.9,6.0,48.3,"commune in Calvados, France",https://en.wikipedia.org/wiki/Agy,wdq_box,2026-09-03
Cissone,Q19954,44.56667,8.03333,50,missing,Langhe (Barolo & Alba),7.4,7.0,48.3,Italian comune,https://en.wikipedia.org/wiki/Cissone,wdq_box,2026-09-03
Foissy-lès-Vézelay,Q1372334,47.43583,3.76417,40,missing,Vézelay,7.4,3.7,48.3,"commune in Yonne, France",https://en.wikipedia.org/wiki/Foissy-l%C3%A8s-V%C3%A9zelay,wdq_box,2026-09-03
Croissy-sur-Seine,Q491391,48.87778,2.14222,40,missing,Louveciennes,7,2.7,48.3,"commune in Yvelines, France",https://en.wikipedia.org/wiki/Croissy-sur-Seine,wdq_box,2026-09-03
Pisoniano,Q243152,41.90778,12.95833,54,missing,Castel San Pietro Romano,7.9,8.7,48.3,Italian comune,https://en.wikipedia.org/wiki/Pisoniano,wdq_box,2026-09-03
San Nicola Arcella,Q53977,39.85,15.8,45,missing,Scalea,7.1,4.9,48.3,Italian comune,https://en.wikipedia.org/wiki/San_Nicola_Arcella,wdq_box,2026-09-03
Saint-Brevin-les-Pins,Q752437,47.24639,-2.16694,46,missing,Saint-Nazaire,7,5.0,48.3,"commune in Loire-Atlantique, Pays de la Loire, France",https://en.wikipedia.org/wiki/Saint-Brevin-les-Pins,wdq_box,2026-09-03
La Mulatière,Q772460,45.72922,4.8096,38,missing,Lyon,7.8,3.7,48.3,"osm place=village, pop 6595",,osm_pop,2026-09-03
Nijverdal,Q1850290,52.3592,6.46541,44,missing,Hellendoorn,6.6,3.4,48.3,"osm place=town, pop 24821",,osm_pop,2026-09-03
Uggiano la Chiesa,Q52217,40.10172,18.44933,47,missing,Otranto,7.4,6.1,48.2,Italian comune,https://en.wikipedia.org/wiki/Uggiano_la_Chiesa,wdq_box,2026-09-03
Capriva del Friuli,Q53123,45.94755,13.51137,52,missing,Goriška Brda (Šmartno),6,4.6,48.2,Italian comune,https://en.wikipedia.org/wiki/Capriva_del_Friuli,wdq_box,2026-09-03
Le Vernet,Q379799,46.10861,3.46278,45,missing,Vichy,6.5,3.5,48.2,"commune in Allier, France","https://en.wikipedia.org/wiki/Le_Vernet,_Allier",wdq_box,2026-09-03
Pfungstadt,Q516500,49.80556,8.60444,48,missing,Darmstadt,8.4,8.1,48.2,"town in Landkreis Darmstadt-Dieburg in Hesse, Germany",https://en.wikipedia.org/wiki/Pfungstadt,wdq_box,2026-09-03
Roncadelle,Q111630,45.52718,10.15407,46,missing,Brescia,6.9,4.8,48.2,Italian comune,https://en.wikipedia.org/wiki/Roncadelle,wdq_box,2026-09-03
Condofuri,Q54604,38.0,15.86667,52,missing,Bova,6.5,5.7,48.2,Italian comune,https://en.wikipedia.org/wiki/Condofuri,wdq_box,2026-09-03
Wildersbach,Q21589,48.43722,7.22306,46,missing,Natzwiller,6,2.5,48.2,"commune in Bas-Rhin, France",https://en.wikipedia.org/wiki/Wildersbach,wdq_box,2026-09-03
Pagliara,Q492615,37.98647,15.35942,48,missing,Savoca,6.3,4.1,48.2,Italian comune,https://en.wikipedia.org/wiki/Pagliara,wdq_box,2026-09-03
Castell'Alfero,Q17778,44.98222,8.21167,52,missing,Asti,8.4,9.0,48.2,Italian comune,https://en.wikipedia.org/wiki/Castell%27Alfero,wdq_box,2026-09-03
Susegana,Q46746,45.85,12.25,46,missing,Conegliano,7.4,5.8,48.2,Italian comune,https://en.wikipedia.org/wiki/Susegana,wdq_box,2026-09-03
Bois-Colombes,Q212566,48.91483,2.26749,45,missing,Paris (CDG),9.6,8.8,48.2,"osm place=town, pop 29765",,osm_pop,2026-09-03
Bad Honnef,Q12434,50.64486,7.22725,44,missing,Königswinter,7,4.4,48.2,"osm place=town, pop 24845",,osm_pop,2026-09-03
Flackwell Heath,Q747336,51.60311,-0.71995,38,missing,High Wycombe,7.7,3.5,48.2,"osm place=village, pop 6400",,osm_pop,2026-09-03
Port d'Alcúdia,Q6092225,39.84199,3.13298,37,member_of,Alcudia,7.1,1.7,48.2,"osm place=village, pop 5154",,osm_pop,2026-09-03
Calderara di Reno,Q94627,44.56389,11.27194,51,missing,Bologna,7.6,7.6,48.1,Italian comune,https://en.wikipedia.org/wiki/Calderara_di_Reno,wdq_box,2026-09-03
Cannara,Q20381,42.9951,12.58272,53,missing,Assisi,8.2,8.9,48.1,Italian comune,https://en.wikipedia.org/wiki/Cannara,wdq_box,2026-09-03
Levernois,Q16177,46.99556,4.87306,41,missing,Beaune,7.4,4.1,48.1,"commune in Côte-d'Or, France",https://en.wikipedia.org/wiki/Levernois,wdq_box,2026-09-03
Uscio,Q266666,44.4132,9.16296,50,missing,Camogli,7.5,7.2,48.1,Italian comune,https://en.wikipedia.org/wiki/Uscio,wdq_box,2026-09-03
Aubas,Q1012172,45.08167,1.19083,40,missing,Montignac (Lascaux),7.3,3.5,48.1,"commune in Dordogne, France",https://en.wikipedia.org/wiki/Aubas,wdq_box,2026-09-03
Antonimina,Q54561,38.28248,16.15897,51,missing,Gerace,6.5,5.5,48.1,Italian comune,https://en.wikipedia.org/wiki/Antonimina,wdq_box,2026-09-03
Algodonales,Q818386,36.88111,-5.40556,47,missing,Zahara de la Sierra,6.8,5.0,48.1,"municipality and village in the Province of Cádiz, Spain",https://en.wikipedia.org/wiki/Algodonales,wdq_box,2026-09-03
Flero,Q104602,45.4835,10.1745,52,missing,Brescia,6.9,6.6,48.1,Italian comune,https://en.wikipedia.org/wiki/Flero,wdq_box,2026-09-03
San Pietro di Feletto,Q46726,45.93333,12.25,48,missing,Conegliano,7.4,6.4,48.1,Italian comune,https://en.wikipedia.org/wiki/San_Pietro_di_Feletto,wdq_box,2026-09-03
Colmenar de Oreja,Q686674,40.10917,-3.38694,44,missing,Chinchón,7.1,4.6,48.1,human settlement in Spain,https://en.wikipedia.org/wiki/Colmenar_de_Oreja,wdq_box,2026-09-03
Ruda Śląska,Q108679,50.27006,18.87424,69,missing,Zabrze,6.2,8.8,48.1,city in Poland in Silesian Voivodeship,https://en.wikipedia.org/wiki/Ruda_%C5%9Al%C4%85ska,wdq_box,2026-09-03
Chambry,Q875519,49.59139,3.65528,47,missing,Laon,6.3,3.7,48.1,"commune in Aisne, France","https://en.wikipedia.org/wiki/Chambry,_Aisne",wdq_box,2026-09-03
Quincy-sous-le-Mont,Q378937,49.30611,3.55194,45,missing,Braine,6.8,4.3,48.1,"commune in Aisne, France",https://en.wikipedia.org/wiki/Quincy-sous-le-Mont,wdq_box,2026-09-03
Orbaneja Riopico,Q946797,42.36,-3.58333,42,missing,Ibeas de Juarros,7.7,5.1,48.1,municipality of Spain,https://en.wikipedia.org/wiki/Orbaneja_Riopico,wdq_box,2026-09-03
Dour,Q665938,50.39638,3.77868,42,missing,Hornu,7.8,5.3,48.1,"osm place=town, pop 16903",,osm_pop,2026-09-03
Roßlau,Q822148,51.88828,12.24346,41,missing,Dessau,8.1,5.5,48.1,"osm place=town, pop 12096",,osm_pop,2026-09-03
Gueberschwihr,Q326407,48.00361,7.27611,41,missing,Eguisheim,7.8,5.0,48.0,"commune in Haut-Rhin, France",https://en.wikipedia.org/wiki/Gueberschwihr,wdq_box,2026-09-03
Balaruc-les-Bains,Q853146,43.44083,3.67722,47,missing,Sète,6.5,4.3,48.0,"commune in Hérault, France",https://en.wikipedia.org/wiki/Balaruc-les-Bains,wdq_box,2026-09-03
Pont-Sainte-Marie,Q1366500,48.32056,4.10139,43,missing,Troyes,6.5,2.8,48.0,"commune in Aube, France",https://en.wikipedia.org/wiki/Pont-Sainte-Marie,wdq_box,2026-09-03
Badia,Q333816,46.61012,11.89349,52,missing,Corvara (Alta Badia),7.1,7.0,48.0,"municipality in South Tyrol, Italy","https://en.wikipedia.org/wiki/Badia,_South_Tyrol",wdq_box,2026-09-03
Ferla,Q503808,37.11667,14.95,52,missing,Palazzolo Acreide,7.2,7.2,48.0,Italian comune,https://en.wikipedia.org/wiki/Ferla,wdq_box,2026-09-03
Montgru-Saint-Hilaire,Q870150,49.18944,3.32889,44,missing,Oulchy-le-Château,6.6,3.5,48.0,"commune in Aisne, France",https://en.wikipedia.org/wiki/Montgru-Saint-Hilaire,wdq_box,2026-09-03
Montegrosso d'Asti,Q17835,44.82167,8.23861,53,missing,Asti,8.4,9.2,48.0,Italian comune,https://en.wikipedia.org/wiki/Montegrosso_d%27Asti,wdq_box,2026-09-03
Beaumont-Hamel,Q781662,50.08361,2.65639,44,missing,Mailly-Maillet,6.7,3.7,48.0,"commune in Somme, France",https://en.wikipedia.org/wiki/Beaumont-Hamel,wdq_box,2026-09-03
Ginchy,Q157281,50.02361,2.8325,42,missing,Combles,6.7,3.0,48.0,"commune in Somme, France",https://en.wikipedia.org/wiki/Ginchy,wdq_box,2026-09-03
Neuville-les-Dames,Q540001,46.16222,5.00361,53,missing,Châtillon-sur-Chalaronne,6.5,6.1,48.0,"commune in Ain, France",https://en.wikipedia.org/wiki/Neuville-les-Dames,wdq_box,2026-09-03
Gascones,Q1772211,41.0175,-3.64222,41,missing,Buitrago del Lozoya,6.9,3.0,48.0,human settlement in Spain,https://en.wikipedia.org/wiki/Gascones,wdq_box,2026-09-03
Grâce-Hollogne,Q683034,50.6323,5.47684,43,missing,Liège,8.2,6.4,48.0,"osm place=town, pop 22297",,osm_pop,2026-09-03
Créteil,Q46135,48.77715,2.45307,50,missing,Paris (CDG),9.6,11.6,48.0,"osm place=town, pop 92989",,osm_pop,2026-09-03
Brixham,Q921326,50.39524,-3.51454,43,missing,Paignton,7.9,5.9,48.0,"osm place=town, pop 17846",,osm_pop,2026-09-03
San Giovanni Lupatoto,Q30029958,45.38197,11.04489,44,missing,Verona,8.7,7.4,48.0,"osm place=town, pop 25066",,osm_pop,2026-09-03
Pontelagoscuro,Q2365157,44.87832,11.60912,38,missing,Ferrara,8.1,4.4,48.0,"osm place=village, pop 6000",,osm_pop,2026-09-03
Zollikofen,Q69675,46.99595,7.45764,40,missing,Bern,8.2,5.4,48.0,"osm place=town, pop 10041",,osm_pop,2026-09-03
Samedan,Q69085,46.53324,9.87459,41,missing,St. Moritz,7.7,4.8,48.0,"osm place=village, pop 2923",,osm_grid,2026-09-03
La Chapelle,Q1059244,49.74139,5.01472,47,missing,Sedan,7.8,6.9,47.9,"commune in Ardennes, France","https://en.wikipedia.org/wiki/La_Chapelle,_Ardennes",wdq_box,2026-09-03
Vignone,Q23723,45.9593,8.5643,52,missing,Lago Maggiore (Stresa),8.1,8.6,47.9,Italian comune,https://en.wikipedia.org/wiki/Vignone,wdq_box,2026-09-03
Saint-Parres-aux-Tertres,Q1362764,48.29972,4.11778,43,missing,Troyes,6.5,2.9,47.9,"commune in Aube, France",https://en.wikipedia.org/wiki/Saint-Parres-aux-Tertres,wdq_box,2026-09-03
Blonville-sur-Mer,Q842771,49.33833,0.03028,47,missing,Deauville,6.5,4.3,47.9,"commune in Calvados, France",https://en.wikipedia.org/wiki/Blonville-sur-Mer,wdq_box,2026-09-03
Haubourdin,Q473892,50.60917,2.98694,47,missing,Lille,7,5.4,47.9,"commune in Nord, France",https://en.wikipedia.org/wiki/Haubourdin,wdq_box,2026-09-03
Plogoff,Q390901,48.03667,-4.66583,49,missing,Pointe du Raz,6.8,5.6,47.9,"commune in Finistère, France",https://en.wikipedia.org/wiki/Plogoff,wdq_box,2026-09-03
Folignano,Q56063,42.821,13.63295,47,missing,Civitella del Tronto,7.5,6.4,47.9,Italian comune,https://en.wikipedia.org/wiki/Folignano,wdq_box,2026-09-03
Sant'Eufemia a Maiella,Q51391,42.11667,14.01667,51,missing,Pacentro,7.6,7.7,47.9,Italian comune,https://en.wikipedia.org/wiki/Sant%27Eufemia_a_Maiella,wdq_box,2026-09-03
Castrignano del Capo,Q52128,39.83333,18.35,48,missing,Santa Maria di Leuca,6.1,3.6,47.9,Italian comune,https://en.wikipedia.org/wiki/Castrignano_del_Capo,wdq_box,2026-09-03
Eraclea,Q47986,45.58333,12.68333,62,missing,Lido di Jesolo,7,9.0,47.9,Italian comune,https://en.wikipedia.org/wiki/Eraclea,wdq_box,2026-09-03
Bouvigny-Boyeffles,Q1030362,50.42139,2.67222,47,missing,Ablain-Saint-Nazaire,6.4,4.1,47.9,"commune in Pas-de-Calais, France",https://en.wikipedia.org/wiki/Bouvigny-Boyeffles,wdq_box,2026-09-03
Prunet,Q866377,44.59722,4.26083,41,missing,Jaujac,7.5,4.4,47.9,"commune in Ardèche, France","https://en.wikipedia.org/wiki/Prunet,_Ard%C3%A8che",wdq_box,2026-09-03
Noventa Vicentina,Q46576,45.28333,11.53333,51,missing,Montagnana,7.7,7.8,47.9,Italian comune,https://en.wikipedia.org/wiki/Noventa_Vicentina,wdq_box,2026-09-03
Stezzano,Q30030918,45.65138,9.65351,41,missing,Bergamo (Città Alta),7.8,5.0,47.9,"osm place=town, pop 13299",,osm_pop,2026-09-03
Howald,Q2776327,49.58215,6.14436,38,missing,Luxembourg,7.5,3.2,47.9,"osm place=village, pop 5626",,osm_pop,2026-09-03
Goes,Q81220,51.5031,3.88976,44,missing,Kloetinge,6,1.8,47.9,"osm place=town, pop 27495",,osm_pop,2026-09-03
Velp,Q2375289,51.99587,5.97513,43,missing,Arnhem,7.3,4.7,47.9,"osm place=town, pop 18120",,osm_pop,2026-09-03
Carbajosa de la Sagrada,Q1640862,40.93293,-5.65083,39,missing,Salamanca,7.8,4.3,47.9,"osm place=village, pop 7779",,osm_pop,2026-09-03
Guéthary,Q672766,43.42411,-1.60864,50,missing,Saint-Jean-de-Luz,6.8,5.9,47.8,"commune in Pyrénées-Atlantiques, France",https://en.wikipedia.org/wiki/Gu%C3%A9thary,wdq_box,2026-09-03
Barni,Q244087,45.91667,9.26667,49,missing,Lake Como,9.1,9.3,47.8,Italian comune,https://en.wikipedia.org/wiki/Barni,wdq_box,2026-09-03
Souffelweyersheim,Q22505,48.635,7.74083,44,missing,Strasbourg,8.3,6.9,47.8,"French commune in Bas-Rhin, Alsace, Grand Est",https://en.wikipedia.org/wiki/Souffelweyersheim,wdq_box,2026-09-03
Gratteri,Q490951,37.96667,13.96667,50,missing,Cefalù,8.4,8.6,47.8,Italian comune,https://en.wikipedia.org/wiki/Gratteri,wdq_box,2026-09-03
Pfastatt,Q148497,47.76889,7.30167,44,missing,Mulhouse,6.3,2.8,47.8,"commune in Haut-Rhin, France",https://en.wikipedia.org/wiki/Pfastatt,wdq_box,2026-09-03
Concesio,Q104074,45.6,10.21667,54,missing,Brescia,6.9,7.2,47.8,Italian comune,https://en.wikipedia.org/wiki/Concesio,wdq_box,2026-09-03
Torrita di Siena,Q91476,43.16667,11.76667,55,missing,Montepulciano,7,7.6,47.8,Italian comune,https://en.wikipedia.org/wiki/Torrita_di_Siena,wdq_box,2026-09-03
Monteprandone,Q56083,42.92026,13.83552,51,missing,Grottammare,7.4,7.3,47.8,Italian comune,https://en.wikipedia.org/wiki/Monteprandone,wdq_box,2026-09-03
Lozio,Q105063,45.98639,10.26194,50,missing,Capo di Ponte,7.9,7.9,47.8,Italian comune,https://en.wikipedia.org/wiki/Lozio,wdq_box,2026-09-03
Sainte-Colombe-sur-Seine,Q298922,47.87194,4.54111,41,missing,Châtillon-sur-Seine,6.8,2.9,47.8,"commune in Côte-d'Or, France",https://en.wikipedia.org/wiki/Sainte-Colombe-sur-Seine,wdq_box,2026-09-03
Ooststellingwerf,Q259205,52.9875,6.2914,48,missing,Appelscha,6.8,5.3,47.8,"municipality in Friesland, the Netherlands",https://en.wikipedia.org/wiki/Ooststellingwerf,wdq_box,2026-09-03
Villeneuve-la-Garenne,Q225451,48.93505,2.33247,44,missing,Paris (CDG),9.6,8.7,47.8,"osm place=town, pop 25371",,osm_pop,2026-09-03
Loughton,Q373971,51.64671,0.05441,45,missing,Waltham Abbey,7.6,6.0,47.8,"osm place=town, pop 31106",,osm_pop,2026-09-03
Drogheda,Q207223,53.71499,-6.35242,46,missing,Newgrange (Bru na Boinne),7.9,6.8,47.8,"osm place=town, pop 44135",,osm_pop,2026-09-03
Hoofddorp,Q995911,52.30555,4.69266,49,missing,Aalsmeerderbrug,6.6,5.2,47.8,"osm place=town, pop 76638",,osm_pop,2026-09-03
Radovljica,Q604194,46.34351,14.17202,38,member_of,Lake Bled,8.5,5.2,47.8,"osm place=town, pop 6000",,osm_pop,2026-09-03
el Prat de Llobregat,Q15619,41.33059,2.09308,48,missing,Barcelona,9.5,9.5,47.8,"osm place=town, pop 65980",,osm_pop,2026-09-03
Bormujos,Q1605629,37.37083,-6.07083,47,missing,Seville,8.6,8.2,47.7,municipality of Spain,https://en.wikipedia.org/wiki/Bormujos,wdq_box,2026-09-03
Aci Castello,Q341293,37.55528,15.14528,53,missing,Catania,7.5,8.0,47.7,Italian comune,https://en.wikipedia.org/wiki/Aci_Castello,wdq_box,2026-09-03
Verucchio,Q111972,43.98333,12.4215,51,missing,San Marino,6.4,5.4,47.7,Italian comune,https://en.wikipedia.org/wiki/Verucchio,wdq_box,2026-09-03
Castillon,Q845719,43.83333,7.47222,49,missing,Menton,7.4,6.9,47.7,"commune in Alpes-Maritimes, France","https://en.wikipedia.org/wiki/Castillon,_Alpes-Maritimes",wdq_box,2026-09-03
Hartmannswiller,Q332078,47.86194,7.21583,42,missing,Wattwiller,7.1,4.0,47.7,"commune in Haut-Rhin, France",https://en.wikipedia.org/wiki/Hartmannswiller,wdq_box,2026-09-03
Cuvillers,Q1066750,50.22278,3.2375,43,missing,Cambrai,7.5,5.2,47.7,"commune in Nord, France",https://en.wikipedia.org/wiki/Cuvillers,wdq_box,2026-09-03
Asigliano Veneto,Q46293,45.3,11.45,50,missing,Montagnana,7.7,7.6,47.7,Italian comune,https://en.wikipedia.org/wiki/Asigliano_Veneto,wdq_box,2026-09-03
Giberville,Q844548,49.18167,-0.28222,46,missing,Caen,7.2,5.6,47.7,"commune in Calvados, France",https://en.wikipedia.org/wiki/Giberville,wdq_box,2026-09-03
Sailly-au-Bois,Q1023399,50.12056,2.59528,46,missing,Mailly-Maillet,6.7,4.5,47.7,"commune in Pas-de-Calais, France",https://en.wikipedia.org/wiki/Sailly-au-Bois,wdq_box,2026-09-03
Maurepas,Q397421,49.98944,2.84694,41,missing,Combles,6.7,2.6,47.7,"commune in Somme, France","https://en.wikipedia.org/wiki/Maurepas,_Somme",wdq_box,2026-09-03
Botticino,Q103582,45.53602,10.30095,52,missing,Brescia,6.9,6.7,47.7,osm place=town,,osm_grid,2026-09-03
Radzionków,Q584055,50.40027,18.90262,42,missing,Tarnowskie Góry,8,5.8,47.7,"osm place=town, pop 16253",,osm_pop,2026-09-03
Paiporta,Q102848,39.42797,-0.41843,44,missing,Valencia,7.8,6.1,47.7,"osm place=town, pop 28148",,osm_pop,2026-09-03
Adligenswil,Q14563,47.07053,8.36824,37,missing,Lucerne,8.6,5.0,47.7,"osm place=village, pop 5475",,osm_pop,2026-09-03
Cologno Monzese,Q42906,45.52861,9.27827,64,missing,Milan (Bergamo),7.2,9.7,47.6,Italian comune,https://en.wikipedia.org/wiki/Cologno_Monzese,wdq_box,2026-09-03
Lizzanello,Q52150,40.30475,18.22283,48,missing,Lecce,7.4,6.6,47.6,Italian comune,https://en.wikipedia.org/wiki/Lizzanello,wdq_box,2026-09-03
Formigine,Q100055,44.57389,10.84778,61,missing,Modena,7.8,10.2,47.6,Italian comune,https://en.wikipedia.org/wiki/Formigine,wdq_box,2026-09-03
Volendam,Q903595,52.49944,5.0675,44,missing,Edam & Volendam,6.1,2.3,47.6,"town in Edam-Volendam, Netherlands",https://en.wikipedia.org/wiki/Volendam,wdq_box,2026-09-03
Castel Ritaldi,Q20386,42.82303,12.67245,52,missing,Montefalco,7.5,7.8,47.6,Italian comune,https://en.wikipedia.org/wiki/Castel_Ritaldi,wdq_box,2026-09-03
Elvillar/Bilar,Q1368805,42.57056,-2.545,42,missing,Laguardia,7,3.8,47.6,municipality of Spain,https://en.wikipedia.org/wiki/Elvillar/Bilar,wdq_box,2026-09-03
Collebeato,Q104050,45.58333,10.21667,47,missing,Brescia,6.9,5.3,47.6,Italian comune,https://en.wikipedia.org/wiki/Collebeato,wdq_box,2026-09-03
Torreglia,Q34703,45.33333,11.73333,49,missing,Arquà Petrarca,7.6,7.2,47.6,Italian comune,https://en.wikipedia.org/wiki/Torreglia,wdq_box,2026-09-03
Grado,Q53130,45.68333,13.4,62,missing,Aquileia,7.5,9.8,47.6,Italian comune,"https://en.wikipedia.org/wiki/Grado,_Friuli_Venezia_Giulia",wdq_box,2026-09-03
Neuville-Vitasse,Q470197,50.24722,2.82028,44,missing,Achicourt,7.4,5.4,47.6,"commune in Pas-de-Calais, France",https://en.wikipedia.org/wiki/Neuville-Vitasse,wdq_box,2026-09-03
Montefiore Conca,Q111833,43.88333,12.61667,49,missing,Montegridolfo,7.2,6.5,47.6,Italian comune,https://en.wikipedia.org/wiki/Montefiore_Conca,wdq_box,2026-09-03
La Ravoire,Q784792,45.55694,5.96639,40,missing,Chambéry,7.3,3.7,47.6,"commune in Savoie, France",https://en.wikipedia.org/wiki/La_Ravoire,wdq_box,2026-09-03
Westervoort,Q524808,51.96667,5.96667,41,missing,Arnhem,7.3,4.1,47.6,"municipality in Gelderland, the Netherlands",https://en.wikipedia.org/wiki/Westervoort,wdq_box,2026-09-03
Broadstairs,Q922739,51.35868,1.44079,44,missing,Margate,7,4.6,47.6,"osm place=town, pop 24903",,osm_pop,2026-09-03
Gorle,Q30026167,45.70373,9.71902,38,missing,Bergamo (Città Alta),7.8,3.9,47.6,"osm place=village, pop 6565",,osm_pop,2026-09-03
Lomar,Q1540203,41.53001,-8.42756,38,missing,Braga,7.1,2.3,47.6,"osm place=village, pop 6091",,osm_pop,2026-09-03
Pineda de Mar,Q12552,41.62768,2.68987,42,missing,Calella,6.8,3.3,47.6,"osm place=town, pop 16560",,osm_pop,2026-09-03
Magreglio,Q47372,45.91841,9.24501,48,missing,Lake Como,9.1,9.1,47.5,Italian comune,https://en.wikipedia.org/wiki/Magreglio,wdq_box,2026-09-03
Las Gabias,Q574340,37.13639,-3.66917,43,missing,Granada,9,7.7,47.5,municipality of Spain,https://en.wikipedia.org/wiki/Las_Gabias,wdq_box,2026-09-03
Pluherlin,Q128872,47.69611,-2.365,40,missing,Rochefort-en-Terre,6.7,2.3,47.5,"commune in Morbihan, France",https://en.wikipedia.org/wiki/Pluherlin,wdq_box,2026-09-03
Fasano,Q51865,40.83333,17.36667,66,missing,Locorotondo,6.7,9.3,47.5,Italian comune,https://en.wikipedia.org/wiki/Fasano,wdq_box,2026-09-03
Soldano,Q269816,43.82839,7.65543,47,missing,Bordighera,6.9,5.4,47.5,Italian comune,"https://en.wikipedia.org/wiki/Soldano,_Liguria",wdq_box,2026-09-03
Acquaviva Picena,Q56021,42.94471,13.81355,46,missing,Grottammare,7.4,6.0,47.5,Italian comune,https://en.wikipedia.org/wiki/Acquaviva_Picena,wdq_box,2026-09-03
Trevi,Q20604,42.87745,12.74775,62,missing,Foligno,7.2,9.4,47.5,Italian comune,"https://en.wikipedia.org/wiki/Trevi,_Umbria",wdq_box,2026-09-03
Santarcangelo di Romagna,Q111954,44.06326,12.44657,57,missing,Bellaria-Igea Marina,7.6,9.0,47.5,Italian comune,https://en.wikipedia.org/wiki/Santarcangelo_di_Romagna,wdq_box,2026-09-03
Colle Umberto,Q46697,45.95,12.35,49,missing,Vittorio Veneto,6.5,5.1,47.5,Italian comune,https://en.wikipedia.org/wiki/Colle_Umberto,wdq_box,2026-09-03
Barby,Q807907,45.57167,5.97833,42,missing,Chambéry,7.3,4.5,47.5,"commune in Savoie, France","https://en.wikipedia.org/wiki/Barby,_Savoie",wdq_box,2026-09-03
Gerbrunn,Q32029765,49.77809,9.98366,38,missing,Würzburg,7.2,2.6,47.5,"osm place=village, pop 6267",,osm_pop,2026-09-03
Delligsen,Q58557,51.94291,9.79858,40,missing,Alfeld,7.8,4.8,47.5,"osm place=village, pop 9101",,osm_pop,2026-09-03
Bingen,Q285879,49.96755,7.8944,44,missing,Rüdesheim am Rhein,6.4,3.1,47.5,"osm place=town, pop 25659",,osm_pop,2026-09-03
Waldstetten,Q531880,48.76721,9.82139,39,missing,Schwäbisch Gmünd,7.6,4.0,47.5,"osm place=village, pop 7247",,osm_pop,2026-09-03
Bootle,Q893159,53.45069,-2.99488,50,missing,Liverpool,6.3,4.9,47.5,"osm place=town, pop 98449",,osm_pop,2026-09-03
Pijnacker-Nootdorp,Q281768,52.0317,4.415,42,missing,Delft,7.3,4.5,47.4,municipality in the Netherlands,https://en.wikipedia.org/wiki/Pijnacker-Nootdorp,wdq_box,2026-09-03
Arriate,Q1624154,36.79914,-5.14075,47,missing,Ronda,7.6,6.7,47.4,municipality of Spain,https://en.wikipedia.org/wiki/Arriate,wdq_box,2026-09-03
Alhendín,Q564773,37.10778,-3.64583,47,missing,Granada,9,8.8,47.4,municipality of Spain,https://en.wikipedia.org/wiki/Alhend%C3%ADn,wdq_box,2026-09-03
Villa di Chiavenna,Q39498,46.33333,9.48333,49,member_of,Soglio,6.2,4.4,47.4,Italian comune,https://en.wikipedia.org/wiki/Villa_di_Chiavenna,wdq_box,2026-09-03
Saint-Jean-de-Fos,Q648101,43.70083,3.55083,40,missing,Saint-Guilhem-le-Désert,7.3,3.8,47.4,"commune in Hérault, France",https://en.wikipedia.org/wiki/Saint-Jean-de-Fos,wdq_box,2026-09-03
Riec-sur-Bélon,Q865419,47.84389,-3.69444,50,missing,Pont-Aven,6,4.2,47.4,"commune in Finistère, France",https://en.wikipedia.org/wiki/Riec-sur-B%C3%A9lon,wdq_box,2026-09-03
Censy,Q117462,47.69694,4.04167,41,missing,Noyers,7,3.5,47.4,"commune in Yonne, France",https://en.wikipedia.org/wiki/Censy,wdq_box,2026-09-03
Prades,Q250596,44.63806,4.31417,41,missing,Jaujac,7.5,4.6,47.4,"commune in Ardèche, France","https://en.wikipedia.org/wiki/Prades,_Ard%C3%A8che",wdq_box,2026-09-03
Scurzolengo,Q17864,44.96583,8.28028,52,missing,Asti,8.4,9.2,47.4,Italian comune,https://en.wikipedia.org/wiki/Scurzolengo,wdq_box,2026-09-03
Carbonara Scrivia,Q17301,44.85,8.87083,53,missing,Tortona,6.1,5.3,47.4,municipality in Italy,https://en.wikipedia.org/wiki/Carbonara_Scrivia,wdq_box,2026-09-03
Biéville-Beuville,Q317610,49.23556,-0.32722,47,missing,Caen,7.2,6.0,47.4,"commune in Calvados, France",https://en.wikipedia.org/wiki/Bi%C3%A9ville-Beuville,wdq_box,2026-09-03
Saint-Georges-sur-Renon,Q601328,46.10556,5.03194,52,missing,Châtillon-sur-Chalaronne,6.5,6.0,47.4,"commune in Ain, France",https://en.wikipedia.org/wiki/Saint-Georges-sur-Renon,wdq_box,2026-09-03
Cetona,Q91160,42.96667,11.9,56,missing,Chiusi,6.3,6.6,47.4,Italian comune,https://en.wikipedia.org/wiki/Cetona,wdq_box,2026-09-03
Son Servera,Q610838,39.62083,3.36,42,missing,Cala Millor,6.6,2.9,47.4,"municipality in Majorca, Balearic Islands, Spain",https://en.wikipedia.org/wiki/Son_Servera,wdq_box,2026-09-03
Urvillers,Q745820,49.78944,3.30944,46,missing,Saint-Quentin,7.8,6.8,47.4,"commune in Aisne, France",https://en.wikipedia.org/wiki/Urvillers,wdq_box,2026-09-03
Terruggia,Q17683,45.08333,8.44417,54,missing,Casale Monferrato,6.1,5.6,47.4,municipality in Italy,https://en.wikipedia.org/wiki/Terruggia,wdq_box,2026-09-03
Bourguignons,Q1146641,48.13083,4.35917,42,missing,Bar-sur-Seine,6.4,2.4,47.4,"commune in Aube, France","https://en.wikipedia.org/wiki/Bourguignons,_Aube",wdq_box,2026-09-03
Bitschwiller-lès-Thann,Q317452,47.83028,7.08028,45,missing,Thann,6.2,3.0,47.4,"commune in Haut-Rhin, France",https://en.wikipedia.org/wiki/Bitschwiller-l%C3%A8s-Thann,wdq_box,2026-09-03
Litoměřice,Q384403,50.53408,14.1318,44,missing,Terezín,6.3,2.9,47.4,"osm place=town, pop 24879",,osm_pop,2026-09-03
Caravate,Q39842,45.87789,8.65199,52,missing,Lago Maggiore (Stresa),8.1,8.7,47.4,"osm place=village, pop 2541",,osm_grid,2026-09-03
Biriatou,Q196871,43.33333,-1.74306,44,missing,Hondarribia,7.5,5.7,47.3,"commune in Pyrénées-Atlantiques, France",https://en.wikipedia.org/wiki/Biriatou,wdq_box,2026-09-03
Lasarte-Oria,Q932766,43.26778,-2.02,41,missing,San Sebastián,8.5,6.4,47.3,"municipality in Basque Country, Spain",https://en.wikipedia.org/wiki/Lasarte-Oria,wdq_box,2026-09-03
Crans,Q858658,45.965,5.19056,51,missing,Pérouges,6.9,6.6,47.3,"commune in Ain, France","https://en.wikipedia.org/wiki/Crans,_Ain",wdq_box,2026-09-03
Montresta,Q386666,40.37424,8.49964,62,missing,Bosa,6.5,8.3,47.3,Italian comune,https://en.wikipedia.org/wiki/Montresta,wdq_box,2026-09-03
Athies,Q999469,50.3025,2.83611,47,missing,Achicourt,7.4,6.4,47.3,"commune in Pas-de-Calais, France","https://en.wikipedia.org/wiki/Athies,_Pas-de-Calais",wdq_box,2026-09-03
Villa Faraldi,Q269914,43.96711,8.09151,49,missing,Alassio,7.6,7.3,47.3,Italian comune,https://en.wikipedia.org/wiki/Villa_Faraldi,wdq_box,2026-09-03
Crosio della Valle,Q39048,45.76032,8.76453,52,missing,Varese,7.7,8.2,47.3,Italian comune,https://en.wikipedia.org/wiki/Crosio_della_Valle,wdq_box,2026-09-03
Aubrives,Q1048554,50.10361,4.76194,48,missing,Givet,7,5.9,47.3,"commune in Ardennes, France",https://en.wikipedia.org/wiki/Aubrives,wdq_box,2026-09-03
Wingles,Q877607,50.49417,2.85528,49,missing,Loos-en-Gohelle,6.9,6.0,47.3,"commune in Pas-de-Calais, France",https://en.wikipedia.org/wiki/Wingles,wdq_box,2026-09-03
Bourg-lès-Valence,Q269430,44.9475,4.89528,47,missing,Guilherand-Granges,5.7,2.4,47.3,"commune in Drôme, France",https://en.wikipedia.org/wiki/Bourg-l%C3%A8s-Valence,wdq_box,2026-09-03
Valff,Q21588,48.42139,7.52139,46,missing,Obernai,7.1,5.5,47.3,"commune in Bas-Rhin, France",https://en.wikipedia.org/wiki/Valff,wdq_box,2026-09-03
Barzy-sur-Marne,Q864409,49.08028,3.55917,49,missing,Dormans,6.8,5.8,47.3,"commune in Aisne, France",https://en.wikipedia.org/wiki/Barzy-sur-Marne,wdq_box,2026-09-03
Vauxtin,Q868302,49.35028,3.60333,47,missing,Braine,6.8,5.2,47.3,"commune in Aisne, France",https://en.wikipedia.org/wiki/Vauxtin,wdq_box,2026-09-03
Albignasego,Q30022090,45.34749,11.86721,44,missing,Padua,8.1,6.7,47.3,"osm place=town, pop 25577",,osm_pop,2026-09-03
Carbonera,Q30023738,45.68484,12.28594,41,missing,Treviso,7.2,4.0,47.3,"osm place=village, pop 11334",,osm_pop,2026-09-03
Herten,Q2192796,51.18065,5.96545,39,missing,Roermond,6.8,2.1,47.3,"osm place=village, pop 7543",,osm_pop,2026-09-03
De Meern,Q3020221,52.08118,5.03636,43,missing,Utrecht,7.8,5.9,47.3,"osm place=town, pop 21316",,osm_pop,2026-09-03
Sundbyberg,Q972564,59.36288,17.96814,46,missing,Stockholm (Arlanda),7.8,6.8,47.3,"osm place=town, pop 39224",,osm_pop,2026-09-03
Etxebarri,Q1228107,43.24722,-2.89167,40,missing,Bilbao,7.3,3.8,47.2,municipality of Biscay,https://en.wikipedia.org/wiki/Etxebarri,wdq_box,2026-09-03
San Gregorio di Catania,Q478836,37.56509,15.11163,50,missing,Catania,7.5,7.4,47.2,Italian comune,https://en.wikipedia.org/wiki/San_Gregorio_di_Catania,wdq_box,2026-09-03
Bassussarry,Q839448,43.44567,-1.5085,45,missing,Biarritz,7.3,5.6,47.2,"commune in Pyrénées-Atlantiques, France",https://en.wikipedia.org/wiki/Bassussarry,wdq_box,2026-09-03
Hendrik-Ido-Ambacht,Q538725,51.85,4.63,43,missing,Kinderdijk,6.8,3.8,47.2,town and municipality in the western Netherlands,https://en.wikipedia.org/wiki/Hendrik-Ido-Ambacht,wdq_box,2026-09-03
La Vicomté-sur-Rance,Q1012370,48.48861,-1.98222,44,missing,Dinan,7.7,6.1,47.2,"commune in Côtes-d'Armor, France",https://en.wikipedia.org/wiki/La_Vicomt%C3%A9-sur-Rance,wdq_box,2026-09-03
Vught,Q9876,51.65,5.3,42,missing,'s-Hertogenbosch,6.9,3.7,47.2,municipality in the Netherlands,https://en.wikipedia.org/wiki/Vught,wdq_box,2026-09-03
Creuzier-le-Vieux,Q535340,46.16167,3.43861,45,missing,Vichy,6.5,3.9,47.2,"commune in Allier, France",https://en.wikipedia.org/wiki/Creuzier-le-Vieux,wdq_box,2026-09-03
Lesquin,Q696996,50.58972,3.11111,47,missing,Lille,7,5.6,47.2,"commune in Nord, France",https://en.wikipedia.org/wiki/Lesquin,wdq_box,2026-09-03
Rasun-Anterselva,Q193711,46.78189,12.04889,63,member_of,Lago di Braies,7.5,10.1,47.2,"municipality in South Tyrol, Italy",https://en.wikipedia.org/wiki/Rasen-Antholz,wdq_box,2026-09-03
Modigliana,Q99947,44.16667,11.8,54,missing,Brisighella,6.5,6.5,47.2,Italian comune,https://en.wikipedia.org/wiki/Modigliana,wdq_box,2026-09-03
Canolo,Q54590,38.31667,16.2,50,missing,Gerace,6.5,5.5,47.2,Italian comune,https://en.wikipedia.org/wiki/Canolo,wdq_box,2026-09-03
Calice Ligure,Q270570,44.20509,8.29441,48,missing,Finale Ligure (Finalborgo),6.7,5.3,47.2,Italian comune,https://en.wikipedia.org/wiki/Calice_Ligure,wdq_box,2026-09-03
Paracuellos de Jiloca,Q1650579,41.31511,-1.64214,40,missing,Calatayud,7.5,4.3,47.2,"human settlement in Zaragoza Province, Aragon, Spain",https://en.wikipedia.org/wiki/Paracuellos_de_Jiloca,wdq_box,2026-09-03
Sarezzano,Q17667,44.86889,8.91417,52,missing,Tortona,6.1,5.1,47.2,municipality in Italy,https://en.wikipedia.org/wiki/Sarezzano,wdq_box,2026-09-03
Thelonne,Q1147073,49.65167,4.94389,42,missing,Sedan,7.8,5.6,47.2,"commune in Ardennes, France",https://en.wikipedia.org/wiki/Thelonne,wdq_box,2026-09-03
Alhaurín el Grande,Q846149,36.63306,-4.68306,49,missing,Mijas,6.8,5.8,47.2,municipality of Spain,https://en.wikipedia.org/wiki/Alhaur%C3%ADn_el_Grande,wdq_box,2026-09-03
Dossenheim,Q83255,49.44924,8.67324,41,missing,Heidelberg,8,5.6,47.2,"osm place=town, pop 11616",,osm_pop,2026-09-03
Cesano Boscone,Q42974,45.44749,9.0934,54,missing,Milan (Malpensa),7.2,7.9,47.2,"osm place=town, pop 23593",,osm_grid,2026-09-03
Piedrasblancas,Q7191572,43.55951,-5.97743,40,member_of,Asturias (Oviedo),7.1,3.4,47.2,"osm place=town, pop 9176",,osm_pop,2026-09-03
Artigues-près-Bordeaux,Q654797,44.86047,-0.49347,43,missing,Bordeaux,8.5,7.1,47.1,"commune in Gironde, France",https://en.wikipedia.org/wiki/Artigues-pr%C3%A8s-Bordeaux,wdq_box,2026-09-03
Gójar,Q574347,37.10444,-3.60306,44,missing,Granada,9,8.1,47.1,municipality of Spain,https://en.wikipedia.org/wiki/G%C3%B3jar,wdq_box,2026-09-03
Çaro,Q842635,43.1475,-1.2175,40,missing,Saint-Jean-Pied-de-Port,6.7,2.4,47.1,"commune in Pyrénées-Atlantiques, France",https://en.wikipedia.org/wiki/%C3%87aro,wdq_box,2026-09-03
Pont-de-Metz,Q587253,49.88,2.24194,40,missing,Amiens,7.5,4.3,47.1,"commune in Somme, France",https://en.wikipedia.org/wiki/Pont-de-Metz,wdq_box,2026-09-03
Vigolo,Q101756,45.71667,10.01667,46,missing,Monte Isola (Lake Iseo),6.8,4.9,47.1,Italian comune,https://en.wikipedia.org/wiki/Vigolo,wdq_box,2026-09-03
Zone,Q112237,45.76667,10.11667,48,missing,Lovere,7.2,6.4,47.1,Italian comune,"https://en.wikipedia.org/wiki/Zone,_Lombardy",wdq_box,2026-09-03
Bermeo,Q695444,43.42083,-2.72139,44,member_of,San Juan de Gaztelugatxe,7.6,5.9,47.1,Spanish municipality in the comarca of Busturialdea,https://en.wikipedia.org/wiki/Bermeo,wdq_box,2026-09-03
Itri,Q128092,41.28333,13.53333,53,missing,Gaeta,7.6,8.3,47.1,Italian comune,https://en.wikipedia.org/wiki/Itri,wdq_box,2026-09-03
Lugagnano Val d'Arda,Q102807,44.81667,9.81667,50,missing,Castell'Arquato,6.8,6.1,47.1,Italian comune,https://en.wikipedia.org/wiki/Lugagnano_Val_d%27Arda,wdq_box,2026-09-03
Oliena,Q295313,40.27101,9.40275,65,missing,Nuoro,6.3,8.5,47.1,Italian comune,https://en.wikipedia.org/wiki/Oliena,wdq_box,2026-09-03
Palizzi,Q54632,37.96667,15.98333,50,missing,Bova,6.5,5.5,47.1,Italian comune,https://en.wikipedia.org/wiki/Palizzi,wdq_box,2026-09-03
Santa Maria del Cedro,Q53990,39.75,15.83333,51,missing,Scalea,7.1,7.0,47.1,Italian comune,https://en.wikipedia.org/wiki/Santa_Maria_del_Cedro,wdq_box,2026-09-03
Huntington,Q5815661,53.99882,-1.05911,40,missing,York,7.7,4.7,47.1,"osm place=village, pop 9277",,osm_pop,2026-09-03
Teteringen,Q3519142,51.61037,4.82149,39,missing,Breda,7.6,4.1,47.1,"osm place=village, pop 7662",,osm_pop,2026-09-03
Pilar de la Horadada,Q24009366,37.86755,-0.79257,42,missing,Torre de la Horadada,6.6,3.0,47.1,"osm place=town, pop 15082",,osm_pop,2026-09-03
Vilassar de Mar,Q12071,41.5064,2.39139,43,missing,Mataró,7.8,5.9,47.1,"osm place=town, pop 21017",,osm_pop,2026-09-03
San Luis de Sabinillas,Q6119265,36.3673,-5.22781,39,missing,Manilva,6.8,2.3,47.1,"osm place=village, pop 7392",,osm_pop,2026-09-03
Rorschwihr,Q148548,48.21722,7.36278,41,missing,Château du Haut-Koenigsbourg,7.1,3.8,47.0,"commune in Haut-Rhin, France",https://en.wikipedia.org/wiki/Rorschwihr,wdq_box,2026-09-03
Arromanches-les-Bains,Q212620,49.33917,-0.6225,61,missing,Bayeux,6.9,8.8,47.0,"commune in Calvados, France",https://en.wikipedia.org/wiki/Arromanches-les-Bains,wdq_box,2026-09-03
Creissels,Q1153336,44.08722,3.06528,42,missing,Millau (Tarn Gorges),6.1,1.6,47.0,"commune in Aveyron, France",https://en.wikipedia.org/wiki/Creissels,wdq_box,2026-09-03
San Genesio ed Uniti,Q41029,45.23745,9.18695,47,missing,Pavia,6.9,5.5,47.0,Italian comune,https://en.wikipedia.org/wiki/San_Genesio_ed_Uniti,wdq_box,2026-09-03
Gignod,Q35060,45.78333,7.3,54,missing,Aosta,5.9,5.3,47.0,Italian municipality in the Aosta Valley,https://en.wikipedia.org/wiki/Gignod,wdq_box,2026-09-03
Autoire,Q624062,44.85444,1.82139,41,missing,Prudhomat,7.6,4.9,47.0,"commune in Lot, France",https://en.wikipedia.org/wiki/Autoire,wdq_box,2026-09-03
Tortoreto,Q51470,42.8,13.91667,53,missing,Giulianova,6.6,6.6,47.0,Italian comune,https://en.wikipedia.org/wiki/Tortoreto,wdq_box,2026-09-03
Le Pecq,Q275366,48.89667,2.10611,42,missing,Louveciennes,7,4.0,47.0,"commune in Yvelines, France",https://en.wikipedia.org/wiki/Le_Pecq,wdq_box,2026-09-03
Lanaken,Q695315,50.88928,5.65132,44,missing,Maastricht,7.1,5.0,47.0,"osm place=town, pop 25000",,osm_pop,2026-09-03
Champigny-sur-Marne,Q192378,48.81378,2.51061,49,missing,Paris (CDG),9.6,12.6,47.0,"osm place=town, pop 77724",,osm_pop,2026-09-03
Colombes,Q174002,48.92273,2.25436,49,missing,Paris (CDG),9.6,10.1,47.0,"osm place=town, pop 88870",,osm_pop,2026-09-03
Saint-Maur-des-Fossés,Q193313,48.80331,2.4853,49,missing,Paris (CDG),9.6,11.5,47.0,"osm place=town, pop 75441",,osm_pop,2026-09-03
Wermelskirchen,Q7507,51.14065,7.21569,45,missing,Remscheid,6.8,4.6,47.0,"osm place=town, pop 34472",,osm_pop,2026-09-03
Edenkoben,Q537985,49.28224,8.12844,38,missing,Maikammer,7.1,2.6,47.0,"osm place=town, pop 6655",,osm_pop,2026-09-03
Santa Monica,Q114358244,43.9571,12.68752,41,missing,Riccione,7.8,5.3,47.0,"osm place=village, pop 13948",,osm_pop,2026-09-03
Is-Siġġiewi,Q919908,35.85394,14.43806,39,missing,Mdina,7.9,4.7,47.0,"osm place=village, pop 8367",,osm_pop,2026-09-03
Leersum,Q81177,52.01026,5.43328,39,missing,Amerongen,6.7,2.0,47.0,"osm place=village, pop 7511",,osm_pop,2026-09-03
Pijnacker,Q968044,52.02006,4.43419,44,missing,Delft,7.3,5.4,47.0,"osm place=town, pop 24260",,osm_pop,2026-09-03
Huissen,Q73084,51.93835,5.93938,43,missing,Arnhem,7.3,5.0,47.0,"osm place=town, pop 18947",,osm_pop,2026-09-03
Sarrià de Ter,Q13456,42.01419,2.8176,37,missing,Girona,7.7,3.5,47.0,"osm place=village, pop 5359",,osm_pop,2026-09-03
Rothenburg,Q7083,47.094,8.27242,38,missing,Lucerne,8.6,5.6,47.0,"osm place=village, pop 6239",,osm_pop,2026-09-03
Bolligen,Q69160,46.97556,7.49833,38,missing,Bern,8.2,4.9,47.0,"osm place=village, pop 6138",,osm_pop,2026-09-03
Salouël,Q758894,49.87,2.24222,41,missing,Amiens,7.5,4.7,46.9,"commune in Somme, France",https://en.wikipedia.org/wiki/Salou%C3%ABl,wdq_box,2026-09-03
Nuragus,Q284383,39.77743,9.03671,63,missing,Su Nuraxi (Barumini),6.7,8.9,46.9,Italian comune,https://en.wikipedia.org/wiki/Nuragus,wdq_box,2026-09-03
Saint-Germain-du-Puy,Q924210,47.09917,2.48111,41,missing,Bourges,8.4,6.4,46.9,"commune in Cher, France",https://en.wikipedia.org/wiki/Saint-Germain-du-Puy,wdq_box,2026-09-03
Sabaudia,Q128165,41.29985,13.02477,55,missing,San Felice Circeo,7.8,9.1,46.9,Italian comune,https://en.wikipedia.org/wiki/Sabaudia,wdq_box,2026-09-03
La Souche,Q250582,44.62917,4.19722,41,missing,Jaujac,7.5,4.8,46.9,"commune in Ardèche, France",https://en.wikipedia.org/wiki/La_Souche,wdq_box,2026-09-03
La Capelle-Bonance,Q1082383,44.4415,3.01206,42,missing,Saint-Geniez-d'Olt,7,4.1,46.9,"commune in Aveyron, France",https://en.wikipedia.org/wiki/La_Capelle-Bonance,wdq_box,2026-09-03
Caprarola,Q160262,42.3275,12.23667,58,missing,Sutri,7.5,9.2,46.9,Italian comune,https://en.wikipedia.org/wiki/Caprarola,wdq_box,2026-09-03
Blainville-sur-Orne,Q319628,49.22889,-0.3,48,missing,Caen,7.2,6.4,46.9,"commune in Calvados, France",https://en.wikipedia.org/wiki/Blainville-sur-Orne,wdq_box,2026-09-03
Falconara Albanese,Q53878,39.28333,16.08333,51,missing,Fiumefreddo Bruzio,6.3,5.4,46.9,Italian comune,https://en.wikipedia.org/wiki/Falconara_Albanese,wdq_box,2026-09-03
Sezimovo Ústí,Q958157,49.38543,14.68437,39,missing,Tábor,7.4,3.8,46.9,"osm place=town, pop 7233",,osm_pop,2026-09-03
Novate Milanese,Q42399,45.53333,9.13333,57,missing,Milan (Linate),7.2,8.6,46.8,Italian comune,https://en.wikipedia.org/wiki/Novate_Milanese,wdq_box,2026-09-03
Struga,Q156858,41.1775,20.67889,55,missing,Ohrid,8.5,12.3,46.8,city in North Macedonia,https://en.wikipedia.org/wiki/Struga,wdq_box,2026-09-03
Nebbiuno,Q22512,45.8,8.53333,54,missing,Lago Maggiore (Stresa),8.1,9.3,46.8,Italian comune,https://en.wikipedia.org/wiki/Nebbiuno,wdq_box,2026-09-03
Ghiffa,Q23578,45.95,8.61667,55,missing,Lago Maggiore (Stresa),8.1,9.5,46.8,Italian comune,https://en.wikipedia.org/wiki/Ghiffa,wdq_box,2026-09-03
Dolegna del Collio,Q53126,46.03333,13.48333,53,missing,Goriška Brda (Šmartno),6,5.3,46.8,Italian comune,https://en.wikipedia.org/wiki/Dolegna_del_Collio,wdq_box,2026-09-03
Agincourt,Q287413,48.73278,6.23722,44,missing,Nancy,7.5,5.8,46.8,"commune in Meurthe-et-Moselle, France","https://en.wikipedia.org/wiki/Agincourt,_Meurthe-et-Moselle",wdq_box,2026-09-03
Vantoux,Q22002,49.12972,6.23056,43,missing,Metz,6.8,4.0,46.8,"commune in Moselle, France",https://en.wikipedia.org/wiki/Vantoux,wdq_box,2026-09-03
Lanvéoc,Q208325,48.28583,-4.46222,46,member_of,Crozon Peninsula,6.7,4.8,46.8,"commune in Finistère, France",https://en.wikipedia.org/wiki/Lanv%C3%A9oc,wdq_box,2026-09-03
Tovo San Giacomo,Q271331,44.17656,8.26845,49,missing,Finale Ligure (Finalborgo),6.7,5.8,46.8,Italian comune,https://en.wikipedia.org/wiki/Tovo_San_Giacomo,wdq_box,2026-09-03
Blécourt,Q624103,50.22028,3.21361,42,missing,Cambrai,7.5,5.2,46.8,"commune in Nord, France","https://en.wikipedia.org/wiki/Bl%C3%A9court,_Nord",wdq_box,2026-09-03
Cauroir,Q1064854,50.17444,3.30194,41,missing,Cambrai,7.5,4.8,46.8,"commune in Nord, France",https://en.wikipedia.org/wiki/Cauroir,wdq_box,2026-09-03
Cappella Maggiore,Q29363,45.96667,12.36667,49,missing,Vittorio Veneto,6.5,5.3,46.8,Italian comune,https://en.wikipedia.org/wiki/Cappella_Maggiore,wdq_box,2026-09-03
Colbordolo,Q190584,43.82056,12.72107,43,missing,Montegridolfo,7.2,4.9,46.8,Italian comune,https://en.wikipedia.org/wiki/Colbordolo,wdq_box,2026-09-03
Charroux,Q273012,46.185,3.16139,50,missing,Saint-Bonnet-de-Rochefort,6.1,4.7,46.8,"commune in Allier, France","https://en.wikipedia.org/wiki/Charroux,_Allier",wdq_box,2026-09-03
Deuxville,Q227756,48.61778,6.455,40,missing,Lunéville,7.3,4.0,46.8,"commune in Meurthe-et-Moselle, France",https://en.wikipedia.org/wiki/Deuxville,wdq_box,2026-09-03
Kopřivnice,Q849439,49.59891,18.14521,43,missing,Štramberk,6.1,2.2,46.8,"osm place=town, pop 21160",,osm_pop,2026-09-03
Curno,Q30025343,45.69151,9.61097,39,missing,Bergamo (Città Alta),7.8,4.6,46.8,"osm place=village, pop 7564",,osm_pop,2026-09-03
Ca' di David,Q3649457,45.38261,10.99558,39,missing,Verona,8.7,6.2,46.8,"osm place=village, pop 7884",,osm_pop,2026-09-03
Ciaculli,Q2972191,38.0783,13.4012,38,missing,Palermo,8.6,5.7,46.8,"osm place=village, pop 6307",,osm_pop,2026-09-03
Gennep,Q22933626,51.70128,5.96911,40,missing,Heijen,6.9,3.0,46.8,"osm place=town, pop 9167",,osm_pop,2026-09-03
Buchrain,Q7098,47.0941,8.34726,38,missing,Lucerne,8.6,5.7,46.8,"osm place=village, pop 6807",,osm_pop,2026-09-03
Arizzano,Q23213,45.95528,8.58444,51,missing,Lago Maggiore (Stresa),8.1,8.7,46.7,Italian comune,https://en.wikipedia.org/wiki/Arizzano,wdq_box,2026-09-03
Kerlaz,Q453605,48.09222,-4.27389,46,missing,Locronan,6.8,5.1,46.7,"commune in Finistère, France",https://en.wikipedia.org/wiki/Kerlaz,wdq_box,2026-09-03
Olang,Q493802,46.76118,12.03041,54,member_of,Lago di Braies,7.5,8.5,46.7,"municipality in South Tyrol, Italy",https://en.wikipedia.org/wiki/Olang,wdq_box,2026-09-03
Mongrando,Q18086,45.51667,8.0,53,missing,Biella,6.7,6.9,46.7,Italian comune,https://en.wikipedia.org/wiki/Mongrando,wdq_box,2026-09-03
Nomi,Q296869,45.93333,11.06667,50,missing,Rovereto,6.3,5.2,46.7,Italian comune,"https://en.wikipedia.org/wiki/Nomi,_Trentino",wdq_box,2026-09-03
Eyzahut,Q377405,44.565,5.01167,42,missing,Le Poët-Laval,6.6,3.2,46.7,"commune in Drôme, France",https://en.wikipedia.org/wiki/Eyzahut,wdq_box,2026-09-03
Luttenbach-près-Munster,Q124160,48.03222,7.11917,41,missing,Soultzeren,7,3.7,46.7,"commune in Haut-Rhin, France",https://en.wikipedia.org/wiki/Luttenbach-pr%C3%A8s-Munster,wdq_box,2026-09-03
Świebodzice,Q387449,50.85957,16.31961,43,missing,Ksiaz Castle,6.3,2.8,46.7,"osm place=town, pop 22219",,osm_pop,2026-09-03
Árvore,Q2257656,41.33483,-8.71982,37,missing,Vila do Conde,7.4,2.9,46.7,"osm place=town, pop 5569",,osm_pop,2026-09-03
Castelnau-le-Lez,Q474555,43.63611,3.90139,45,missing,Montpellier,6.3,3.6,46.6,"commune in Hérault, France",https://en.wikipedia.org/wiki/Castelnau-le-Lez,wdq_box,2026-09-03
Teylingen,Q1368003,52.215,4.51028,43,missing,Noordwijk-Binnen,7.2,4.9,46.6,municipality in the Netherlands,https://en.wikipedia.org/wiki/Teylingen,wdq_box,2026-09-03
Saint-Martin-de-Ré,Q845987,46.20306,-1.36722,40,member_of,Île de Ré,7.2,3.8,46.6,"commune in Charente-Maritime, France",https://en.wikipedia.org/wiki/Saint-Martin-de-R%C3%A9,wdq_box,2026-09-03
Sommervieu,Q772474,49.29333,-0.6475,43,missing,Bayeux,6.9,4.3,46.6,"commune in Calvados, France",https://en.wikipedia.org/wiki/Sommervieu,wdq_box,2026-09-03
Comun Nuovo,Q100404,45.62278,9.66361,50,missing,Bergamo (Città Alta),7.8,8.0,46.6,Italian comune,https://en.wikipedia.org/wiki/Comun_Nuovo,wdq_box,2026-09-03
Braine-l'Alleud,Q497572,50.6806,4.3717,40,missing,Waterloo (Lion's Mound),6.6,2.3,46.6,"municipality in Wallonia, Belgium",https://en.wikipedia.org/wiki/Braine-l%27Alleud,wdq_box,2026-09-03
Wattignies,Q1102131,50.585,3.04306,44,missing,Lille,7,4.9,46.6,"commune in Nord, France",https://en.wikipedia.org/wiki/Wattignies,wdq_box,2026-09-03
La Chapelle-Saint-Ursin,Q1096703,47.0625,2.325,40,missing,Bourges,8.4,6.1,46.6,"commune in Cher, France",https://en.wikipedia.org/wiki/La_Chapelle-Saint-Ursin,wdq_box,2026-09-03
Vaiano,Q20392,43.96667,11.11667,58,missing,Prato,7.8,9.7,46.6,Italian comune,https://en.wikipedia.org/wiki/Vaiano,wdq_box,2026-09-03
Tavagnasco,Q10312,45.55,7.81667,57,missing,Bard,7.2,8.6,46.6,Italian comune,https://en.wikipedia.org/wiki/Tavagnasco,wdq_box,2026-09-03
Pietra Marazzi,Q17637,44.94361,8.66972,53,missing,Alessandria,6.3,6.1,46.6,municipality in Italy,https://en.wikipedia.org/wiki/Pietra_Marazzi,wdq_box,2026-09-03
Dieulefit,Q325414,44.52306,5.06556,45,missing,Le Poët-Laval,6.6,4.3,46.6,"commune in Drôme, France",https://en.wikipedia.org/wiki/Dieulefit,wdq_box,2026-09-03
Breitenbach-Haut-Rhin,Q367794,48.02333,7.10083,43,missing,Soultzeren,7,4.5,46.6,"commune in Haut-Rhin, France",https://en.wikipedia.org/wiki/Breitenbach-Haut-Rhin,wdq_box,2026-09-03
Leimbach,Q123187,47.79278,7.10111,41,missing,Thann,6.2,1.7,46.6,"commune in Haut-Rhin, France","https://en.wikipedia.org/wiki/Leimbach,_Haut-Rhin",wdq_box,2026-09-03
Colombiera-Molicciara,Q18460606,44.09057,10.00868,38,missing,Fiumaretta di Ameglia,7.9,4.5,46.6,"osm place=village, pop 6666",,osm_pop,2026-09-03
Lent,Q2068947,51.86446,5.86704,40,missing,Hunnerberg,6.7,2.6,46.6,"osm place=village, pop 10140",,osm_pop,2026-09-03
Slikkerveer,Q2587009,51.88372,4.60681,39,missing,Kinderdijk,6.8,2.4,46.6,"osm place=village, pop 8760",,osm_pop,2026-09-03
Nieuw-Lekkerland,Q846242,51.8863,4.67719,39,missing,Kinderdijk,6.8,2.4,46.6,"osm place=village, pop 8464",,osm_pop,2026-09-03
Baguim do Monte,Q800162,41.18747,-8.53776,41,missing,Porto,9.1,7.5,46.6,"osm place=village, pop 14102",,osm_pop,2026-09-03
Almàssera,Q1648768,39.51182,-0.35624,39,missing,Valencia,7.8,4.7,46.6,"osm place=village, pop 7556",,osm_pop,2026-09-03
Cubelles,Q15558,41.20834,1.67305,39,missing,Vilanova i la Geltrú,7.8,4.7,46.6,"osm place=town, pop 8806",,osm_pop,2026-09-03
Coreglia Ligure,Q267230,44.39188,9.26751,52,member_of,Santa Margherita Ligure,7.3,7.7,46.5,Italian comune,https://en.wikipedia.org/wiki/Coreglia_Ligure,wdq_box,2026-09-03
Ostheim,Q148756,48.16,7.37056,40,missing,Riquewihr,8,5.5,46.5,"commune in Haut-Rhin, France","https://en.wikipedia.org/wiki/Ostheim,_Haut-Rhin",wdq_box,2026-09-03
Amfreville-la-Mi-Voie,Q1112751,49.40194,1.13,45,missing,Rouen,7.1,5.4,46.5,"commune in Seine-Maritime, France",https://en.wikipedia.org/wiki/Amfreville-la-Mi-Voie,wdq_box,2026-09-03
Levate,Q101196,45.62894,9.62659,50,missing,Bergamo (Città Alta),7.8,8.1,46.5,Italian comune,https://en.wikipedia.org/wiki/Levate,wdq_box,2026-09-03
Capbreton,Q189918,43.64194,-1.43222,43,missing,Hossegor,6,2.0,46.5,"commune in Landes, France",https://en.wikipedia.org/wiki/Capbreton,wdq_box,2026-09-03
Cussac-sur-Loire,Q275391,44.99,3.87111,43,missing,Le Puy-en-Velay,7.8,6.1,46.5,"commune in Haute-Loire, France",https://en.wikipedia.org/wiki/Cussac-sur-Loire,wdq_box,2026-09-03
Pizay,Q845872,45.88861,5.08944,51,missing,Pérouges,6.9,6.8,46.5,"commune in Ain, France",https://en.wikipedia.org/wiki/Pizay,wdq_box,2026-09-03
Giungano,Q80969,40.39034,15.09303,52,missing,Paestum,7.6,8.2,46.5,Italian comune,https://en.wikipedia.org/wiki/Giungano,wdq_box,2026-09-03
Cadenet,Q243873,43.735,5.37333,41,missing,Lourmarin,6.8,3.3,46.5,"commune in Vaucluse, France",https://en.wikipedia.org/wiki/Cadenet,wdq_box,2026-09-03
Font-Romeu-Odeillo-Via,Q458715,42.49778,2.03389,44,missing,La Cabanasse,7.9,6.6,46.5,"commune in Pyrénées-Orientales, France",https://en.wikipedia.org/wiki/Font-Romeu-Odeillo-Via,wdq_box,2026-09-03
Villaromagnano,Q17699,44.85056,8.88889,53,missing,Tortona,6.1,5.6,46.5,municipality in Italy,https://en.wikipedia.org/wiki/Villaromagnano,wdq_box,2026-09-03
Poissy,Q457,48.92889,2.04472,61,missing,Louveciennes,7,9.1,46.5,"commune in Yvelines, France",https://en.wikipedia.org/wiki/Poissy,wdq_box,2026-09-03
Dizzasco,Q47127,45.94378,9.09974,47,missing,Ossuccio,7.5,6.8,46.5,Italian comune,https://en.wikipedia.org/wiki/Dizzasco,wdq_box,2026-09-03
Dorlisheim,Q22810,48.525,7.48583,50,missing,Obernai,7.1,6.9,46.5,"commune in Bas-Rhin, France",https://en.wikipedia.org/wiki/Dorlisheim,wdq_box,2026-09-03
Villavieja del Lozoya,Q1978459,41.00583,-3.67111,41,missing,Buitrago del Lozoya,6.9,3.6,46.5,human settlement in Spain,https://en.wikipedia.org/wiki/Villavieja_del_Lozoya,wdq_box,2026-09-03
Weesp,Q9974,52.3069,5.0417,55,missing,Horstermeer,6.4,6.8,46.5,town and former municipality in the Netherlands,https://en.wikipedia.org/wiki/Weesp,wdq_box,2026-09-03
Elefsina,Q204905,38.04139,23.54528,62,missing,Salamína,7.2,9.6,46.5,"modern city in West Attica, Greece",https://en.wikipedia.org/wiki/Elefsina,wdq_box,2026-09-03
Fontenay-le-Fleury,Q243331,48.81066,2.04615,41,missing,Versailles,8.4,6.5,46.5,"osm place=town, pop 13455",,osm_pop,2026-09-03
Écully,Q273748,45.77545,4.77856,43,missing,Lyon,7.8,6.1,46.5,"osm place=town, pop 18361",,osm_pop,2026-09-03
Amilly,Q1384976,47.97492,2.76733,41,missing,Montargis,6.9,3.6,46.5,"osm place=village, pop 13267",,osm_pop,2026-09-03
Westerland,Q27998,54.90649,8.30717,40,member_of,Sylt,6.4,1.8,46.5,"osm place=town, pop 9078",,osm_pop,2026-09-03
Arcangues,Q197339,43.43667,-1.52083,45,missing,Biarritz,7.3,5.9,46.4,"commune in Pyrénées-Atlantiques, France",https://en.wikipedia.org/wiki/Arcangues,wdq_box,2026-09-03
Leidschendam-Voorburg,Q112675,52.09,4.39,46,missing,The Hague,7,5.6,46.4,"municipality in South Holland, the Netherlands",https://en.wikipedia.org/wiki/Leidschendam-Voorburg,wdq_box,2026-09-03
Huétor Santillán,Q576248,37.21861,-3.51722,45,missing,Granada,9,8.5,46.4,municipality of Spain,https://en.wikipedia.org/wiki/Hu%C3%A9tor_Santill%C3%A1n,wdq_box,2026-09-03
Cossogno,Q23310,45.96361,8.50917,53,missing,Lago Maggiore (Stresa),8.1,9.2,46.4,Italian comune,https://en.wikipedia.org/wiki/Cossogno,wdq_box,2026-09-03
Carnoux-en-Provence,Q596771,43.25639,5.56444,42,missing,Cassis,7.3,4.9,46.4,"commune in Bouches-du-Rhône, France",https://en.wikipedia.org/wiki/Carnoux-en-Provence,wdq_box,2026-09-03
Dreuil-lès-Amiens,Q68985,49.91528,2.22944,43,missing,Amiens,7.5,5.6,46.4,"commune in Somme, France",https://en.wikipedia.org/wiki/Dreuil-l%C3%A8s-Amiens,wdq_box,2026-09-03
Limatola,Q55916,41.13398,14.39602,53,missing,Caserta (Reggia),7.9,8.9,46.4,Italian comune,https://en.wikipedia.org/wiki/Limatola,wdq_box,2026-09-03
Bantigny,Q674349,50.22917,3.23,44,missing,Cambrai,7.5,5.9,46.4,"commune in Nord, France",https://en.wikipedia.org/wiki/Bantigny,wdq_box,2026-09-03
Merlara,Q34323,45.16667,11.43333,49,missing,Montagnana,7.7,7.7,46.4,Italian comune,https://en.wikipedia.org/wiki/Merlara,wdq_box,2026-09-03
Larciano,Q102609,43.82788,10.85792,56,missing,Montecatini-Terme,7.6,9.1,46.4,Italian comune,https://en.wikipedia.org/wiki/Larciano,wdq_box,2026-09-03
Paars,Q872267,49.32833,3.60056,46,missing,Braine,6.8,5.2,46.4,"commune in Aisne, France",https://en.wikipedia.org/wiki/Paars,wdq_box,2026-09-03
Gullegem,Q1978079,50.84321,3.20461,39,missing,Kortrijk,7.7,4.6,46.4,"osm place=village, pop 8850",,osm_pop,2026-09-03
Beyne-Heusay,Q681039,50.62206,5.65341,41,missing,Liège,8.2,6.2,46.4,"osm place=town, pop 11977",,osm_pop,2026-09-03
Tassin-la-Demi-Lune,Q1647506,45.75984,4.76577,44,missing,Lyon,7.8,6.5,46.4,"osm place=town, pop 22676",,osm_pop,2026-09-03
Budaörs,Q755691,47.46113,18.96118,45,missing,Budapest,8.3,7.6,46.4,"osm place=town, pop 29398",,osm_pop,2026-09-03
Bloemendaal,Q33425149,52.40366,4.61977,38,missing,Haarlem,7,2.5,46.4,"osm place=village, pop 6665",,osm_pop,2026-09-03
Feijó,Q2304535,38.65298,-9.16656,42,missing,Lisbon,9.1,7.9,46.4,"osm place=village, pop 14779",,osm_pop,2026-09-03
Villalier,Q1081797,43.25722,2.41278,43,missing,Carcassonne,8.3,7.0,46.3,"commune in Aude, France",https://en.wikipedia.org/wiki/Villalier,wdq_box,2026-09-03
Frigiliana,Q944137,36.79086,-3.89533,51,missing,Torrox,6.6,6.3,46.3,"Municipality in the province of Málaga, Spain",https://en.wikipedia.org/wiki/Frigiliana,wdq_box,2026-09-03
Trélivan,Q1013146,48.43306,-2.1175,42,missing,Dinan,7.7,5.7,46.3,"commune in Côtes-d'Armor, France",https://en.wikipedia.org/wiki/Tr%C3%A9livan,wdq_box,2026-09-03
Lagleygeolle,Q196519,45.07778,1.69556,40,missing,Collonges-la-Rouge,7.1,3.7,46.3,"commune in Corrèze, France",https://en.wikipedia.org/wiki/Lagleygeolle,wdq_box,2026-09-03
Saint-Julien-les-Villas,Q925308,48.27139,4.0975,43,missing,Troyes,6.5,3.4,46.3,"commune in Aube, France",https://en.wikipedia.org/wiki/Saint-Julien-les-Villas,wdq_box,2026-09-03
Cogorno,Q267215,44.33308,9.37246,53,missing,Sestri Levante,6.9,7.3,46.3,Italian comune,https://en.wikipedia.org/wiki/Cogorno,wdq_box,2026-09-03
Riedisheim,Q148775,47.74833,7.36694,43,missing,Mulhouse,6.3,2.9,46.3,"commune in Haut-Rhin, France",https://en.wikipedia.org/wiki/Riedisheim,wdq_box,2026-09-03
Illzach,Q274610,47.78222,7.34806,45,missing,Mulhouse,6.3,3.7,46.3,"commune in Haut-Rhin, France",https://en.wikipedia.org/wiki/Illzach,wdq_box,2026-09-03
Duisans,Q1030914,50.30778,2.68444,46,missing,Achicourt,7.4,6.4,46.3,"commune in Pas-de-Calais, France",https://en.wikipedia.org/wiki/Duisans,wdq_box,2026-09-03
Filetto,Q51222,42.22931,14.24501,48,missing,Guardiagrele,6.2,4.5,46.3,Italian comune,https://en.wikipedia.org/wiki/Filetto,wdq_box,2026-09-03
Griesheim-près-Molsheim,Q22494,48.50333,7.53167,46,missing,Obernai,7.1,5.8,46.3,"commune in Bas-Rhin, France",https://en.wikipedia.org/wiki/Griesheim-pr%C3%A8s-Molsheim,wdq_box,2026-09-03
Rhenen,Q10040,51.9597,5.5689,42,missing,Achterberg,6.1,1.9,46.3,"municipality in the province of Utrecht, the Netherlands",https://en.wikipedia.org/wiki/Rhenen,wdq_box,2026-09-03
Übach-Palenberg,Q204966,50.91972,6.11944,40,missing,Rimburg,6.6,2.5,46.3,town in Germany,https://en.wikipedia.org/wiki/%C3%9Cbach-Palenberg,wdq_box,2026-09-03
Mozzo,Q30028097,45.69868,9.60865,39,missing,Bergamo (Città Alta),7.8,4.8,46.3,"osm place=village, pop 7427",,osm_pop,2026-09-03
Sleeuwijk,Q2346836,51.81414,4.95199,38,missing,Gorinchem,7.1,2.9,46.3,"osm place=village, pop 5859",,osm_pop,2026-09-03
Bavel,Q1990493,51.56568,4.8297,39,missing,Breda,7.6,4.4,46.3,"osm place=village, pop 8248",,osm_pop,2026-09-03
Canelas,Q913298,41.08054,-8.60066,41,missing,Porto,9.1,7.6,46.3,"osm place=town, pop 13459",,osm_pop,2026-09-03
Benetússer,Q23012,39.42289,-0.39748,42,missing,Valencia,7.8,5.9,46.3,"osm place=town, pop 16759",,osm_pop,2026-09-03
Gabia Grande,Q5873059,37.13652,-3.66943,42,missing,Granada,9,7.7,46.3,"osm place=town, pop 15610",,osm_pop,2026-09-03
Volnay,Q16157,47.00139,4.78139,42,missing,Beaune,7.4,5.1,46.2,"commune in Côte-d'Or, France","https://en.wikipedia.org/wiki/Volnay,_C%C3%B4te-d%27Or",wdq_box,2026-09-03
Campogalliano,Q100039,44.69038,10.8389,51,missing,Modena,7.8,8.4,46.2,Italian comune,https://en.wikipedia.org/wiki/Campogalliano,wdq_box,2026-09-03
Quarna Sotto,Q23689,45.86944,8.36333,54,missing,Orta San Giulio,7.7,8.9,46.2,Italian comune,https://en.wikipedia.org/wiki/Quarna_Sotto,wdq_box,2026-09-03
Jenne,Q242720,41.88333,13.16667,52,missing,Subiaco,7.4,8.0,46.2,Italian comune,"https://en.wikipedia.org/wiki/Jenne,_Lazio",wdq_box,2026-09-03
Monte Porzio Catone,Q242965,41.81667,12.71667,55,missing,Castel Gandolfo,7.9,9.4,46.2,Italian comune,https://en.wikipedia.org/wiki/Monte_Porzio_Catone,wdq_box,2026-09-03
Le Plessier-Huleu,Q871648,49.23861,3.34472,44,missing,Oulchy-le-Château,6.6,4.1,46.2,"commune in Aisne, France",https://en.wikipedia.org/wiki/Le_Plessier-Huleu,wdq_box,2026-09-03
Eyragues,Q474002,43.84111,4.84111,42,missing,Saint-Rémy-de-Provence,7.8,5.9,46.2,"commune in Bouches-du-Rhône, France",https://en.wikipedia.org/wiki/Eyragues,wdq_box,2026-09-03
Castelnau-de-Guers,Q1072113,43.43472,3.43861,42,missing,Pézenas,6.5,3.1,46.2,"commune in Hérault, France",https://en.wikipedia.org/wiki/Castelnau-de-Guers,wdq_box,2026-09-03
Costarainera,Q268753,43.85457,7.94076,48,missing,Taggia,7.5,7.2,46.2,Italian comune,https://en.wikipedia.org/wiki/Costarainera,wdq_box,2026-09-03
Pennapiedimonte,Q51262,42.15209,14.19477,50,missing,Guardiagrele,6.2,5.1,46.2,Italian comune,https://en.wikipedia.org/wiki/Pennapiedimonte,wdq_box,2026-09-03
Bruyères-et-Montbérault,Q864652,49.52444,3.66361,49,missing,Laon,6.3,5.0,46.2,"commune in Aisne, France",https://en.wikipedia.org/wiki/Bruy%C3%A8res-et-Montb%C3%A9rault,wdq_box,2026-09-03
Remaucourt,Q1020255,49.89639,3.34139,44,missing,Saint-Quentin,7.8,6.5,46.2,"commune in Aisne, France","https://en.wikipedia.org/wiki/Remaucourt,_Aisne",wdq_box,2026-09-03
Sainte-Anne-d'Auray,Q127862,47.70361,-2.95389,45,missing,Auray,6.7,4.7,46.2,"commune in Morbihan, France",https://en.wikipedia.org/wiki/Sainte-Anne-d%27Auray,wdq_box,2026-09-03
Ciry-Salsogne,Q875438,49.36194,3.46194,47,missing,Braine,6.8,5.6,46.2,"commune in Aisne, France",https://en.wikipedia.org/wiki/Ciry-Salsogne,wdq_box,2026-09-03
Bonviller,Q990941,48.63361,6.49722,41,missing,Lunéville,7.3,4.6,46.2,"commune in Meurthe-et-Moselle, France",https://en.wikipedia.org/wiki/Bonviller,wdq_box,2026-09-03
Ekeren,Q1797837,51.2782,4.42099,45,missing,Antwerp,7.7,6.7,46.2,"osm place=town, pop 29487",,osm_pop,2026-09-03
Goldbach,Q126522364,49.99887,9.18276,40,missing,Aschaffenburg,6.9,3.3,46.2,"osm place=town, pop 9823",,osm_pop,2026-09-03
Binningen,Q69621,47.53656,7.57008,42,missing,Basel,6.3,2.5,46.2,"osm place=town, pop 14905",,osm_pop,2026-09-03
Vecchiano,Q103287,43.78333,10.38333,52,missing,Pisa,7.1,7.5,46.1,Italian comune,https://en.wikipedia.org/wiki/Vecchiano,wdq_box,2026-09-03
Bitonto,Q19278,41.10833,16.69167,71,missing,Bari,6.5,15.0,46.1,Italian comune,https://en.wikipedia.org/wiki/Bitonto,wdq_box,2026-09-03
Trescasas,Q1938334,40.95848,-4.03785,44,missing,Segovia,8,6.9,46.1,"municipality in Segovia province, Spain",https://en.wikipedia.org/wiki/Trescasas,wdq_box,2026-09-03
Marquette-lez-Lille,Q1103429,50.67583,3.06611,45,missing,Lille,7,5.4,46.1,"commune in Nord, France",https://en.wikipedia.org/wiki/Marquette-lez-Lille,wdq_box,2026-09-03
Almegíjar,Q550958,36.90301,-3.30013,47,missing,Alpujarras (Pampaneira),6.8,5.6,46.1,municipality of Spain,https://en.wikipedia.org/wiki/Almeg%C3%ADjar,wdq_box,2026-09-03
L'Alfàs del Pi,Q619126,38.57944,-0.10194,44,missing,Benidorm,7.1,5.2,46.1,municipality of Spain,https://en.wikipedia.org/wiki/L%27Alf%C3%A0s_del_Pi,wdq_box,2026-09-03
Borgosatollo,Q103572,45.47611,10.24,51,missing,Brescia,6.9,6.9,46.1,Italian comune,https://en.wikipedia.org/wiki/Borgosatollo,wdq_box,2026-09-03
Billy-sur-Ourcq,Q849556,49.21778,3.30167,47,missing,Oulchy-le-Château,6.6,5.1,46.1,"commune in Aisne, France",https://en.wikipedia.org/wiki/Billy-sur-Ourcq,wdq_box,2026-09-03
Piekary Śląskie,Q158488,50.38333,18.95,54,missing,Tarnowskie Góry,8,9.3,46.1,City with powiat rights of Poland,https://en.wikipedia.org/wiki/Piekary_%C5%9Al%C4%85skie,wdq_box,2026-09-03
Verrès,Q35550,45.66656,7.68911,52,member_of,Bard,7.2,7.7,46.1,Italian municipality in the Aosta Valley,https://en.wikipedia.org/wiki/Verr%C3%A8s,wdq_box,2026-09-03
Campoli del Monte Taburno,Q55885,41.13333,14.65,49,missing,Montesarchio,7.8,7.9,46.1,Italian comune,https://en.wikipedia.org/wiki/Campoli_del_Monte_Taburno,wdq_box,2026-09-03
Los Barrios,Q925913,36.18343,-5.49281,44,missing,Algeciras,7.9,6.7,46.1,"municipality of the province of Cádiz, Spain",https://en.wikipedia.org/wiki/Los_Barrios,wdq_box,2026-09-03
Vysoké Tatry,Q612516,49.14194,20.22306,44,missing,Tatranská Lomnica,7,5.0,46.1,town in Slovakia,https://en.wikipedia.org/wiki/Vysok%C3%A9_Tatry,wdq_box,2026-09-03
Lukavica,Q3181078,43.8219,18.36824,39,missing,Sarajevo,7,3.1,46.1,"osm place=town, pop 7597",,osm_pop,2026-09-03
Antony,Q205592,48.75361,2.2958,48,missing,Paris (CDG),9.6,12.3,46.1,"osm place=town, pop 63232",,osm_pop,2026-09-03
Noisy-le-Grand,Q207605,48.84922,2.55249,48,missing,Paris (CDG),9.6,14.7,46.1,"osm place=town, pop 70374",,osm_pop,2026-09-03
Treviolo,Q30031314,45.67154,9.61174,40,missing,Bergamo (Città Alta),7.8,5.2,46.1,"osm place=town, pop 10945",,osm_pop,2026-09-03
Segrate,Q42902,45.49074,9.29482,56,missing,Milan (Malpensa),7.2,8.6,46.1,"osm place=town, pop 33199",,osm_grid,2026-09-03
Panza,Q3893498,40.70861,13.87307,38,missing,Ischia,7.2,3.2,46.1,"osm place=village, pop 7000",,osm_pop,2026-09-03
Mārupe,Q987175,56.90488,24.04382,42,missing,Riga,8,6.3,46.1,"osm place=town, pop 17058",,osm_pop,2026-09-03
Guifões,Q1553765,41.20003,-8.66549,40,missing,Porto,9.1,7.3,46.1,"osm place=town, pop 9495",,osm_pop,2026-09-03
Les Houches,Q735362,45.89,6.79861,42,missing,Chamonix,8.2,6.6,46.0,"commune in Haute-Savoie, France",https://en.wikipedia.org/wiki/Les_Houches,wdq_box,2026-09-03
Heiloo,Q9932,52.6011,4.7019,48,missing,Egmond aan Zee,6.6,5.5,46.0,town and municipality in the Netherlands,https://en.wikipedia.org/wiki/Heiloo,wdq_box,2026-09-03
La Roquette-sur-Siagne,Q662120,43.58,6.95556,45,missing,Cannes,7.1,5.6,46.0,"commune in Alpes-Maritimes, France",https://en.wikipedia.org/wiki/La_Roquette-sur-Siagne,wdq_box,2026-09-03
Erdeven,Q69996,47.64222,-3.15667,41,missing,Plouharnel,7.9,5.8,46.0,"commune in Morbihan, France",https://en.wikipedia.org/wiki/Erdeven,wdq_box,2026-09-03
Vellmar,Q569651,51.35878,9.4677,42,missing,Kassel,7.4,5.2,46.0,"town in Landkreis Kassel in Hesse, Germany",https://en.wikipedia.org/wiki/Vellmar,wdq_box,2026-09-03
Almassora,Q1373919,39.94357,-0.06348,44,missing,Castelló de la Plana,6.9,4.8,46.0,municipality of Spain,https://en.wikipedia.org/wiki/Almassora,wdq_box,2026-09-03
Carmignano,Q20385,43.81027,11.01494,59,missing,Prato,7.8,10.2,46.0,Italian comune,https://en.wikipedia.org/wiki/Carmignano,wdq_box,2026-09-03
Roccalumera,Q372290,37.97056,15.39,48,missing,Savoca,6.3,4.8,46.0,Italian comune,https://en.wikipedia.org/wiki/Roccalumera,wdq_box,2026-09-03
San Vincenzo,Q157876,43.1007,10.53879,60,missing,Campiglia Marittima,6.2,7.6,46.0,Italian comune,"https://en.wikipedia.org/wiki/San_Vincenzo,_Tuscany",wdq_box,2026-09-03
Lalevade-d'Ardèche,Q250625,44.64778,4.32306,42,missing,Jaujac,7.5,5.4,46.0,"commune in Ardèche, France",https://en.wikipedia.org/wiki/Lalevade-d%27Ard%C3%A8che,wdq_box,2026-09-03
Settimo Vittone,Q10306,45.55,7.83333,61,missing,Bard,7.2,9.5,46.0,Italian comune,https://en.wikipedia.org/wiki/Settimo_Vittone,wdq_box,2026-09-03
Pannarano,Q55943,41.01083,14.70278,48,missing,Montesarchio,7.8,7.7,46.0,Italian comune,https://en.wikipedia.org/wiki/Pannarano,wdq_box,2026-09-03
Castelnuovo di Garfagnana,Q216903,44.12194,10.40556,56,missing,Barga,6.8,7.9,46.0,Italian comune,https://en.wikipedia.org/wiki/Castelnuovo_di_Garfagnana,wdq_box,2026-09-03
Le Port-Marly,Q1462695,48.88099,2.10914,37,missing,Louveciennes,7,2.2,46.0,"osm place=village, pop 5608",,osm_pop,2026-09-03
Riva del Garda,Q30029393,45.88477,10.83969,42,missing,Tenno,6.8,3.9,46.0,"osm place=town, pop 16926",,osm_pop,2026-09-03
Nieuw-Vennep,Q545457,52.26462,4.63403,45,missing,Keukenhof (Lisse),7.3,6.0,46.0,"osm place=town, pop 31514",,osm_pop,2026-09-03
Bilthoven,Q1075656,52.12897,5.20461,44,missing,Soesterberg,7.3,5.7,46.0,"osm place=town, pop 22440",,osm_pop,2026-09-03
Candás,Q5008805,43.59006,-5.76418,38,member_of,Luanco,7.4,3.7,46.0,"osm place=town, pop 6578",,osm_pop,2026-09-03
Blanes,Q12991,41.67421,2.79182,46,missing,Lloret de Mar,6.8,5.3,46.0,"osm place=town, pop 42135",,osm_pop,2026-09-03
Bouilhonnac,Q1086327,43.23139,2.43972,44,missing,Carcassonne,8.3,7.4,45.9,"commune in Aude, France",https://en.wikipedia.org/wiki/Bouilhonnac,wdq_box,2026-09-03
Montecalvo in Foglia,Q207372,43.8116,12.63164,49,missing,Montegridolfo,7.2,7.0,45.9,Italian comune,https://en.wikipedia.org/wiki/Montecalvo_in_Foglia,wdq_box,2026-09-03
Barjouville,Q920559,48.40861,1.47722,40,missing,Chartres,7.8,5.3,45.9,"commune in Eure-et-Loir, France",https://en.wikipedia.org/wiki/Barjouville,wdq_box,2026-09-03
Hauterive,Q640218,46.08833,3.44639,46,missing,Vichy,6.5,4.6,45.9,"commune in Allier, France","https://en.wikipedia.org/wiki/Hauterive,_Allier",wdq_box,2026-09-03
Scherwiller,Q21434,48.2875,7.41778,46,missing,Sélestat,6.1,3.7,45.9,"commune in Bas-Rhin, France",https://en.wikipedia.org/wiki/Scherwiller,wdq_box,2026-09-03
Fleury-devant-Douaumont,Q59254,49.195,5.43444,41,missing,Bras-sur-Meuse,7.2,4.4,45.9,"commune in Meuse, France",https://en.wikipedia.org/wiki/Fleury-devant-Douaumont,wdq_box,2026-09-03
Morciano di Romagna,Q111862,43.91667,12.65,50,missing,Montegridolfo,7.2,7.2,45.9,Italian comune,https://en.wikipedia.org/wiki/Morciano_di_Romagna,wdq_box,2026-09-03
Badalucco,Q268157,43.9157,7.847,50,missing,Taggia,7.5,7.7,45.9,Italian comune,https://en.wikipedia.org/wiki/Badalucco,wdq_box,2026-09-03
Roghudi,Q54643,38.04889,15.91583,51,missing,Bova,6.5,6.1,45.9,Italian comune,https://en.wikipedia.org/wiki/Roghudi,wdq_box,2026-09-03
Blairville,Q998521,50.21972,2.71417,47,missing,Achicourt,7.4,6.8,45.9,"commune in Pas-de-Calais, France","https://en.wikipedia.org/wiki/Blairville,_Pas-de-Calais",wdq_box,2026-09-03
Eswars,Q636948,50.21972,3.26806,42,missing,Cambrai,7.5,5.4,45.9,"commune in Nord, France",https://en.wikipedia.org/wiki/Eswars,wdq_box,2026-09-03
Aure,Q1026866,49.27417,4.63556,51,missing,Sommepy-Tahure,6.5,6.2,45.9,"commune in Ardennes, France","https://en.wikipedia.org/wiki/Aure,_Ardennes",wdq_box,2026-09-03
Lapoutroie,Q122984,48.1525,7.16944,43,missing,Le Bonhomme,6.9,4.5,45.9,"commune in Haut-Rhin, France",https://en.wikipedia.org/wiki/Lapoutroie,wdq_box,2026-09-03
Contescourt,Q849333,49.7925,3.23083,47,missing,Saint-Quentin,7.8,7.5,45.9,"commune in Aisne, France",https://en.wikipedia.org/wiki/Contescourt,wdq_box,2026-09-03
Barbona,Q34357,45.10298,11.70453,49,missing,Rovigo,7.6,7.7,45.9,Italian comune,https://en.wikipedia.org/wiki/Barbona,wdq_box,2026-09-03
Hallstadt,Q302632,49.9288,10.87546,39,missing,Bamberg,7.3,3.9,45.9,"osm place=town, pop 8494",,osm_pop,2026-09-03
Sandhausen,Q22960,49.34241,8.65951,42,missing,Heidelberg,8,6.3,45.9,"osm place=town, pop 14292",,osm_pop,2026-09-03
Kempston,Q165486,52.1192,-0.49302,43,missing,Bedford,6.1,2.5,45.9,"osm place=town, pop 20000",,osm_pop,2026-09-03
Σπάτα,Q2717832,37.9614,23.91591,39,missing,Christoúpoli,6.5,1.9,45.9,"osm place=town, pop 7738",,osm_pop,2026-09-03
Selvazzano Dentro,Q30030568,45.38979,11.78589,44,missing,Padua,8.1,7.1,45.9,"osm place=town, pop 22886",,osm_pop,2026-09-03
Stein,Q14389950,50.96944,5.76697,40,missing,Eisden,7.2,4.1,45.9,"osm place=town, pop 10765",,osm_pop,2026-09-03
Houssen,Q83411,48.12556,7.37806,40,missing,Colmar,7.8,5.3,45.8,"commune in Haut-Rhin, France",https://en.wikipedia.org/wiki/Houssen,wdq_box,2026-09-03
Fontaine-de-Vaucluse,Q463304,43.92222,5.12694,40,member_of,Luberon (Gordes),8.2,6.0,45.8,"commune in Vaucluse, France",https://en.wikipedia.org/wiki/Fontaine-de-Vaucluse,wdq_box,2026-09-03
Ranco,Q39846,45.8,8.56667,54,missing,Lago Maggiore (Stresa),8.1,9.5,45.8,Italian comune,"https://en.wikipedia.org/wiki/Ranco,_Lombardy",wdq_box,2026-09-03
Fiumefreddo di Sicilia,Q478314,37.79146,15.20919,51,missing,Taormina,8.9,9.9,45.8,Italian comune,https://en.wikipedia.org/wiki/Fiumefreddo_di_Sicilia,wdq_box,2026-09-03
Maillane,Q498858,43.83278,4.78194,43,missing,Saint-Rémy-de-Provence,7.8,6.3,45.8,"commune in Bouches-du-Rhône, France",https://en.wikipedia.org/wiki/Maillane,wdq_box,2026-09-03
Fontanges,Q805307,45.11361,2.50389,40,missing,Salers,6.7,2.9,45.8,"commune in Cantal, France",https://en.wikipedia.org/wiki/Fontanges,wdq_box,2026-09-03
Quarna Sopra,Q23686,45.87389,8.37306,54,missing,Orta San Giulio,7.7,9.0,45.8,Italian comune,https://en.wikipedia.org/wiki/Quarna_Sopra,wdq_box,2026-09-03
San Roberto,Q54655,38.2057,15.78101,49,missing,Scilla,7.4,7.4,45.8,Italian comune,https://en.wikipedia.org/wiki/San_Roberto,wdq_box,2026-09-03
Valle Salimbene,Q40711,45.16667,9.23333,49,missing,Pavia,6.9,6.5,45.8,Italian comune,https://en.wikipedia.org/wiki/Valle_Salimbene,wdq_box,2026-09-03
Lods,Q946953,47.045,6.24806,41,missing,Vuillafans,6.7,3.3,45.8,"commune in Doubs, France",https://en.wikipedia.org/wiki/Lods,wdq_box,2026-09-03
Visso,Q94986,42.93088,13.08845,51,missing,Castelsantangelo sul Nera,6.8,6.8,45.8,Italian comune,https://en.wikipedia.org/wiki/Visso,wdq_box,2026-09-03
La Serna del Monte,Q584772,41.03139,-3.62472,43,missing,Buitrago del Lozoya,6.9,4.6,45.8,municipality of Spain,https://en.wikipedia.org/wiki/La_Serna_del_Monte,wdq_box,2026-09-03
Hengelo,Q10006,52.26556,6.79306,66,missing,Pathmos,5.8,8.0,45.8,"city and municipality in Overijssel, the Netherlands",https://en.wikipedia.org/wiki/Hengelo,wdq_box,2026-09-03
La Massana,Q24276,42.5442,1.51638,41,member_of,Arinsal,7,4.0,45.8,"osm place=town, pop 11591",,osm_pop,2026-09-03
Croydon,Q2213391,51.3713,-0.10196,52,missing,Bromley,8,9.0,45.8,"osm place=town, pop 173314",,osm_pop,2026-09-03
Boxmeer,Q12012490,51.64865,5.9451,41,missing,Heijen,6.9,3.8,45.8,"osm place=town, pop 12201",,osm_pop,2026-09-03
Óbuda,Q292927,47.55,19.03333,41,missing,Budapest,8.3,6.6,45.7,"quarter of Budapest District III, Hungary",https://en.wikipedia.org/wiki/%C3%93buda,wdq_box,2026-09-03
Cremia,Q47132,46.0871,9.2715,49,missing,Lake Como,9.1,9.8,45.7,Italian comune,https://en.wikipedia.org/wiki/Cremia,wdq_box,2026-09-03
Mundolsheim,Q22870,48.64361,7.71417,47,missing,Strasbourg,8.3,8.3,45.7,"commune in Bas-Rhin, France",https://en.wikipedia.org/wiki/Mundolsheim,wdq_box,2026-09-03
Cambiasca,Q23281,45.96389,8.54056,51,missing,Lago Maggiore (Stresa),8.1,8.9,45.7,Italian comune,https://en.wikipedia.org/wiki/Cambiasca,wdq_box,2026-09-03
Saint-Chaffrey,Q1085935,44.92611,6.60667,42,missing,Briançon,6.8,4.0,45.7,"commune in Hautes-Alpes, France",https://en.wikipedia.org/wiki/Saint-Chaffrey,wdq_box,2026-09-03
Niederdorf,Q504724,46.7379,12.16919,51,member_of,Lago di Braies,7.5,8.0,45.7,"municipality in South Tyrol, Italy","https://en.wikipedia.org/wiki/Niederdorf,_South_Tyrol",wdq_box,2026-09-03
Maser,Q47420,45.81667,11.98333,47,missing,Asolo,6.7,5.5,45.7,Italian comune,"https://en.wikipedia.org/wiki/Maser,_Veneto",wdq_box,2026-09-03
Siderno,Q54672,38.26667,16.3,54,missing,Gerace,6.5,7.0,45.7,Italian comune,https://en.wikipedia.org/wiki/Siderno,wdq_box,2026-09-03
Sordevolo,Q18167,45.5744,7.9745,51,missing,Biella,6.7,6.6,45.7,Italian comune,https://en.wikipedia.org/wiki/Sordevolo,wdq_box,2026-09-03
Maschito,Q52606,40.91667,15.83333,49,missing,Venosa,6.4,5.4,45.7,Italian comune,https://en.wikipedia.org/wiki/Maschito,wdq_box,2026-09-03
La Croix-Helléan,Q70291,47.95694,-2.50083,42,missing,Josselin,6.6,3.5,45.7,"commune in Morbihan, France",https://en.wikipedia.org/wiki/La_Croix-Hell%C3%A9an,wdq_box,2026-09-03
Megliadino San Vitale,Q34300,45.18333,11.53333,48,missing,Montagnana,7.7,7.6,45.7,Italian comune,https://en.wikipedia.org/wiki/Megliadino_San_Vitale,wdq_box,2026-09-03
Casteil,Q199756,42.53083,2.39333,40,missing,Vernet-les-Bains,6.4,2.1,45.7,"commune in Pyrénées-Orientales, France",https://en.wikipedia.org/wiki/Casteil,wdq_box,2026-09-03
Orsogna,Q51255,42.21667,14.28333,52,missing,Guardiagrele,6.2,5.8,45.7,Italian comune,https://en.wikipedia.org/wiki/Orsogna,wdq_box,2026-09-03
Roseto degli Abruzzi,Q2081,42.68333,14.01667,62,missing,Giulianova,6.6,8.8,45.7,Italian comune,https://en.wikipedia.org/wiki/Roseto_degli_Abruzzi,wdq_box,2026-09-03
Hounslow,Q2022317,51.46861,-0.36135,48,missing,Kingston upon Thames,7.7,7.6,45.7,"osm place=town, pop 66292",,osm_pop,2026-09-03
Dingsheim,Q21228,48.63056,7.66972,49,missing,Strasbourg,8.3,8.8,45.6,"commune in Bas-Rhin, France",https://en.wikipedia.org/wiki/Dingsheim,wdq_box,2026-09-03
Reichstett,Q21346,48.64583,7.75222,46,missing,Strasbourg,8.3,8.1,45.6,"commune in Bas-Rhin, France",https://en.wikipedia.org/wiki/Reichstett,wdq_box,2026-09-03
Alcalá del Valle,Q1379651,36.90507,-5.17261,50,missing,Setenil de las Bodegas,6,4.8,45.6,"municipality in the Province of Cádiz, Spain",https://en.wikipedia.org/wiki/Alcal%C3%A1_del_Valle,wdq_box,2026-09-03
Fontvieille,Q499246,43.72694,4.70889,44,missing,Les Baux-de-Provence,8.1,7.2,45.6,"commune in Bouches-du-Rhône, France","https://en.wikipedia.org/wiki/Fontvieille,_Bouches-du-Rh%C3%B4ne",wdq_box,2026-09-03
Lavena Ponte Tresa,Q41077,45.96667,8.85,54,missing,Morcote,6.8,7.6,45.6,Italian comune,https://en.wikipedia.org/wiki/Lavena_Ponte_Tresa,wdq_box,2026-09-03
La Vancelle,Q22416,48.28611,7.30389,43,missing,Château du Haut-Koenigsbourg,7.1,5.1,45.6,"commune in Bas-Rhin, France",https://en.wikipedia.org/wiki/La_Vancelle,wdq_box,2026-09-03
Saint-Avé,Q128043,47.68667,-2.73444,43,missing,Vannes,6.6,3.9,45.6,"commune in Morbihan, Brittany",https://en.wikipedia.org/wiki/Saint-Av%C3%A9,wdq_box,2026-09-03
Prata d'Ansidonia,Q50128,42.27889,13.60917,49,member_of,Santo Stefano di Sessanio,7.6,7.7,45.6,Italian comune,https://en.wikipedia.org/wiki/Prata_d%27Ansidonia,wdq_box,2026-09-03
Loano,Q270782,44.129,8.25982,56,missing,Finale Ligure (Finalborgo),6.7,7.9,45.6,Italian comune,https://en.wikipedia.org/wiki/Loano,wdq_box,2026-09-03
Ponzano Veneto,Q46485,45.72385,12.19422,50,missing,Treviso,7.2,7.3,45.6,Italian comune,https://en.wikipedia.org/wiki/Ponzano_Veneto,wdq_box,2026-09-03
Warlus,Q1022267,50.27472,2.66889,45,missing,Achicourt,7.4,6.3,45.6,"commune in Pas-de-Calais, France","https://en.wikipedia.org/wiki/Warlus,_Pas-de-Calais",wdq_box,2026-09-03
Buncey,Q296289,47.82306,4.56222,42,missing,Châtillon-sur-Seine,6.8,4.0,45.6,"commune in Côte-d'Or, France",https://en.wikipedia.org/wiki/Buncey,wdq_box,2026-09-03
Thueyts,Q287477,44.67639,4.22139,41,missing,Jaujac,7.5,5.2,45.6,"commune in Ardèche, France",https://en.wikipedia.org/wiki/Thueyts,wdq_box,2026-09-03
Talairan,Q672773,43.05139,2.66333,43,missing,Lagrasse,7.4,5.7,45.6,"commune in Aude, France",https://en.wikipedia.org/wiki/Talairan,wdq_box,2026-09-03
Clacy-et-Thierret,Q847885,49.54444,3.57028,47,missing,Laon,6.3,4.6,45.6,"commune in Aisne, France",https://en.wikipedia.org/wiki/Clacy-et-Thierret,wdq_box,2026-09-03
Essigny-le-Grand,Q847495,49.77667,3.27722,49,missing,Saint-Quentin,7.8,8.1,45.6,"commune in Aisne, France",https://en.wikipedia.org/wiki/Essigny-le-Grand,wdq_box,2026-09-03
Montiano,Q99948,44.08333,12.3,50,missing,Cesena,7.4,7.7,45.6,Italian comune,https://en.wikipedia.org/wiki/Montiano,wdq_box,2026-09-03
Los Santos de Maimona,Q1372555,38.44889,-6.38389,45,missing,Zafra,6.3,3.9,45.6,municipality of Spain,https://en.wikipedia.org/wiki/Los_Santos_de_Maimona,wdq_box,2026-09-03
La Garenne-Colombes,Q236658,48.90693,2.24657,45,missing,Paris (CDG),9.6,9.4,45.6,"osm place=town, pop 29932",,osm_pop,2026-09-03
Riehen,Q5262,47.58169,7.64797,49,missing,Basel,6.3,5.2,45.6,"osm place=town, pop 20970",,osm_grid,2026-09-03
Burslem,Q1857589,53.0451,-2.19614,41,missing,"Basford, Stoke-on-Trent",6.7,3.4,45.6,"osm place=town, pop 11314",,osm_pop,2026-09-03
Farnworth,Q1397011,53.5486,-2.397,44,missing,Bolton,6.7,4.5,45.6,"osm place=town, pop 26939",,osm_pop,2026-09-03
Torre del Greco,Q72719,40.78792,14.36828,49,member_of,Pompeii,9.3,10.8,45.6,"osm place=town, pop 86275",,osm_pop,2026-09-03
Iż-Żejtun,Q44392,35.8537,14.53153,41,missing,Marsaxlokk,6.1,1.8,45.6,"osm place=town, pop 11508",,osm_pop,2026-09-03
Oost-Souburg,Q1427398,51.46456,3.60421,40,missing,Vlissingen,6.8,3.2,45.6,"osm place=village, pop 10240",,osm_pop,2026-09-03
Nogueira,Q1995493,41.5257,-8.4133,38,missing,Braga,7.1,3.1,45.6,"osm place=village, pop 5924",,osm_pop,2026-09-03
Villamediana de Iregua,Q1606588,42.42599,-2.41879,40,missing,Logroño,7.7,5.2,45.6,"osm place=town, pop 8975",,osm_pop,2026-09-03
Viladecans,Q15652,41.31631,2.0156,48,missing,Barcelona,9.5,15.8,45.6,"osm place=town, pop 67471",,osm_pop,2026-09-03
Aytré,Q72240,46.13417,-1.11444,43,missing,La Rochelle,6.7,4.2,45.5,"commune in Charente-Maritime, France",https://en.wikipedia.org/wiki/Aytr%C3%A9,wdq_box,2026-09-03
Bunnik,Q10032,52.0672,5.1969,41,missing,Utrecht,7.8,5.8,45.5,municipality in Dutch province of Utrecht,https://en.wikipedia.org/wiki/Bunnik,wdq_box,2026-09-03
Bischwihr,Q325329,48.09611,7.43694,42,missing,Colmar,7.8,6.1,45.5,"commune in Haut-Rhin, France",https://en.wikipedia.org/wiki/Bischwihr,wdq_box,2026-09-03
La Richardais,Q227529,48.60639,-2.035,41,missing,Saint-Malo,7.3,4.8,45.5,"commune in Ille-et-Vilaine, France",https://en.wikipedia.org/wiki/La_Richardais,wdq_box,2026-09-03
Argés,Q1632009,39.805,-4.05722,40,missing,Toledo,8.7,6.9,45.5,municipality of Spain,https://en.wikipedia.org/wiki/Arg%C3%A9s,wdq_box,2026-09-03
Zambrone,Q54753,38.7,15.98333,48,missing,Tropea,8,8.2,45.5,Italian comune,https://en.wikipedia.org/wiki/Zambrone,wdq_box,2026-09-03
Bergen,Q9901,52.6703,4.7054,50,missing,Alkmaar,6.1,5.1,45.5,"municipality in North Holland, the Netherlands","https://en.wikipedia.org/wiki/Bergen,_North_Holland",wdq_box,2026-09-03
Saint-Michel,Q529943,43.13611,-1.22111,41,missing,Saint-Jean-Pied-de-Port,6.7,3.4,45.5,"commune in Pyrénées-Atlantiques, France","https://en.wikipedia.org/wiki/Saint-Michel,_Pyr%C3%A9n%C3%A9es-Atlantiques",wdq_box,2026-09-03
Bois-Jérôme-Saint-Ouen,Q1010601,49.10528,1.53389,41,missing,Giverny,6.6,3.2,45.5,"commune in Eure, France",https://en.wikipedia.org/wiki/Bois-J%C3%A9r%C3%B4me-Saint-Ouen,wdq_box,2026-09-03
Lezennes,Q658561,50.61444,3.11333,41,missing,Lille,7,4.2,45.5,"commune in Nord, France",https://en.wikipedia.org/wiki/Lezennes,wdq_box,2026-09-03
Altivole,Q29357,45.75,11.95,49,missing,Asolo,6.7,6.1,45.5,Italian comune,https://en.wikipedia.org/wiki/Altivole,wdq_box,2026-09-03
Torre d'Isola,Q39667,45.21667,9.08333,49,missing,Pavia,6.9,6.5,45.5,Italian comune,https://en.wikipedia.org/wiki/Torre_d%27Isola,wdq_box,2026-09-03
Porto San Giorgio,Q59289,43.18485,13.79549,53,missing,Fermo,6.3,6.4,45.5,Italian comune,https://en.wikipedia.org/wiki/Porto_San_Giorgio,wdq_box,2026-09-03
Allas-les-Mines,Q181045,44.83333,1.07222,43,missing,Beynac-et-Cazenac,7.4,5.7,45.5,"commune in Dordogne, France",https://en.wikipedia.org/wiki/Allas-les-Mines,wdq_box,2026-09-03
Belmont,Q21548,48.41,7.23472,46,missing,Natzwiller,6,3.5,45.5,"commune in Bas-Rhin, France","https://en.wikipedia.org/wiki/Belmont,_Bas-Rhin",wdq_box,2026-09-03
Marœuil,Q673090,50.32389,2.70556,46,missing,Achicourt,7.4,6.6,45.5,"commune in Pas-de-Calais, France",https://en.wikipedia.org/wiki/Mar%C5%93uil,wdq_box,2026-09-03
Eus,Q919415,42.64361,2.45722,45,missing,Ria-Sirach,7,5.6,45.5,"commune in Pyrénées-Orientales, France",https://en.wikipedia.org/wiki/Eus,wdq_box,2026-09-03
Besny-et-Loizy,Q258321,49.6,3.58167,49,missing,Laon,6.3,5.3,45.5,"commune in Aisne, France",https://en.wikipedia.org/wiki/Besny-et-Loizy,wdq_box,2026-09-03
Scarlino,Q215123,42.90806,10.85083,53,missing,Follonica,6.8,7.4,45.5,Italian comune,https://en.wikipedia.org/wiki/Scarlino,wdq_box,2026-09-03
Merrey-sur-Arce,Q1146654,48.09583,4.39222,40,missing,Bar-sur-Seine,6.4,2.2,45.5,"commune in Aube, France",https://en.wikipedia.org/wiki/Merrey-sur-Arce,wdq_box,2026-09-03
Altlußheim,Q22876,49.30049,8.49818,37,missing,Speyer,8.4,5.4,45.5,"osm place=village, pop 5338",,osm_pop,2026-09-03
Plankstadt,Q81959,49.39273,8.59303,40,missing,Heidelberg,8,5.8,45.5,"osm place=village, pop 10644",,osm_pop,2026-09-03
Rosdorf,Q630129,51.50519,9.89843,39,missing,Göttingen,7.3,4.0,45.5,"osm place=town, pop 7367",,osm_pop,2026-09-03
Herzogenrath,Q6916,50.86845,6.09505,47,missing,Rimburg,6.6,5.3,45.5,"osm place=town, pop 47054",,osm_pop,2026-09-03
Montorio,Q6906139,45.45817,11.06359,37,missing,Verona,8.7,5.9,45.5,"osm place=village, pop 5330",,osm_pop,2026-09-03
Aldaia,Q23988775,39.46479,-0.46076,45,missing,Valencia,7.8,7.0,45.5,"osm place=town, pop 33820",,osm_pop,2026-09-03
Alfafar,Q1648851,39.42222,-0.38972,41,missing,Valencia,7.8,5.8,45.4,municipality in Spain,https://en.wikipedia.org/wiki/Alfafar,wdq_box,2026-09-03
Alaquàs,Q1649698,39.45833,-0.46278,46,missing,Valencia,7.8,7.3,45.4,municipality of Spain,https://en.wikipedia.org/wiki/Alaqu%C3%A0s,wdq_box,2026-09-03
Rozzano,Q42794,45.38333,9.15,62,missing,Milan (Bergamo),7.2,9.8,45.4,Italian comune,https://en.wikipedia.org/wiki/Rozzano,wdq_box,2026-09-03
Menthon-Saint-Bernard,Q845338,45.86056,6.19472,40,missing,Annecy,8.5,6.6,45.4,"commune in Haute-Savoie, France",https://en.wikipedia.org/wiki/Menthon-Saint-Bernard,wdq_box,2026-09-03
Combertault,Q16173,46.99278,4.89889,43,missing,Beaune,7.4,5.7,45.4,"commune in Côte-d'Or, France",https://en.wikipedia.org/wiki/Combertault,wdq_box,2026-09-03
Aniane,Q379780,43.68528,3.58583,45,missing,Saint-Guilhem-le-Désert,7.3,6.2,45.4,"commune in Hérault, France",https://en.wikipedia.org/wiki/Aniane,wdq_box,2026-09-03
Saint-Remèze,Q381771,44.3925,4.50194,43,member_of,Gorges de l'Ardèche,7.2,5.3,45.4,"commune in Ardèche, France",https://en.wikipedia.org/wiki/Saint-Rem%C3%A8ze,wdq_box,2026-09-03
Castelfidardo,Q123833,43.46417,13.54611,59,missing,Recanati,5.8,6.7,45.4,Italian comune,https://en.wikipedia.org/wiki/Castelfidardo,wdq_box,2026-09-03
Calanna,Q54585,38.18333,15.71667,49,missing,Scilla,7.4,7.5,45.4,Italian comune,https://en.wikipedia.org/wiki/Calanna,wdq_box,2026-09-03
Laganadi,Q54617,38.18752,15.75566,50,missing,Scilla,7.4,7.7,45.4,Italian comune,https://en.wikipedia.org/wiki/Laganadi,wdq_box,2026-09-03
Ruda,Q53348,45.83333,13.4,49,missing,Aquileia,7.5,7.7,45.4,Italian comune,"https://en.wikipedia.org/wiki/Ruda,_Friuli",wdq_box,2026-09-03
Andorno Micca,Q18017,45.6102,8.0538,46,missing,Biella,6.7,5.3,45.4,Italian comune,https://en.wikipedia.org/wiki/Andorno_Micca,wdq_box,2026-09-03
Roclincourt,Q935507,50.32556,2.78694,44,missing,Achicourt,7.4,6.1,45.4,"commune in Pas-de-Calais, France",https://en.wikipedia.org/wiki/Roclincourt,wdq_box,2026-09-03
Mombercelli,Q17824,44.81694,8.295,54,missing,Asti,8.4,11.7,45.4,Italian comune,https://en.wikipedia.org/wiki/Mombercelli,wdq_box,2026-09-03
Courcelles-au-Bois,Q61779,50.10417,2.58389,40,missing,Mailly-Maillet,6.7,3.0,45.4,"commune in Somme, France",https://en.wikipedia.org/wiki/Courcelles-au-Bois,wdq_box,2026-09-03
Valeins,Q864432,46.1125,4.87167,52,missing,Châtillon-sur-Chalaronne,6.5,6.6,45.4,"commune in Ain, France",https://en.wikipedia.org/wiki/Valeins,wdq_box,2026-09-03
Schignano,Q47340,45.92624,9.10309,49,missing,Ossuccio,7.5,7.6,45.4,Italian comune,https://en.wikipedia.org/wiki/Schignano,wdq_box,2026-09-03
Montigny-le-Bretonneux,Q240798,48.76989,2.03812,45,missing,Versailles,8.4,8.0,45.4,"osm place=town, pop 31777",,osm_pop,2026-09-03
Pierre-Bénite,Q1617042,45.70283,4.82413,40,missing,Lyon,7.8,5.5,45.4,"osm place=village, pop 10493",,osm_pop,2026-09-03
Ħal Luqa,Q475585,35.85965,14.48929,36,missing,Malta,8.4,5.0,45.4,"osm place=village, pop 6162",,osm_grid,2026-09-03
Rijnsburg,Q1615333,52.18933,4.43895,42,missing,Noordwijk-Binnen,7.2,5.0,45.4,"osm place=village, pop 15942",,osm_pop,2026-09-03
Oosterbeek,Q2218481,51.98845,5.84205,41,missing,Arnhem,7.3,4.8,45.4,"osm place=town, pop 11388",,osm_pop,2026-09-03
Saint-Herblain,Q273922,47.21139,-1.65111,60,missing,Nantes,6,7.4,45.3,"commune in Loire-Atlantique, France",https://en.wikipedia.org/wiki/Saint-Herblain,wdq_box,2026-09-03
Samoëns,Q741646,46.08389,6.72722,40,missing,Sixt-Fer-à-Cheval,7.5,4.9,45.3,"commune in Haute-Savoie, France",https://en.wikipedia.org/wiki/Samo%C3%ABns,wdq_box,2026-09-03
Daix,Q46374,47.35194,4.99889,44,missing,Dijon,6.5,4.1,45.3,"commune in Côte-d'Or, France",https://en.wikipedia.org/wiki/Daix,wdq_box,2026-09-03
Annay-sur-Serein,Q518971,47.72917,3.95972,42,missing,Noyers,7,4.6,45.3,"commune in Yonne, France",https://en.wikipedia.org/wiki/Annay-sur-Serein,wdq_box,2026-09-03
Entrepierres,Q1018593,44.18694,5.99389,43,missing,Sisteron,6.5,3.8,45.3,"commune in Alpes-de-Haute-Provence, France",https://en.wikipedia.org/wiki/Entrepierres,wdq_box,2026-09-03
Rogno,Q101510,45.8575,10.13306,48,missing,Lovere,7.2,6.9,45.3,Italian comune,https://en.wikipedia.org/wiki/Rogno,wdq_box,2026-09-03
Chirols,Q276740,44.68583,4.28722,43,missing,Jaujac,7.5,6.0,45.3,"commune in Ardèche, France",https://en.wikipedia.org/wiki/Chirols,wdq_box,2026-09-03
Tiglieto,Q266259,44.52496,8.61981,49,missing,Campo Ligure,6.8,6.4,45.3,Italian comune,https://en.wikipedia.org/wiki/Tiglieto,wdq_box,2026-09-03
Sandrans,Q845837,46.06389,4.98083,51,missing,Châtillon-sur-Chalaronne,6.5,6.3,45.3,"commune in Ain, France",https://en.wikipedia.org/wiki/Sandrans,wdq_box,2026-09-03
Valganna,Q40768,45.90062,8.82479,53,missing,Varese,7.7,8.9,45.3,Italian comune,https://en.wikipedia.org/wiki/Valganna,wdq_box,2026-09-03
Lehaucourt,Q844795,49.91972,3.27944,48,missing,Saint-Quentin,7.8,7.9,45.3,"commune in Aisne, France",https://en.wikipedia.org/wiki/Lehaucourt,wdq_box,2026-09-03
Mosciano Sant'Angelo,Q51456,42.75,13.88333,52,missing,Giulianova,6.6,6.8,45.3,Italian comune,https://en.wikipedia.org/wiki/Mosciano_Sant%27Angelo,wdq_box,2026-09-03
Frassineto Po,Q17360,45.13472,8.53528,55,missing,Casale Monferrato,6.1,6.5,45.3,municipality in Italy,https://en.wikipedia.org/wiki/Frassineto_Po,wdq_box,2026-09-03
Annay-la-Côte,Q1081480,47.53472,3.8875,42,missing,Avallon,7.3,5.2,45.3,"commune in Yonne, France",https://en.wikipedia.org/wiki/Annay-la-C%C3%B4te,wdq_box,2026-09-03
Villers-la-Ville,Q678612,50.57273,4.53427,40,missing,Villers Abbey,6.3,2.0,45.3,"osm place=town, pop 9900",,osm_pop,2026-09-03
Saint-Avertin,Q932130,47.3577,0.73992,42,missing,Loire Valley (Tours),7.6,5.8,45.3,"osm place=town, pop 15000",,osm_pop,2026-09-03
Ventimiglia,Q30031609,43.79176,7.60331,44,missing,Bordighera,6.9,5.1,45.3,"osm place=town, pop 24189",,osm_pop,2026-09-03
Sant Just Desvern,Q15641,41.38583,2.07577,43,missing,Barcelona,9.5,8.9,45.3,"osm place=town, pop 21045",,osm_pop,2026-09-03
Sedaví,Q102862,39.42471,-0.38346,40,missing,Valencia,7.8,5.5,45.3,"osm place=town, pop 10816",,osm_pop,2026-09-03
Sestu,Q285089,39.29944,9.09183,60,missing,Cagliari,6.7,8.7,45.2,Italian comune,https://en.wikipedia.org/wiki/Sestu,wdq_box,2026-09-03
Lörrach,Q6855,47.61556,7.66139,63,missing,Basel,6.3,8.6,45.2,city in southwest Germany,https://en.wikipedia.org/wiki/L%C3%B6rrach,wdq_box,2026-09-03
San Vito di Cadore,Q41024,46.45897,12.20574,52,member_of,Dolomites (Cortina),8.7,10.5,45.2,Italian comune,https://en.wikipedia.org/wiki/San_Vito_di_Cadore,wdq_box,2026-09-03
Lequile,Q52148,40.3,18.13333,46,missing,Lecce,7.4,6.7,45.2,Italian comune,https://en.wikipedia.org/wiki/Lequile,wdq_box,2026-09-03
Olevano Romano,Q243128,41.86056,13.03194,54,missing,Subiaco,7.4,8.7,45.2,Italian comune,https://en.wikipedia.org/wiki/Olevano_Romano,wdq_box,2026-09-03
Aulnois-sous-Laon,Q851559,49.61222,3.6075,50,missing,Laon,6.3,5.6,45.2,"commune in Aisne, France",https://en.wikipedia.org/wiki/Aulnois-sous-Laon,wdq_box,2026-09-03
Krautergersheim,Q21275,48.47556,7.56667,47,missing,Obernai,7.1,6.5,45.2,"commune in Bas-Rhin, France",https://en.wikipedia.org/wiki/Krautergersheim,wdq_box,2026-09-03
Neheim,Q26696033,51.45302,7.96077,44,missing,Lüttringen,6.3,3.7,45.2,"osm place=town, pop 22980",,osm_pop,2026-09-03
Thatcham,Q1026304,51.40242,-1.25741,44,missing,Newbury,6.7,4.7,45.2,"osm place=town, pop 25496",,osm_pop,2026-09-03
Ilford,Q2297044,51.55827,0.07117,52,missing,London (Stansted),8.7,14.8,45.2,"osm place=town, pop 168168",,osm_pop,2026-09-03
Cormano,Q42393,45.55,9.16667,59,missing,Milan (Bergamo),7.2,9.4,45.1,Italian comune,https://en.wikipedia.org/wiki/Cormano,wdq_box,2026-09-03
Déville-lès-Rouen,Q1110688,49.46972,1.04972,40,missing,Rouen,7.1,4.1,45.1,"commune in Seine-Maritime, France",https://en.wikipedia.org/wiki/D%C3%A9ville-l%C3%A8s-Rouen,wdq_box,2026-09-03
Sexten,Q256337,46.70274,12.35054,55,member_of,Tre Cime di Lavaredo,8.2,10.3,45.1,"municipality in South Tyrol, Italy",https://en.wikipedia.org/wiki/Sexten,wdq_box,2026-09-03
Kingersheim,Q124126,47.79139,7.33806,46,missing,Mulhouse,6.3,4.4,45.1,"commune in Haut-Rhin, France",https://en.wikipedia.org/wiki/Kingersheim,wdq_box,2026-09-03
Tarzo,Q47371,45.9725,12.23389,47,missing,Vittorio Veneto,6.5,5.2,45.1,Italian comune,https://en.wikipedia.org/wiki/Tarzo,wdq_box,2026-09-03
Saint-Céneri-le-Gérei,Q815920,48.38,-0.05278,41,missing,Moulins-le-Carbonnel,6.2,2.3,45.1,"commune in Orne, France",https://en.wikipedia.org/wiki/Saint-C%C3%A9neri-le-G%C3%A9rei,wdq_box,2026-09-03
Castellazzo Bormida,Q17327,44.84611,8.57833,57,missing,Alessandria,6.3,7.5,45.1,municipality in Italy,https://en.wikipedia.org/wiki/Castellazzo_Bormida,wdq_box,2026-09-03
Radicondoli,Q91382,43.26667,11.05,55,missing,Casole d'Elsa,7,8.3,45.1,Italian comune,https://en.wikipedia.org/wiki/Radicondoli,wdq_box,2026-09-03
Coniolo,Q17347,45.14917,8.37194,55,missing,Casale Monferrato,6.1,6.6,45.1,municipality in Italy,https://en.wikipedia.org/wiki/Coniolo,wdq_box,2026-09-03
Épinay-sur-Seine,Q206961,48.95252,2.3145,47,missing,Paris (CDG),9.6,10.9,45.1,"osm place=town, pop 53489",,osm_pop,2026-09-03
Rosny-sous-Bois,Q275547,48.87166,2.48752,47,missing,Paris (CDG),9.6,10.0,45.1,"osm place=town, pop 45655",,osm_pop,2026-09-03
Bondy,Q237394,48.9031,2.48291,47,missing,Paris (CDG),9.6,10.8,45.1,"osm place=town, pop 52905",,osm_pop,2026-09-03
Kidlington,Q1961674,51.82346,-1.28853,41,missing,Woodstock,7.4,5.1,45.1,"osm place=town, pop 13700",,osm_pop,2026-09-03
Arco,Q30022306,45.91813,10.8861,42,missing,Tenno,6.8,4.2,45.1,"osm place=town, pop 17526",,osm_pop,2026-09-03
Creazzo,Q30025254,45.53205,11.47858,41,missing,Vicenza,7.8,5.9,45.1,"osm place=town, pop 11331",,osm_pop,2026-09-03
Monticello Conte Otto,Q30027971,45.59518,11.58058,40,missing,Vicenza,7.8,5.6,45.1,"osm place=village, pop 9098",,osm_pop,2026-09-03
's-Gravendeel,Q425780,51.78066,4.61989,39,missing,Zuidhoven,7.2,3.9,45.1,"osm place=village, pop 8747",,osm_pop,2026-09-03
Vaals,Q1923104,50.77102,6.01905,39,missing,Aachen,7.5,4.6,45.1,"osm place=town, pop 7080",,osm_pop,2026-09-03
Wittenbach,Q66056,47.46241,9.38203,40,missing,St. Gallen,7.2,4.3,45.1,"osm place=town, pop 10142",,osm_pop,2026-09-03
Telde,Q55845,27.99845,-15.41668,57,member_of,Gran Canaria,6.6,8.0,45.0,municipality of Spain,https://en.wikipedia.org/wiki/Telde,wdq_box,2026-09-03
Krimpen aan den IJssel,Q739449,51.92,4.6,44,missing,Kinderdijk,6.8,5.0,45.0,"town and municipality in South Holland, the Netherlands",https://en.wikipedia.org/wiki/Krimpen_aan_den_IJssel,wdq_box,2026-09-03
Pomerol,Q843917,44.93194,-0.20028,41,missing,Saint-Émilion,7.6,5.6,45.0,"commune in Gironde, France",https://en.wikipedia.org/wiki/Pomerol,wdq_box,2026-09-03
Magny-en-Bessin,Q196909,49.30611,-0.66417,41,missing,Bayeux,6.9,4.1,45.0,"commune in Calvados, France",https://en.wikipedia.org/wiki/Magny-en-Bessin,wdq_box,2026-09-03
Ranchy,Q864025,49.25389,-0.75667,43,missing,Bayeux,6.9,4.8,45.0,"commune in Calvados, France",https://en.wikipedia.org/wiki/Ranchy,wdq_box,2026-09-03
Vigodarzere,Q34425,45.48138,11.87377,47,missing,Padua,8.1,8.2,45.0,Italian comune,https://en.wikipedia.org/wiki/Vigodarzere,wdq_box,2026-09-03
Caussols,Q845975,43.74139,6.9,48,missing,Le Bar-sur-Loup,7.9,8.1,45.0,"commune in Alpes-Maritimes, France",https://en.wikipedia.org/wiki/Caussols,wdq_box,2026-09-03
Riese Pio X,Q46787,45.7299,11.92,55,missing,Asolo,6.7,7.8,45.0,Italian comune,https://en.wikipedia.org/wiki/Riese_Pio_X,wdq_box,2026-09-03
Órgiva,Q293130,36.90028,-3.42389,53,missing,Alpujarras (Pampaneira),6.8,7.5,45.0,"municipality in the province of Granada, Spain",https://en.wikipedia.org/wiki/%C3%93rgiva,wdq_box,2026-09-03
Quarrata,Q102716,43.8475,10.98333,60,missing,Pistoia,7.5,10.4,45.0,Italian comune,https://en.wikipedia.org/wiki/Quarrata,wdq_box,2026-09-03
San Nicola Manfredi,Q55973,41.06667,14.81667,48,missing,Benevento,7.7,7.8,45.0,Italian comune,https://en.wikipedia.org/wiki/San_Nicola_Manfredi,wdq_box,2026-09-03
Rödermark,Q569688,49.9775,8.82806,46,missing,Messel,7.9,7.6,45.0,"town in Landkreis Offenbach in Hesse, Germany",https://en.wikipedia.org/wiki/R%C3%B6dermark,wdq_box,2026-09-03
Forceville,Q145929,50.06167,2.55667,42,missing,Mailly-Maillet,6.7,4.0,45.0,"commune in Somme, France",https://en.wikipedia.org/wiki/Forceville,wdq_box,2026-09-03
Astaillac,Q873177,44.95139,1.83139,42,missing,Prudhomat,7.6,5.9,45.0,"commune in Corrèze, France",https://en.wikipedia.org/wiki/Astaillac,wdq_box,2026-09-03
Landrichamps,Q1086405,50.08972,4.83056,44,missing,Givet,7,5.4,45.0,"commune in Ardennes, France",https://en.wikipedia.org/wiki/Landrichamps,wdq_box,2026-09-03
Arsita,Q51419,42.50226,13.78452,52,missing,Castelli,6.3,6.3,45.0,Italian comune,https://en.wikipedia.org/wiki/Arsita,wdq_box,2026-09-03
Essigny-le-Petit,Q847236,49.89944,3.36639,48,missing,Saint-Quentin,7.8,8.0,45.0,"commune in Aisne, France",https://en.wikipedia.org/wiki/Essigny-le-Petit,wdq_box,2026-09-03
Longobardi,Q53894,39.2,16.08333,45,missing,Fiumefreddo Bruzio,6.3,4.1,45.0,Italian comune,"https://en.wikipedia.org/wiki/Longobardi,_Calabria",wdq_box,2026-09-03
Puebla de Sancho Pérez,Q678613,38.39806,-6.4,43,missing,Zafra,6.3,3.4,45.0,"municipality in the province of Badajoz, Spain",https://en.wikipedia.org/wiki/Puebla_de_Sancho_P%C3%A9rez,wdq_box,2026-09-03
Simpelveld,Q9769,50.835,5.9822,46,missing,Heerlen,6.7,5.4,45.0,"municipality in Limburg, the Netherlands",https://en.wikipedia.org/wiki/Simpelveld,wdq_box,2026-09-03
Choisy-au-Bac,Q741010,49.43861,2.8775,43,missing,Compiègne,6.7,4.4,45.0,"commune in Oise, France",https://en.wikipedia.org/wiki/Choisy-au-Bac,wdq_box,2026-09-03
Γεροσκήπου,Q588760,34.76118,32.4527,39,member_of,Paphos,6.8,3.0,45.0,"osm place=town, pop 8313",,osm_pop,2026-09-03
Lomme,Q590292,50.6457,2.98709,44,missing,Lille,7,5.4,45.0,"osm place=town, pop 26500",,osm_pop,2026-09-03
Kellen,Q1361890,51.79876,6.15622,39,missing,Kleve,6.3,1.7,45.0,"osm place=village, pop 7566",,osm_pop,2026-09-03
Dosson,Q2382234,45.63544,12.25135,38,missing,Treviso,7.2,3.6,45.0,"osm place=village, pop 5783",,osm_pop,2026-09-03
Mascalucia,Q478384,37.57367,15.05176,52,member_of,Catania,7.5,8.5,44.9,"comune in Sicily, Italy",https://en.wikipedia.org/wiki/Mascalucia,wdq_box,2026-09-03
Tremestieri Etneo,Q478933,37.5757,15.0732,51,missing,Catania,7.5,8.3,44.9,"comune in Sicily, Italy",https://en.wikipedia.org/wiki/Tremestieri_Etneo,wdq_box,2026-09-03
Meerssen,Q9772,50.8858,5.7519,46,missing,Maastricht,7.1,6.3,44.9,"municipality in Limburg, the Netherlands",https://en.wikipedia.org/wiki/Meerssen,wdq_box,2026-09-03
Saint-Léger-du-Bourg-Denis,Q1164630,49.43444,1.15056,41,missing,Rouen,7.1,4.6,44.9,"commune in Seine-Maritime, France",https://en.wikipedia.org/wiki/Saint-L%C3%A9ger-du-Bourg-Denis,wdq_box,2026-09-03
Peymeinade,Q643248,43.64222,6.87583,46,missing,Grasse,6.2,4.3,44.9,"commune in Alpes-Maritimes, France",https://en.wikipedia.org/wiki/Peymeinade,wdq_box,2026-09-03
Beaumont-en-Verdunois,Q474363,49.25861,5.40778,44,missing,Bras-sur-Meuse,7.2,5.8,44.9,"commune in Meuse, France",https://en.wikipedia.org/wiki/Beaumont-en-Verdunois,wdq_box,2026-09-03
Barembach,Q21242,48.47611,7.23,49,missing,Natzwiller,6,4.7,44.9,"commune in Bas-Rhin, France",https://en.wikipedia.org/wiki/Barembach,wdq_box,2026-09-03
Meyras,Q250614,44.68167,4.26722,40,missing,Jaujac,7.5,5.0,44.9,"commune in Ardèche, France",https://en.wikipedia.org/wiki/Meyras,wdq_box,2026-09-03
Saint-Trivier-sur-Moignans,Q840949,46.07333,4.89833,52,missing,Châtillon-sur-Chalaronne,6.5,6.7,44.9,"commune in Ain, France",https://en.wikipedia.org/wiki/Saint-Trivier-sur-Moignans,wdq_box,2026-09-03
Coudekerque-Branche,Q243851,51.02472,2.39083,56,missing,Bergues,6.1,6.9,44.9,"French commune in the Nord department, Hauts-de-France",https://en.wikipedia.org/wiki/Coudekerque-Branche,wdq_box,2026-09-03
Avinyonet de Puigventós,Q11227,42.24998,2.91454,44,missing,Figueres,6.6,4.5,44.9,"osm place=village, pop 377",,osm_grid,2026-09-03
Godella,Q1982756,39.51843,-0.41032,40,missing,Valencia,7.8,5.6,44.9,"osm place=town, pop 9204",,osm_pop,2026-09-03
Maisons,Q536986,49.31778,-0.74444,44,missing,Bayeux,6.9,5.2,44.8,"commune in Calvados, France","https://en.wikipedia.org/wiki/Maisons,_Calvados",wdq_box,2026-09-03
Geisenheim,Q558516,49.98313,7.96556,40,missing,Rüdesheim am Rhein,6.4,2.5,44.8,"town in Rheingau-Taunus-Kreis in Hesse, Germany",https://en.wikipedia.org/wiki/Geisenheim,wdq_box,2026-09-03
Woippy,Q22300,49.15111,6.15139,41,missing,Metz,6.8,3.9,44.8,"commune in Moselle, France",https://en.wikipedia.org/wiki/Woippy,wdq_box,2026-09-03
Bray-Dunes,Q391365,51.07111,2.5275,49,missing,De Panne,6.3,5.5,44.8,"commune in Nord, France",https://en.wikipedia.org/wiki/Bray-Dunes,wdq_box,2026-09-03
Fontaine-Notre-Dame,Q771030,50.16694,3.15972,41,missing,Cambrai,7.5,5.4,44.8,"commune in Nord, France","https://en.wikipedia.org/wiki/Fontaine-Notre-Dame,_Nord",wdq_box,2026-09-03
Sains-en-Gohelle,Q877788,50.44472,2.68361,50,missing,Ablain-Saint-Nazaire,6.4,6.0,44.8,"commune in Pas-de-Calais, France",https://en.wikipedia.org/wiki/Sains-en-Gohelle,wdq_box,2026-09-03
Pressana,Q47639,45.28333,11.4,47,missing,Montagnana,7.7,7.6,44.8,Italian comune,https://en.wikipedia.org/wiki/Pressana,wdq_box,2026-09-03
Angecourt,Q990763,49.63417,4.97889,48,missing,Sedan,7.8,8.0,44.8,"commune in Ardennes, France",https://en.wikipedia.org/wiki/Angecourt,wdq_box,2026-09-03
Noyelles-sous-Lens,Q877853,50.43056,2.87278,48,missing,Loos-en-Gohelle,6.9,6.5,44.8,"commune in Pas de Calais, France",https://en.wikipedia.org/wiki/Noyelles-sous-Lens,wdq_box,2026-09-03
Rosenwiller,Q21475,48.50583,7.43944,44,missing,Obernai,7.1,5.7,44.8,"commune in Bas-Rhin, France",https://en.wikipedia.org/wiki/Rosenwiller,wdq_box,2026-09-03
San Pedro del Pinatar,Q743996,37.83631,-0.78856,44,missing,Torre de la Horadada,6.6,4.6,44.8,municipality of Spain,https://en.wikipedia.org/wiki/San_Pedro_del_Pinatar,wdq_box,2026-09-03
Ense,Q6111,51.50201,7.97221,41,missing,Lüttringen,6.3,2.7,44.8,"osm place=village, pop 12694",,osm_pop,2026-09-03
Albolote,Q24013949,37.23062,-3.65708,41,missing,Granada,9,7.9,44.8,"osm place=town, pop 13625",,osm_pop,2026-09-03
Bouze-lès-Beaune,Q16127,47.05167,4.77139,43,missing,Beaune,7.4,6.0,44.7,"commune in Côte-d'Or, France",https://en.wikipedia.org/wiki/Bouze-l%C3%A8s-Beaune,wdq_box,2026-09-03
Cicagna,Q267199,44.40854,9.23633,53,missing,Santa Margherita Ligure,7.3,8.4,44.7,Italian comune,https://en.wikipedia.org/wiki/Cicagna,wdq_box,2026-09-03
Lequio Tanaro,Q20114,44.56667,7.88333,52,missing,Langhe (Barolo & Alba),7.4,8.4,44.7,Italian comune,https://en.wikipedia.org/wiki/Lequio_Tanaro,wdq_box,2026-09-03
Roddi,Q20425,44.68333,7.96667,51,missing,Langhe (Barolo & Alba),7.4,8.2,44.7,Italian comune,https://en.wikipedia.org/wiki/Roddi,wdq_box,2026-09-03
Soulatgé,Q1084005,42.87833,2.50417,41,missing,Château de Peyrepertuse,7,4.4,44.7,"commune in Aude, France",https://en.wikipedia.org/wiki/Soulatg%C3%A9,wdq_box,2026-09-03
Burgstall,Q474165,46.60758,11.19332,48,missing,Merano,7.1,6.9,44.7,"municipality in South Tyrol, Italy","https://en.wikipedia.org/wiki/Burgstall,_South_Tyrol",wdq_box,2026-09-03
Bruyères-sur-Fère,Q864280,49.18944,3.4425,47,missing,Oulchy-le-Château,6.6,5.6,44.7,"commune in Aisne, France",https://en.wikipedia.org/wiki/Bruy%C3%A8res-sur-F%C3%A8re,wdq_box,2026-09-03
Tremblay-en-France,Q242497,48.95611,2.57639,55,missing,Roissy-en-France,6.2,6.9,44.7,"French commune in Seine-Saint-Denis, Île-de-France",https://en.wikipedia.org/wiki/Tremblay-en-France,wdq_box,2026-09-03
Savignano sul Rubicone,Q99957,44.08806,12.39333,52,missing,Bellaria-Igea Marina,7.6,8.7,44.7,Italian comune,https://en.wikipedia.org/wiki/Savignano_sul_Rubicone,wdq_box,2026-09-03
Giano dell'Umbria,Q20451,42.83373,12.57809,52,missing,Montefalco,7.5,8.5,44.7,Italian comune,https://en.wikipedia.org/wiki/Giano_dell%27Umbria,wdq_box,2026-09-03
Chazeaux,Q322174,44.59472,4.30639,43,missing,Jaujac,7.5,6.1,44.7,"commune in Ardèche, France",https://en.wikipedia.org/wiki/Chazeaux,wdq_box,2026-09-03
Acheux-en-Amiénois,Q27987,50.07361,2.53278,45,missing,Mailly-Maillet,6.7,5.2,44.7,"commune in Somme, France",https://en.wikipedia.org/wiki/Acheux-en-Ami%C3%A9nois,wdq_box,2026-09-03
Algarrobo,Q926410,36.77264,-4.03709,47,missing,Torre del Mar,6.8,6.0,44.7,municipality of Spain,"https://en.wikipedia.org/wiki/Algarrobo,_Spain",wdq_box,2026-09-03
Venarey-les-Laumes,Q224460,47.54194,4.44528,44,missing,Alise-Sainte-Reine,6,3.1,44.7,"commune in Côte-d'Or, France",https://en.wikipedia.org/wiki/Venarey-les-Laumes,wdq_box,2026-09-03
Ponte Buggianese,Q30029017,43.84093,10.74755,39,missing,Montecatini-Terme,7.6,4.9,44.7,"osm place=town, pop 8804",,osm_pop,2026-09-03
Ranica,Q30029273,45.72634,9.71466,38,missing,Bergamo (Città Alta),7.8,4.9,44.7,"osm place=village, pop 5966",,osm_pop,2026-09-03
Silea,Q30030711,45.65337,12.29596,40,missing,Treviso,7.2,4.5,44.7,"osm place=town, pop 10167",,osm_pop,2026-09-03
Sassenheim,Q1615386,52.22464,4.51992,42,missing,Noordwijk-Binnen,7.2,5.2,44.7,"osm place=village, pop 15680",,osm_pop,2026-09-03
Lugones / Llugones,Q5195812,43.40277,-5.81048,41,member_of,Oviedo,7.5,5.5,44.7,"osm place=village, pop 13224",,osm_pop,2026-09-03
Wettingen,Q27576,47.46584,8.32661,43,missing,Baden,5.7,1.8,44.7,"osm place=town, pop 21856",,osm_pop,2026-09-03
Zollikon,Q218691,47.33795,8.57557,41,missing,Zurich,6.7,3.7,44.7,"osm place=town, pop 12744",,osm_pop,2026-09-03
Watermael-Boitsfort,Q272262,50.79806,4.41778,46,missing,Brussels,7.5,7.1,44.6,"municipality in the Brussels-Capital Region, Belgium",https://en.wikipedia.org/wiki/Watermael-Boitsfort,wdq_box,2026-09-03
Les Noës-près-Troyes,Q1440532,48.3025,4.04111,40,missing,Troyes,6.5,2.8,44.6,"commune in Aube, France",https://en.wikipedia.org/wiki/Les_No%C3%ABs-pr%C3%A8s-Troyes,wdq_box,2026-09-03
Aÿ,Q658928,49.05528,4.00361,40,missing,Épernay,6.8,3.6,44.6,"former commune in Marne, France",https://en.wikipedia.org/wiki/A%C3%BF,wdq_box,2026-09-03
Sequedin,Q687375,50.62639,2.985,43,missing,Lille,7,5.2,44.6,"commune in Nord, France",https://en.wikipedia.org/wiki/Sequedin,wdq_box,2026-09-03
Plévenon,Q686942,48.65417,-2.33139,42,missing,Cap Fréhel,6.4,3.4,44.6,"commune in Côtes-d'Armor, France",https://en.wikipedia.org/wiki/Pl%C3%A9venon,wdq_box,2026-09-03
Fondi,Q128084,41.35,13.41667,62,missing,Sperlonga,7.2,10.1,44.6,Italian comune,https://en.wikipedia.org/wiki/Fondi,wdq_box,2026-09-03
Leamington Spa,Q546635,52.29194,-1.53583,44,missing,Warwick,6.1,3.4,44.6,"spa town in Warwick, central Warwickshire, England",https://en.wikipedia.org/wiki/Leamington_Spa,wdq_box,2026-09-03
Casale Litta,Q40908,45.76861,8.74222,51,missing,Varese,7.7,8.6,44.6,Italian comune,https://en.wikipedia.org/wiki/Casale_Litta,wdq_box,2026-09-03
Sallaumines,Q453707,50.41972,2.86222,48,missing,Loos-en-Gohelle,6.9,6.5,44.6,"commune in Pas-de-Calais, France",https://en.wikipedia.org/wiki/Sallaumines,wdq_box,2026-09-03
Passy-sur-Marne,Q379236,49.06167,3.57083,44,missing,Dormans,6.8,5.1,44.6,"commune in Aisne, France",https://en.wikipedia.org/wiki/Passy-sur-Marne,wdq_box,2026-09-03
Stari Grad,Q220383,43.18414,16.599,42,member_of,Vrboska,7.5,5.8,44.6,"osm place=town, pop 1921",,osm_grid,2026-09-03
Cecchina,Q2276094,41.69581,12.64962,40,missing,Castel Gandolfo,7.9,5.9,44.6,"osm place=town, pop 9141",,osm_pop,2026-09-03
Canalicchio,Q2583458,37.5398,15.09711,38,missing,Catania,7.5,4.4,44.6,"osm place=village, pop 6704",,osm_pop,2026-09-03
Lekkerkerk,Q3143983,51.89696,4.68327,39,missing,Kinderdijk,6.8,3.2,44.6,"osm place=village, pop 7680",,osm_pop,2026-09-03
Hoevelaken,Q3056778,52.17571,5.4577,40,missing,Amersfoort,7.6,5.3,44.6,"osm place=town, pop 9365",,osm_pop,2026-09-03
Goirle,Q4681121,51.52318,5.06603,43,missing,De Reit,6.6,4.3,44.6,"osm place=town, pop 20795",,osm_pop,2026-09-03
Sant Feliu de Llobregat,Q15639,41.38129,2.04464,47,missing,Barcelona,9.5,11.5,44.6,"osm place=town, pop 46688",,osm_pop,2026-09-03
Mollet del Vallès,Q15430,41.53935,2.21309,47,missing,Barcelona,9.5,17.5,44.6,"osm place=town, pop 52604",,osm_pop,2026-09-03
Sant Joan de Vilatorrada,Q16731,41.74221,1.80363,40,missing,Manresa,6.3,2.3,44.6,"osm place=town, pop 10872",,osm_pop,2026-09-03
Cerdanyola del Vallès,Q13922,41.491,2.14055,47,missing,Barcelona,9.5,12.5,44.6,"osm place=town, pop 55042",,osm_pop,2026-09-03
Bassens,Q243682,44.90333,-0.51694,46,missing,Bordeaux,8.5,8.6,44.5,"commune in Gironde, France","https://en.wikipedia.org/wiki/Bassens,_Gironde",wdq_box,2026-09-03
Pisano,Q22560,45.79417,8.51278,55,missing,Lago Maggiore (Stresa),8.1,10.2,44.5,Italian comune,"https://en.wikipedia.org/wiki/Pisano,_Piedmont",wdq_box,2026-09-03
Nembro,Q101269,45.74389,9.75944,51,missing,Bergamo (Città Alta),7.8,8.8,44.5,Italian comune,https://en.wikipedia.org/wiki/Nembro,wdq_box,2026-09-03
Prepotto,Q53320,46.04522,13.47921,52,missing,Cividale del Friuli,6.6,7.0,44.5,Italian comune,https://en.wikipedia.org/wiki/Prepotto,wdq_box,2026-09-03
Arpaillargues-et-Aureillac,Q273914,44.00056,4.3725,43,missing,Uzès,6.5,4.1,44.5,"commune in Gard, France",https://en.wikipedia.org/wiki/Arpaillargues-et-Aureillac,wdq_box,2026-09-03
Longvic,Q20321,47.28778,5.06361,45,missing,Dijon,6.5,4.8,44.5,"commune in Côte-d'Or, France",https://en.wikipedia.org/wiki/Longvic,wdq_box,2026-09-03
Lavau,Q1104874,48.325,4.08667,40,missing,Troyes,6.5,2.9,44.5,"commune in Aube, France","https://en.wikipedia.org/wiki/Lavau,_Aube",wdq_box,2026-09-03
Paruzzaro,Q22543,45.74717,8.50954,53,missing,Orta San Giulio,7.7,9.1,44.5,Italian comune,https://en.wikipedia.org/wiki/Paruzzaro,wdq_box,2026-09-03
Ofena,Q50113,42.32667,13.75972,48,missing,Rocca Calascio,6.5,5.7,44.5,Italian comune,https://en.wikipedia.org/wiki/Ofena,wdq_box,2026-09-03
Piatto,Q18139,45.62052,8.11344,54,missing,Biella,6.7,7.7,44.5,Italian comune,https://en.wikipedia.org/wiki/Piatto,wdq_box,2026-09-03
La Motte-Servolex,Q912285,45.59667,5.8775,40,missing,Chambéry,7.3,4.8,44.5,"commune in Savoie, France",https://en.wikipedia.org/wiki/La_Motte-Servolex,wdq_box,2026-09-03
Roccabascerana,Q55086,41.01667,14.71667,48,missing,Montesarchio,7.8,8.1,44.5,Italian comune,https://en.wikipedia.org/wiki/Roccabascerana,wdq_box,2026-09-03
Chivy-lès-Étouvelles,Q847256,49.52778,3.58472,47,missing,Laon,6.3,5.0,44.5,"commune in Aisne, France",https://en.wikipedia.org/wiki/Chivy-l%C3%A8s-%C3%89touvelles,wdq_box,2026-09-03
Muhlbach-sur-Munster,Q148746,48.02556,7.08361,41,missing,Soultzeren,7,4.5,44.5,"commune in Haut-Rhin, France",https://en.wikipedia.org/wiki/Muhlbach-sur-Munster,wdq_box,2026-09-03
Reuilly-Sauvigny,Q868822,49.05417,3.57472,44,missing,Dormans,6.8,5.1,44.5,"commune in Aisne, France",https://en.wikipedia.org/wiki/Reuilly-Sauvigny,wdq_box,2026-09-03
Cuiry-Housse,Q847586,49.29472,3.49222,47,missing,Braine,6.8,6.1,44.5,"commune in Aisne, France",https://en.wikipedia.org/wiki/Cuiry-Housse,wdq_box,2026-09-03
Veenendaal,Q1840,52.025,5.555,53,missing,Achterberg,6.1,6.2,44.5,town and municipality in the Netherlands,https://en.wikipedia.org/wiki/Veenendaal,wdq_box,2026-09-03
Kaštel Kambelovac,Q2145042,43.5512,16.38131,37,missing,Split,9,6.6,44.5,"osm place=village, pop 5051",,osm_pop,2026-09-03
Jablonec nad Nisou,Q147607,50.72409,15.1711,46,member_of,Janov nad Nisou,6.6,5.3,44.5,"osm place=town, pop 44588",,osm_pop,2026-09-03
Wroughton,Q1863505,51.52522,-1.79108,39,missing,Swindon,7,3.7,44.5,"osm place=village, pop 7285",,osm_pop,2026-09-03
Puttershoek,Q2677934,51.80519,4.56811,38,missing,Maasdam,6.5,2.0,44.5,"osm place=village, pop 6910",,osm_pop,2026-09-03
Chêne-Bougeries,Q69530,46.19636,6.18541,40,missing,Geneva,6.6,3.1,44.5,"osm place=town, pop 10642",,osm_pop,2026-09-03
Mairena del Aljarafe,Q1447391,37.34444,-6.06528,48,missing,Seville,8.6,9.2,44.4,municipality of Spain,https://en.wikipedia.org/wiki/Mairena_del_Aljarafe,wdq_box,2026-09-03
Buttapietra,Q46731,45.34209,10.99859,51,missing,Verona,8.7,10.7,44.4,Italian comune,https://en.wikipedia.org/wiki/Buttapietra,wdq_box,2026-09-03
Turriaco,Q53146,45.82146,13.44442,51,missing,Aquileia,7.5,8.4,44.4,Italian comune,https://en.wikipedia.org/wiki/Turriaco,wdq_box,2026-09-03
Tribogna,Q267342,44.41636,9.19591,50,missing,Camogli,7.5,8.2,44.4,Italian comune,https://en.wikipedia.org/wiki/Tribogna,wdq_box,2026-09-03
Saint-Étienne-du-Grès,Q204383,43.78056,4.72528,42,missing,Les Baux-de-Provence,8.1,6.9,44.4,"commune in Bouches-du-Rhône, France",https://en.wikipedia.org/wiki/Saint-%C3%89tienne-du-Gr%C3%A8s,wdq_box,2026-09-03
Chauffour-sur-Vell,Q873141,45.01889,1.665,41,missing,Collonges-la-Rouge,7.1,4.7,44.4,"commune in Corrèze, France",https://en.wikipedia.org/wiki/Chauffour-sur-Vell,wdq_box,2026-09-03
Le Juch,Q456825,48.06611,-4.25444,44,missing,Locronan,6.8,5.2,44.4,"commune in Finistère, France",https://en.wikipedia.org/wiki/Le_Juch,wdq_box,2026-09-03
Cerreto d'Esi,Q123914,43.31974,12.98477,50,member_of,Fabriano,6.8,6.9,44.4,Italian comune,https://en.wikipedia.org/wiki/Cerreto_d%27Esi,wdq_box,2026-09-03
Portopalo di Capo Passero,Q490403,36.68611,15.13611,52,missing,Marzamemi,6.1,6.0,44.4,Italian comune,https://en.wikipedia.org/wiki/Portopalo_di_Capo_Passero,wdq_box,2026-09-03
Villagonzalo Pedernales,Q607811,42.30139,-3.73639,41,missing,Burgos,7.7,5.9,44.4,municipality of Spain,https://en.wikipedia.org/wiki/Villagonzalo_Pedernales,wdq_box,2026-09-03
Villers-au-Bois,Q1023094,50.37306,2.67139,42,missing,Ablain-Saint-Nazaire,6.4,3.5,44.4,"commune in Pas-de-Calais, France",https://en.wikipedia.org/wiki/Villers-au-Bois,wdq_box,2026-09-03
Anisy,Q838618,49.25139,-0.39194,50,missing,Caen,7.2,7.7,44.4,"commune in Calvados, France",https://en.wikipedia.org/wiki/Anisy,wdq_box,2026-09-03
Santa Croce sull'Arno,Q103253,43.7202,10.7727,53,missing,San Miniato,6.8,7.7,44.4,Italian comune,https://en.wikipedia.org/wiki/Santa_Croce_sull%27Arno,wdq_box,2026-09-03
Étaule,Q1062832,47.53639,3.91472,41,missing,Avallon,7.3,5.2,44.4,"commune in Yonne, France",https://en.wikipedia.org/wiki/%C3%89taule,wdq_box,2026-09-03
Bienville-la-Petite,Q988180,48.63806,6.50889,41,missing,Lunéville,7.3,5.2,44.4,"commune in Meurthe-et-Moselle, France",https://en.wikipedia.org/wiki/Bienville-la-Petite,wdq_box,2026-09-03
Bobenheim-Roxheim,Q553997,49.58246,8.36078,40,missing,Worms,7.7,5.6,44.4,"osm place=village, pop 10075",,osm_pop,2026-09-03
Wembley,Q146858,51.55315,-0.29576,51,missing,London (Stansted),8.7,12.7,44.4,"osm place=town, pop 115079",,osm_pop,2026-09-03
Constantí,Q550210,41.15281,1.21518,38,missing,Tarragona,7.8,5.0,44.4,"osm place=village, pop 6925",,osm_pop,2026-09-03
Ascain,Q838300,43.3445,-1.62067,45,missing,La Rhune,6.2,4.1,44.3,"commune in Pyrénées-Atlantiques, France",https://en.wikipedia.org/wiki/Ascain,wdq_box,2026-09-03
Celleno,Q160943,42.56083,12.13722,48,missing,Civita di Bagnoregio,7.5,7.7,44.3,Italian comune,https://en.wikipedia.org/wiki/Celleno,wdq_box,2026-09-03
Maromme,Q676672,49.48194,1.04194,43,missing,Rouen,7.1,5.5,44.3,"commune in Seine-Maritime, France",https://en.wikipedia.org/wiki/Maromme,wdq_box,2026-09-03
Halle,Q210003,50.73611,4.23722,47,missing,Hallerbos,6.3,5.1,44.3,"city and municipality in Flemish Brabant, Belgium","https://en.wikipedia.org/wiki/Halle,_Belgium",wdq_box,2026-09-03
Villalbilla de Burgos,Q526762,42.34694,-3.77917,41,missing,Burgos,7.7,6.0,44.3,"municipality of Burgos Province, Spain",https://en.wikipedia.org/wiki/Villalbilla_de_Burgos,wdq_box,2026-09-03
Villalbilla,Q1646224,40.43216,-3.30113,42,missing,Alcalá de Henares,8.4,7.5,44.3,municipality of Spain,https://en.wikipedia.org/wiki/Villalbilla,wdq_box,2026-09-03
Preganziol,Q46440,45.6,12.23333,49,missing,Treviso,7.2,7.4,44.3,Italian comune,https://en.wikipedia.org/wiki/Preganziol,wdq_box,2026-09-03
Mouguerre,Q839753,43.46917,-1.42389,41,missing,Bayonne,7.1,4.8,44.3,"commune in Pyrénées-Atlantiques, France",https://en.wikipedia.org/wiki/Mouguerre,wdq_box,2026-09-03
Lardirago,Q40925,45.23333,9.23333,51,missing,Pavia,6.9,7.4,44.3,Italian comune,https://en.wikipedia.org/wiki/Lardirago,wdq_box,2026-09-03
Monte Compatri,Q242954,41.80806,12.73722,55,missing,Castel Gandolfo,7.9,9.8,44.3,Italian comune,https://en.wikipedia.org/wiki/Monte_Compatri,wdq_box,2026-09-03
San Martino Sannita,Q55969,41.06667,14.83333,50,missing,Benevento,7.7,8.5,44.3,Italian comune,https://en.wikipedia.org/wiki/San_Martino_Sannita,wdq_box,2026-09-03
Bevons,Q867232,44.1725,5.89056,45,missing,Sisteron,6.5,4.9,44.3,"commune in Alpes-de-Haute-Provence, France",https://en.wikipedia.org/wiki/Bevons,wdq_box,2026-09-03
Sevran,Q387630,48.94139,2.52278,55,missing,Roissy-en-France,6.2,7.0,44.3,"French commune in Seine-Saint-Denis, Île-de-France",https://en.wikipedia.org/wiki/Sevran,wdq_box,2026-09-03
Lentillères,Q1017729,44.61361,4.31389,40,missing,Jaujac,7.5,5.2,44.3,"commune in Ardèche, France",https://en.wikipedia.org/wiki/Lentill%C3%A8res,wdq_box,2026-09-03
Villanova Monferrato,Q17698,45.18389,8.48028,52,missing,Casale Monferrato,6.1,6.0,44.3,municipality in Italy,https://en.wikipedia.org/wiki/Villanova_Monferrato,wdq_box,2026-09-03
Sainte-Sève,Q221633,48.55806,-3.87472,48,missing,Morlaix,5.8,4.1,44.3,"commune in Finistère, France",https://en.wikipedia.org/wiki/Sainte-S%C3%A8ve,wdq_box,2026-09-03
Le Bono,Q128431,47.64028,-2.95083,41,missing,Auray,6.7,3.9,44.3,"commune in Morbihan, France",https://en.wikipedia.org/wiki/Le_Bono,wdq_box,2026-09-03
Dhuizel,Q847074,49.36556,3.61833,49,missing,Braine,6.8,6.7,44.3,"commune in Aisne, France",https://en.wikipedia.org/wiki/Dhuizel,wdq_box,2026-09-03
Mettmann,Q14878,51.25278,6.97778,46,missing,Gruiten,6.2,4.5,44.3,"osm place=town, pop 37867",,osm_pop,2026-09-03
Portstewart,Q2239914,55.18291,-6.7187,39,missing,Portrush (Causeway Coast),7.5,4.9,44.3,"osm place=town, pop 7803",,osm_pop,2026-09-03
Estreito de Câmara de Lobos,Q2991222,32.6711,-16.97997,40,member_of,Camara de Lobos (Madeira),6.4,2.7,44.3,"osm place=town, pop 10269",,osm_pop,2026-09-03
Vernier,Q63922,46.21318,6.08158,45,missing,Geneva,6.6,5.1,44.3,"osm place=town, pop 34477",,osm_pop,2026-09-03
Le Mont-sur-Lausanne,Q70221,46.5531,6.63545,40,missing,Lausanne,6.8,3.7,44.3,"osm place=village, pop 9272",,osm_pop,2026-09-03
San Fernando de Henares,Q842211,40.42556,-3.53528,52,missing,Madrid,8.5,14.2,44.2,municipality of Spain,https://en.wikipedia.org/wiki/San_Fernando_de_Henares,wdq_box,2026-09-03
Couffoulens,Q961678,43.15528,2.30639,42,missing,Carcassonne,8.3,7.3,44.2,"commune in Aude, France",https://en.wikipedia.org/wiki/Couffoulens,wdq_box,2026-09-03
San Pietro in Lama,Q52189,40.3,18.11667,48,missing,Lecce,7.4,7.6,44.2,Italian comune,https://en.wikipedia.org/wiki/San_Pietro_in_Lama,wdq_box,2026-09-03
Ladoix-Serrigny,Q16176,47.06611,4.88667,42,missing,Beaune,7.4,5.8,44.2,"commune in Côte-d'Or, France",https://en.wikipedia.org/wiki/Ladoix-Serrigny,wdq_box,2026-09-03
Blyes,Q838485,45.84694,5.24944,58,missing,Pérouges,6.9,9.0,44.2,"commune in Ain, France",https://en.wikipedia.org/wiki/Blyes,wdq_box,2026-09-03
Montefranco,Q10852,42.59707,12.7663,52,member_of,Cascata delle Marmore,6.3,6.5,44.2,"town in the region Umbria, in Italy",https://en.wikipedia.org/wiki/Montefranco,wdq_box,2026-09-03
Lutterbach,Q124172,47.75972,7.28056,43,missing,Mulhouse,6.3,3.7,44.2,"commune in Haut-Rhin, France",https://en.wikipedia.org/wiki/Lutterbach,wdq_box,2026-09-03
Dudley,Q213832,52.51667,-2.1,51,missing,Wolverhampton,7.1,7.8,44.2,"town in West Midlands, England",https://en.wikipedia.org/wiki/Dudley,wdq_box,2026-09-03
Cagnoncles,Q1067242,50.19111,3.31028,41,missing,Cambrai,7.5,5.6,44.2,"commune in Nord, France",https://en.wikipedia.org/wiki/Cagnoncles,wdq_box,2026-09-03
Laignelet,Q1074663,48.37083,-1.15028,40,missing,Fougères,7,4.2,44.2,"commune in Ille-et-Vilaine, France",https://en.wikipedia.org/wiki/Laignelet,wdq_box,2026-09-03
Dozza,Q94856,44.35899,11.62769,54,missing,Imola,6.2,6.8,44.2,Italian comune,https://en.wikipedia.org/wiki/Dozza,wdq_box,2026-09-03
Remilly-Aillicourt,Q1086391,49.65167,4.99444,43,missing,Sedan,7.8,6.8,44.2,"commune in Ardennes, France",https://en.wikipedia.org/wiki/Remilly-Aillicourt,wdq_box,2026-09-03
Cambrin,Q990634,50.51139,2.74222,49,missing,Loos-en-Gohelle,6.9,6.9,44.2,"commune in Pas-de-Calais, France",https://en.wikipedia.org/wiki/Cambrin,wdq_box,2026-09-03
Montespertoli,Q82783,43.65,11.08333,56,missing,Tavarnelle Val di Pesa,7.9,12.1,44.2,Italian comune,https://en.wikipedia.org/wiki/Montespertoli,wdq_box,2026-09-03
Vicq,Q841501,46.14694,3.09222,44,missing,Saint-Bonnet-de-Rochefort,6.1,3.5,44.2,"commune in Allier, France","https://en.wikipedia.org/wiki/Vicq,_Allier",wdq_box,2026-09-03
Hulín,Q541071,49.317,17.4635,39,missing,Kromeriz,7.8,5.5,44.2,"osm place=town, pop 7151",,osm_pop,2026-09-03
Neuilly-sur-Marne,Q220906,48.85656,2.529,46,missing,Paris (CDG),9.6,13.0,44.2,"osm place=town, pop 37531",,osm_pop,2026-09-03
Athis-Mons,Q244289,48.70799,2.3888,46,missing,Paris (CDG),9.6,16.9,44.2,"osm place=town, pop 36222",,osm_pop,2026-09-03
Pontault-Combault,Q717049,48.80091,2.60681,46,missing,Paris (CDG),9.6,19.7,44.2,"osm place=town, pop 38258",,osm_pop,2026-09-03
Villeneuve-Saint-Georges,Q244241,48.73053,2.44782,46,missing,Paris (CDG),9.6,15.8,44.2,"osm place=town, pop 35492",,osm_pop,2026-09-03
Sankt Augustin,Q4090,50.77528,7.18955,48,missing,Bonn,7.7,8.0,44.2,"osm place=town, pop 59450",,osm_pop,2026-09-03
Materborn,Q1875959,51.773,6.11275,40,missing,Kleve,6.3,2.5,44.2,"osm place=village, pop 10959",,osm_pop,2026-09-03
Sidcup,Q146705,51.4264,0.10104,42,missing,Orpington,7.4,5.8,44.2,"osm place=town, pop 15400",,osm_pop,2026-09-03
Westgate-on-Sea,Q1812807,51.38158,1.33721,38,missing,Margate,7,3.4,44.2,"osm place=town, pop 6996",,osm_pop,2026-09-03
Vigodarzere,Q30031742,45.45819,11.88286,38,missing,Padua,8.1,5.7,44.2,"osm place=town, pop 6278",,osm_pop,2026-09-03
Nocera Inferiore,Q81138,40.74721,14.64332,47,missing,Amalfi Coast,9.4,13.0,44.2,"osm place=town, pop 46540",,osm_pop,2026-09-03
Cava de' Tirreni,Q19272,40.70046,14.70626,47,missing,Amalfi Coast,9.4,11.4,44.2,"osm place=town, pop 53488",,osm_pop,2026-09-03
Mira,Q48144,45.43401,12.12901,46,missing,Venice (Marco Polo),9.6,16.2,44.2,"osm place=town, pop 37633",,osm_pop,2026-09-03
Velserbroek,Q2187546,52.43113,4.66034,42,missing,Haarlem,7,5.0,44.2,"osm place=village, pop 15605",,osm_pop,2026-09-03
Maarssen,Q932008,52.13848,5.04008,46,missing,Utrecht,7.8,7.7,44.2,"osm place=town, pop 38560",,osm_pop,2026-09-03
