register,kind,name,qid,lat,lon,sitelinks,population,has_image,status,matched,auto_admit,beauty_est,queued
unesco_whc,unesco_whc,Vatican City,Q237,41.904,12.453,342,882,yes,missing,,yes,9.4,2026-09-04
unesco_creative_cities,capital_of_culture,Istanbul,Q406,41.01,28.96028,290,15655924,yes,missing,,yes,5.6,2026-09-04
unesco_whc,unesco_whc,Rabat,Q3551,34.02111,-6.84139,188,515619,yes,missing,,yes,7.6,2026-09-04
unesco_creative_cities,capital_of_culture,Tunis,Q3572,36.80083,10.18,182,602560,yes,missing,,yes,6.7,2026-09-04
unesco_creative_cities,capital_of_culture,Odesa,Q1874,46.47747,30.73262,178,1010537,yes,missing,,yes,5.6,2026-09-04
unesco_creative_cities,capital_of_culture,Lviv,Q36036,49.84195,24.03159,177,717273,yes,missing,,yes,5.6,2026-09-04
unesco_whc,unesco_whc,Stonehenge,Q39671,51.17889,-1.82611,135,,yes,missing,,yes,8.3,2026-09-04
unesco_whc,unesco_whc,Auschwitz,Q7341,50.03583,19.17833,128,,yes,missing,,yes,8.0,2026-09-04
unesco_whc,unesco_whc,Troy,Q22647,39.9575,26.23889,121,,yes,missing,,yes,7.6,2026-09-04
unesco_creative_cities,capital_of_culture,Gaziantep,Q93338,37.06278,37.37917,120,1680723,yes,missing,,yes,3.1,2026-09-04
unesco_tentative,unesco_tentative,Konya,Q79857,37.84705,32.5161,115,2232374,yes,missing,,yes,3.7,2026-09-04
fr_petites_cites,heritage_town,Finistère,Q3389,48.25,-4.0,108,933455,yes,missing,,yes,3.8,2026-09-04
unesco_whc,unesco_whc,Basilica and Expiatory Church of the Holy Family,Q48435,41.40369,2.17433,108,,yes,missing,,yes,8.3,2026-09-04
unesco_whc,unesco_whc,Palmyra,Q5747,34.56,38.26722,107,,yes,missing,,yes,7.6,2026-09-04
fr_petites_cites,heritage_town,Morbihan,Q12642,47.83333,-2.83333,105,783390,yes,missing,,yes,4.7,2026-09-04
fr_petites_cites,heritage_town,Côtes-d'Armor,Q3349,48.33333,-2.83333,102,611859,yes,missing,,yes,3.8,2026-09-04
fr_petites_cites,heritage_town,Rhône,Q46130,45.9955,4.71957,99,451317,yes,missing,,yes,4.7,2026-09-04
unesco_tentative,unesco_tentative,Tripoli,Q168954,34.43667,35.83444,93,227857,yes,missing,,yes,6.1,2026-09-04
unesco_whc,unesco_whc,Samarra,Q170047,34.1959,43.88568,92,140400,yes,missing,,yes,6.6,2026-09-04
unesco_creative_cities,capital_of_culture,Terrassa,Q13939,41.56111,2.00806,92,233270,yes,missing,,yes,5.6,2026-09-04
unesco_creative_cities,capital_of_culture,Hatay Province,Q83274,36.2,36.15,92,1501571,yes,missing,,yes,3.1,2026-09-04
unesco_creative_cities,capital_of_culture,Bradford,Q22905,53.794,-1.751,91,293277,yes,missing,,yes,6.0,2026-09-04
unesco_whc,unesco_whc,Tower of London,Q62378,51.5082,-0.0762,88,,yes,missing,,yes,9.4,2026-09-04
unesco_tentative,unesco_tentative,Alanya,Q171810,36.54361,31.99972,87,364180,yes,missing,,yes,2.9,2026-09-04
unesco_tentative,unesco_tentative,Tétouan,Q185157,35.5698,-5.37469,87,422757,yes,missing,,yes,5.4,2026-09-04
unesco_creative_cities,capital_of_culture,Tétouan,Q185157,35.5698,-5.37469,87,422757,yes,missing,,yes,5.6,2026-09-04
unesco_whc,unesco_whc,Baalbek,Q178835,34.01536,36.20056,86,81052,yes,missing,,yes,8.3,2026-09-04
unesco_tentative,unesco_tentative,Nineveh,Q5680,36.36667,43.15,86,,yes,missing,,yes,2.9,2026-09-04
unesco_creative_cities,capital_of_culture,Kütahya,Q188894,39.42417,29.98333,86,266784,yes,missing,,yes,3.1,2026-09-04
unesco_whc,unesco_whc,Byblos,Q173532,34.1195,35.64685,83,,yes,missing,,yes,8.3,2026-09-04
unesco_tentative,unesco_tentative,Raqqa,Q283368,35.95,39.01,83,299824,yes,missing,,yes,2.9,2026-09-04
unesco_creative_cities,capital_of_culture,Afyonkarahisar,Q166824,38.75806,30.53861,83,299673,yes,missing,,yes,3.1,2026-09-04
unesco_tentative,unesco_tentative,Lofoten,Q186822,68.33306,14.66639,82,,yes,missing,,yes,2.9,2026-09-04
unesco_whc,unesco_whc,Kairouan,Q179570,35.68333,10.1,81,186653,yes,missing,,yes,7.6,2026-09-04
unesco_whc,unesco_whc,Assur,Q200200,35.45667,43.2625,79,,yes,missing,,yes,7.6,2026-09-04
unesco_whc,unesco_whc,Göbekli Tepe,Q214944,37.22306,38.9225,78,,yes,missing,,yes,7.6,2026-09-04
unesco_tentative,unesco_tentative,Mardin,Q188022,37.31306,40.735,78,129864,yes,missing,,yes,2.9,2026-09-04
unesco_whc,unesco_whc,Cave of Altamira,Q133575,43.37694,-4.11975,76,,yes,missing,,yes,5.1,2026-09-04
unesco_creative_cities,capital_of_culture,Kırşehir,Q208005,39.145,34.16083,72,150700,yes,missing,,yes,3.1,2026-09-04
unesco_tentative,unesco_tentative,Tartus,Q174916,34.88333,35.88333,71,,yes,missing,,yes,4.4,2026-09-04
unesco_whc,unesco_whc,Plitvice Lakes National Park,Q189849,44.88045,15.61604,70,,yes,missing,,yes,7.6,2026-09-04
unesco_whc,unesco_whc,Çatalhöyük,Q192522,37.6675,32.82833,70,,yes,missing,,yes,7.6,2026-09-04
eu_great_spa_towns,spa_town,Baden,Q486450,48.0075,16.23444,68,26286,yes,missing,,yes,7.6,2026-09-04
unesco_whc,unesco_whc,Selimiye Mosque,Q184534,41.67806,26.55944,67,,yes,missing,,yes,7.6,2026-09-04
unesco_whc,unesco_whc,Saint Sophia Cathedral,Q830054,50.45278,30.51444,64,,yes,missing,,yes,7.6,2026-09-04
unesco_whc,unesco_whc,Struve Geodetic Arc,Q192243,52.28944,25.64944,64,,yes,missing,,yes,6.6,2026-09-04
unesco_whc,unesco_whc,Surtsey,Q178124,63.30403,-20.60471,63,0,yes,missing,,yes,7.6,2026-09-04
unesco_whc,unesco_whc,Appian Way,Q189417,41.84139,12.5325,63,,yes,missing,,yes,9.4,2026-09-04
unesco_tentative,unesco_tentative,Appian Way,Q189417,41.84139,12.5325,63,,yes,missing,,yes,7.2,2026-09-04
unesco_whc,unesco_whc,Neusiedl Lake,Q6396,47.83333,16.75,62,,yes,missing,,yes,7.6,2026-09-04
unesco_whc,unesco_whc,Hatra,Q466614,35.58806,42.71833,62,,yes,missing,,yes,7.6,2026-09-04
unesco_whc,unesco_whc,Thingvellir National Park,Q107370,64.25806,-21.125,62,,yes,missing,,yes,7.6,2026-09-04
unesco_whc,unesco_whc,Butrint,Q188694,39.75707,20.01663,62,,yes,missing,,yes,8.6,2026-09-04
eu_capital_of_culture,capital_of_culture,Elefsina,Q204905,38.04139,23.54528,62,11190,yes,missing,,yes,6.3,2026-09-04
unesco_whc,unesco_whc,Mount Nemrut,Q207917,37.98074,38.74083,61,,yes,missing,,yes,7.6,2026-09-04
unesco_tentative,unesco_tentative,Nimrud,Q237614,36.09806,43.32889,60,,yes,missing,,yes,2.9,2026-09-04
unesco_tentative,unesco_tentative,Basilica of Saint-Denis,Q184407,48.93556,2.35972,60,,yes,missing,,yes,6.1,2026-09-04
unesco_whc,unesco_whc,Ani,Q546010,40.5075,43.57278,59,75000,yes,missing,,yes,7.6,2026-09-04
unesco_whc,unesco_whc,Chauvet Cave,Q374096,44.38812,4.41614,59,,yes,missing,,yes,8.3,2026-09-04
unesco_whc,unesco_whc,Timgad,Q459629,35.48424,6.46867,59,,yes,missing,,yes,7.6,2026-09-04
unesco_whc,unesco_whc,Drottningholm Palace,Q208559,59.32169,17.88638,59,,yes,missing,,yes,8.8,2026-09-04
unesco_whc,unesco_whc,Wartburg,Q151545,50.96611,10.30639,58,,yes,missing,,yes,8.3,2026-09-04
it_borghi_piu_belli,beautiful_village,Curtatone,Q43025,45.15,10.71667,57,14607,yes,missing,,yes,7.8,2026-09-04
unesco_whc,unesco_whc,Solovetsky Islands,Q205711,65.02444,35.71056,57,861,yes,missing,,yes,7.6,2026-09-04
unesco_tentative,unesco_tentative,Mari,Q244762,34.54944,40.89,57,,yes,missing,,yes,2.9,2026-09-04
it_borghi_piu_belli,beautiful_village,Gardone Riviera,Q104619,45.62326,10.56408,56,2626,yes,missing,,yes,7.4,2026-09-04
unesco_whc,unesco_whc,Ancient and Primeval Beech Forests of the Carpathians and Other Regions of Europe,Q156011,49.0,15.0,56,,yes,missing,,yes,5.9,2026-09-04
unesco_tentative,unesco_tentative,Ebla,Q5743,35.79806,36.79861,56,,yes,missing,,yes,3.7,2026-09-04
unesco_whc,unesco_whc,Forth Bridge,Q275,55.9984,-3.3876,55,,yes,missing,,yes,8.6,2026-09-04
unesco_whc,unesco_whc,Djemila,Q457362,36.32056,5.73667,55,,yes,missing,,yes,7.6,2026-09-04
unesco_whc,unesco_whc,Château de Chambord,Q205367,47.61611,1.51722,55,,yes,missing,,yes,5.1,2026-09-04
fr_plus_beaux_detours,heritage_town,Prades,Q212450,42.61722,2.42194,54,6148,yes,missing,,yes,5.9,2026-09-04
it_borghi_piu_belli,beautiful_village,Bagnoregio,Q159498,42.63,12.08917,54,3364,yes,missing,,yes,4.9,2026-09-04
unesco_whc,unesco_whc,Santa Maria delle Grazie,Q244952,45.46583,9.17111,54,,yes,missing,,yes,8.0,2026-09-04
fr_plus_beaux_villages,beautiful_village,Hunawihr,Q83766,48.18028,7.31139,53,555,yes,missing,,yes,4.9,2026-09-04
it_borghi_piu_belli,beautiful_village,Bagno di Romagna,Q99933,43.83333,11.96667,53,5592,yes,missing,,yes,6.4,2026-09-04
it_borghi_piu_belli,beautiful_village,Coreglia Antelminelli,Q216977,44.06444,10.52639,53,5069,yes,missing,,yes,6.4,2026-09-04
unesco_whc,unesco_whc,prehistoric pile dwellings around the Alps,Q4580,47.6746,9.12099,53,,yes,missing,,yes,8.6,2026-09-04
unesco_whc,unesco_whc,Gelati Monastery,Q679979,42.29472,42.76806,53,,yes,missing,,yes,7.6,2026-09-04
unesco_whc,unesco_whc,Jerónimos Monastery,Q272781,38.69785,-9.2056,53,,yes,missing,,yes,8.6,2026-09-04
unesco_whc,unesco_whc,Volubilis,Q391215,34.07111,-5.55361,53,,yes,missing,,yes,8.3,2026-09-04
unesco_whc,unesco_whc,St Kilda,Q166479,57.815,-8.5875,53,0,yes,missing,,yes,7.6,2026-09-04
unesco_whc,unesco_whc,Suomenlinna,Q1292442,60.14361,24.98444,53,,yes,missing,,yes,8.8,2026-09-04
unesco_whc,unesco_whc,Tower of Hercules,Q245151,43.38583,-8.40639,53,,yes,missing,,yes,7.6,2026-09-04
it_borghi_piu_belli,beautiful_village,Laigueglia,Q270761,43.97451,8.15831,52,1705,yes,missing,,yes,4.9,2026-09-04
unesco_whc,unesco_whc,Reichenau Island,Q156439,47.69306,9.06306,52,3203,yes,missing,,yes,8.9,2026-09-04
unesco_whc,unesco_whc,Kew Gardens,Q188617,51.47889,-0.29361,52,,yes,missing,,yes,9.0,2026-09-04
unesco_creative_cities,capital_of_culture,Kargopol,Q145261,61.5,38.93333,52,8737,yes,missing,,yes,3.1,2026-09-04
it_borghi_piu_belli,beautiful_village,Castel del Monte,Q50071,42.36544,13.72592,51,431,yes,missing,,yes,4.9,2026-09-04
it_borghi_piu_belli,beautiful_village,Mezzano,Q295486,46.15393,11.80876,51,1587,yes,missing,,yes,5.7,2026-09-04
it_borghi_piu_belli,beautiful_village,Perinaldo,Q269476,43.86693,7.67435,51,829,yes,missing,,yes,5.7,2026-09-04
unesco_whc,unesco_whc,Qal'at Bani Hammad,Q500367,35.81389,4.79333,51,,yes,missing,,yes,7.6,2026-09-04
unesco_whc,unesco_whc,Pirin National Park,Q651314,41.67222,23.48778,51,,yes,missing,,yes,7.6,2026-09-04
unesco_whc,unesco_whc,Hadrian's Villa,Q272777,41.94194,12.77528,51,,yes,missing,,yes,9.2,2026-09-04
unesco_whc,unesco_whc,Doñana National Park,Q463141,37.02,-6.44,51,,yes,missing,,yes,6.6,2026-09-04
national_park,national_park,Doñana National Park,Q463141,37.02,-6.44,51,,yes,missing,,yes,4.9,2026-09-04
biosphere_reserve,national_park,Doñana National Park,Q463141,37.02,-6.44,51,,yes,missing,,yes,4.9,2026-09-04
fr_plus_beaux_villages,beautiful_village,Gourdon,Q272364,43.72028,6.97833,50,367,yes,missing,,yes,6.4,2026-09-04
it_borghi_piu_belli,beautiful_village,Pietrapertosa,Q52638,40.51667,16.06667,50,890,yes,missing,,yes,5.7,2026-09-04
it_borghi_piu_belli,beautiful_village,Borgio Verezzi,Q270548,44.16,8.30463,50,2048,yes,missing,,yes,4.9,2026-09-04
it_borghi_piu_belli,beautiful_village,Castelbianco,Q270593,44.11299,8.0742,49,319,yes,missing,,yes,4.9,2026-09-04
gb_market_town,market_town,Abingdon-on-Thames,Q321381,51.67167,-1.27833,49,33130,yes,missing,,yes,3.3,2026-09-04
unesco_whc,unesco_whc,Boyana Church,Q276553,42.64467,23.26617,49,,yes,missing,,yes,7.6,2026-09-04
unesco_whc,unesco_whc,Mir Castle Complex,Q209643,53.45127,26.47289,49,,yes,missing,,yes,8.0,2026-09-04
unesco_whc,unesco_whc,Urnes Stave Church,Q210678,61.29806,7.3225,49,,yes,missing,,yes,8.0,2026-09-04
unesco_tentative,unesco_tentative,Lake Tuz,Q211823,38.83333,33.33333,49,,yes,missing,,yes,2.9,2026-09-04
unesco_creative_cities,capital_of_culture,Barcelos,Q213242,41.53333,-8.61667,49,116752,yes,missing,,yes,5.6,2026-09-04
fr_plus_beaux_villages,beautiful_village,Sainte-Agnès,Q155413,43.78917,7.46917,48,1380,yes,missing,,yes,6.4,2026-09-04
it_borghi_piu_belli,beautiful_village,Ameglia,Q269943,44.06726,9.95754,48,4293,yes,missing,,yes,7.4,2026-09-04
it_borghi_piu_belli,beautiful_village,Deiva Marina,Q270151,44.21667,9.51667,48,1268,yes,missing,,yes,5.7,2026-09-04
unesco_whc,unesco_whc,Poblet Monastery,Q645157,41.38083,1.0825,48,,yes,missing,,yes,8.0,2026-09-04
unesco_whc,unesco_whc,Centennial Hall,Q155743,51.10694,17.07722,48,,yes,missing,,yes,7.6,2026-09-04
unesco_whc,unesco_whc,Trinity Lavra of St. Sergius,Q211962,56.31035,38.13065,48,,yes,missing,,yes,7.6,2026-09-04
unesco_whc,unesco_whc,Vatnajökull National Park,Q1353292,64.5,-17.0,48,,yes,missing,,yes,6.6,2026-09-04
fr_plus_beaux_villages,beautiful_village,Castelnaud-la-Chapelle,Q457785,44.815,1.14861,47,451,yes,missing,,yes,6.4,2026-09-04
it_borghi_piu_belli,beautiful_village,Mel,Q39783,46.06219,12.07981,47,5968,yes,missing,,yes,6.4,2026-09-04
it_borghi_piu_belli,beautiful_village,Tremosine,Q112127,45.77222,10.75833,47,2066,yes,missing,,yes,7.4,2026-09-04
gb_market_town,market_town,King's Lynn,Q157341,52.7543,0.3976,47,42800,yes,missing,,yes,1.7,2026-09-04
unesco_whc,unesco_whc,Monte San Giorgio,Q16648,45.91667,8.95,47,,yes,missing,,yes,8.3,2026-09-04
unesco_whc,unesco_whc,Dead Cities,Q393841,36.33417,36.84417,47,,yes,missing,,yes,5.9,2026-09-04
unesco_whc,unesco_whc,Srebarna Nature Reserve,Q122082,44.11112,27.07221,47,,yes,missing,,yes,8.0,2026-09-04
unesco_whc,unesco_whc,Hypogeum of Ħal Saflieni,Q755514,35.86956,14.50688,47,,yes,missing,,yes,9.2,2026-09-04
unesco_whc,unesco_whc,Val d'Orcia,Q217449,43.06667,11.55,47,,yes,missing,,yes,8.6,2026-09-04
biosphere_reserve,national_park,Srebarna Nature Reserve,Q122082,44.11112,27.07221,47,,yes,missing,,yes,6.3,2026-09-04
fr_petites_cites,heritage_town,Batz-sur-Mer,Q1001582,47.27722,-2.48028,46,2892,yes,missing,,yes,3.8,2026-09-04
unesco_whc,unesco_whc,Dougga,Q32378,36.42333,9.22028,46,,yes,missing,,yes,7.6,2026-09-04
unesco_whc,unesco_whc,Novodevichy Convent,Q270725,55.72597,37.55658,46,,yes,missing,,yes,9.0,2026-09-04
unesco_whc,unesco_whc,Holašovice,Q826452,48.96667,14.26667,46,204,yes,missing,,yes,8.3,2026-09-04
unesco_tentative,unesco_tentative,Velebit,Q223275,44.53333,15.23333,46,,yes,missing,,yes,4.4,2026-09-04
unesco_tentative,unesco_tentative,Arwad,Q377802,34.85611,35.85833,46,,yes,missing,,yes,4.4,2026-09-04
gb_market_town,market_town,Ashford,Q725261,51.1465,0.8676,45,83213,yes,missing,,yes,3.3,2026-09-04
unesco_whc,unesco_whc,Wieskirche,Q156675,47.6806,10.90044,45,,yes,missing,,yes,8.0,2026-09-04
unesco_whc,unesco_whc,Sidi Bou Said,Q877391,36.86976,10.34101,45,5873,yes,missing,,yes,9.0,2026-09-04
unesco_whc,unesco_whc,Stoclet Palace,Q239028,50.83514,4.41625,45,,yes,missing,,yes,9.5,2026-09-04
unesco_tentative,unesco_tentative,Šar Mountains,Q391195,42.08363,20.83333,45,,yes,missing,,yes,4.9,2026-09-04
gb_market_town,market_town,Lewes,Q246884,50.87472,0.01167,44,15988,yes,missing,,yes,1.7,2026-09-04
unesco_whc,unesco_whc,Rock-hewn Churches of Ivanovo,Q503387,43.69556,25.98806,44,,yes,missing,,yes,7.6,2026-09-04
unesco_whc,unesco_whc,Casbah of Algiers,Q662102,36.78333,3.06028,44,,yes,missing,,yes,7.6,2026-09-04
unesco_whc,unesco_whc,Crespi d'Adda,Q726842,45.59667,9.53611,44,,yes,missing,,yes,8.0,2026-09-04
unesco_whc,unesco_whc,Skogskyrkogården,Q213988,59.27556,18.09944,44,,yes,missing,,yes,8.6,2026-09-04
unesco_whc,unesco_whc,Wooden tserkvas of Carpathian region in Poland and Ukraine,Q8032604,49.5339,21.0322,44,,yes,missing,,yes,5.9,2026-09-04
unesco_tentative,unesco_tentative,Amalienborg,Q211053,55.68403,12.59333,44,,yes,missing,,yes,5.8,2026-09-04
national_park,national_park,Triglav National Park,Q1163005,46.3831,13.8497,44,,yes,missing,,yes,4.9,2026-09-04
unesco_whc,unesco_whc,Thracian Tomb of Sveshtari,Q650531,43.74496,26.7663,43,,yes,missing,,yes,8.0,2026-09-04
unesco_whc,unesco_whc,Belfries of Belgium and France,Q750675,50.63527,3.51484,43,,yes,missing,,yes,8.6,2026-09-04
unesco_whc,unesco_whc,Engelsberg Ironworks,Q936884,59.96917,16.01028,43,,yes,missing,,yes,7.6,2026-09-04
unesco_tentative,unesco_tentative,Mount Olympus,Q819979,34.93667,32.86389,43,,yes,missing,,yes,5.4,2026-09-04
unesco_tentative,unesco_tentative,Vani,Q1011003,42.08389,42.51194,43,2691,yes,missing,,yes,3.7,2026-09-04
gb_market_town,market_town,Buckingham,Q195955,52.0,-1.0,42,11572,yes,missing,,yes,2.6,2026-09-04
gb_market_town,market_town,Banbury,Q806160,52.06139,-1.33917,42,46853,yes,missing,,yes,3.3,2026-09-04
gb_market_town,market_town,Beverley,Q851718,53.84255,-0.43157,42,17549,yes,missing,,yes,1.7,2026-09-04
unesco_whc,unesco_whc,Avenida Andrássy,Q367395,47.51056,19.0713,42,,yes,missing,,yes,7.6,2026-09-04
unesco_whc,unesco_whc,Pontcysyllte Aqueduct,Q158822,52.9702,-3.08782,42,,yes,missing,,yes,7.6,2026-09-04
unesco_whc,unesco_whc,Old Town of Lviv,Q2592613,49.84167,24.03194,42,,yes,missing,,yes,7.6,2026-09-04
unesco_tentative,unesco_tentative,Dura-Europos,Q464266,34.747,40.73,42,,yes,missing,,yes,2.9,2026-09-04
national_park,national_park,Tatra National Park,Q1080683,49.18028,19.91944,42,,yes,missing,,yes,4.9,2026-09-04
biosphere_reserve,national_park,Møn,Q666502,55.0,12.33333,42,,yes,missing,,yes,5.5,2026-09-04
fr_plus_beaux_villages,beautiful_village,Saint-Céneri-le-Gérei,Q815920,48.38,-0.05278,41,110,yes,missing,,yes,4.9,2026-09-04
fr_plus_beaux_villages,beautiful_village,Lods,Q946953,47.045,6.24806,41,253,yes,missing,,yes,6.4,2026-09-04
fr_petites_cites,heritage_town,Saint-Céneri-le-Gérei,Q815920,48.38,-0.05278,41,110,yes,missing,,yes,3.8,2026-09-04
gb_market_town,market_town,Oakham,Q1001942,52.6705,-0.7333,41,9975,yes,missing,,yes,1.7,2026-09-04
unesco_whc,unesco_whc,Linderhof Palace,Q162052,47.57162,10.96075,41,,yes,missing,,yes,7.6,2026-09-04
unesco_whc,unesco_whc,Petäjävesi Old Church,Q435829,62.25014,25.18394,41,,yes,missing,,yes,7.6,2026-09-04
unesco_whc,unesco_whc,Warsaw Old Town,Q1139084,52.24972,21.01222,41,,yes,missing,,yes,7.6,2026-09-04
unesco_whc,unesco_whc,Roman amphitheatre of El Jem,Q2914326,35.29639,10.70694,41,,yes,missing,,yes,7.6,2026-09-04
unesco_tentative,unesco_tentative,Apamea,Q617550,35.41667,36.4,41,,yes,missing,,yes,3.7,2026-09-04
unesco_tentative,unesco_tentative,Vaux-le-Vicomte,Q739976,48.56583,2.71415,41,,yes,missing,,yes,5.4,2026-09-04
unesco_creative_cities,capital_of_culture,Kuhmo,Q939771,64.12778,29.51806,41,7582,yes,missing,,yes,3.1,2026-09-04
fr_plus_beaux_villages,beautiful_village,Sainte-Eulalie-d'Olt,Q749158,44.46444,2.94556,40,367,yes,missing,,yes,5.7,2026-09-04
fr_plus_beaux_villages,beautiful_village,Gassin,Q815807,43.22861,6.58528,40,2687,yes,missing,,yes,4.9,2026-09-04
fr_plus_beaux_villages,beautiful_village,La Flotte,Q818583,46.18694,-1.32556,40,3150,yes,missing,,yes,4.9,2026-09-04
unesco_whc,unesco_whc,Gordion,Q542854,39.6501,31.97857,40,,yes,missing,,yes,7.6,2026-09-04
unesco_whc,unesco_whc,Divriği Great Mosque and Hospital,Q581641,39.37122,38.12158,40,,yes,missing,,yes,7.6,2026-09-04
unesco_whc,unesco_whc,Vega Archipelago,Q829084,65.63333,11.9,40,,yes,missing,,yes,7.6,2026-09-04
unesco_whc,unesco_whc,Ichkeul National Park,Q13220079,37.12344,9.65544,40,,yes,missing,,yes,7.6,2026-09-04
unesco_tentative,unesco_tentative,Bregenz Forest,Q252848,47.3728,9.91278,40,,yes,missing,,yes,3.7,2026-09-04
national_park,national_park,Gran Paradiso National Park,Q847690,45.50278,7.31,40,,yes,missing,,yes,4.2,2026-09-04
national_park,national_park,Białowieża National Park,Q6870388,52.76667,23.86667,40,,yes,missing,,yes,7.0,2026-09-04
national_park,national_park,Ichkeul National Park,Q13220079,37.12344,9.65544,40,,yes,missing,,yes,5.9,2026-09-04
fr_plus_beaux_villages,beautiful_village,Gargilesse-Dampierre,Q583988,46.51361,1.59694,39,262,yes,missing,,yes,4.9,2026-09-04
gb_market_town,market_town,Marlborough,Q539528,51.4212,-1.7274,39,8009,yes,missing,,yes,3.8,2026-09-04
gb_market_town,market_town,Bridgend,Q6497774,51.5072,-3.5784,39,49404,yes,missing,,yes,2.6,2026-09-04
gb_market_town,market_town,Mansfield,Q841979,53.1435,-1.1963,39,69987,yes,missing,,yes,3.3,2026-09-04
unesco_whc,unesco_whc,Abbey of Fontenay,Q464918,47.63966,4.38933,39,,yes,missing,,yes,7.6,2026-09-04
unesco_whc,unesco_whc,Medici Villas and Gardens in Tuscany,Q574879,43.85778,11.30417,39,,yes,missing,,yes,8.3,2026-09-04
unesco_whc,unesco_whc,Saint-Savin,Q738657,46.56611,0.86361,39,816,yes,missing,,yes,7.6,2026-09-04
unesco_whc,unesco_whc,churches of Moldavia,Q387687,47.733,25.933,39,,yes,missing,,yes,5.1,2026-09-04
unesco_whc,unesco_whc,Princely Abbey of Corvey,Q56004,51.77778,9.41,39,,yes,missing,,yes,8.0,2026-09-04
unesco_whc,unesco_whc,Madinat Al-Zahra,Q211252,37.88608,-4.86779,39,,yes,missing,,yes,8.8,2026-09-04
unesco_whc,unesco_whc,Sammallahdenmäki,Q239748,61.11767,21.77517,39,,yes,missing,,yes,8.3,2026-09-04
unesco_tentative,unesco_tentative,Beypazarı,Q794382,40.16139,31.91944,39,48274,yes,missing,,yes,2.9,2026-09-04
fr_plus_beaux_villages,beautiful_village,Montrésor,Q633643,47.15583,1.20083,38,309,yes,missing,,yes,5.7,2026-09-04
fr_petites_cites,heritage_town,Beaulieu-lès-Loches,Q1136125,47.12861,1.01528,38,1733,yes,missing,,yes,4.7,2026-09-04
fr_petites_cites,heritage_town,Léhon,Q207790,48.44194,-2.03944,38,3110,yes,missing,,yes,4.7,2026-09-04
unesco_whc,unesco_whc,Berlin Modernism Housing Estates,Q19094,52.44833,13.45,38,,yes,missing,,yes,8.9,2026-09-04
unesco_whc,unesco_whc,Ferapontov Monastery,Q838256,59.95639,38.5675,38,,yes,missing,,yes,7.6,2026-09-04
unesco_whc,unesco_whc,Wooden churches of Southern Lesser Poland,Q854267,49.63059,21.18605,38,,yes,missing,,yes,5.9,2026-09-04
unesco_whc,unesco_whc,Pilgrimage Church of Saint John of Nepomuk,Q752318,49.58,15.94194,38,,yes,missing,,yes,8.3,2026-09-04
unesco_whc,unesco_whc,Jodrell Bank Observatory,Q1569783,53.23625,-2.30714,38,,yes,missing,,yes,7.6,2026-09-04
unesco_tentative,unesco_tentative,Sofiyivsky Park,Q2297522,48.76306,30.2225,38,,yes,missing,,yes,2.9,2026-09-04
unesco_creative_cities,capital_of_culture,Llíria,Q23067,39.62583,-0.59611,38,25333,yes,missing,,yes,3.9,2026-09-04
fr_plus_beaux_villages,beautiful_village,Loubressac,Q660510,44.87111,1.80306,37,533,yes,missing,,yes,4.9,2026-09-04
fr_petites_cites,heritage_town,Denée,Q509375,47.37944,-0.60778,37,1449,yes,missing,,yes,3.8,2026-09-04
unesco_whc,unesco_whc,Town Hall of Bremen,Q19479,53.0759,8.8076,37,,yes,missing,,yes,7.6,2026-09-04
unesco_whc,unesco_whc,Messel pit,Q639217,49.9175,8.75667,37,,yes,missing,,yes,8.9,2026-09-04
unesco_whc,unesco_whc,Danevirke,Q689454,54.4775,9.48667,37,,yes,missing,,yes,7.6,2026-09-04
unesco_whc,unesco_whc,Residence of Bukovinian and Dalmatian Metropolitans,Q156067,48.29664,25.92491,37,,yes,missing,,yes,7.6,2026-09-04
unesco_whc,unesco_whc,Rock carvings at Alta,Q433634,69.94694,23.18778,37,,yes,missing,,yes,7.6,2026-09-04
unesco_whc,unesco_whc,Verla,Q217447,61.06199,26.64002,37,,yes,missing,,yes,7.6,2026-09-04
unesco_tentative,unesco_tentative,Batroun,Q3285145,34.25107,35.6576,37,38000,yes,missing,,yes,5.4,2026-09-04
fr_petites_cites,heritage_town,Asnières-sur-Vègre,Q955483,47.88861,-0.23417,36,331,yes,missing,,yes,3.8,2026-09-04
gb_market_town,market_town,Dunstable,Q919778,51.886,-0.52102,36,33805,yes,missing,,yes,2.6,2026-09-04
unesco_whc,unesco_whc,General Archive of the Indies,Q477051,37.38478,-5.99308,36,,yes,missing,,yes,7.6,2026-09-04
unesco_whc,unesco_whc,Dessau-Wörlitz Garden Realm,Q157543,51.8636,12.2814,36,,yes,missing,,yes,6.6,2026-09-04
unesco_whc,unesco_whc,Rietveld Schröder House,Q914231,52.08533,5.1476,36,,yes,missing,,yes,8.6,2026-09-04
unesco_whc,unesco_whc,Grimeton VLF transmitter,Q920206,57.11398,12.40442,36,,yes,missing,,yes,7.6,2026-09-04
unesco_whc,unesco_whc,Laponian National Park,Q1137314,67.33333,17.58333,36,,yes,missing,,yes,7.6,2026-09-04
unesco_tentative,unesco_tentative,Aurès Mountains,Q62624,35.23333,6.16667,36,,yes,missing,,yes,3.7,2026-09-04
unesco_tentative,unesco_tentative,Priene,Q142819,37.65972,27.29778,36,,yes,missing,,yes,4.4,2026-09-04
unesco_tentative,unesco_tentative,Dvin,Q429059,40.00444,44.57833,36,517,yes,missing,,yes,4.4,2026-09-04
unesco_tentative,unesco_tentative,Amedi,Q460736,37.0919,43.487,36,11000,yes,missing,,yes,2.9,2026-09-04
unesco_tentative,unesco_tentative,Kültepe,Q538605,38.85,35.63333,36,,yes,missing,,yes,2.9,2026-09-04
national_park,national_park,Abisko National Park,Q953092,68.3243,18.68073,36,,yes,missing,,yes,3.4,2026-09-04
fr_plus_beaux_villages,beautiful_village,Lavardin,Q258911,47.74194,0.88611,35,179,yes,missing,,yes,5.7,2026-09-04
gb_market_town,market_town,Croydon,Q2213391,51.3727,-0.1099,35,192064,yes,missing,,yes,5.4,2026-09-04
unesco_whc,unesco_whc,White Monuments of Vladimir and Suzdal,Q838264,56.15,40.4167,35,,yes,missing,,yes,7.6,2026-09-04
unesco_whc,unesco_whc,Painted Churches in the Troödos Region,Q462702,34.92028,33.09583,35,,yes,missing,,yes,7.2,2026-09-04
unesco_whc,unesco_whc,Bergpark Wilhelmshöhe,Q447441,51.3167,9.4,35,,yes,missing,,yes,7.6,2026-09-04
unesco_whc,unesco_whc,Abbey Church of Saint-Savin-sur-Gartempe,Q1774129,46.56477,0.86597,35,,yes,missing,,yes,7.6,2026-09-04
unesco_whc,unesco_whc,Rock Art of the Mediterranean Basin on the Iberian Peninsula,Q1975533,39.79,-1.03333,35,,yes,missing,,yes,5.1,2026-09-04
unesco_whc,unesco_whc,Medieval Monuments in Kosovo,Q1982106,42.66111,20.26556,35,,yes,missing,,yes,5.1,2026-09-04
unesco_tentative,unesco_tentative,Tanais,Q1153416,47.27056,39.34139,35,,yes,missing,,yes,2.9,2026-09-04
unesco_tentative,unesco_tentative,Perge,Q719815,36.96035,30.85369,35,,yes,missing,,yes,2.9,2026-09-04
national_park,national_park,Picos de Europa National Park,Q48567,43.21,-4.84,35,,yes,missing,,yes,3.4,2026-09-04
national_park,national_park,Pyrénées National Park,Q738435,42.8275,-0.17583,35,,yes,missing,,yes,4.9,2026-09-04
national_park,national_park,Gauja National Park,Q743754,57.41667,25.41667,35,,yes,missing,,yes,3.4,2026-09-04
national_park,national_park,Slovak Paradise National Park,Q1507799,48.90833,20.4,35,,yes,missing,,yes,4.9,2026-09-04
biosphere_reserve,national_park,Lac du Bourget,Q23426,45.73333,5.86667,35,,yes,missing,,yes,4.9,2026-09-04
biosphere_reserve,national_park,Picos de Europa National Park,Q48567,43.21,-4.84,35,,yes,missing,,yes,3.4,2026-09-04
fr_petites_cites,heritage_town,Turquant,Q1383540,47.22278,0.02778,34,566,yes,missing,,yes,3.8,2026-09-04
gb_market_town,market_town,Brentford,Q1013528,51.4861,-0.3101,34,16571,yes,missing,,yes,5.7,2026-09-04
gb_market_town,market_town,Dorking,Q540333,51.2325,-0.33056,34,11158,yes,missing,,yes,4.3,2026-09-04
unesco_whc,unesco_whc,Kizhi Pogost,Q477462,62.06767,35.22345,34,,yes,missing,,yes,7.6,2026-09-04
unesco_whc,unesco_whc,Zollverein Coal Mine Industrial Complex,Q122026,51.4865,7.04408,34,,yes,missing,,yes,7.6,2026-09-04
unesco_whc,unesco_whc,Palaces and Parks of Potsdam and Berlin,Q852427,52.4,13.03333,34,,yes,missing,,yes,8.3,2026-09-04
unesco_whc,unesco_whc,Citadel of Erbil,Q206236,36.191,44.009,34,,yes,missing,,yes,7.6,2026-09-04
unesco_whc,unesco_whc,Ancient City of Aleppo,Q4115349,36.18333,37.15,34,,yes,missing,,yes,7.6,2026-09-04
unesco_tentative,unesco_tentative,Deliblato sands,Q129979,44.96472,21.01417,34,,yes,missing,,yes,2.9,2026-09-04
unesco_tentative,unesco_tentative,Laodicea on the Lycus,Q849709,37.83583,29.1075,34,,yes,missing,,yes,5.8,2026-09-04
unesco_tentative,unesco_tentative,The Burren,Q917858,53.0977,-9.28401,34,,yes,missing,,yes,2.9,2026-09-04
unesco_tentative,unesco_tentative,Askania-Nova,Q708096,46.45194,33.88083,34,,yes,missing,,yes,2.9,2026-09-04
unesco_tentative,unesco_tentative,Sümela Monastery,Q1419157,40.69,39.65833,34,,yes,missing,,yes,2.9,2026-09-04
national_park,national_park,Sarek National Park,Q945780,67.28834,17.66914,34,,yes,missing,,yes,5.9,2026-09-04
unesco_geopark,national_park,Reykjanes,Q374269,63.92868,-22.12283,34,,yes,missing,,yes,3.4,2026-09-04
fr_petites_cites,heritage_town,Parcé-sur-Sarthe,Q912273,47.84361,-0.20139,33,1950,yes,missing,,yes,3.8,2026-09-04
gb_market_town,market_town,Hitchin,Q19798,51.947,-0.283,33,34266,yes,missing,,yes,1.7,2026-09-04
gb_market_town,market_town,Haverfordwest,Q990103,51.80111,-4.96944,33,10808,yes,missing,,yes,1.7,2026-09-04
gb_market_town,market_town,Southwark,Q5273898,51.4988,-0.0901,33,,yes,missing,,yes,6.0,2026-09-04
unesco_whc,unesco_whc,Fountains Abbey,Q540237,54.1097,-1.58139,33,,yes,missing,,yes,8.0,2026-09-04
unesco_whc,unesco_whc,Prehistoric Rock Art Sites in the Côa Valley,Q552106,41.03333,-7.11667,33,,yes,missing,,yes,6.6,2026-09-04
unesco_whc,unesco_whc,Heart of Neolithic Orkney,Q1334966,58.9975,-3.215,33,,yes,missing,,yes,7.6,2026-09-04
unesco_whc,unesco_whc,Decorated Farmhouses of Hälsingland,Q1642003,61.70722,16.19583,33,,yes,missing,,yes,5.1,2026-09-04
unesco_tentative,unesco_tentative,Écrins National Park,Q476446,44.85583,6.26361,33,,yes,missing,,yes,2.9,2026-09-04
unesco_tentative,unesco_tentative,Yıldız Palace,Q911734,41.0494,29.0111,33,,yes,missing,,yes,5.4,2026-09-04
unesco_tentative,unesco_tentative,Nicopolis,Q943637,39.00801,20.73605,33,,yes,missing,,yes,2.9,2026-09-04
unesco_tentative,unesco_tentative,Vanoise National Park,Q174250,45.3333,6.83333,33,,yes,missing,,yes,2.9,2026-09-04
unesco_tentative,unesco_tentative,Lalish,Q1017666,36.7714,43.30334,33,,yes,missing,,yes,2.9,2026-09-04
unesco_tentative,unesco_tentative,Central Balkan National Park,Q1887045,42.72028,24.78139,33,,yes,missing,,yes,4.4,2026-09-04
national_park,national_park,Vanoise National Park,Q174250,45.3333,6.83333,33,,yes,missing,,yes,3.4,2026-09-04
national_park,national_park,New Forest,Q277755,50.86306,-1.61806,33,,yes,missing,,yes,4.2,2026-09-04
national_park,national_park,Écrins National Park,Q476446,44.85583,6.26361,33,,yes,missing,,yes,3.4,2026-09-04
national_park,national_park,Peneda-Gerês National Park,Q1473702,41.83071,-8.23867,33,,yes,missing,,yes,4.9,2026-09-04
national_park,national_park,Killarney National Park,Q1573866,52.02099,-9.50664,33,,yes,missing,,yes,3.4,2026-09-04
national_park,national_park,Slītere National Park,Q1643261,57.62417,22.29444,33,,yes,missing,,yes,3.4,2026-09-04
national_park,national_park,Cévennes National Park,Q1368807,44.2,3.4,33,,yes,missing,,yes,5.9,2026-09-04
biosphere_reserve,national_park,Killarney National Park,Q1573866,52.02099,-9.50664,33,,yes,missing,,yes,3.4,2026-09-04
biosphere_reserve,national_park,Carpathian Biosphere Reserve,Q864741,48.03,24.12,33,,yes,missing,,yes,5.5,2026-09-04
unesco_whc,unesco_whc,Cornwall and West Devon Mining Landscape,Q464566,50.13611,-5.38361,32,,yes,missing,,yes,7.6,2026-09-04
unesco_whc,unesco_whc,Cordouan Lighthouse,Q199234,45.58632,-1.17333,32,,yes,missing,,yes,7.6,2026-09-04
unesco_whc,unesco_whc,Rock Carvings in Tanum,Q1761052,58.69995,11.33641,32,,yes,missing,,yes,7.6,2026-09-04
unesco_tentative,unesco_tentative,Hochosterwitz Castle,Q679248,46.75593,14.45241,32,,yes,missing,,yes,3.7,2026-09-04
unesco_tentative,unesco_tentative,Augustów Canal,Q770907,53.86667,22.96667,32,,yes,missing,,yes,2.9,2026-09-04
unesco_tentative,unesco_tentative,Cordouan Lighthouse,Q199234,45.58632,-1.17333,32,,yes,missing,,yes,5.4,2026-09-04
unesco_tentative,unesco_tentative,Perućica,Q539439,43.31402,18.69678,32,,yes,missing,,yes,4.9,2026-09-04
national_park,national_park,Cairngorms National Park,Q1025953,57.0833,-3.66667,32,,yes,missing,,yes,3.4,2026-09-04
national_park,national_park,Kozara National Park,Q2418337,45.00833,16.89167,32,,yes,missing,,yes,3.4,2026-09-04
fr_petites_cites,heritage_town,Nieul-sur-l'Autise,Q1171751,46.42389,-0.67917,31,1291,yes,missing,,yes,3.8,2026-09-04
unesco_whc,unesco_whc,Alto Douro Wine Region,Q649738,41.16575,-7.51774,31,,yes,missing,,yes,7.2,2026-09-04
unesco_whc,unesco_whc,Arslantepe,Q705132,38.38194,38.36111,31,,yes,missing,,yes,7.6,2026-09-04
unesco_whc,unesco_whc,Völklingen Ironworks,Q127754,49.25056,6.84528,31,,yes,missing,,yes,7.6,2026-09-04
unesco_whc,unesco_whc,Rhine Gorge,Q1780249,50.1736,7.69417,31,,yes,missing,,yes,7.6,2026-09-04
unesco_whc,unesco_whc,historical city centre of Odesa,Q15041608,46.485,30.741,31,,yes,missing,,yes,7.6,2026-09-04
unesco_tentative,unesco_tentative,Aspendos,Q633757,36.93889,31.17222,31,,yes,missing,,yes,2.9,2026-09-04
unesco_tentative,unesco_tentative,Arslantepe,Q705132,38.38194,38.36111,31,,yes,missing,,yes,5.4,2026-09-04
unesco_tentative,unesco_tentative,Asinara,Q730500,41.06667,8.26667,31,1,yes,missing,,yes,2.9,2026-09-04
unesco_tentative,unesco_tentative,Assos,Q744631,39.49056,26.33667,31,,yes,missing,,yes,2.9,2026-09-04
unesco_tentative,unesco_tentative,historical city centre of Odesa,Q15041608,46.485,30.741,31,,yes,missing,,yes,5.4,2026-09-04
national_park,national_park,Paklenica,Q732723,44.44359,15.29022,31,,yes,missing,,yes,4.9,2026-09-04
national_park,national_park,"Cilento, Vallo di Diano and Alburni National Park",Q867361,40.2,15.2,31,,yes,missing,,yes,4.9,2026-09-04
national_park,national_park,Aigüestortes i Estany de Sant Maurici National Park,Q1470066,42.57722,0.94778,31,,yes,missing,,yes,4.9,2026-09-04
national_park,national_park,Mercantour National Park,Q1535042,44.16667,7.08333,31,,yes,missing,,yes,3.4,2026-09-04
unesco_geopark,national_park,"Cilento, Vallo di Diano and Alburni National Park",Q867361,40.2,15.2,31,,yes,missing,,yes,4.9,2026-09-04
biosphere_reserve,national_park,"Cilento, Vallo di Diano and Alburni National Park",Q867361,40.2,15.2,31,,yes,missing,,yes,4.9,2026-09-04
unesco_whc,unesco_whc,lifts on the old Canal du Centre,Q99372,50.4714,4.0945,30,,yes,missing,,yes,9.4,2026-09-04
unesco_whc,unesco_whc,Stari Grad Plain,Q614212,43.18167,16.63861,30,,yes,missing,,yes,8.3,2026-09-04
unesco_whc,unesco_whc,Historic Centre of Saint Petersburg and Related Groups of Monuments,Q616578,59.93889,30.31556,30,,yes,missing,,yes,5.9,2026-09-04
unesco_whc,unesco_whc,"Royal Botanic Gardens, Kew",Q18748726,51.47869,-0.29561,30,,yes,missing,,yes,9.0,2026-09-04
unesco_tentative,unesco_tentative,Kemaliye,Q1000823,39.26083,38.49667,30,5555,yes,missing,,yes,3.7,2026-09-04
unesco_tentative,unesco_tentative,Moulay Idriss Zerhoun,Q593222,34.05594,-5.51832,30,10038,yes,missing,,yes,6.3,2026-09-04
unesco_tentative,unesco_tentative,Mont Blanc massif,Q671343,45.83333,6.85,30,,yes,missing,,yes,2.9,2026-09-04
unesco_tentative,unesco_tentative,Nuruosmaniye Mosque,Q1430090,41.01028,28.97028,30,,yes,missing,,yes,5.4,2026-09-04
national_park,national_park,Cabañeros National Park,Q117583,39.39639,-4.48722,30,,yes,missing,,yes,3.4,2026-09-04
national_park,national_park,Rondane National Park,Q955861,61.83333,9.83333,30,,yes,missing,,yes,3.4,2026-09-04
national_park,national_park,Borjomi-Kharagauli National Park,Q1545224,41.86165,43.13153,30,,yes,missing,,yes,3.4,2026-09-04
national_park,national_park,Low Tatras National Park,Q1767601,48.92556,19.6325,30,,yes,missing,,yes,4.9,2026-09-04
unesco_whc,unesco_whc,Glarus thrust,Q312118,46.91667,9.25,29,,yes,missing,,yes,7.6,2026-09-04
unesco_whc,unesco_whc,Atapuerca,Q923894,42.35009,-3.51947,29,,yes,missing,,yes,8.3,2026-09-04
unesco_whc,unesco_whc,Vjetrenica,Q2880621,42.84583,17.98389,29,,yes,missing,,yes,8.6,2026-09-04
unesco_tentative,unesco_tentative,Uplistsikhe,Q1351318,41.96666,44.2075,29,,yes,missing,,yes,3.7,2026-09-04
unesco_tentative,unesco_tentative,Hohe Tauern National Park,Q696014,47.13556,12.32529,29,,yes,missing,,yes,2.9,2026-09-04
unesco_tentative,unesco_tentative,Magura Cave,Q1884722,43.71833,22.60028,29,,yes,missing,,yes,3.7,2026-09-04
unesco_tentative,unesco_tentative,Una National Park,Q3179381,44.49694,16.15806,29,,yes,missing,,yes,2.9,2026-09-04
national_park,national_park,Northern Velebit National Park,Q591878,44.69306,15.00694,29,,yes,missing,,yes,3.4,2026-09-04
national_park,national_park,Poloniny National Park,Q607612,49.07139,22.53361,29,,yes,missing,,yes,6.3,2026-09-04
national_park,national_park,Hohe Tauern National Park,Q696014,47.13556,12.32529,29,,yes,missing,,yes,3.4,2026-09-04
national_park,national_park,Una National Park,Q3179381,44.49694,16.15806,29,,yes,missing,,yes,3.4,2026-09-04
national_park,national_park,Pollino National Park,Q1072838,39.93111,16.12611,29,,yes,missing,,yes,3.4,2026-09-04
biosphere_reserve,national_park,Northern Velebit National Park,Q591878,44.69306,15.00694,29,,yes,missing,,yes,3.4,2026-09-04
gb_market_town,market_town,Limavady,Q1002115,55.053,-6.946,28,11279,yes,missing,,yes,3.3,2026-09-04
gb_market_town,market_town,Tring,Q10999,51.79397,-0.66058,28,12099,yes,missing,,yes,3.8,2026-09-04
gb_market_town,market_town,Uxbridge,Q3552816,51.5404,-0.4778,28,70560,yes,missing,,yes,4.9,2026-09-04
unesco_whc,unesco_whc,northern French coal mining region,Q392215,50.4625,3.54611,28,,yes,missing,,yes,8.3,2026-09-04
unesco_whc,unesco_whc,Ir.D.F. Woudagemaal,Q1121835,52.84583,5.67889,28,,yes,missing,,yes,8.8,2026-09-04
unesco_whc,unesco_whc,domus de janas,Q1238775,40.085,8.951,28,,yes,missing,,yes,5.9,2026-09-04
unesco_tentative,unesco_tentative,Bodrum Castle,Q1113602,37.03167,27.42944,28,,yes,missing,,yes,2.9,2026-09-04
unesco_tentative,unesco_tentative,forest of Fontainebleau,Q1293678,48.40196,2.66272,28,,yes,missing,,yes,5.4,2026-09-04
unesco_tentative,unesco_tentative,Heiligenkreuz Abbey,Q697221,48.0551,16.13122,28,,yes,missing,,yes,6.5,2026-09-04
unesco_tentative,unesco_tentative,Lisbon Baixa,Q804032,38.71139,-9.13774,28,,yes,missing,,yes,6.1,2026-09-04
eu_heritage_label,capital_of_culture,Natzweiler-Struthof concentration camp,Q639319,48.455,7.2546,28,,yes,missing,,yes,3.9,2026-09-04
national_park,national_park,Rāzna National Park,Q549295,56.26667,27.5,28,,yes,missing,,yes,3.4,2026-09-04
national_park,national_park,Connemara National Park,Q1126279,53.55111,-9.94472,28,,yes,missing,,yes,3.4,2026-09-04
national_park,national_park,Kolkheti National Park,Q1444561,42.11083,41.69611,28,,yes,missing,,yes,3.4,2026-09-04
national_park,national_park,Tablas de Daimiel National Park,Q1520216,39.1449,-3.702,28,,yes,missing,,yes,3.4,2026-09-04
national_park,national_park,Pindus National Park,Q1989158,39.9,21.11667,28,,yes,missing,,yes,4.9,2026-09-04
biosphere_reserve,national_park,Caucasus Biosphere Reserve,Q1551511,43.67,39.95,28,,yes,missing,,yes,4.2,2026-09-04
gb_market_town,market_town,Pontefract,Q1009235,53.691,-1.312,27,30881,yes,missing,,yes,3.3,2026-09-04
gb_market_town,market_town,Winchelsea,Q1026871,50.925,0.70833,27,600,yes,missing,,yes,2.6,2026-09-04
gb_market_town,market_town,Chipping Campden,Q767811,52.054,-1.773,27,2206,yes,missing,,yes,2.6,2026-09-04
unesco_whc,unesco_whc,Cave of Altamira and Paleolithic Cave Art of Northern Spain,Q899302,43.3825,-4.11611,27,,yes,missing,,yes,5.1,2026-09-04
unesco_whc,unesco_whc,Temple of Apollo Epicurius in Bassae,Q38278862,37.42965,21.90039,27,,yes,missing,,yes,8.0,2026-09-04
unesco_whc,unesco_whc,Jungfrau-Aletsch protected area,Q616912,46.5,8.03333,27,,yes,missing,,yes,7.6,2026-09-04
unesco_whc,unesco_whc,Stora Sjöfallet National Park,Q1505447,67.5669,17.99365,27,,yes,missing,,yes,5.9,2026-09-04
unesco_whc,unesco_whc,Van Nelle Factory,Q2328849,51.92278,4.43361,27,,yes,missing,,yes,8.3,2026-09-04
unesco_whc,unesco_whc,Par force hunting landscape in North Zealand,Q10620357,55.9136,12.3578,27,,yes,missing,,yes,8.0,2026-09-04
unesco_tentative,unesco_tentative,Atlantic Islands of Galicia National Park,Q1628126,42.38056,-8.93333,27,,yes,missing,,yes,2.9,2026-09-04
unesco_tentative,unesco_tentative,Genoese Fortress,Q4135567,44.84155,34.95785,27,,yes,missing,,yes,2.9,2026-09-04
national_park,national_park,Muddus National Park,Q580404,66.91632,20.19733,27,,yes,missing,,yes,3.4,2026-09-04
national_park,national_park,Saxon Switzerland National Park,Q702566,50.9142,14.2784,27,,yes,missing,,yes,4.2,2026-09-04
national_park,national_park,Gesäuse National Park,Q369655,47.5922,14.6489,27,,yes,missing,,yes,4.9,2026-09-04
national_park,national_park,Butrint National Park,Q975250,39.74611,20.02028,27,,yes,missing,,yes,6.8,2026-09-04
national_park,national_park,Børgefjell National Park,Q1020241,65.1833,13.9,27,,yes,missing,,yes,3.4,2026-09-04
national_park,national_park,Stelvio National Park,Q1891711,46.466,10.506,27,,yes,missing,,yes,5.5,2026-09-04
national_park,national_park,Shebenik National Park,Q1969017,41.22264,20.45002,27,,yes,missing,,yes,6.6,2026-09-04
national_park,national_park,Sierra Nevada National and Natural Park,Q1969050,37.1,-3.09,27,,yes,missing,,yes,4.2,2026-09-04
national_park,national_park,Podyjí National Park,Q2006345,48.84778,15.89722,27,,yes,missing,,yes,4.9,2026-09-04
national_park,national_park,Stora Sjöfallet National Park,Q1505447,67.5669,17.99365,27,,yes,missing,,yes,4.2,2026-09-04
gb_market_town,market_town,Wem,Q301082,52.8555,-2.725,26,,yes,missing,,yes,3.3,2026-09-04
unesco_tentative,unesco_tentative,Anazarbus,Q219525,37.2564,35.89855,26,,yes,missing,,yes,2.9,2026-09-04
unesco_tentative,unesco_tentative,Nikortsminda Cathedral,Q1802388,42.45944,43.08786,26,,yes,missing,,yes,3.7,2026-09-04
unesco_tentative,unesco_tentative,Baltic Klint,Q2002146,59.33333,27.41667,26,,yes,missing,,yes,2.9,2026-09-04
unesco_tentative,unesco_tentative,Ananuri,Q2600596,42.16361,44.70389,26,,yes,missing,,yes,3.7,2026-09-04
national_park,national_park,Hamra National Park,Q569960,61.75687,14.80798,26,,yes,missing,,yes,3.4,2026-09-04
national_park,national_park,Pieljekaise National Park,Q666044,66.3543,16.76826,26,,yes,missing,,yes,3.4,2026-09-04
national_park,national_park,Llogara National Park,Q686088,40.21639,19.57028,26,,yes,missing,,yes,3.4,2026-09-04
national_park,national_park,Dzūkija National Park,Q738428,54.08194,24.37667,26,,yes,missing,,yes,3.4,2026-09-04
national_park,national_park,Fulufjället National Park,Q761264,61.54561,12.73943,26,,yes,missing,,yes,3.4,2026-09-04
national_park,national_park,Dovrefjell–Sunndalsfjella National Park,Q1109724,62.39667,9.17306,26,,yes,missing,,yes,3.4,2026-09-04
national_park,national_park,Risnjak National Park,Q631183,45.431,14.651,26,,yes,missing,,yes,4.9,2026-09-04
national_park,national_park,Lurë-Dejë Mountain National Park,Q1521938,41.78333,20.18333,26,,yes,missing,,yes,4.2,2026-09-04
unesco_geopark,national_park,Bannau Brycheiniog National Park,Q15052206,51.88333,-3.4,26,33485,yes,missing,,yes,4.9,2026-09-04
biosphere_reserve,national_park,Kiskunság National Park,Q922898,46.74,19.22,26,,yes,missing,,yes,3.4,2026-09-04
gb_market_town,market_town,Dursley,Q681043,51.6811,-2.3543,25,5814,yes,missing,,yes,3.3,2026-09-04
gb_market_town,market_town,March,Q2569076,52.54,0.07,25,2514,yes,missing,,yes,1.7,2026-09-04
gb_market_town,market_town,Thirsk,Q641274,54.23273,-1.34205,25,4703,yes,missing,,yes,3.3,2026-09-04
gb_market_town,market_town,Bingley,Q863832,53.846,-1.836,25,23274,yes,missing,,yes,4.6,2026-09-04
unesco_whc,unesco_whc,Neolithic flint mines of Spiennes,Q677879,50.41999,3.98258,25,,yes,missing,,yes,9.2,2026-09-04
unesco_whc,unesco_whc,Major Town Houses of the Architect Victor Horta,Q1426014,50.81667,4.35,25,,yes,missing,,yes,9.5,2026-09-04
unesco_whc,unesco_whc,The Vineyard Landscape of Piedmont: Langhe-Roero and Monferrato,Q17296768,44.65194,7.99417,25,,yes,missing,,yes,8.8,2026-09-04
unesco_tentative,unesco_tentative,Sila National Park,Q1091298,39.37611,16.59194,25,,yes,missing,,yes,2.9,2026-09-04
unesco_tentative,unesco_tentative,Port-Cros National Park,Q388279,43.00417,6.39528,25,,yes,missing,,yes,2.9,2026-09-04
unesco_tentative,unesco_tentative,Bou-Hedma National Park,Q894937,34.41667,9.5,25,,yes,missing,,yes,2.9,2026-09-04
unesco_tentative,unesco_tentative,Messene,Q1022117,37.05,22.0,25,,yes,missing,,yes,4.4,2026-09-04
national_park,national_park,Sonfjället National Park,Q691597,62.27749,13.55175,25,,yes,missing,,yes,3.4,2026-09-04
national_park,national_park,Port-Cros National Park,Q388279,43.00417,6.39528,25,,yes,missing,,yes,3.4,2026-09-04
national_park,national_park,Gran Sasso e Monti della Laga National Park,Q1027914,42.49065,13.49524,25,,yes,missing,,yes,3.4,2026-09-04
national_park,national_park,Sila National Park,Q1091298,39.37611,16.59194,25,,yes,missing,,yes,3.4,2026-09-04
national_park,national_park,Bou-Hedma National Park,Q894937,34.41667,9.5,25,,yes,missing,,yes,3.4,2026-09-04
national_park,national_park,Slovak Karst National Park,Q1351150,48.579,20.544,25,,yes,missing,,yes,6.8,2026-09-04
national_park,national_park,Söderåsen National Park,Q1530442,56.02414,13.23009,25,,yes,missing,,yes,4.9,2026-09-04
national_park,national_park,The Broads,Q1999046,52.66667,1.5,25,6275,yes,missing,,yes,3.4,2026-09-04
national_park,national_park,Krkonoše National Park,Q2043817,50.73611,15.74028,25,,yes,missing,,yes,4.2,2026-09-04
gb_market_town,market_town,Thame,Q2094727,51.75,-0.97,24,11072,yes,missing,,yes,2.6,2026-09-04
gb_market_town,market_town,Lampeter,Q728477,52.1202,-4.0821,24,2505,yes,missing,,yes,1.7,2026-09-04
gb_market_town,market_town,Kingsbridge,Q774099,50.2833,-3.7765,24,5521,yes,missing,,yes,1.7,2026-09-04
unesco_whc,unesco_whc,Spišská Kapitula,Q1042821,49.00056,20.74111,24,,yes,missing,,yes,7.6,2026-09-04
unesco_tentative,unesco_tentative,Justiniana Prima,Q164205,42.952,21.67,24,,yes,missing,,yes,2.9,2026-09-04
unesco_tentative,unesco_tentative,Samtavisi Cathedral,Q1269808,42.00611,44.40917,24,,yes,missing,,yes,3.7,2026-09-04
unesco_tentative,unesco_tentative,Retezat Mountains,Q389426,45.36667,22.86667,24,,yes,missing,,yes,4.4,2026-09-04
unesco_tentative,unesco_tentative,Lixus,Q923835,35.19873,-6.11037,24,,yes,missing,,yes,2.9,2026-09-04
unesco_tentative,unesco_tentative,Mudurnu,Q967446,40.46667,31.21667,24,25550,yes,missing,,yes,2.9,2026-09-04
unesco_tentative,unesco_tentative,Yıldız Hamidi Mosque,Q1573438,41.04941,29.00994,24,,yes,missing,,yes,5.4,2026-09-04
unesco_tentative,unesco_tentative,Zeugma,Q196987,37.05861,37.86583,24,,yes,missing,,yes,2.9,2026-09-04
national_park,national_park,Padjelanta National Park,Q692011,67.41002,16.72186,24,,yes,missing,,yes,4.2,2026-09-04
national_park,national_park,Wicklow Mountains National Park,Q3364505,53.018,-6.398,24,,yes,missing,,yes,3.4,2026-09-04
national_park,national_park,Ånderdalen National Park,Q271087,69.2,17.26667,24,,yes,missing,,yes,3.4,2026-09-04
national_park,national_park,Hardangervidda National Park,Q1140044,60.13333,7.5,24,,yes,missing,,yes,3.4,2026-09-04
national_park,national_park,Djurö National Park,Q640485,58.8468,13.46525,24,,yes,missing,,yes,3.4,2026-09-04
national_park,national_park,Curonian Spit National Park,Q1520511,55.481,21.097,24,,yes,missing,,yes,4.9,2026-09-04
national_park,national_park,Pieniny National Park,Q1783680,49.4,20.45694,24,,yes,missing,,yes,5.5,2026-09-04
national_park,national_park,Calanques National Park,Q2600427,43.20944,5.44917,24,,yes,missing,,yes,5.9,2026-09-04
biosphere_reserve,national_park,Cabo de Gata-Níjar Natural Park,Q548667,36.9,-2.03,24,,yes,missing,,yes,3.4,2026-09-04
gb_market_town,market_town,Winslow,Q1113295,51.94028,-0.88694,23,4407,yes,missing,,yes,2.6,2026-09-04
gb_market_town,market_town,Downham Market,Q1253266,52.6,0.39,23,6730,yes,missing,,yes,1.7,2026-09-04
gb_market_town,market_town,Broseley,Q267054,52.61236,-2.48194,23,4912,yes,missing,,yes,4.3,2026-09-04
gb_market_town,market_town,Driffield,Q611046,54.005,-0.438,23,11477,yes,missing,,yes,1.7,2026-09-04
unesco_whc,unesco_whc,Churches of the Pskov School of Architecture,Q66053233,57.8072,28.3286,23,,yes,missing,,yes,7.6,2026-09-04
unesco_whc,unesco_whc,porticoes of Bologna,Q3909051,44.49139,11.33278,23,,yes,missing,,yes,8.3,2026-09-04
unesco_whc,unesco_whc,Historic Areas of Istanbul,Q5773394,41.00847,28.97993,23,,yes,missing,,yes,7.6,2026-09-04
unesco_whc,unesco_whc,King's House on Schachen,Q256160,47.4197,11.11259,23,,yes,missing,,yes,8.0,2026-09-04
unesco_whc,unesco_whc,Upper German-Raetian Limes,Q17374397,49.79639,9.1575,23,,yes,missing,,yes,7.2,2026-09-04
unesco_tentative,unesco_tentative,Armenian Cathedral of the Holy Cross,Q1281985,38.34167,43.03528,23,,yes,missing,,yes,2.9,2026-09-04
unesco_tentative,unesco_tentative,Sagalassos,Q279191,37.67806,30.51944,23,,yes,missing,,yes,2.9,2026-09-04
unesco_tentative,unesco_tentative,Franja Partisan Hospital,Q1003498,46.15403,14.02822,23,,yes,missing,,yes,5.8,2026-09-04
unesco_tentative,unesco_tentative,Kaunos,Q608095,36.82827,28.62584,23,,yes,missing,,yes,2.9,2026-09-04
unesco_tentative,unesco_tentative,El Kala National Park,Q650992,36.81667,8.41667,23,,yes,missing,,yes,2.9,2026-09-04
unesco_tentative,unesco_tentative,Gurk Cathedral,Q701301,46.875,14.2936,23,,yes,missing,,yes,3.7,2026-09-04
unesco_tentative,unesco_tentative,Tyras,Q2019115,46.20095,30.35054,23,,yes,missing,,yes,3.7,2026-09-04
unesco_tentative,unesco_tentative,Kaloža Church,Q2986701,53.67841,23.81861,23,,yes,missing,,yes,2.9,2026-09-04
national_park,national_park,Rago National Park,Q528924,67.43333,15.98333,23,,yes,missing,,yes,3.4,2026-09-04
national_park,national_park,Björnlandet National Park,Q119150,63.97404,18.01487,23,,yes,missing,,yes,3.4,2026-09-04
national_park,national_park,El Kala National Park,Q650992,36.81667,8.41667,23,,yes,missing,,yes,3.4,2026-09-04
national_park,national_park,Vikos–Aoös National Park,Q376436,39.92472,20.76194,23,,yes,missing,,yes,5.9,2026-09-04
national_park,national_park,Maiella National Park,Q1085735,42.08194,14.06,23,,yes,missing,,yes,3.4,2026-09-04
national_park,national_park,Arcipelago Toscano National Park,Q1111568,42.82495,10.26874,23,,yes,missing,,yes,3.4,2026-09-04
national_park,national_park,Vesuvius National Park,Q635414,40.817,14.427,23,,yes,missing,,yes,7.2,2026-09-04
national_park,national_park,Wild Nephin National Park,Q805409,54.01667,-9.7,23,,yes,missing,,yes,3.4,2026-09-04
national_park,national_park,Divjakë-Karavasta National Park,Q1231952,40.92417,19.49306,23,,yes,missing,,yes,3.4,2026-09-04
national_park,national_park,Saltfjellet–Svartisen National Park,Q1391076,66.6,14.18333,23,,yes,missing,,yes,3.4,2026-09-04
national_park,national_park,Sharr Mountains National Park,Q1412844,42.20247,20.92464,23,,yes,missing,,yes,4.9,2026-09-04
national_park,national_park,Kosterhavet National Park,Q1438951,58.82683,11.00802,23,,yes,missing,,yes,4.9,2026-09-04
national_park,national_park,Haparanda Archipelago National Park,Q1891973,65.60491,23.76958,23,,yes,missing,,yes,4.2,2026-09-04
national_park,national_park,Skuleskogen National Park,Q1754183,63.11098,18.48417,23,,yes,missing,,yes,4.9,2026-09-04
national_park,national_park,Reisa National Park,Q2091798,69.2,21.96667,23,,yes,missing,,yes,3.4,2026-09-04
national_park,national_park,Färnebofjärden National Park,Q1505461,60.20121,16.78415,23,,yes,missing,,yes,3.4,2026-09-04
national_park,national_park,Jotunheimen National Park,Q1578584,61.5,8.36667,23,,yes,missing,,yes,3.4,2026-09-04
gb_market_town,market_town,Ringwood,Q1248943,50.85,-1.78,22,13602,yes,missing,,yes,2.6,2026-09-04
gb_market_town,market_town,St Ives,Q2569095,52.335,-0.0837,22,2099,yes,missing,,yes,1.7,2026-09-04
unesco_whc,unesco_whc,Abbey of Reichenau,Q679114,47.69874,9.06208,22,,yes,missing,,yes,8.6,2026-09-04
unesco_whc,unesco_whc,Royal Abbey of Hautecombe,Q63524,45.75278,5.83972,22,,yes,missing,,yes,6.6,2026-09-04
unesco_whc,unesco_whc,Southern Öland cultural landscape,Q396132,56.46667,16.55,22,,yes,missing,,yes,6.6,2026-09-04
unesco_whc,unesco_whc,Historic Monuments of Novgorod and Surroundings,Q1218832,58.51833,31.28556,22,,yes,missing,,yes,7.6,2026-09-04
unesco_whc,unesco_whc,Medina of Tunis,Q3106527,36.79903,10.17006,22,,yes,missing,,yes,8.8,2026-09-04
unesco_whc,unesco_whc,Tipasa,Q3529269,36.5951,2.44077,22,,yes,missing,,yes,6.6,2026-09-04
unesco_tentative,unesco_tentative,Antalya Mosque,Q1753844,36.88639,30.70444,22,,yes,missing,,yes,2.9,2026-09-04
national_park,national_park,Arcipelago di La Maddalena National Park,Q536703,41.2458,9.41185,22,,yes,missing,,yes,3.4,2026-09-04
national_park,national_park,Cheile Nerei-Beușnița National Park,Q168372,44.95119,21.8882,22,,yes,missing,,yes,5.9,2026-09-04
national_park,national_park,Øvre Dividal National Park,Q317225,68.63333,19.86667,22,,yes,missing,,yes,3.4,2026-09-04
national_park,national_park,Øvre Pasvik National Park,Q317253,69.09351,28.95053,22,,yes,missing,,yes,3.4,2026-09-04
national_park,national_park,Gargano National Park,Q382227,41.80611,15.925,22,,yes,missing,,yes,3.4,2026-09-04
national_park,national_park,Algeti National Park,Q3645592,41.72161,44.30231,22,,yes,missing,,yes,4.2,2026-09-04
national_park,national_park,Aspromonte National Park,Q778921,38.17,15.99,22,,yes,missing,,yes,5.9,2026-09-04
national_park,national_park,Stenshuvud National Park,Q1566469,55.65784,14.26992,22,,yes,missing,,yes,3.4,2026-09-04
national_park,national_park,Ängsö National Park,Q1568129,59.62361,18.76389,22,,yes,missing,,yes,3.4,2026-09-04
national_park,national_park,Dajti National Park,Q1968784,41.36583,19.92556,22,,yes,missing,,yes,3.4,2026-09-04
national_park,national_park,Muránska planina National Park,Q1968946,48.78333,20.03333,22,,yes,missing,,yes,4.2,2026-09-04
national_park,national_park,Losiny Ostrov National Park,Q1785861,55.86361,37.7775,22,,yes,missing,,yes,6.6,2026-09-04
unesco_geopark,national_park,Aspromonte National Park,Q778921,38.17,15.99,22,,yes,missing,,yes,5.9,2026-09-04
biosphere_reserve,national_park,Black Sea Biosphere Reserve,Q864774,46.29649,31.91856,22,,yes,missing,,yes,3.4,2026-09-04
gb_market_town,market_town,Melbourne,Q2494484,52.823,-1.429,21,4599,yes,missing,,yes,3.3,2026-09-04
gb_market_town,market_town,Easingwold,Q1277696,54.1198,-1.1897,21,4627,yes,missing,,yes,2.6,2026-09-04
gb_market_town,market_town,Ramsey,Q547659,52.45,-0.12,21,1894,yes,missing,,yes,1.7,2026-09-04
unesco_whc,unesco_whc,Medina of Sousse,Q608100,35.8278,10.6386,21,,yes,missing,,yes,7.6,2026-09-04
unesco_tentative,unesco_tentative,Olympiapark,Q383296,48.17,11.55167,21,,yes,missing,,yes,2.9,2026-09-04
unesco_tentative,unesco_tentative,Aizanoi,Q411571,39.2043,29.6105,21,,yes,missing,,yes,2.9,2026-09-04
unesco_tentative,unesco_tentative,Kamyana Mohyla,Q926255,46.94972,35.46944,21,,yes,missing,,yes,2.9,2026-09-04
unesco_tentative,unesco_tentative,Veliki Tabor Castle,Q606233,46.15469,15.65108,21,,yes,missing,,yes,2.9,2026-09-04
unesco_tentative,unesco_tentative,Ishak Pasha Palace,Q1501534,39.5206,44.12893,21,,yes,missing,,yes,2.9,2026-09-04
unesco_tentative,unesco_tentative,Derzhprom,Q1975624,50.00667,36.22708,21,,yes,missing,,yes,2.9,2026-09-04
unesco_tentative,unesco_tentative,Nicopolis ad Istrum,Q1987323,43.21722,25.61111,21,,yes,missing,,yes,2.9,2026-09-04
unesco_tentative,unesco_tentative,Djurdjura National Park,Q2580089,36.4667,4.1333,21,,yes,missing,,yes,2.9,2026-09-04
national_park,national_park,Folgefonna National Park,Q164798,60.0,6.33306,21,,yes,missing,,yes,3.4,2026-09-04
national_park,national_park,Junkerdal National Park,Q182981,66.88333,15.8,21,,yes,missing,,yes,3.4,2026-09-04
national_park,national_park,Jostedalsbreen National Park,Q185602,61.68333,6.98333,21,,yes,missing,,yes,4.2,2026-09-04
national_park,national_park,Dalby Söderskog National Park,Q962373,55.675,13.33056,21,,yes,missing,,yes,4.2,2026-09-04
national_park,national_park,Tomorr Mountain National Park,Q993154,40.7,20.13333,21,,yes,missing,,yes,3.4,2026-09-04
national_park,national_park,Gennargentu National Park,Q1425154,39.98972,9.32472,21,,yes,missing,,yes,4.2,2026-09-04
national_park,national_park,Sibillini Mountains National Park,Q1425191,42.906,13.195,21,,yes,missing,,yes,4.2,2026-09-04
national_park,national_park,Stabbursdalen National Park,Q1472424,69.98333,24.48333,21,,yes,missing,,yes,4.2,2026-09-04
national_park,national_park,Gutulia National Park,Q1557392,62.01667,12.16667,21,,yes,missing,,yes,4.2,2026-09-04
national_park,national_park,Norra Kvill National Park,Q1968993,57.76373,15.59357,21,,yes,missing,,yes,3.4,2026-09-04
national_park,national_park,Djurdjura National Park,Q2580089,36.4667,4.1333,21,,yes,missing,,yes,3.4,2026-09-04
it_borghi_piu_belli,beautiful_village,Sovana,Q1231483,42.65778,11.64597,20,,yes,missing,,yes,6.4,2026-09-04
gb_market_town,market_town,Brynmawr,Q1980175,51.796,-3.183,20,5245,yes,missing,,yes,4.3,2026-09-04
gb_market_town,market_town,Minchinhampton,Q1221589,51.70528,-2.18611,20,4849,yes,missing,,yes,3.3,2026-09-04
gb_market_town,market_town,Watlington,Q2334989,51.645,-1.008,20,2403,yes,missing,,yes,2.6,2026-09-04
unesco_whc,unesco_whc,Babelsberg Palace,Q702477,52.4076,13.0933,20,,yes,missing,,yes,8.6,2026-09-04
unesco_tentative,unesco_tentative,Odunpazarı,Q130470,39.75889,30.52583,20,404267,yes,missing,,yes,2.9,2026-09-04
unesco_tentative,unesco_tentative,Qasr al-Hayr al-Sharqi,Q1149473,35.07389,39.07111,20,,yes,missing,,yes,2.9,2026-09-04
unesco_tentative,unesco_tentative,Karatepe,Q1729026,37.29556,36.25361,20,,yes,missing,,yes,2.9,2026-09-04
unesco_tentative,unesco_tentative,Office National d'Études et de Recherches Aérospatiales,Q2007769,48.71222,2.23194,20,,yes,missing,,yes,5.8,2026-09-04
unesco_tentative,unesco_tentative,Lonjsko Polje Nature park,Q1933800,45.42,16.64,20,,yes,missing,,yes,2.9,2026-09-04
national_park,national_park,Alta Murgia National Park,Q680313,40.99,16.37,20,,yes,missing,,yes,5.5,2026-09-04
national_park,national_park,Garphyttan National Park,Q761227,59.28023,14.89284,20,,yes,missing,,yes,3.4,2026-09-04
national_park,national_park,Tbilisi National Park,Q277145,41.86667,44.93333,20,,yes,missing,,yes,4.9,2026-09-04
national_park,national_park,Val Grande National Park,Q358729,46.02917,8.45944,20,,yes,missing,,yes,5.5,2026-09-04
national_park,national_park,Burren National Park,Q3895694,53.01,-9.0,20,,yes,missing,,yes,3.4,2026-09-04
national_park,national_park,Store Mosse National Park,Q1398891,57.28494,13.94383,20,,yes,missing,,yes,3.4,2026-09-04
national_park,national_park,Malá Fatra National Park,Q1567025,49.21389,19.08083,20,,yes,missing,,yes,4.9,2026-09-04
national_park,national_park,Töfsingdalen National Park,Q1673310,62.16537,12.48009,20,,yes,missing,,yes,4.2,2026-09-04
national_park,national_park,Cabrera National Park,Q1968721,39.15833,2.96667,20,,yes,missing,,yes,3.4,2026-09-04
gb_market_town,market_town,Elland,Q2265847,53.683,-1.84,19,11676,yes,missing,,yes,3.3,2026-09-04
gb_market_town,market_town,Wirksworth,Q1612220,53.08,-1.57,19,4902,yes,missing,,yes,4.3,2026-09-04
unesco_whc,unesco_whc,Glienicke Palace,Q301684,52.4142,13.0953,19,,yes,missing,,yes,8.6,2026-09-04
unesco_whc,unesco_whc,Kokino,Q1326977,42.26361,21.95361,19,,yes,missing,,yes,5.1,2026-09-04
unesco_whc,unesco_whc,Colchic Rainforests and Wetlands,Q107694185,41.70222,41.95111,19,,yes,missing,,yes,7.6,2026-09-04
unesco_whc,unesco_whc,Sanctuary of the Madonna di San Luca,Q2004104,44.47915,11.29789,19,,yes,missing,,yes,8.3,2026-09-04
unesco_whc,unesco_whc,Durmitor National Park,Q3364446,43.1532,19.03687,19,,yes,missing,,yes,8.3,2026-09-04
unesco_whc,unesco_whc,Church of the Saviour at Berestove,Q2524402,50.43733,30.555,19,,yes,missing,,yes,7.6,2026-09-04
unesco_tentative,unesco_tentative,Sangarius Bridge,Q144629,40.73736,30.37276,19,,yes,missing,,yes,2.9,2026-09-04
unesco_tentative,unesco_tentative,Kokino,Q1326977,42.26361,21.95361,19,,yes,missing,,yes,2.9,2026-09-04
unesco_tentative,unesco_tentative,Águas Livres Aqueduct,Q623228,38.72667,-9.16667,19,,yes,missing,,yes,6.3,2026-09-04
unesco_tentative,unesco_tentative,Kremsmünster Abbey,Q688659,48.0545,14.129,19,,yes,missing,,yes,3.7,2026-09-04
unesco_tentative,unesco_tentative,Yererouk,Q2463289,40.43999,43.60918,19,,yes,missing,,yes,5.4,2026-09-04
unesco_tentative,unesco_tentative,Petrified forest of Lesbos,Q2910024,39.20361,25.87444,19,,yes,missing,,yes,2.9,2026-09-04
national_park,national_park,Saklıkent Canyon,Q79753,36.46878,29.40342,19,,yes,missing,,yes,4.9,2026-09-04
national_park,national_park,Wadden Sea National Park,Q3351830,55.25,8.48333,19,,yes,missing,,yes,3.4,2026-09-04
national_park,national_park,Durmitor National Park,Q3364446,43.1532,19.03687,19,,yes,missing,,yes,6.6,2026-09-04
national_park,national_park,Anárjohka National Park,Q317226,68.82916,24.64309,19,,yes,missing,,yes,3.4,2026-09-04
national_park,national_park,Asinara National Park,Q1091068,41.058,8.276,19,,yes,missing,,yes,3.4,2026-09-04
national_park,national_park,Synevyr National Nature Park,Q4420168,48.5,23.7,19,,yes,missing,,yes,3.4,2026-09-04
national_park,national_park,Blåfjella–Skjækerfjella National Park,Q887049,64.2168,13.10929,19,,yes,missing,,yes,3.4,2026-09-04
national_park,national_park,Dovre National Park,Q1252987,62.08333,9.53333,19,,yes,missing,,yes,3.4,2026-09-04
national_park,national_park,Tresticklan National Park,Q1270469,59.02559,11.75766,19,,yes,missing,,yes,4.2,2026-09-04
national_park,national_park,Møysalen National Park,Q1276455,68.51667,15.5,19,,yes,missing,,yes,3.4,2026-09-04
national_park,national_park,Varangerhalvøya National Park,Q1400776,70.33333,29.63333,19,,yes,missing,,yes,3.4,2026-09-04
national_park,national_park,Femundsmarka National Park,Q1404574,62.21667,12.11667,19,,yes,missing,,yes,4.9,2026-09-04
national_park,national_park,Mljet Nacionalni Park,Q1574010,42.7817,17.3852,19,,yes,missing,,yes,4.2,2026-09-04
national_park,national_park,Mtirala National Park,Q1951559,41.68419,41.85986,19,,yes,missing,,yes,5.9,2026-09-04
national_park,national_park,Vadvetjåkka National Park,Q1754204,68.54128,18.43266,19,,yes,missing,,yes,3.4,2026-09-04
national_park,national_park,Belezma National Park,Q2664184,35.58333,6.03333,19,,yes,missing,,yes,4.2,2026-09-04
national_park,national_park,Circeo National Park,Q2738134,41.235,13.064,19,,yes,missing,,yes,3.4,2026-09-04
unesco_geopark,national_park,Petrified forest of Lesbos,Q2910024,39.20361,25.87444,19,,yes,missing,,yes,3.4,2026-09-04
biosphere_reserve,national_park,Sierra de Grazalema Natural Park,Q1755037,36.7334,-5.386,19,,yes,missing,,yes,3.4,2026-09-04
biosphere_reserve,national_park,Circeo National Park,Q2738134,41.235,13.064,19,,yes,missing,,yes,3.4,2026-09-04
gb_market_town,market_town,Arnold,Q694780,53.0,-1.122,18,37768,yes,missing,,yes,3.3,2026-09-04
gb_market_town,market_town,Poulton-le-Fylde,Q2321329,53.847,-2.995,18,18115,yes,missing,,yes,1.7,2026-09-04
gb_market_town,market_town,Watton,Q2396339,52.57127,0.82586,18,6819,yes,missing,,yes,1.7,2026-09-04
gb_market_town,market_town,Barnet,Q2884709,51.6444,-0.1997,18,47359,yes,missing,,yes,5.4,2026-09-04
gb_market_town,market_town,Baldock,Q789348,51.98972,-0.18889,18,,yes,missing,,yes,1.7,2026-09-04
unesco_whc,unesco_whc,Vieux Lyon,Q8399,45.76306,4.82806,18,7000,yes,missing,,yes,7.6,2026-09-04
unesco_whc,unesco_whc,Château de Quéribus,Q667763,42.83667,2.62167,18,,yes,missing,,yes,6.6,2026-09-04
unesco_whc,unesco_whc,Kalwaria Zebrzydowska park,Q1280433,49.86032,19.67072,18,,yes,missing,,yes,8.3,2026-09-04
unesco_whc,unesco_whc,Way of Saint James UNESCO World Heritage Sites in France,Q2962473,45.18406,-0.72294,18,,yes,missing,,yes,5.9,2026-09-04
unesco_whc,unesco_whc,"The Causses and the Cévennes, Mediterranean agro-pastoral Cultural Landscape",Q10444176,44.2203,3.4731,18,,yes,missing,,yes,7.6,2026-09-04
unesco_tentative,unesco_tentative,Fernsehturm Stuttgart,Q14058,48.75575,9.19017,18,,yes,missing,,yes,6.1,2026-09-04
unesco_tentative,unesco_tentative,Bashtovë Fortress,Q65349,41.047,19.4967,18,,yes,missing,,yes,2.9,2026-09-04
unesco_tentative,unesco_tentative,Taforalt Cave,Q167862,34.81056,-2.40833,18,,yes,missing,,yes,2.9,2026-09-04
unesco_tentative,unesco_tentative,Karain Cave,Q1062421,37.07778,30.57083,18,,yes,missing,,yes,2.9,2026-09-04
unesco_tentative,unesco_tentative,Ukonsaari,Q390151,68.93878,27.29231,18,,yes,missing,,yes,2.9,2026-09-04
unesco_tentative,unesco_tentative,Rozhen Monastery,Q983725,41.53028,23.42639,18,,yes,missing,,yes,4.4,2026-09-04
unesco_tentative,unesco_tentative,Yıldız Park,Q1818005,41.04833,29.01556,18,,yes,missing,,yes,5.4,2026-09-04
unesco_tentative,unesco_tentative,Corycus,Q2167586,36.46528,34.15417,18,,yes,missing,,yes,2.9,2026-09-04
unesco_tentative,unesco_tentative,Birgi,Q2220449,38.25459,28.06545,18,1869,yes,missing,,yes,3.7,2026-09-04
unesco_tentative,unesco_tentative,Kekova,Q2666727,36.18333,29.88333,18,0,yes,missing,,yes,2.9,2026-09-04
unesco_tentative,unesco_tentative,"St. Nicholas Church, Demre",Q3671440,36.24472,29.98556,18,,yes,missing,,yes,2.9,2026-09-04
national_park,national_park,Al Hoceima National Park,Q3132083,35.18028,-4.12158,18,,yes,missing,,yes,3.4,2026-09-04
national_park,national_park,Tazekka National Park,Q385021,34.0827,-4.14624,18,,yes,missing,,yes,3.4,2026-09-04
national_park,national_park,Veľká Fatra National Park,Q958003,49.01667,19.11667,18,,yes,missing,,yes,5.5,2026-09-04
national_park,national_park,Galičica National Park,Q3515283,41.0,20.85,18,,yes,missing,,yes,6.3,2026-09-04
national_park,national_park,Prespa National Park,Q4988996,40.82556,20.89861,18,,yes,missing,,yes,5.5,2026-09-04
national_park,national_park,Appennino Tosco-Emiliano National Park,Q1761032,44.31833,10.24056,18,,yes,missing,,yes,4.2,2026-09-04
national_park,national_park,Orhei National Park,Q15838244,47.3,28.96667,18,,yes,missing,,yes,3.4,2026-09-04
national_park,national_park,Călimani National Park,Q3078198,47.127,25.168,18,,yes,missing,,yes,3.4,2026-09-04
it_borghi_piu_belli,beautiful_village,Borgo Valbelluna,Q61162252,46.062,12.07961,17,13410,yes,missing,,yes,6.4,2026-09-04
gb_market_town,market_town,Cheadle,Q1960322,52.9849,-1.9865,17,12027,yes,missing,,yes,3.3,2026-09-04
unesco_whc,unesco_whc,"Stonehenge, Avebury and Associated Sites",Q587584,51.1789,-1.82528,17,,yes,missing,,yes,8.3,2026-09-04
unesco_whc,unesco_whc,Pfaueninsel,Q677973,52.43444,13.13083,17,,yes,missing,,yes,8.6,2026-09-04
unesco_whc,unesco_whc,Douaumont ossuary,Q705054,49.20826,5.42367,17,,yes,missing,,yes,5.1,2026-09-04
unesco_whc,unesco_whc,Royal abbey of Saint-Remi,Q27969085,49.2434,4.0413,17,,yes,missing,,yes,8.3,2026-09-04
unesco_whc,unesco_whc,"Church of the Ascension, Kolomenskoye",Q220951,55.66722,37.67083,17,,yes,missing,,yes,9.0,2026-09-04
unesco_tentative,unesco_tentative,Neamț Monastery,Q598550,47.26955,26.20136,17,,yes,missing,,yes,2.9,2026-09-04
unesco_tentative,unesco_tentative,Hacı Bayram Mosque,Q769575,39.94444,32.85778,17,,yes,missing,,yes,2.9,2026-09-04
unesco_tentative,unesco_tentative,Royal Tombs of Selca e Poshtme,Q1796350,40.99048,20.51868,17,,yes,missing,,yes,6.1,2026-09-04
unesco_tentative,unesco_tentative,Table of Jugurtha,Q2391544,35.74429,8.37903,17,,yes,missing,,yes,2.9,2026-09-04
unesco_tentative,unesco_tentative,Church of Saint Peter,Q516472,36.20936,36.17806,17,,yes,missing,,yes,2.9,2026-09-04
unesco_tentative,unesco_tentative,Talassemtane National Park,Q3364481,35.18278,-5.23523,17,,yes,missing,,yes,3.7,2026-09-04
unesco_tentative,unesco_tentative,Kharpoot,Q8195601,38.70389,39.25,17,,yes,missing,,yes,2.9,2026-09-04
eu_heritage_label,capital_of_culture,Hambach Castle,Q523286,49.325,8.11861,17,,yes,missing,,yes,6.0,2026-09-04
national_park,national_park,Buila-Vânturarița National Park,Q568264,45.24,24.096,17,,yes,missing,,yes,4.9,2026-09-04
national_park,national_park,Semenic-Cheile Carașului National Park,Q82371,45.142,21.977,17,,yes,missing,,yes,4.2,2026-09-04
national_park,national_park,Lomsdal–Visten National Park,Q125085,65.57437,12.79358,17,,yes,missing,,yes,4.2,2026-09-04
national_park,national_park,Ytre Hvaler National Park,Q684121,59.01667,10.8,17,,yes,missing,,yes,4.2,2026-09-04
national_park,national_park,Chambi National Park,Q3364442,35.18,8.69519,17,,yes,missing,,yes,3.4,2026-09-04
national_park,national_park,Talassemtane National Park,Q3364481,35.18278,-5.23523,17,,yes,missing,,yes,4.2,2026-09-04
national_park,national_park,Breheimen National Park,Q905433,61.8,7.83333,17,,yes,missing,,yes,3.4,2026-09-04
national_park,national_park,Tara National Park,Q1266612,43.9067,19.305,17,,yes,missing,,yes,4.9,2026-09-04
national_park,national_park,Forollhogna National Park,Q1437916,62.63333,10.66667,17,,yes,missing,,yes,3.4,2026-09-04
national_park,national_park,Reinheimen National Park,Q1600845,62.16667,7.9,17,,yes,missing,,yes,3.4,2026-09-04
national_park,national_park,Rohkunborri National Park,Q1860450,68.56667,19.31667,17,,yes,missing,,yes,3.4,2026-09-04
national_park,national_park,Seiland National Park,Q2266782,70.38333,23.16667,17,,yes,missing,,yes,4.2,2026-09-04
national_park,national_park,Gouraya National Park,Q2664193,36.7667,5.1,17,,yes,missing,,yes,3.4,2026-09-04
national_park,national_park,Chrea National Park,Q2671600,36.4,2.86667,17,,yes,missing,,yes,4.9,2026-09-04
biosphere_reserve,national_park,Ugra National Park,Q4469149,54.02,35.34,17,,yes,missing,,yes,3.4,2026-09-04
biosphere_reserve,national_park,East Carpathian Transboundary Biosphere Reserve,Q332721,49.0,22.5,17,,yes,missing,,yes,6.3,2026-09-04
biosphere_reserve,national_park,Alibotoush,Q12271645,41.37703,23.62067,17,,yes,missing,,yes,4.2,2026-09-04
it_borghi_piu_belli,beautiful_village,Tellaro,Q519047,44.05807,9.93031,16,,yes,missing,,yes,7.4,2026-09-04
gb_market_town,market_town,Hingham,Q2568918,52.5791,0.98284,16,2078,yes,missing,,yes,1.7,2026-09-04
unesco_whc,unesco_whc,Fort Douaumont,Q186536,49.21667,5.43889,16,,yes,missing,,yes,5.1,2026-09-04
unesco_whc,unesco_whc,Gardens of Versailles,Q3162464,48.80806,2.10833,16,,yes,missing,,yes,8.3,2026-09-04
unesco_whc,unesco_whc,"Champagne hillsides, houses and cellars",Q20650698,49.0775,3.94611,16,,yes,missing,,yes,8.3,2026-09-04
unesco_tentative,unesco_tentative,Paimio Sanatorium,Q368706,60.46506,22.73477,16,,yes,missing,,yes,2.9,2026-09-04
unesco_tentative,unesco_tentative,Creswell Crags,Q2580424,53.2612,-1.19793,16,,yes,missing,,yes,3.7,2026-09-04
unesco_tentative,unesco_tentative,Mykolaiv Observatory,Q4320429,46.97285,31.97285,16,,yes,missing,,yes,2.9,2026-09-04
eu_heritage_label,capital_of_culture,Bois du Cazier,Q891068,50.38056,4.44278,16,,yes,missing,,yes,7.1,2026-09-04
national_park,national_park,Rodna National Park,Q663484,47.54,24.735,16,,yes,missing,,yes,3.4,2026-09-04
national_park,national_park,National Park - Fir of Hotova,Q1321758,40.30361,20.41111,16,,yes,missing,,yes,4.2,2026-09-04
national_park,national_park,Domogled-Valea Cernei National Park,Q2469996,45.093,22.624,16,,yes,missing,,yes,3.4,2026-09-04
national_park,national_park,Tlemcen National Park,Q2664197,34.70635,-1.45973,16,,yes,missing,,yes,3.4,2026-09-04
national_park,national_park,Taza National Park,Q2671615,36.7002,5.5594,16,,yes,missing,,yes,4.2,2026-09-04
biosphere_reserve,national_park,Lobau,Q263630,48.1833,16.5167,16,,yes,missing,,yes,6.6,2026-09-04
biosphere_reserve,national_park,Uzunbodzhak Reserve,Q12297191,41.97611,27.80167,16,,yes,missing,,yes,3.4,2026-09-04
gb_market_town,market_town,Llanybydder,Q2044159,52.0728,-4.15645,15,1420,yes,missing,,yes,1.7,2026-09-04
gb_market_town,market_town,Bentham,Q818249,54.118,-2.51,15,2994,yes,missing,,yes,1.7,2026-09-04
unesco_whc,unesco_whc,Ore Mountain Mining Region,Q1945612,50.4065,12.8373,15,,yes,missing,,yes,7.6,2026-09-04
unesco_whc,unesco_whc,Medina of Fez,Q2072102,34.0625,-4.9725,15,,yes,missing,,yes,7.6,2026-09-04
unesco_whc,unesco_whc,Drottningholm Palace Theatre,Q3058143,59.32307,17.885,15,,yes,missing,,yes,8.8,2026-09-04
unesco_whc,unesco_whc,Cathedral of the Nativity in Suzdal,Q2494499,56.41667,40.4425,15,,yes,missing,,yes,5.9,2026-09-04
unesco_tentative,unesco_tentative,Chatham Dockyard,Q1068204,51.39722,0.52778,15,,yes,missing,,yes,5.4,2026-09-04
unesco_tentative,unesco_tentative,Hoge Kempen National Park,Q1332374,51.0,5.66667,15,,yes,missing,,yes,4.4,2026-09-04
unesco_tentative,unesco_tentative,Doclea,Q252273,42.46811,19.26564,15,,yes,missing,,yes,4.4,2026-09-04
unesco_tentative,unesco_tentative,Thracian tomb of Aleksandrovo,Q596200,41.97972,25.73806,15,,yes,missing,,yes,2.9,2026-09-04
unesco_tentative,unesco_tentative,"Saint Paul's Church, Tarsus",Q2064336,36.91414,34.89779,15,,yes,missing,,yes,2.9,2026-09-04
unesco_tentative,unesco_tentative,Old Orhei,Q2382751,47.30139,28.9725,15,,yes,missing,,yes,2.9,2026-09-04
unesco_tentative,unesco_tentative,Ore Mountain Mining Region,Q1945612,50.4065,12.8373,15,,yes,missing,,yes,5.4,2026-09-04
unesco_tentative,unesco_tentative,El Feidja National Park,Q2717640,36.5,8.33333,15,,yes,missing,,yes,2.9,2026-09-04
unesco_tentative,unesco_tentative,Malabadi Bridge,Q3397053,38.15348,41.20373,15,,yes,missing,,yes,2.9,2026-09-04
national_park,national_park,Skarvan and Roltdalen National Park,Q185284,63.21667,11.41667,15,,yes,missing,,yes,3.4,2026-09-04
national_park,national_park,Appennino Lucano - Val d'Agri - Lagonegrese National Park,Q1325310,40.34,15.9,15,,yes,missing,,yes,4.2,2026-09-04
national_park,national_park,Hallingskarvet National Park,Q1571753,60.6,7.7,15,,yes,missing,,yes,3.4,2026-09-04
national_park,national_park,National Nature Park Skole Beskids,Q12501413,49.0658,23.3954,15,,yes,missing,,yes,4.2,2026-09-04
national_park,national_park,Thy National Park,Q1639749,56.947,8.422,15,,yes,missing,,yes,4.2,2026-09-04
national_park,national_park,Lierne National Park,Q1741175,64.3,13.9,15,,yes,missing,,yes,3.4,2026-09-04
national_park,national_park,Kazbegi National Park,Q16508549,42.5035,44.45404,15,,yes,missing,,yes,3.4,2026-09-04
national_park,national_park,El Feidja National Park,Q2717640,36.5,8.33333,15,,yes,missing,,yes,3.4,2026-09-04
es_conjunto_historico,heritage_town,Canal de Castilla,Q1032560,41.74944,-4.64694,14,,yes,missing,,yes,3.8,2026-09-04
es_conjunto_historico,heritage_town,Sardinero,Q2625348,43.47417,-3.7875,14,,yes,missing,,yes,3.8,2026-09-04
unesco_whc,unesco_whc,Church of the Redeemer,Q564199,52.42464,13.09647,14,,yes,missing,,yes,8.6,2026-09-04
unesco_whc,unesco_whc,Petroglyphs of Lake Onega and the White Sea,Q64808630,61.7299,36.01264,14,,yes,missing,,yes,7.6,2026-09-04
unesco_whc,unesco_whc,Chinese Pavilion at Drottningholm,Q2227225,59.31694,17.87861,14,,yes,missing,,yes,8.8,2026-09-04
unesco_whc,unesco_whc,Medina of Tétouan,Q3847588,35.57106,-5.36647,14,,yes,missing,,yes,7.6,2026-09-04
unesco_whc,unesco_whc,Canadian National Vimy Memorial,Q2561040,50.37944,2.77361,14,,yes,missing,,yes,5.9,2026-09-04
unesco_whc,unesco_whc,borders of the Roman Empire,Q4147903,54.99261,-2.601,14,,yes,missing,,yes,5.1,2026-09-04
unesco_whc,unesco_whc,Garrison Border Town of Elvas and its Fortifications,Q5524023,38.88056,-7.16333,14,,yes,missing,,yes,7.6,2026-09-04
unesco_whc,unesco_whc,Temple of Jupiter,Q21079381,34.00667,36.20333,14,,yes,missing,,yes,8.3,2026-09-04
unesco_tentative,unesco_tentative,Salginatobel Bridge,Q580046,46.98167,9.71833,14,,yes,missing,,yes,3.7,2026-09-04
unesco_tentative,unesco_tentative,Victoria Lines,Q633017,35.93188,14.4541,14,,yes,missing,,yes,6.8,2026-09-04
unesco_tentative,unesco_tentative,Mamure Castle,Q1524213,36.08083,32.89444,14,,yes,missing,,yes,2.9,2026-09-04
unesco_tentative,unesco_tentative,Yıldız Clock Tower,Q3394745,41.04989,29.00983,14,,yes,missing,,yes,5.4,2026-09-04
unesco_tentative,unesco_tentative,Norias of Hama,Q15262467,35.13528,36.75306,14,,yes,missing,,yes,2.9,2026-09-04
unesco_tentative,unesco_tentative,Zerzevan Castle,Q28806346,37.60833,40.49917,14,,yes,missing,,yes,3.7,2026-09-04
national_park,national_park,Sjunkhatten National Park,Q187592,67.42436,15.06226,14,,yes,missing,,yes,3.4,2026-09-04
national_park,national_park,České Švýcarsko National Park,Q3491338,50.8835,14.3893,14,,yes,missing,,yes,4.2,2026-09-04
national_park,national_park,Axios-Loudias-Aliakmonas Delta National Park,Q4121671,40.50971,22.66626,14,,yes,missing,,yes,4.9,2026-09-04
national_park,national_park,Mols Bjerge National Park,Q4994368,56.20747,10.51254,14,,yes,missing,,yes,3.4,2026-09-04
national_park,national_park,Langsua National Park,Q1350499,61.27833,9.51333,14,,yes,missing,,yes,3.4,2026-09-04
national_park,national_park,Kopaonik National Park,Q7253230,43.28528,20.8125,14,,yes,missing,,yes,4.9,2026-09-04
national_park,national_park,Fir of Drenovë National Park,Q1968796,40.56619,20.82549,14,,yes,missing,,yes,4.2,2026-09-04
national_park,national_park,Shtamë Pass National Park,Q1968995,41.52056,19.89806,14,,yes,missing,,yes,3.4,2026-09-04
national_park,national_park,Lake Arpi National Park,Q16070157,41.05444,43.64306,14,,yes,missing,,yes,3.4,2026-09-04
biosphere_reserve,national_park,"Национальный парк ""Смоленское Поозерье""",Q3329986,55.5418,31.962,14,,yes,missing,,yes,3.4,2026-09-04
biosphere_reserve,national_park,Somiedo Natural Park,Q1466711,43.07,-6.22,14,,yes,missing,,yes,4.2,2026-09-04
es_conjunto_historico,heritage_town,Camino del Norte,Q829469,43.33833,-1.79,13,,yes,missing,,yes,4.7,2026-09-04
gb_market_town,market_town,Cowbridge,Q2145305,51.4605,-3.448,13,4063,yes,missing,,yes,2.6,2026-09-04
unesco_whc,unesco_whc,Belvedere on the Pfingstberg,Q454078,52.4187,13.059,13,,yes,missing,,yes,8.3,2026-09-04
unesco_whc,unesco_whc,Natural and Cultural Heritage of the Ohrid region,Q2215414,40.9007,20.66402,13,,yes,missing,,yes,8.6,2026-09-04
unesco_tentative,unesco_tentative,Blaca,Q1349993,43.29306,16.52944,13,,yes,missing,,yes,5.4,2026-09-04
unesco_tentative,unesco_tentative,Stratonicea,Q1361187,37.31383,28.0592,13,,yes,missing,,yes,2.9,2026-09-04
unesco_tentative,unesco_tentative,île Saint-Honorat,Q292148,43.50778,7.04583,13,,yes,missing,,yes,3.7,2026-09-04
unesco_tentative,unesco_tentative,Fortifications of Komárno,Q897468,47.75333,18.1375,13,,yes,missing,,yes,5.8,2026-09-04
unesco_tentative,unesco_tentative,Chemtou,Q1493784,36.4919,8.57619,13,,yes,missing,,yes,2.9,2026-09-04
unesco_tentative,unesco_tentative,Natural and Cultural Heritage of the Ohrid region,Q2215414,40.9007,20.66402,13,,yes,missing,,yes,6.3,2026-09-04
unesco_tentative,unesco_tentative,Rostov kremlin,Q4398506,57.18478,39.41655,13,,yes,missing,,yes,2.9,2026-09-04
unesco_tentative,unesco_tentative,Chandria,Q5071493,34.94278,32.99444,13,162,yes,missing,,yes,6.1,2026-09-04
unesco_tentative,unesco_tentative,Rusenski Lom Nature Park,Q11990991,43.69583,26.02861,13,,yes,missing,,yes,5.4,2026-09-04
national_park,national_park,Fulufjellet National Park,Q3364448,61.4,12.78333,13,,yes,missing,,yes,3.4,2026-09-04
national_park,national_park,Fruška Gora National Park,Q1280258,45.16667,19.66667,13,,yes,missing,,yes,3.4,2026-09-04
national_park,national_park,Javakheti National Park,Q12871562,41.22964,43.38092,13,,yes,missing,,yes,3.4,2026-09-04
national_park,national_park,"Foreste Casentinesi, Monte Falterona, Campigna National Park",Q1787671,43.84333,11.79111,13,,yes,missing,,yes,4.9,2026-09-04
national_park,national_park,Machakhela National Park,Q16372161,41.52026,41.71967,13,,yes,missing,,yes,4.2,2026-09-04
national_park,national_park,National park Bjeshkët e Nemuna,Q26928875,42.66667,20.16667,13,,yes,missing,,yes,3.4,2026-09-04
national_park,national_park,Cozia National Park,Q3077873,45.367,24.265,13,,yes,missing,,yes,4.2,2026-09-04
biosphere_reserve,national_park,Bistrishko Branishte,Q2904841,42.56194,23.31444,13,,yes,missing,,yes,5.5,2026-09-04
unesco_whc,unesco_whc,Thiepval Memorial,Q1861419,50.05056,2.68583,12,,yes,missing,,yes,6.6,2026-09-04
unesco_whc,unesco_whc,Tyne Cot Cemetery,Q2369533,50.8875,2.99889,12,,yes,missing,,yes,6.6,2026-09-04
unesco_whc,unesco_whc,Hierapolis-Pamukkale,Q15924669,37.92389,29.12333,12,,yes,missing,,yes,8.0,2026-09-04
unesco_tentative,unesco_tentative,Astuvansalmi rock paintings,Q43967,61.44416,27.54414,12,,yes,missing,,yes,2.9,2026-09-04
unesco_tentative,unesco_tentative,Pietrosul Rodnei,Q153170,47.6,24.63,12,,yes,missing,,yes,3.7,2026-09-04
unesco_tentative,unesco_tentative,Southwest Alentejo and Vicentine Coast Natural Park,Q1548840,37.42606,-8.82027,12,,yes,missing,,yes,2.9,2026-09-04
unesco_tentative,unesco_tentative,Kibyra,Q1643467,37.16013,29.48921,12,,yes,missing,,yes,2.9,2026-09-04
unesco_tentative,unesco_tentative,El Mina,Q3777059,34.447,35.81783,12,,yes,missing,,yes,6.1,2026-09-04
unesco_tentative,unesco_tentative,Uzunköprü Bridge,Q6053470,41.27608,26.67669,12,,yes,missing,,yes,3.7,2026-09-04
unesco_tentative,unesco_tentative,Malounta,Q6744561,35.03571,33.18311,12,490,yes,missing,,yes,4.4,2026-09-04
unesco_tentative,unesco_tentative,Yesemek Quarry and Sculpture Workshop,Q26959195,36.90444,36.74583,12,,yes,missing,,yes,2.9,2026-09-04
national_park,national_park,Salzburger Lungau and Kärntner Nockberge,Q700204,46.9692,13.7256,12,,yes,missing,,yes,3.4,2026-09-04
national_park,national_park,Skadar Lake National Park,Q3364523,42.24,19.20972,12,,yes,missing,,yes,4.9,2026-09-04
national_park,national_park,Theniet El Had National Park,Q429470,35.85369,1.96831,12,,yes,missing,,yes,3.4,2026-09-04
national_park,national_park,National Nature Park Homilsha Woods,Q4143004,49.58333,36.33333,12,,yes,missing,,yes,3.4,2026-09-04
national_park,national_park,Boukornine National Park,Q2741018,36.688,10.3882,12,,yes,missing,,yes,6.6,2026-09-04
national_park,national_park,Defileul Jiului National Park,Q3078828,45.272,23.368,12,,yes,missing,,yes,5.5,2026-09-04
national_park,national_park,Ceahlău National Park,Q3081107,46.9563,25.939,12,,yes,missing,,yes,3.4,2026-09-04
biosphere_reserve,national_park,Roztochya Biosphere Reserve,Q4390628,49.95833,23.65,12,,yes,missing,,yes,4.2,2026-09-04
biosphere_reserve,national_park,Nordhordland,Q176828,60.65,5.26667,12,,yes,missing,,yes,4.2,2026-09-04
biosphere_reserve,national_park,Salzburger Lungau and Kärntner Nockberge,Q700204,46.9692,13.7256,12,,yes,missing,,yes,3.4,2026-09-04
gb_market_town,market_town,Buttevant,Q1002149,52.233,-8.667,11,,yes,missing,,yes,1.7,2026-09-04
unesco_whc,unesco_whc,Church of St. George,Q878986,47.68917,9.08222,11,,yes,missing,,yes,8.6,2026-09-04
unesco_whc,unesco_whc,Pyrénées – Mont Perdu World Heritage Site,Q3411434,42.65,0.05,11,,yes,missing,,yes,7.6,2026-09-04
unesco_whc,unesco_whc,Park of Versailles,Q2340684,48.80806,2.10833,11,,yes,missing,,yes,8.3,2026-09-04
unesco_whc,unesco_whc,Monuments of Oviedo and the Kingdom of the Asturias,Q10588848,43.37889,-5.86583,11,,yes,missing,,yes,5.9,2026-09-04
unesco_whc,unesco_whc,"Climats, terroirs of Burgundy",Q20650612,47.05806,4.86444,11,,yes,missing,,yes,7.6,2026-09-04
unesco_tentative,unesco_tentative,Alahan Monastery,Q94668,36.77944,33.36556,11,,yes,missing,,yes,2.9,2026-09-04
unesco_tentative,unesco_tentative,Hanbury botanical gardens,Q894646,43.78297,7.55448,11,,yes,missing,,yes,4.4,2026-09-04
unesco_tentative,unesco_tentative,Klirou,Q672215,35.02132,33.17787,11,1847,yes,missing,,yes,4.9,2026-09-04
unesco_tentative,unesco_tentative,Church of San Salvador de Valdediós,Q1534305,43.43708,-5.50658,11,,yes,missing,,yes,3.7,2026-09-04
unesco_tentative,unesco_tentative,Sufetula,Q1536583,35.24038,9.12032,11,,yes,missing,,yes,2.9,2026-09-04
unesco_tentative,unesco_tentative,Divnogorye,Q186369,50.96851,39.31316,11,,yes,missing,,yes,2.9,2026-09-04
unesco_tentative,unesco_tentative,Ribeira Sacra,Q3394276,42.38333,-7.61667,11,,yes,missing,,yes,2.9,2026-09-04
unesco_tentative,unesco_tentative,Chatam Sofer Memorial,Q4180493,48.14189,17.09188,11,,yes,missing,,yes,4.4,2026-09-04
unesco_tentative,unesco_tentative,Fikardou,Q5448228,34.95919,33.17135,11,15,yes,missing,,yes,5.4,2026-09-04
unesco_tentative,unesco_tentative,Palm Islands Nature Reserve,Q7128050,34.4927,35.7746,11,,yes,missing,,yes,6.1,2026-09-04
eu_heritage_label,capital_of_culture,Residencia de Estudiantes,Q1450424,40.44078,-3.68806,11,,yes,missing,,yes,6.5,2026-09-04
national_park,national_park,Mezyn National Nature Park,Q4288990,51.72065,33.01529,11,,yes,missing,,yes,3.4,2026-09-04
national_park,national_park,Sierra de las Nieves National Park,Q1420336,36.73,-4.98,11,,yes,missing,,yes,4.2,2026-09-04
national_park,national_park,Prokletije National Park,Q11955121,42.53167,19.91389,11,,yes,missing,,yes,3.4,2026-09-04
national_park,national_park,Lower Sula National Nature Park,Q12133699,49.6218,32.7284,11,,yes,missing,,yes,3.4,2026-09-04
national_park,national_park,Ormtjernkampen National Park,Q1851106,61.2,9.8,11,,yes,missing,,yes,3.4,2026-09-04
national_park,national_park,Láhko National Park,Q1790855,66.84167,14.23333,11,,yes,missing,,yes,3.4,2026-09-04
national_park,national_park,Færder National Park,Q14915623,59.15,10.51,11,,yes,missing,,yes,3.4,2026-09-04
national_park,national_park,Rodopi Mountain Range National Park,Q24953275,41.477,24.46,11,,yes,missing,,yes,3.4,2026-09-04
national_park,national_park,National Park Åsnen,Q27027158,56.61035,14.66129,11,,yes,missing,,yes,3.4,2026-09-04
national_park,national_park,Jomfruland national park,Q28033153,58.865,9.59611,11,,yes,missing,,yes,3.4,2026-09-04
national_park,national_park,Blå Jungfrun national park,Q32225934,57.25202,16.79349,11,,yes,missing,,yes,3.4,2026-09-04
national_park,national_park,National park Drina,Q65203551,44.00028,19.35,11,,yes,missing,,yes,4.9,2026-09-04
national_park,national_park,Schinias Marathon National Park,Q12876746,38.15111,24.02833,11,,yes,missing,,yes,4.9,2026-09-04
biosphere_reserve,national_park,Sierra de Aracena and Picos de Aroche Natural Park,Q1754073,37.95972,-6.58528,11,,yes,missing,,yes,3.4,2026-09-04
biosphere_reserve,national_park,Urdaibai,Q3118982,43.35,-2.68,11,,yes,missing,,yes,4.9,2026-09-04
biosphere_reserve,national_park,Doupki-Djindjiritza Biosphere reserve,Q5813917,42.02139,23.40806,11,,yes,missing,,yes,5.5,2026-09-04
biosphere_reserve,national_park,Sierra de las Nieves National Park,Q1420336,36.73,-4.98,11,,yes,missing,,yes,4.2,2026-09-04
it_borghi_piu_belli,beautiful_village,Montemarcello,Q3862288,44.04577,9.96572,10,,yes,missing,,yes,7.8,2026-09-04
es_conjunto_historico,heritage_town,Archaeological Ensemble of Mérida,Q15233334,38.91597,-6.33869,10,,yes,missing,,yes,5.4,2026-09-04
gb_market_town,market_town,St Mary Cray,Q123350,51.392,0.108,10,,yes,missing,,yes,5.2,2026-09-04
unesco_whc,unesco_whc,Babelsberg Park,Q315105,52.40539,13.09272,10,,yes,missing,,yes,8.6,2026-09-04
unesco_whc,unesco_whc,Wooden Hypostyle Mosques of Medieval Anatolia,Q64735123,38.75504,30.52958,10,,yes,missing,,yes,5.1,2026-09-04
unesco_whc,unesco_whc,Le Colline del Prosecco di Conegliano e Valdobbiadene,Q65029145,45.953,12.2261,10,,yes,missing,,yes,7.6,2026-09-04
unesco_whc,unesco_whc,Rachid Karami International Fair,Q116448209,34.43961,35.82591,10,,yes,missing,,yes,8.3,2026-09-04
unesco_whc,unesco_whc,Flow Country,Q1847928,58.3715,-3.65845,10,,yes,missing,,yes,5.9,2026-09-04
unesco_whc,unesco_whc,Birka and Hovgården,Q2904503,59.335,17.5425,10,,yes,missing,,yes,8.6,2026-09-04
unesco_whc,unesco_whc,Archaeological Ensemble of Mérida,Q15233334,38.91597,-6.33869,10,,yes,missing,,yes,6.6,2026-09-04
unesco_tentative,unesco_tentative,Flow Country,Q1847928,58.3715,-3.65845,10,,yes,missing,,yes,3.7,2026-09-04
unesco_tentative,unesco_tentative,Monumental church complex of Sant Pere de Terrassa,Q3054904,41.56694,2.01861,10,,yes,missing,,yes,5.4,2026-09-04
unesco_tentative,unesco_tentative,Ballıca Cave,Q4852313,40.2272,36.3014,10,,yes,missing,,yes,2.9,2026-09-04
unesco_tentative,unesco_tentative,Haji Bektash Veli complex,Q20474091,38.94278,34.56222,10,,yes,missing,,yes,2.9,2026-09-04
unesco_tentative,unesco_tentative,Medina of Sfax,Q22948835,34.73391,10.7608,10,,yes,missing,,yes,2.9,2026-09-04
unesco_tentative,unesco_tentative,Le Colline del Prosecco di Conegliano e Valdobbiadene,Q65029145,45.953,12.2261,10,,yes,missing,,yes,5.4,2026-09-04
national_park,national_park,Jebel Serj National Park,Q3364453,35.9367,9.54972,10,,yes,missing,,yes,3.4,2026-09-04
national_park,national_park,Sloboda National Nature Park,Q4315066,50.08583,35.21556,10,,yes,missing,,yes,3.4,2026-09-04
national_park,national_park,Dvorichna National Nature Park,Q6974736,49.85222,37.73333,10,,yes,missing,,yes,3.4,2026-09-04
national_park,national_park,Kongernes Nordsjælland,Q10594802,56.00996,12.33776,10,,yes,missing,,yes,5.9,2026-09-04
national_park,national_park,Bile Ozero National Nature Park,Q12086753,49.89597,31.57797,10,,yes,missing,,yes,3.4,2026-09-04
national_park,national_park,Hetman National Nature Park,Q12095915,50.4013,35.0175,10,,yes,missing,,yes,3.4,2026-09-04
national_park,national_park,Pyriatyn National Nature Park,Q12140602,50.23611,32.50111,10,,yes,missing,,yes,3.4,2026-09-04
national_park,national_park,Kintrishi Protected Landscape,Q12865783,41.682,42.039,10,,yes,missing,,yes,5.9,2026-09-04
national_park,national_park,Gotska Sandön National Park,Q17745939,58.36631,19.24606,10,,yes,missing,,yes,3.4,2026-09-04
unesco_geopark,national_park,Magma Geopark,Q13634276,58.435,6.052,10,,yes,missing,,yes,3.4,2026-09-04
biosphere_reserve,national_park,"Sierras de Cazorla, Segura y Las Villas Natural Park",Q1755523,38.08333,-2.75,10,,yes,missing,,yes,3.4,2026-09-04
biosphere_reserve,national_park,Ría de Ribadeo,Q3329979,43.53194,-7.02917,10,,yes,missing,,yes,3.4,2026-09-04
biosphere_reserve,national_park,Muniellos,Q3457636,43.03561,-6.68168,10,,yes,missing,,yes,3.4,2026-09-04
biosphere_reserve,national_park,Žuvintas,Q4181215,54.4833,23.55,10,,yes,missing,,yes,3.4,2026-09-04
biosphere_reserve,national_park,Křivoklátsko Protected Landscape Area,Q1429234,49.95889,13.88056,10,,yes,missing,,yes,4.9,2026-09-04
gb_market_town,market_town,Dover,Q179224,51.1275,1.31222,86,31022,yes,member_of,gem:white-cliffs-dover,no,3.3,2026-09-04
unesco_whc,unesco_whc,Delos,Q173148,37.38948,25.26904,80,24,yes,member_of,JMK,no,7.6,2026-09-04
it_borghi_piu_belli,beautiful_village,Vernazza,Q270328,44.13516,9.68385,62,729,yes,member_of,gem:riomaggiore,no,6.4,2026-09-04
it_borghi_piu_belli,beautiful_village,Amatrice,Q223427,42.62938,13.28837,62,2251,yes,member_of,gem:castelluccio-di-norcia,no,5.7,2026-09-04
it_borghi_piu_belli,beautiful_village,Bellano,Q43032,46.0432,9.3061,56,3420,yes,member_of,gem:como,no,6.4,2026-09-04
it_borghi_piu_belli,beautiful_village,Arrone,Q6248,42.58284,12.76916,54,2555,yes,member_of,gem:cascata-delle-marmore,no,6.4,2026-09-04
it_borghi_piu_belli,beautiful_village,Monforte d'Alba,Q20191,44.58333,7.96667,53,1951,yes,member_of,gem:langhe,no,8.1,2026-09-04
it_borghi_piu_belli,beautiful_village,Sarnano,Q94966,43.03561,13.30073,53,3042,yes,member_of,gem:castelluccio-di-norcia,no,4.9,2026-09-04
it_borghi_piu_belli,beautiful_village,Arcevia,Q123540,43.48333,12.9396,52,4231,yes,member_of,gem:frasassi-caves,no,5.7,2026-09-04
unesco_tentative,unesco_tentative,Ayvalık,Q793383,39.31667,26.7,52,71063,yes,member_of,MJT,no,3.7,2026-09-04
it_borghi_piu_belli,beautiful_village,Stroncone,Q10907,42.49825,12.66274,51,4629,yes,member_of,gem:cascata-delle-marmore,no,5.7,2026-09-04
it_borghi_piu_belli,beautiful_village,Pietracamela,Q51460,42.52306,13.55333,51,218,yes,member_of,gem:campo-imperatore,no,4.9,2026-09-04
it_borghi_piu_belli,beautiful_village,Penne,Q51376,42.45,13.91667,50,11165,yes,member_of,gem:campo-imperatore,no,4.9,2026-09-04
fr_plus_beaux_villages,beautiful_village,Piana,Q686108,42.23917,8.63639,48,452,yes,member_of,gem:calanques-de-piana,no,7.4,2026-09-04
fr_plus_beaux_villages,beautiful_village,Sant'Antonino,Q246317,42.58917,8.905,46,127,yes,member_of,CLY,no,5.7,2026-09-04
it_borghi_piu_belli,beautiful_village,Tremezzo,Q47181,45.98333,9.23333,46,1238,yes,member_of,gem:como,no,7.0,2026-09-04
unesco_whc,unesco_whc,Megalithic Temples of Malta,Q753383,36.04917,14.26944,46,,yes,member_of,gem:comino,no,7.2,2026-09-04
fr_plus_beaux_villages,beautiful_village,Venasque,Q475991,43.99611,5.14667,42,1082,yes,member_of,gem:provence-luberon,no,7.0,2026-09-04
fr_petites_cites,heritage_town,Arçais,Q663490,46.29611,-0.69111,40,615,yes,member_of,gem:marais-poitevin,no,3.8,2026-09-04
unesco_tentative,unesco_tentative,Kuressaare Castle,Q1768091,58.24689,22.47929,39,,yes,member_of,gem:saaremaa,no,2.9,2026-09-04
gb_market_town,market_town,Woolwich,Q1006232,51.49167,0.06667,32,84959,yes,member_of,gem:bromley,no,5.7,2026-09-04
gb_market_town,market_town,Ross-on-Wye,Q2057705,51.91389,-2.58694,28,9074,yes,member_of,gem:symonds-yat,no,2.6,2026-09-04
gb_market_town,market_town,Axminster,Q792596,50.78333,-3.0,28,5761,yes,member_of,gem:jurassic-coast,no,2.6,2026-09-04
unesco_whc,unesco_whc,Bom Jesus do Monte,Q2707216,41.5546,-8.3775,28,,yes,member_of,gem:peneda-geres,no,8.3,2026-09-04
gb_market_town,market_town,Ulverston,Q979357,54.193,-3.09,26,11524,yes,member_of,gem:lake-district,no,3.3,2026-09-04
unesco_tentative,unesco_tentative,Movile Cave,Q492760,43.82667,28.55722,25,,no,missing,,no,2.9,2026-09-04
gb_market_town,market_town,Axbridge,Q651889,51.287,-2.815,22,1997,yes,member_of,gem:cheddar-gorge,no,3.3,2026-09-04
unesco_whc,unesco_whc,Caves and Ice Age Art in the Swabian Jura,Q19285921,48.38778,9.76556,22,,no,missing,,no,8.0,2026-09-04
gb_market_town,market_town,Rhayader,Q1681386,52.31,-3.5,21,2088,yes,member_of,gem:devils-bridge-wales,no,2.6,2026-09-04
gb_market_town,market_town,Builth Wells,Q1003123,52.14,-3.41,20,2568,yes,member_of,gem:elan-valley,no,2.6,2026-09-04
gb_market_town,market_town,Egremont,Q2486621,54.484,-3.5306,20,7444,yes,member_of,gem:lake-district,no,3.8,2026-09-04
unesco_tentative,unesco_tentative,Down House,Q3038318,51.33139,0.05333,14,,yes,member_of,gem:bromley,no,6.3,2026-09-04
unesco_tentative,unesco_tentative,Church of St. George,Q3396254,40.98583,21.085,13,,yes,member_of,gem:prespa-lakes,no,4.4,2026-09-04
it_borghi_piu_belli,beautiful_village,Montemerano,Q1805319,42.62167,11.48806,11,,yes,member_of,gem:saturnia,no,5.7,2026-09-04
unesco_tentative,unesco_tentative,Sulcis,Q3503430,39.1,8.73336,11,,no,missing,,no,5.4,2026-09-04
unesco_tentative,unesco_tentative,Mathiatis,Q6787178,34.96325,33.33602,11,646,no,missing,,no,4.9,2026-09-04
it_borghi_piu_belli,beautiful_village,Castellaro Lagusello,Q3662253,45.37481,10.63678,9,,yes,missing,,no,8.3,2026-09-04
it_borghi_piu_belli,beautiful_village,Lingueglietta,Q3833022,43.8677,7.93127,9,,yes,missing,,no,4.9,2026-09-04
it_borghi_piu_belli,beautiful_village,Vho,Q18502522,44.87893,8.88889,9,,yes,missing,,no,4.9,2026-09-04
it_borghi_piu_belli,beautiful_village,Presicce-Acquarica,Q63851952,39.90323,18.25461,9,9237,yes,missing,,no,4.9,2026-09-04
unesco_whc,unesco_whc,Vladslo German war cemetery,Q572953,51.07056,2.92944,9,,yes,missing,,no,5.9,2026-09-04
unesco_whc,unesco_whc,Étaples Military Cemetery,Q2972667,50.53528,1.6225,9,,yes,missing,,no,5.1,2026-09-04
unesco_whc,unesco_whc,West Norwegian Fjords – Geirangerfjord and Nærøyfjord,Q12269990,60.96578,6.97769,9,,yes,missing,,no,8.0,2026-09-04
unesco_whc,unesco_whc,Cathedral and Churches of Echmiatsin and the Archaeological Site of Zvartnots,Q22026170,40.15931,44.29514,9,,yes,missing,,no,8.0,2026-09-04
unesco_tentative,unesco_tentative,Beçin,Q2900550,37.27492,27.78906,9,4503,yes,missing,,no,2.9,2026-09-04
unesco_tentative,unesco_tentative,Universidad Laboral de Gijón,Q5196648,43.5241,-5.61351,9,,yes,missing,,no,3.7,2026-09-04
unesco_tentative,unesco_tentative,Kızılırmak Delta,Q6005979,41.65,36.05,9,,yes,missing,,no,2.9,2026-09-04
unesco_tentative,unesco_tentative,Neolithic Dwellings Museum,Q6993182,42.4243,25.6101,9,,yes,missing,,no,3.7,2026-09-04
unesco_tentative,unesco_tentative,Gokstad Mound,Q11972326,59.14076,10.25313,9,,yes,missing,,no,2.9,2026-09-04
unesco_tentative,unesco_tentative,Mahmut Bey Mosque,Q21526534,41.48053,33.68802,9,,yes,missing,,no,2.9,2026-09-04
national_park,national_park,Boikivshchyna National Nature Park,Q63284212,49.07722,22.95472,9,,yes,missing,,no,5.9,2026-09-04
national_park,national_park,Vjosa Wild River National Park,Q117389705,40.12417,20.4325,9,,yes,missing,,no,4.9,2026-09-04
national_park,national_park,Albanian Alps National Park,Q123510408,42.45549,19.63819,9,,yes,missing,,no,3.4,2026-09-04
national_park,national_park,Pantelleria National Park,Q26736078,36.79083,11.99389,9,,yes,missing,,no,3.4,2026-09-04
biosphere_reserve,national_park,Ohrid-Prespa Transboundary Biosphere Reserve (Republic of Albania / North Macedonia),Q22680822,41.01,20.7,9,,yes,missing,,no,7.2,2026-09-04
biosphere_reserve,national_park,Schorfheide-Chorin Biosphere Reserve,Q314279,53.0,13.4,9,,yes,missing,,no,3.4,2026-09-04
biosphere_reserve,national_park,Montseny Natural Park,Q1401508,41.78,2.4,9,,yes,missing,,no,4.2,2026-09-04
biosphere_reserve,national_park,Las Ubiñas - La Mesa Natural Park,Q5838648,43.03678,-5.95493,9,,yes,missing,,no,4.9,2026-09-04
it_borghi_piu_belli,beautiful_village,Strassoldo,Q2258943,45.86013,13.32234,8,,yes,missing,,no,7.0,2026-09-04
it_borghi_piu_belli,beautiful_village,Castelponzone,Q3663020,45.06222,10.31333,8,,yes,missing,,no,8.1,2026-09-04
it_borghi_piu_belli,beautiful_village,Clauiano,Q3680294,45.93087,13.334,8,,yes,missing,,no,7.0,2026-09-04
it_borghi_piu_belli,beautiful_village,Torre Alfina,Q3995125,42.75439,11.94572,8,,yes,missing,,no,6.4,2026-09-04
it_borghi_piu_belli,beautiful_village,Lollove,Q18449160,40.36495,9.33235,8,,no,missing,,no,4.9,2026-09-04
it_borghi_piu_belli,beautiful_village,Toppo,Q18449189,46.2014,12.82927,8,,yes,missing,,no,4.9,2026-09-04
unesco_whc,unesco_whc,Routes of Santiago de Compostela: Camino Francés and Routes of Northern Spain,Q39081159,43.335,-6.41472,8,,yes,member_of,gem:pravia,no,5.1,2026-09-04
unesco_whc,unesco_whc,Evaporitic Karst and Caves of Northern Apennines,Q122730699,44.37994,10.38892,8,,yes,missing,,no,5.1,2026-09-04
unesco_whc,unesco_whc,Neuville-St Vaast German war cemetery,Q1850310,50.34222,2.75417,8,,yes,missing,,no,5.9,2026-09-04
unesco_whc,unesco_whc,"Beaches of the D-Day Landings, Normandy, 1944",Q3390891,49.37085,-0.87959,8,,yes,missing,,no,5.9,2026-09-04
unesco_whc,unesco_whc,Saint Julien Memorial,Q4350430,50.89947,2.94061,8,,yes,missing,,no,6.6,2026-09-04
unesco_whc,unesco_whc,Limes Dacicus,Q14752597,47.18079,23.15941,8,,no,missing,,no,5.1,2026-09-04
unesco_tentative,unesco_tentative,Eflatunpınar,Q844601,37.8257,31.6747,8,,yes,missing,,no,4.4,2026-09-04
unesco_tentative,unesco_tentative,Villa Bloemenwerf,Q957722,50.79583,4.34333,8,,yes,missing,,no,7.3,2026-09-04
unesco_tentative,unesco_tentative,"Beaches of the D-Day Landings, Normandy, 1944",Q3390891,49.37085,-0.87959,8,,yes,missing,,no,3.7,2026-09-04
unesco_tentative,unesco_tentative,Sultan Bayezid II Complex,Q6055477,41.68586,26.54411,8,,yes,missing,,no,5.4,2026-09-04
unesco_tentative,unesco_tentative,Janj,Q12640322,44.14167,17.26667,8,,yes,missing,,no,5.4,2026-09-04
unesco_tentative,unesco_tentative,Vespasian Titus Tunnel,Q18926963,36.12278,35.92917,8,,yes,missing,,no,2.9,2026-09-04
national_park,national_park,National Park Skjoldungernes Land,Q12335729,55.655,11.98,8,,yes,missing,,no,6.3,2026-09-04
national_park,national_park,Zall-Gjoçaj National Park,Q1969108,41.52056,19.89806,8,,yes,missing,,no,3.4,2026-09-04
national_park,national_park,Zembra and Zembretta Islands National Park,Q2090073,37.1,10.8,8,,yes,missing,,no,4.9,2026-09-04
national_park,national_park,Lofotodden National Park,Q56980144,68.01697,13.02313,8,,yes,missing,,no,3.4,2026-09-04
national_park,national_park,Evros Delta National Park,Q12876743,40.78333,26.03333,8,,yes,missing,,no,3.4,2026-09-04
unesco_geopark,national_park,Muskau Bend Landscape Park,Q896068,51.5492,14.5817,8,,yes,missing,,no,4.9,2026-09-04
biosphere_reserve,national_park,Zembra and Zembretta Islands National Park,Q2090073,37.1,10.8,8,,yes,missing,,no,4.9,2026-09-04
biosphere_reserve,national_park,Cuenca Alta del Río Manzanares,Q3383761,40.67,-3.89,8,,yes,missing,,no,6.3,2026-09-04
biosphere_reserve,national_park,Lower Prut,Q5243549,45.7,28.18333,8,,yes,missing,,no,3.4,2026-09-04
biosphere_reserve,national_park,Five-country Biosphere Reserve Mura-Drava-Danube,Q85787055,45.93056,18.92611,8,,yes,missing,,no,3.4,2026-09-04
fr_plus_beaux_villages,beautiful_village,Yèvre-le-Châtel,Q2175251,48.16,2.33389,7,210,yes,missing,,no,5.7,2026-09-04
fr_plus_beaux_villages,beautiful_village,Peyre,Q3067362,44.09083,2.99861,7,,yes,missing,,no,5.7,2026-09-04
fr_petites_cites,heritage_town,Châteaugiron,Q30051100,48.04806,-1.50306,7,10845,yes,missing,,no,3.8,2026-09-04
it_borghi_piu_belli,beautiful_village,Montefabbri,Q3862239,43.81325,12.69951,7,,yes,missing,,no,8.1,2026-09-04
it_borghi_piu_belli,beautiful_village,Vigoleno,Q4011584,44.81665,9.90121,7,,yes,missing,,no,4.9,2026-09-04
it_borghi_piu_belli,beautiful_village,Foglia,Q18454111,42.33129,12.47393,7,,no,missing,,no,8.1,2026-09-04
it_borghi_piu_belli,beautiful_village,Raggiolo,Q18485926,43.67657,11.71128,7,,yes,missing,,no,6.4,2026-09-04
it_borghi_piu_belli,beautiful_village,San Giorgio di Valpolicella,Q18505513,45.53502,10.84957,7,240,yes,missing,,no,7.4,2026-09-04
es_conjunto_historico,heritage_town,University City of Madrid,Q49101402,40.44461,-3.72788,7,,yes,missing,,no,7.3,2026-09-04
es_conjunto_historico,heritage_town,Nuestra Señora de las Fuentes,Q821204,41.74,-0.29,7,,yes,missing,,no,3.8,2026-09-04
es_conjunto_historico,heritage_town,Real Monasterio de San Martín de Castañeda,Q1305084,42.13528,-6.72,7,,yes,missing,,no,4.7,2026-09-04
es_conjunto_historico,heritage_town,Baños de Panticosa,Q2881472,42.76008,-0.23407,7,10,yes,missing,,no,5.4,2026-09-04
es_conjunto_historico,heritage_town,Castle of Soto,Q5757609,43.16333,-5.64444,7,,yes,missing,,no,5.4,2026-09-04
unesco_whc,unesco_whc,Dutch Water Defence Lines,Q64590253,52.05861,5.16833,7,,yes,missing,,no,8.6,2026-09-04
unesco_whc,unesco_whc,Fort de Loncin,Q1363576,50.67472,5.49194,7,,yes,missing,,no,7.6,2026-09-04
unesco_whc,unesco_whc,The Great Mosque of New Fez,Q85764284,34.05748,-4.99163,7,,yes,missing,,no,7.6,2026-09-04
unesco_whc,unesco_whc,Bayonet Trench,Q3247141,49.2139,5.42528,7,,yes,missing,,no,5.1,2026-09-04
unesco_whc,unesco_whc,Rhaetian Railway in the Albula / Bernina Landscapes,Q2962401,46.4089,10.0197,7,,yes,missing,,no,7.2,2026-09-04
unesco_whc,unesco_whc,St Symphorien Military Cemetery,Q12013407,50.43228,4.01076,7,,yes,missing,,no,9.3,2026-09-04
unesco_tentative,unesco_tentative,Schöningen Spears,Q320796,52.1335,10.9893,7,,yes,missing,,no,3.7,2026-09-04
unesco_tentative,unesco_tentative,Ligurian Sea Cetacean Sanctuary,Q1537757,43.0,9.0,7,,yes,missing,,no,2.9,2026-09-04
unesco_tentative,unesco_tentative,Spaso-Preobrazhensky Cathedral in Pereslavl-Zalessky,Q1975595,56.73666,38.85237,7,,yes,missing,,no,2.9,2026-09-04
unesco_tentative,unesco_tentative,Vyatskoye,Q4130505,57.86556,40.26389,7,,yes,missing,,no,3.7,2026-09-04
unesco_tentative,unesco_tentative,Ruins of Tróia,Q10365480,38.48627,-8.88478,7,,yes,missing,,no,3.7,2026-09-04
unesco_tentative,unesco_tentative,Valle Salado,Q18286647,42.79954,-2.98524,7,,yes,missing,,no,3.7,2026-09-04
unesco_tentative,unesco_tentative,Panagia tis Angeloktistis,Q24914520,34.84757,33.571,7,,yes,missing,,no,4.4,2026-09-04
unesco_tentative,unesco_tentative,Jeyrakh-Assa museum-reserve,Q24934091,42.8005,44.995,7,,yes,missing,,no,2.9,2026-09-04
eu_heritage_label,capital_of_culture,"Holy Spirit Church, Javorca",Q18396713,46.23487,13.71981,7,,yes,missing,,no,3.9,2026-09-04
national_park,national_park,National Park Munții Măcinului,Q3368594,45.16667,28.3,7,,yes,missing,,no,3.4,2026-09-04
national_park,national_park,Gressåmoen National Park,Q1278568,64.25,13.16667,7,,no,missing,,no,3.4,2026-09-04
national_park,national_park,National Park of Eastern Macedonia and Thrace,Q12876742,41.00786,25.10539,7,,yes,missing,,no,3.4,2026-09-04
national_park,national_park,Jebel Chitana-Cape Negro National Park,Q20081150,37.10389,8.98083,7,,yes,missing,,no,3.4,2026-09-04
national_park,national_park,"National Park of Tzoumerka, Peristeri & Arachthos Gorge",Q26799672,39.55,21.0,7,,yes,missing,,no,4.2,2026-09-04
national_park,national_park,Raet National Park,Q28082020,58.43223,8.80005,7,,yes,missing,,no,3.4,2026-09-04
national_park,national_park,National park Šar Planina,Q109450874,42.0,20.75,7,,yes,missing,,no,5.5,2026-09-04
unesco_geopark,national_park,Madonie Regional Natural Park,Q3895556,37.88333,14.01667,7,,yes,missing,,no,4.9,2026-09-04
unesco_geopark,national_park,Hateg Country Dinosaur Geopark,Q5681288,45.51667,22.9,7,,yes,missing,,no,4.2,2026-09-04
unesco_geopark,national_park,Psiloritis Natural Park,Q7256056,35.22851,24.85416,7,,yes,missing,,no,4.9,2026-09-04
unesco_geopark,national_park,Basque Coast UNESCO Global Geopark,Q18518025,43.29808,-2.31007,7,,yes,missing,,no,5.9,2026-09-04
biosphere_reserve,national_park,West Polesie Transboundary Biosphere Reserve (Belarus/Poland/Ukraine),Q22678479,51.56,23.54,7,,yes,missing,,no,3.4,2026-09-04
biosphere_reserve,national_park,Middle Elbe Biosphere Reserve,Q322715,52.3818,11.9262,7,,yes,missing,,no,3.4,2026-09-04
biosphere_reserve,national_park,East Vättern Scarp landscape,Q10728476,57.8,14.31,7,,yes,missing,,no,3.4,2026-09-04
biosphere_reserve,national_park,Marismas del Odiel,Q14217415,37.23,-6.99,7,,yes,missing,,no,3.4,2026-09-04
fr_plus_beaux_villages,beautiful_village,La Garde-Guérin,Q904022,44.4775,3.93492,6,,yes,missing,,no,6.4,2026-09-04
es_conjunto_historico,heritage_town,Parc de Vallparadís,Q18005426,41.56,2.02,6,,yes,missing,,no,6.4,2026-09-04
es_conjunto_historico,heritage_town,Colegiata de Santa María,Q2984058,43.00991,-1.3194,6,,yes,missing,,no,3.8,2026-09-04
unesco_whc,unesco_whc,Beaumont-Hamel Newfoundland Memorial,Q813418,50.07384,2.64823,6,,yes,missing,,no,6.6,2026-09-04
unesco_whc,unesco_whc,"Budapest, including the Banks of the Danube, the Buda Castle Quarter and Andrássy Avenue",Q851122,47.48242,19.07067,6,,yes,missing,,no,7.6,2026-09-04
unesco_whc,unesco_whc,Schloss Großkühnau,Q870087,51.854,12.1796,6,,yes,missing,,no,7.6,2026-09-04
unesco_whc,unesco_whc,Archaeological site of Carthage,Q52284968,36.85788,10.33084,6,,yes,missing,,no,9.0,2026-09-04
unesco_whc,unesco_whc,Fromelles (Pheasant Wood) Military Cemetery,Q1469828,50.60777,2.85106,6,,yes,missing,,no,6.6,2026-09-04
unesco_whc,unesco_whc,Meuse-Argonne American Cemetery,Q2215301,49.33417,5.09333,6,,yes,missing,,no,5.1,2026-09-04
unesco_whc,unesco_whc,Palazzo Belimbau,Q3889631,44.41359,8.92817,6,,yes,missing,,no,7.6,2026-09-04
unesco_whc,unesco_whc,Neuve-Chapelle Indian Memorial,Q2917267,50.5751,2.77513,6,,yes,missing,,no,5.9,2026-09-04
unesco_whc,unesco_whc,High Coast/Kvarken Archipelago,Q10532185,63.06667,20.45,6,,yes,missing,,no,5.9,2026-09-04
unesco_whc,unesco_whc,Slatinski Izvor,Q12909548,41.5753,21.2169,6,,yes,missing,,no,5.1,2026-09-04
unesco_tentative,unesco_tentative,Basarabi Cave Complex,Q726336,44.16593,28.40492,6,,yes,missing,,no,2.9,2026-09-04
unesco_tentative,unesco_tentative,Zonnestraal,Q2743329,52.20056,5.15389,6,,yes,missing,,no,6.1,2026-09-04
unesco_tentative,unesco_tentative,Guérande salt marshes,Q3287427,47.2963,-2.45356,6,,yes,missing,,no,2.9,2026-09-04
unesco_tentative,unesco_tentative,Meanders of the Upper Daugava,Q4155225,55.88861,26.92278,6,,yes,missing,,no,2.9,2026-09-04
unesco_tentative,unesco_tentative,Birkenhead Park,Q4916438,53.393,-3.041,6,,yes,missing,,no,3.7,2026-09-04
unesco_tentative,unesco_tentative,Pulpí Geode,Q8963794,37.38174,-1.70197,6,,yes,missing,,no,3.7,2026-09-04
unesco_tentative,unesco_tentative,Kastelli Giant's Church,Q10544248,64.63132,24.71162,6,,yes,missing,,no,2.9,2026-09-04
unesco_tentative,unesco_tentative,Herľany Geyser,Q12019526,48.80111,21.4775,6,,yes,missing,,no,2.9,2026-09-04
unesco_tentative,unesco_tentative,Slatinski Izvor,Q12909548,41.5753,21.2169,6,,yes,missing,,no,2.9,2026-09-04
unesco_tentative,unesco_tentative,Mount Güllük-Termessos National Park,Q18844210,36.98833,30.46778,6,,yes,missing,,no,2.9,2026-09-04
unesco_tentative,unesco_tentative,Mausoleum of Hecatomnus,Q21526234,37.315,27.78275,6,,no,missing,,no,2.9,2026-09-04
national_park,national_park,Dghoumes National Park,Q3364445,34.07,8.511,6,,yes,missing,,no,3.4,2026-09-04
national_park,national_park,Jebel Zaghouan National Park,Q3364454,36.3519,10.1119,6,,yes,missing,,no,3.4,2026-09-04
national_park,national_park,Ainos National Park,Q3364522,38.145,20.66222,6,,yes,missing,,no,3.4,2026-09-04
national_park,national_park,Kotychi and Strofylia Wetlands National Park,Q16331019,38.12183,21.37094,6,,yes,missing,,no,3.4,2026-09-04
national_park,national_park,Skiritida forest,Q17574890,37.33339,22.38621,6,,yes,missing,,no,5.5,2026-09-04
national_park,national_park,Oued Zen National Park,Q23338878,36.87861,8.90361,6,,yes,missing,,no,3.4,2026-09-04
unesco_geopark,national_park,North Pennines,Q1332452,54.73333,-2.13333,6,,yes,missing,,no,4.2,2026-09-04
unesco_geopark,national_park,TERRA.vita Nature Park,Q1969869,52.26816,8.3551,6,,yes,missing,,no,3.4,2026-09-04
unesco_geopark,national_park,Luberon Regional Nature Park,Q2138343,43.87611,5.3975,6,,yes,missing,,no,4.2,2026-09-04
biosphere_reserve,national_park,Marais Audomarois biosphere reserve,Q3287367,50.78528,2.23222,6,,yes,missing,,no,3.4,2026-09-04
biosphere_reserve,national_park,Rhön Biosphere Reserve,Q864755,50.35,10.05,6,,yes,missing,,no,3.4,2026-09-04
biosphere_reserve,national_park,West Estonian Archipelago Biosphere Reserve,Q12369196,58.3,22.5,6,,yes,missing,,no,3.4,2026-09-04
biosphere_reserve,national_park,Intercontinental Biosphere Reserve of the Mediterranean,Q16624947,35.93,-5.59,6,,yes,missing,,no,4.9,2026-09-04
biosphere_reserve,national_park,Kristianstads Vattenrike Biosphere Reserve,Q1525232,56.02,14.09,6,,yes,missing,,no,3.4,2026-09-04
fr_plus_beaux_villages,beautiful_village,Évol,Q3592820,42.56889,2.25497,5,,yes,missing,,no,7.0,2026-09-04
es_conjunto_historico,heritage_town,Erill la Vall,Q4894311,42.5249,0.82586,5,105,yes,missing,,no,5.4,2026-09-04
es_conjunto_historico,heritage_town,Cóll,Q4894725,42.4728,0.77154,5,26,yes,missing,,no,6.4,2026-09-04
es_conjunto_historico,heritage_town,Bárcena Mayor,Q5004843,43.14309,-4.19346,5,57,yes,missing,,no,3.8,2026-09-04
es_conjunto_historico,heritage_town,Royal Artillery Factory of La Cavada,Q9067067,43.35191,-3.70853,5,,yes,missing,,no,3.8,2026-09-04
unesco_whc,unesco_whc,Archaeological Border complex of Hedeby and the Danevirke,Q55312553,54.46194,9.45411,5,,yes,missing,,no,7.6,2026-09-04
unesco_whc,unesco_whc,"The Palaces of King Ludwig II of Bavaria: Neuschwanstein, Linderhof, Schachen and Herrenchiemsee",Q64825541,47.41972,11.1125,5,,yes,missing,,no,8.0,2026-09-04
unesco_whc,unesco_whc,Cambrai Memorial to the Missing,Q1854219,50.13667,3.01528,5,,yes,missing,,no,5.9,2026-09-04
unesco_whc,unesco_whc,Canadian Cemetery No. 2,Q1874283,50.37729,2.76413,5,,yes,missing,,no,5.9,2026-09-04
unesco_whc,unesco_whc,Lijssenthoek Military Cemetery,Q1934651,50.82878,2.70106,5,,yes,missing,,no,5.1,2026-09-04
unesco_whc,unesco_whc,V.C. Corner Australian Cemetery and Memorial,Q2040499,50.61957,2.83367,5,,yes,missing,,no,5.9,2026-09-04
unesco_whc,unesco_whc,Lone Tree Cemetery,Q2076718,50.77444,2.86194,5,,yes,missing,,no,5.9,2026-09-04
unesco_whc,unesco_whc,Noyelles-sur-Mer Chinese Cemetery,Q2135937,50.18624,1.72284,5,,yes,missing,,no,5.1,2026-09-04
unesco_whc,unesco_whc,Aisne-Marne American Cemetery and Memorial,Q2972492,49.07945,3.29143,5,,yes,missing,,no,5.9,2026-09-04
unesco_whc,unesco_whc,Hyde Park Corner (Royal Berks) Cemetery,Q2326014,50.7375,2.88264,5,,yes,missing,,no,5.9,2026-09-04
unesco_whc,unesco_whc,Spanbroekmolen British Cemetery,Q2485005,50.77833,2.86708,5,,yes,missing,,no,5.9,2026-09-04
unesco_whc,unesco_whc,Villers–Bretonneux Australian National Memorial,Q2544355,49.88701,2.51291,5,,yes,missing,,no,7.6,2026-09-04
unesco_whc,unesco_whc,Berks Cemetery Extension,Q2686894,50.73806,2.882,5,,yes,missing,,no,5.9,2026-09-04
unesco_whc,unesco_whc,Navarin Ossuary: Monument to the Dead of the Champagne Armies,Q2873119,49.21853,4.54203,5,,yes,missing,,no,6.6,2026-09-04
unesco_whc,unesco_whc,historical centre of Yaroslavl,Q4204534,57.62361,39.8875,5,,yes,missing,,no,7.6,2026-09-04
unesco_whc,unesco_whc,Palazzo Giacomo Lomellini,Q3890188,44.41356,8.92966,5,,yes,missing,,no,7.6,2026-09-04
unesco_whc,unesco_whc,Prowse Point Military Cemetery,Q7252830,50.74383,2.89869,5,,yes,missing,,no,5.9,2026-09-04
unesco_whc,unesco_whc,Monte Perdido Massif,Q8554028,42.671,0.03088,5,,yes,missing,,no,7.6,2026-09-04
unesco_whc,unesco_whc,"Ibiza, Biodiversity and Culture",Q11918155,38.91114,1.43519,5,,yes,missing,,no,6.6,2026-09-04
unesco_whc,unesco_whc,church of San Miguel Arcángel,Q15126978,42.52103,-0.75967,5,,yes,missing,,no,5.1,2026-09-04
unesco_whc,unesco_whc,Old Town of Ávila with its Extra-Muros Churches,Q15839120,40.65639,-4.70011,5,,yes,missing,,no,8.0,2026-09-04
unesco_whc,unesco_whc,Richebourg-L'Avoue Portuguese National Cemetery,Q16507500,50.57347,2.77586,5,,yes,missing,,no,5.9,2026-09-04
unesco_tentative,unesco_tentative,Hauensuoli,Q3783669,59.80556,22.90682,5,,yes,missing,,no,2.9,2026-09-04
unesco_tentative,unesco_tentative,Lugares colombinos,Q4893570,37.2507,-6.8742,5,,yes,missing,,no,2.9,2026-09-04
unesco_tentative,unesco_tentative,Windmills in the Campo de Cartagena,Q6021025,37.6938,-1.02379,5,,yes,missing,,no,4.4,2026-09-04
unesco_tentative,unesco_tentative,Sânpetru Formation,Q7665377,45.5434,22.9101,5,,yes,missing,,no,3.7,2026-09-04
unesco_tentative,unesco_tentative,Romanesque portal of Ripoll Monastery,Q9065051,42.20139,2.19056,5,,yes,missing,,no,3.7,2026-09-04
unesco_tentative,unesco_tentative,The Tombstones of Ahlat the Urartian and Ottoman citadel,Q19610409,38.74252,42.45776,5,,yes,missing,,no,2.9,2026-09-04
unesco_tentative,unesco_tentative,state stud-farm estate of Mezőhegyes,Q25459542,46.3187,20.8178,5,,yes,missing,,no,2.9,2026-09-04
unesco_tentative,unesco_tentative,Eshab-ı Kehf Kulliye,Q27058189,38.24833,36.85528,5,,yes,missing,,no,2.9,2026-09-04
unesco_tentative,unesco_tentative,"The Palaces of King Ludwig II of Bavaria: Neuschwanstein, Linderhof, Schachen and Herrenchiemsee",Q64825541,47.41972,11.1125,5,,yes,missing,,no,5.8,2026-09-04
eu_heritage_label,capital_of_culture,World War I Eastern Front Cemetery No. 123,Q8512277,49.71778,21.06321,5,,yes,missing,,no,3.9,2026-09-04
national_park,national_park,Jebel Orbata National Park,Q3364452,34.3805,9.0565,5,,yes,missing,,no,3.4,2026-09-04
national_park,national_park,Jebel Zaghdoud National Park,Q16668928,35.94711,9.78575,5,,yes,missing,,no,4.2,2026-09-04
national_park,national_park,Kamianska Sich National Nature Park,Q63431762,47.00039,33.65319,5,,yes,missing,,no,3.4,2026-09-04
national_park,national_park,National Park Entre-Sambre-et-Meuse,Q115659522,50.075,4.33,5,,yes,missing,,no,5.9,2026-09-04
national_park,national_park,Prespa National Park,Q1988901,40.77222,21.07722,5,,yes,missing,,no,4.9,2026-09-04
unesco_geopark,national_park,North West Highlands Geopark,Q7057261,58.1167,-5.13333,5,,yes,missing,,no,3.4,2026-09-04
unesco_geopark,national_park,Granada UNESCO Global Geopark,Q101096033,37.60864,-2.80556,5,,yes,missing,,no,3.4,2026-09-04
biosphere_reserve,national_park,Gerês-Xurés Transboundary Biosphere Reserve,Q22680843,41.95,-8.25,5,,yes,missing,,no,4.2,2026-09-04
biosphere_reserve,national_park,Marine Nature Reserve of Miramare,Q3936840,45.7015,13.714,5,,yes,missing,,no,5.9,2026-09-04
biosphere_reserve,national_park,Oberlausitzer Heide - und Teichlandschaft Biosphere Reserve,Q160949,51.18,14.32,5,,yes,missing,,no,4.9,2026-09-04
biosphere_reserve,national_park,Schaalsee Biosphere Reserve,Q864765,53.6333,10.9667,5,,yes,missing,,no,5.5,2026-09-04
biosphere_reserve,national_park,Mancha Húmeda Biosphere Reserve,Q960695,39.3,-2.98,5,,yes,missing,,no,3.4,2026-09-04
biosphere_reserve,national_park,Großes Walsertal,Q22771887,47.13,9.55,5,,yes,missing,,no,4.9,2026-09-04
biosphere_reserve,national_park,Jabal Moussa Biosphere Reserve,Q22948575,34.0622,35.7694,5,,yes,missing,,no,6.6,2026-09-04
biosphere_reserve,national_park,Třeboňsko Protected Landscape Area,Q8465595,49.0002,14.8355,5,,yes,missing,,no,5.5,2026-09-04
biosphere_reserve,national_park,Steneto Biosphere Reserve,Q9079796,42.8,24.66667,5,,yes,missing,,no,4.2,2026-09-04
es_conjunto_historico,heritage_town,Church of San Andrés,Q5117073,42.1864,-3.90228,4,,yes,missing,,no,5.9,2026-09-04
es_conjunto_historico,heritage_town,Conjunto histórico artístico de Agüero,Q5660989,43.41333,-3.72278,4,189,yes,missing,,no,3.8,2026-09-04
es_conjunto_historico,heritage_town,Carmona,Q5752773,43.25411,-4.35827,4,150,yes,missing,,no,3.8,2026-09-04
es_conjunto_historico,heritage_town,Conjunt monumental d'Olèrdola,Q5783322,41.3016,1.70905,4,,yes,missing,,no,5.9,2026-09-04
es_conjunto_historico,heritage_town,Castle of Batres,Q8342185,40.2109,-3.92332,4,,yes,missing,,no,6.4,2026-09-04
unesco_whc,unesco_whc,St. Mihiel American Cemetery and Memorial,Q647265,48.9569,5.8524,4,,yes,missing,,no,5.9,2026-09-04
unesco_whc,unesco_whc,Sieglitzer Berg,Q870438,51.8666,12.3214,4,,yes,missing,,no,6.6,2026-09-04
unesco_whc,unesco_whc,Neuville-Saint-Vaast Czechoslovakian Cemetery,Q27479551,50.36583,2.74475,4,,yes,missing,,no,5.9,2026-09-04
unesco_whc,unesco_whc,cimetières de tombes médiévales stećci,Q29000652,43.09221,17.92405,4,,yes,missing,,no,7.2,2026-09-04
unesco_whc,unesco_whc,Romanian Military Cemetery of Soultzmatt,Q52989504,47.95631,7.2158,4,,yes,missing,,no,5.1,2026-09-04
unesco_whc,unesco_whc,"Ivrea, industrial city of the 20th century",Q109123298,45.4575,7.8692,4,,yes,missing,,no,7.6,2026-09-04
unesco_whc,unesco_whc,Mill Road Cemetery,Q2167127,50.06119,2.68325,4,,yes,missing,,no,6.6,2026-09-04
unesco_whc,unesco_whc,Pozieres Memorial,Q3059864,50.0345,2.71483,4,,yes,missing,,no,6.6,2026-09-04
unesco_whc,unesco_whc,Monte San Giorgio site fossils,Q3485435,45.88925,8.91462,4,,yes,missing,,no,8.3,2026-09-04
unesco_whc,unesco_whc,Cultural Landscape of Sintra,Q3848197,38.78839,-9.43382,4,,yes,missing,,no,8.8,2026-09-04
unesco_whc,unesco_whc,Assevent French-German War Cemetery,Q2292418,50.2918,4.01853,4,,yes,missing,,no,8.8,2026-09-04
unesco_whc,unesco_whc,Strand Military Cemetery,Q2299768,50.73275,2.88089,4,,yes,missing,,no,5.9,2026-09-04
unesco_whc,unesco_whc,Delville Wood South African National Memorial,Q2374137,50.02448,2.81268,4,,yes,missing,,no,6.6,2026-09-04
unesco_whc,unesco_whc,Ploegsteert Wood Military Cemetery,Q2384108,50.73697,2.89972,4,,yes,missing,,no,5.9,2026-09-04
unesco_whc,unesco_whc,Oeren military cemetery,Q2703783,51.02381,2.70464,4,,yes,missing,,no,5.9,2026-09-04
unesco_whc,unesco_whc,Rifle House Cemetery,Q2751673,50.73581,2.90103,4,,yes,missing,,no,5.9,2026-09-04
unesco_whc,unesco_whc,Ploegsteert Memorial to the Missing,Q2872987,50.73767,2.88208,4,,yes,missing,,no,5.9,2026-09-04
unesco_whc,unesco_whc,Lighthouse Hoek van 't IJ,Q2921152,52.37182,5.01406,4,,yes,missing,,no,8.6,2026-09-04
unesco_whc,unesco_whc,Buildings and architecture of Bath,Q4986623,51.3667,-2.35,4,,yes,missing,,no,8.9,2026-09-04
unesco_whc,unesco_whc,Hunter's Cemetery,Q5944106,50.07806,2.64972,4,,yes,missing,,no,6.6,2026-09-04
unesco_whc,unesco_whc,Mud Corner Cemetery,Q6931339,50.74233,2.89792,4,,yes,missing,,no,5.9,2026-09-04
unesco_whc,unesco_whc,Stonehenge Cursus,Q7619217,51.186,-1.826,4,,yes,missing,,no,8.3,2026-09-04
unesco_whc,unesco_whc,Stari Ras and Sopoćani,Q10913999,43.11889,20.42278,4,,yes,missing,,no,8.0,2026-09-04
unesco_whc,unesco_whc,Venice and its Lagoon,Q11352141,45.43333,12.31667,4,,yes,missing,,no,8.3,2026-09-04
unesco_whc,unesco_whc,Island of Ireland Peace Park,Q6083563,50.7598,2.89476,4,,yes,missing,,no,5.9,2026-09-04
unesco_whc,unesco_whc,La Targette French National Cemetery,Q16509755,50.35014,2.74672,4,,yes,missing,,no,5.9,2026-09-04
unesco_tentative,unesco_tentative,Hôpital Notre-Dame à la Rose,Q2668179,50.7131,3.83153,4,,yes,missing,,no,6.3,2026-09-04
unesco_tentative,unesco_tentative,Tomb of Ahi Evren,Q6065216,39.14823,34.15923,4,,yes,missing,,no,2.9,2026-09-04
unesco_tentative,unesco_tentative,Malta Kiosk,Q6744675,41.0513,29.0159,4,,yes,missing,,no,5.4,2026-09-04
unesco_tentative,unesco_tentative,Old Sewage Plant in Bubeneč,Q7458134,50.11,14.40222,4,,yes,missing,,no,4.4,2026-09-04
unesco_tentative,unesco_tentative,Basilica Therma,Q54811523,39.49487,35.37631,4,,yes,missing,,no,2.9,2026-09-04
unesco_tentative,unesco_tentative,Karanlık Canyon,Q61077683,39.27,38.49761,4,,yes,missing,,no,3.7,2026-09-04
eu_heritage_label,capital_of_culture,Forte Bus de Vela,Q914933,46.08333,11.0725,4,,yes,missing,,no,4.6,2026-09-04
eu_heritage_label,capital_of_culture,Memorial Hailfingen-Tailfingen concentration camp,Q1719322,48.53708,8.85177,4,,yes,missing,,no,3.9,2026-09-04
eu_heritage_label,capital_of_culture,Robert Schuman's House,Q3279544,49.11081,6.11144,4,,yes,missing,,no,3.9,2026-09-04
eu_heritage_label,capital_of_culture,Lutheran Church in Štítnik,Q18515865,48.65806,20.36478,4,,yes,missing,,no,5.6,2026-09-04
eu_heritage_label,capital_of_culture,Evangelic church A C (Kameňany),Q28600505,48.5769,20.19137,4,,yes,missing,,no,5.2,2026-09-04
eu_heritage_label,capital_of_culture,Lutheran church in Koceľovce,Q28846599,48.71023,20.34284,4,,yes,missing,,no,5.6,2026-09-04
national_park,national_park,Matese National Park,Q3895739,41.3814,14.4069,4,,yes,missing,,no,4.9,2026-09-04
national_park,national_park,Parnassos National Park,Q6063067,38.53583,22.62417,4,,yes,missing,,no,4.9,2026-09-04
national_park,national_park,Jebel Mghilla National Park,Q16509990,35.4148,9.21547,4,,yes,missing,,no,3.4,2026-09-04
national_park,national_park,Chelmos-Vouraikos National Park,Q21283530,37.98658,22.20975,4,,yes,missing,,no,3.4,2026-09-04
national_park,national_park,Kreminna Woods National Nature Park,Q85996362,48.9843,38.2022,4,,yes,missing,,no,3.4,2026-09-04
national_park,national_park,Kholodnyi Yar National Nature Park,Q112750420,48.13333,32.23333,4,,yes,missing,,no,3.4,2026-09-04
national_park,national_park,Stara Planina National Park,Q122068040,43.36147,22.68611,4,,yes,missing,,no,3.4,2026-09-04
national_park,national_park,Parnitha National Park,Q25510750,38.17333,23.7175,4,,yes,missing,,no,5.9,2026-09-04
national_park,national_park,National Park of Lakes Koronia-Volvi and the Macedonian Tempe,Q26710914,40.67583,23.32889,4,,yes,missing,,no,4.2,2026-09-04
national_park,national_park,Royal Beskids National Nature Park,Q114892327,49.40278,22.88833,4,,yes,missing,,no,4.9,2026-09-04
unesco_geopark,national_park,Vulkanland Eifel Geopark,Q1503316,50.1771,6.84789,4,,yes,missing,,no,3.4,2026-09-04
unesco_geopark,national_park,Volcanic Eifel Nature Park,Q15122582,50.23042,6.76911,4,,yes,missing,,no,3.4,2026-09-04
unesco_geopark,national_park,Chelmos-Vouraikos National Park,Q21283530,37.98658,22.20975,4,,yes,missing,,no,3.4,2026-09-04
biosphere_reserve,national_park,Sierra del Rincón,Q2059944,41.06,-3.54528,4,,no,missing,,no,6.3,2026-09-04
biosphere_reserve,national_park,Tchouprene Biosphere Reserve,Q4518121,43.517,22.667,4,,yes,missing,,no,3.4,2026-09-04
biosphere_reserve,national_park,Southeast Rügen Biosphere Reserve,Q864769,54.2,13.39,4,,yes,missing,,no,3.4,2026-09-04
biosphere_reserve,national_park,Dublin Bay Biosphere Reserve,Q22806718,53.17,-6.05,4,,yes,missing,,no,3.4,2026-09-04
biosphere_reserve,national_park,Sierra de Francia,Q23993696,40.55,-6.1,4,,no,missing,,no,3.4,2026-09-04
biosphere_reserve,national_park,Boatin Biosphere Reserve,Q8248962,42.80278,24.26917,4,,yes,missing,,no,3.4,2026-09-04
biosphere_reserve,national_park,Tsaritchina Biosphere Reserve,Q9068219,42.5,24.3,4,,yes,missing,,no,3.4,2026-09-04
biosphere_reserve,national_park,Djendema,Q5319674,42.78333,24.75,4,,yes,missing,,no,4.9,2026-09-04
biosphere_reserve,national_park,Mantaritza Biosphere Reserve,Q5478534,41.96667,24.03333,4,,no,missing,,no,3.4,2026-09-04
biosphere_reserve,national_park,Black Forest Biosphere Reserve,Q26271338,47.78917,7.9575,4,,yes,missing,,no,3.4,2026-09-04
biosphere_reserve,national_park,Ancares-Courel,Q61379028,42.8758,-6.9657,4,,yes,missing,,no,3.4,2026-09-04
it_borghi_piu_belli,beautiful_village,Torre di Palme,Q3995587,43.14155,13.81095,3,,yes,missing,,no,4.9,2026-09-04
it_borghi_piu_belli,beautiful_village,Sottoguda,Q64269487,46.42505,11.93817,3,,yes,missing,,no,4.9,2026-09-04
es_conjunto_historico,heritage_town,Cerco de Artajona,Q20491996,42.59193,-1.7653,3,,yes,missing,,no,3.8,2026-09-04
es_conjunto_historico,heritage_town,Conjunto histórico artístico la Villa de Fermoselle,Q21031175,41.3186,-6.39809,3,,yes,missing,,no,3.8,2026-09-04
es_conjunto_historico,heritage_town,Nucli antic d'Onda,Q38215539,39.96278,-0.26444,3,,yes,missing,,no,3.8,2026-09-04
es_conjunto_historico,heritage_town,Conjunt de Santa Eulàlia de Vilapicina,Q12973002,41.43072,2.17295,3,,yes,member_of,gem:faial-azores,no,7.1,2026-09-04
es_conjunto_historico,heritage_town,Historic center of Catí,Q16908746,40.4715,0.02312,3,,yes,missing,,no,3.8,2026-09-04
es_conjunto_historico,heritage_town,Museo Etnográfico de Cantabria,Q2363217,43.42139,-3.8541,3,,yes,missing,,no,3.8,2026-09-04
es_conjunto_historico,heritage_town,Barri de la Vila de Alzira,Q5550197,39.1517,-0.44147,3,,yes,missing,,no,4.7,2026-09-04
es_conjunto_historico,heritage_town,Historical site of Tineo,Q5783270,43.33443,-6.41644,3,,yes,member_of,gem:pravia,no,3.8,2026-09-04
es_conjunto_historico,heritage_town,ethnographic set of Teixois,Q5783300,43.34123,-7.07891,3,,yes,missing,,no,3.8,2026-09-04
es_conjunto_historico,heritage_town,historical site of Grado,Q5783315,43.38903,-6.06894,3,,yes,member_of,gem:pravia,no,4.7,2026-09-04
es_conjunto_historico,heritage_town,El Molinar d'Alcoi,Q8773178,38.6796,-0.46504,3,,yes,missing,,no,3.8,2026-09-04
es_conjunto_historico,heritage_town,Pazo de Mariñán,Q9057194,43.31732,-8.21625,3,,yes,missing,,no,5.4,2026-09-04
es_conjunto_historico,heritage_town,Erdialdea,Q12256970,43.31239,-1.89898,3,,yes,missing,,no,4.7,2026-09-04
unesco_whc,unesco_whc,Gardens of Drottningholm Palace,Q28495970,59.32028,17.87944,3,,yes,missing,,no,8.8,2026-09-04
unesco_whc,unesco_whc,Roșia Montană Mining Landscape,Q47915816,46.30611,23.13056,3,,yes,missing,,no,7.6,2026-09-04
unesco_whc,unesco_whc,Consenvoye German military cemetery,Q51426068,49.28,5.2973,3,,yes,missing,,no,5.1,2026-09-04
unesco_whc,unesco_whc,Minoan Palatial Centres,Q64737740,35.29722,25.1625,3,,yes,missing,,no,5.9,2026-09-04
unesco_whc,unesco_whc,Venetian Acropolis Castle,Q113827411,39.74612,20.01991,3,,yes,missing,,no,8.6,2026-09-04
unesco_whc,unesco_whc,Military plots of Robermont Cemetery,Q122803346,50.63222,5.61298,3,,yes,missing,,no,8.0,2026-09-04
unesco_whc,unesco_whc,Limeskastell Pohl,Q1681300,50.2517,7.86548,3,,yes,missing,,no,6.6,2026-09-04
unesco_whc,unesco_whc,Saint-Charles de Potyze Military Cemetery,Q1872242,50.86292,2.92633,3,,yes,missing,,no,6.6,2026-09-04
unesco_whc,unesco_whc,Belle-Motte French National Cemetery,Q2002032,50.40347,4.60306,3,,yes,missing,,no,8.9,2026-09-04
unesco_whc,unesco_whc,Villers-Bretonneux Military Cemetery,Q2065958,49.88624,2.5082,3,,yes,missing,,no,7.6,2026-09-04
unesco_whc,unesco_whc,Dud Corner Cemetery,Q2170407,50.46007,2.77122,3,,yes,missing,,no,6.6,2026-09-04
unesco_whc,unesco_whc,Essex Farm Cemetery,Q2226435,50.87072,2.87325,3,,yes,missing,,no,6.6,2026-09-04
unesco_whc,unesco_whc,Morhange German military cemetery,Q2972642,48.94197,6.66462,3,,yes,missing,,no,6.6,2026-09-04
unesco_whc,unesco_whc,Saint-Quentin german military cemetery,Q2972643,49.8479,3.26105,3,,yes,missing,,no,5.1,2026-09-04
unesco_whc,unesco_whc,Italian Military Cemetery of Bligny,Q2972661,49.1884,3.84087,3,,yes,missing,,no,7.6,2026-09-04
unesco_whc,unesco_whc,Jurisdiction of Saint-Emilion,Q2987951,44.89472,0.15528,3,,yes,missing,,no,6.6,2026-09-04
unesco_whc,unesco_whc,"La Chaux-de-Fonds / Le Locle, Watchmaking Town Planning",Q3207298,47.08,6.78,3,,yes,missing,,no,7.6,2026-09-04
unesco_whc,unesco_whc,'The Ghosts',Q3232521,49.2142,3.40909,3,,yes,missing,,no,6.6,2026-09-04
unesco_whc,unesco_whc,City of Graz – Historic Centre and Schloss Eggenberg,Q2326418,47.07417,15.39167,3,,yes,missing,,no,7.6,2026-09-04
unesco_whc,unesco_whc,Givenchy Road Canadian Cemetery,Q2331354,50.37583,2.76472,3,,yes,missing,,no,5.9,2026-09-04
unesco_whc,unesco_whc,"Track ""X"" Cemetery",Q2333369,50.87817,2.91153,3,,yes,missing,,no,6.6,2026-09-04
unesco_whc,unesco_whc,La Targette British Cemetery,Q2482169,50.35061,2.74881,3,,yes,missing,,no,5.9,2026-09-04
unesco_whc,unesco_whc,Louvencourt Military Cemetery,Q2518785,50.0893,2.50374,3,,yes,missing,,no,6.6,2026-09-04
unesco_whc,unesco_whc,Delville Wood Cemetery,Q2618490,50.0239,2.81277,3,,yes,missing,,no,6.6,2026-09-04
unesco_whc,unesco_whc,Rancourt Military Cemetery,Q2658699,49.99815,2.90985,3,,yes,missing,,no,7.2,2026-09-04
unesco_whc,unesco_whc,Hedge Row Trench Cemetery,Q2664077,50.81941,2.91377,3,,yes,missing,,no,6.6,2026-09-04
unesco_whc,unesco_whc,Woods Cemetery,Q2685191,50.82236,2.91519,3,,yes,missing,,no,6.6,2026-09-04
unesco_whc,unesco_whc,Polygon Wood Cemetery,Q2723606,50.85699,2.99068,3,,yes,missing,,no,6.6,2026-09-04
unesco_whc,unesco_whc,Bedford House Cemetery,Q2904568,50.829,2.89142,3,,yes,missing,,no,6.6,2026-09-04
unesco_whc,unesco_whc,Fertö / Neusiedlersee Cultural Landscape,Q2925869,47.80056,16.73472,3,,yes,missing,,no,8.3,2026-09-04
unesco_whc,unesco_whc,"First DCLI Cemetery, The Bluff",Q2927858,50.82097,2.913,3,,yes,missing,,no,6.6,2026-09-04
unesco_whc,unesco_whc,Toronto Avenue Cemetery,Q2947778,50.74075,2.90006,3,,yes,missing,,no,5.9,2026-09-04
unesco_whc,unesco_whc,Wimereux Communal Cemetery,Q4554750,50.77391,1.61335,3,,yes,missing,,no,5.1,2026-09-04
unesco_whc,unesco_whc,"Lichfield Crater, Thelus",Q4681068,50.35971,2.77658,3,,yes,missing,,no,5.9,2026-09-04
unesco_whc,unesco_whc,Buffs Road Cemetery,Q4985980,50.87636,2.91656,3,,yes,missing,,no,6.6,2026-09-04
unesco_whc,unesco_whc,Church of St. Thecla,Q5912026,41.43297,-1.73581,3,,yes,missing,,no,5.1,2026-09-04
unesco_whc,unesco_whc,Houthulst military cemetery,Q2265764,50.96667,2.94833,3,,yes,missing,,no,5.9,2026-09-04
unesco_whc,unesco_whc,Cambrai East Military Cemetery,Q2289403,50.1793,3.2622,3,,yes,missing,,no,7.2,2026-09-04
unesco_whc,unesco_whc,Larch Wood (Railway Cutting) Cemetery,Q6488772,50.82789,2.92344,3,,yes,missing,,no,6.6,2026-09-04
unesco_whc,unesco_whc,Louverval Military Cemetery,Q8514477,50.13668,3.01539,3,,yes,missing,,no,5.9,2026-09-04
unesco_whc,unesco_whc,"Monasteries of Daphni, Hosios Loukas and Nea Moni of Chios",Q11317256,38.4,22.75,3,,yes,missing,,no,6.6,2026-09-04
unesco_whc,unesco_whc,Monastery of the Hieronymites and Tower of Belém in Lisbon,Q15229898,38.69194,-9.21583,3,,yes,missing,,no,8.6,2026-09-04
unesco_whc,unesco_whc,Tyne Cot Memorial,Q15991782,50.88745,3.00067,3,,yes,missing,,no,6.6,2026-09-04
unesco_whc,unesco_whc,Monasteries of Haghpat and Sanahin,Q16910825,41.095,44.71028,3,,yes,missing,,no,7.6,2026-09-04
unesco_whc,unesco_whc,Russian Military Cemetery of Saint-Hilaire-le-Grand,Q21568987,49.15844,4.39949,3,,yes,missing,,no,6.6,2026-09-04
unesco_whc,unesco_whc,Trottoir National Cemetery,Q20973811,49.06547,5.60592,3,,yes,missing,,no,5.1,2026-09-04
unesco_whc,unesco_whc,Historical Monuments of Mtskheta,Q16946829,41.84389,44.71639,3,,yes,missing,,no,7.6,2026-09-04
unesco_whc,unesco_whc,Buttes New British Cemetery,Q18110823,50.8556,2.99141,3,,yes,missing,,no,6.6,2026-09-04
unesco_whc,unesco_whc,Metz-Chambieres National Cemetery,Q19407143,49.13415,6.19403,3,,yes,missing,,no,6.6,2026-09-04
unesco_whc,unesco_whc,Cerny-en-Laonnois German War Cemetery,Q19801255,49.44176,3.66449,3,,yes,missing,,no,6.6,2026-09-04
unesco_whc,unesco_whc,Cerny-en-Laonnois National Cemetery,Q19945177,49.4428,3.66657,3,,yes,missing,,no,6.6,2026-09-04
unesco_whc,unesco_whc,La Fontenelle National Cemetery,Q20749195,48.34767,6.99997,3,,yes,missing,,no,5.1,2026-09-04
unesco_tentative,unesco_tentative,Ipolytarnóc Fossils Protected Area,Q1097761,48.2321,19.65,3,,yes,missing,,no,3.7,2026-09-04
unesco_tentative,unesco_tentative,Hangar Y,Q3126748,48.79782,2.23318,3,,yes,missing,,no,6.5,2026-09-04
unesco_tentative,unesco_tentative,Betlém in Nový les near Kuks,Q11140344,50.3978,15.8494,3,,yes,missing,,no,3.7,2026-09-04
unesco_tentative,unesco_tentative,Calouste Gulbenkian Foundation headquarters,Q17390197,38.73739,-9.15398,3,,yes,missing,,no,6.3,2026-09-04
unesco_tentative,unesco_tentative,Tomb of İsmail Fakirullah,Q21528395,37.94914,42.00978,3,,yes,missing,,no,2.9,2026-09-04
unesco_tentative,unesco_tentative,Roșia Montană Mining Landscape,Q47915816,46.30611,23.13056,3,,yes,missing,,no,5.4,2026-09-04
eu_heritage_label,capital_of_culture,Reformed Church (Plešivec),Q28846651,48.54562,20.40175,3,,yes,missing,,no,6.0,2026-09-04
eu_heritage_label,capital_of_culture,Evangelic church A C (Ochtiná),Q28862084,48.68365,20.32564,3,,yes,missing,,no,5.6,2026-09-04
national_park,national_park,Missolonghi–Aitoliko Lagoons,Q6879409,38.387,21.358,3,,yes,missing,,no,3.4,2026-09-04
national_park,national_park,National Park of Messolonghi - Aitoliko lagoons,Q112032638,38.43499,21.35406,3,,yes,missing,,no,3.4,2026-09-04
national_park,national_park,Kučaj-Beljanica National Park,Q121177143,44.09639,21.80222,3,,yes,missing,,no,4.2,2026-09-04
national_park,national_park,Østmarka National Park,Q125728403,59.83,10.96,3,,yes,missing,,no,3.4,2026-09-04
national_park,national_park,North Pindos National Park,Q12876748,39.9,21.11667,3,,yes,missing,,no,4.9,2026-09-04
unesco_geopark,national_park,Geologischer Garten Bochum,Q679531,51.46944,7.23389,3,,yes,missing,,no,4.9,2026-09-04
unesco_geopark,national_park,Novohrad – Nograd Geopark,Q1218874,48.15639,19.85278,3,,yes,missing,,no,4.2,2026-09-04
unesco_geopark,national_park,Ruhrgebiet Geopark,Q1485794,51.42879,7.31329,3,,yes,missing,,no,4.9,2026-09-04
unesco_geopark,national_park,Geopark Ries,Q1500087,48.8883,10.5358,3,,no,missing,,no,3.4,2026-09-04
unesco_geopark,national_park,Naturpark Mühlviertel,Q1970541,48.3256,14.7008,3,,yes,missing,,no,3.4,2026-09-04
unesco_geopark,national_park,Papuk Geopark,Q1970598,45.53333,17.65,3,,yes,missing,,no,3.4,2026-09-04
unesco_geopark,national_park,Réserve naturelle géologique de Haute-Provence,Q3457474,44.07806,6.30583,3,,yes,missing,,no,3.4,2026-09-04
unesco_geopark,national_park,Parco Geominerario della Sardegna,Q3895400,39.31277,8.52694,3,,yes,missing,,no,4.9,2026-09-04
unesco_geopark,national_park,Parco delle Gole della Breggia,Q3895562,45.84945,9.01129,3,,yes,missing,,no,6.8,2026-09-04
unesco_geopark,national_park,Burren and Cliffs of Moher Geopark,Q5000424,52.936,-9.471,3,,yes,missing,,no,3.4,2026-09-04
unesco_geopark,national_park,Copper Coast Geopark,Q5168708,52.14228,-7.36506,3,,yes,missing,,no,3.4,2026-09-04
unesco_geopark,national_park,Geopark Shetland,Q5535556,60.3,-1.2,3,,no,missing,,no,3.4,2026-09-04
unesco_geopark,national_park,Sitia Nature Park,Q113555038,35.13132,26.17046,3,,no,missing,,no,3.4,2026-09-04
unesco_geopark,national_park,Chablais Geopark,Q21283529,46.294,6.578,3,125000,yes,missing,,no,5.5,2026-09-04
unesco_geopark,national_park,Orígens UNESCO Global Geopark,Q51955235,42.23792,0.87017,3,,yes,missing,,no,4.2,2026-09-04
unesco_geopark,national_park,Géoparc Famenne-Ardenne,Q55597067,50.15972,5.22222,3,,yes,missing,,no,3.4,2026-09-04
unesco_geopark,national_park,Beaujolais Geopark,Q65153037,46.108,4.533,3,,yes,missing,,no,4.2,2026-09-04
biosphere_reserve,national_park,"Río Eo, Oscos y Terras de Buron Biosphere Reserve",Q22680879,43.425,-7.151,3,,yes,missing,,no,3.4,2026-09-04
biosphere_reserve,national_park,Lake Vänern Archipelago,Q22680883,58.7289,13.3211,3,,yes,missing,,no,3.4,2026-09-04
biosphere_reserve,national_park,Nedre Dalälven River Landscape,Q3373690,60.2333,16.7833,3,,yes,missing,,no,3.4,2026-09-04
biosphere_reserve,national_park,Las Dehesas de Sierra Morena Biosphere Reserve,Q3384333,37.88,-5.59,3,,yes,missing,,no,3.4,2026-09-04
biosphere_reserve,national_park,Biosphärenreservat Elbe-Brandenburg,Q864738,52.99497,11.79419,3,,no,missing,,no,3.4,2026-09-04
biosphere_reserve,national_park,Thüringer Wald Biosphere Reserve,Q864772,50.36,10.48,3,,yes,missing,,no,3.4,2026-09-04
biosphere_reserve,national_park,Moor House Nature Reserve,Q24639606,54.67931,-2.24944,3,,no,missing,,no,4.2,2026-09-04
biosphere_reserve,national_park,Sierra del Rincón Biosphere Reserve,Q6128044,41.13487,-3.54724,3,,yes,missing,,no,5.9,2026-09-04
biosphere_reserve,national_park,Bílé Karpaty Protected Landscape Area,Q8465260,49.00754,17.87915,3,,yes,missing,,no,4.2,2026-09-04
biosphere_reserve,national_park,Parangalitza,Q12289933,42.17917,23.58528,3,,yes,missing,,no,4.9,2026-09-04
biosphere_reserve,national_park,Área de Allariz Biosphere Reserve,Q12398950,42.19028,-7.80139,3,,yes,missing,,no,3.4,2026-09-04
biosphere_reserve,national_park,"Os Ancares Lucenses e Montes de Cervantes, Navia e Becerrea Biosphere Reserve",Q16913071,42.89833,-6.97833,3,,yes,missing,,no,4.2,2026-09-04
biosphere_reserve,national_park,Meseta Iberica Transboundary Biosphere Reserve,Q20064557,41.5167,-6.6667,3,,yes,missing,,no,3.4,2026-09-04
biosphere_reserve,national_park,Waddensea of Hamburg Biosphere Reserve,Q21199010,53.93533,8.47269,3,,yes,missing,,no,3.4,2026-09-04
biosphere_reserve,national_park,North Karelian Biosphere Reserve,Q5749107,62.48,29.8,3,,yes,missing,,no,3.4,2026-09-04
biosphere_reserve,national_park,Mariñas Coruñesas e Terras do Mandeo Biosphere Reserve,Q25508371,43.2275,-8.28833,3,,yes,missing,,no,5.5,2026-09-04
biosphere_reserve,national_park,Fontainebleau et du Gâtinais,Q106397622,48.36667,2.55,3,,yes,missing,,no,4.9,2026-09-04
biosphere_reserve,national_park,Desnianskyi Biosphere Reserve,Q114664523,52.2722,33.3711,3,,yes,missing,,no,3.4,2026-09-04
biosphere_reserve,national_park,Réserve de biosphère du Minett,Q130314372,49.5253,5.97528,3,,yes,missing,,no,5.5,2026-09-04
biosphere_reserve,national_park,Réserve de biosphère de las Tierras del Miño,Q137997410,43.07501,-7.63563,3,,yes,missing,,no,5.9,2026-09-04
es_conjunto_historico,heritage_town,Conjunto histórico de Cabezuela del Valle,Q43170059,40.19331,-5.80664,2,,yes,missing,,no,3.8,2026-09-04
es_conjunto_historico,heritage_town,Barrio Gótico de Valencia de Alcántara,Q43170736,39.41431,-7.24074,2,,yes,missing,,no,3.8,2026-09-04
es_conjunto_historico,heritage_town,"Mayor Square, Tembleque",Q43168301,39.69836,-3.50335,2,,yes,missing,,no,5.4,2026-09-04
es_conjunto_historico,heritage_town,Vila de Llívia,Q61586782,42.4648,1.9811,2,,yes,missing,,no,6.4,2026-09-04
es_conjunto_historico,heritage_town,Núcleo Histórico Tradicional de Benimagrell,Q64624089,38.39306,-0.43194,2,,yes,missing,,no,4.7,2026-09-04
es_conjunto_historico,heritage_town,Conjunt històric entre el carrer del Sol i la plaça del Pi,Q83559243,41.44029,1.86354,2,,yes,missing,,no,5.9,2026-09-04
es_conjunto_historico,heritage_town,Conjunto histórico de Albalate del Arzobispo,Q20080688,41.12278,-0.50944,2,,yes,missing,,no,3.8,2026-09-04
es_conjunto_historico,heritage_town,Alde Zaharra,Q20492349,43.11778,-2.4125,2,,yes,missing,,no,5.4,2026-09-04
es_conjunto_historico,heritage_town,"Alde Zaharra, Orio",Q23001471,43.27608,-2.12733,2,,yes,missing,,no,5.4,2026-09-04
es_conjunto_historico,heritage_town,Sandaili,Q25474289,42.99744,-2.43975,2,,yes,missing,,no,4.7,2026-09-04
es_conjunto_historico,heritage_town,Ruins of Moya,Q28517436,39.94833,-1.36778,2,,yes,missing,,no,4.7,2026-09-04
es_conjunto_historico,heritage_town,Bien Aparecida Sanctuary,Q34049092,43.32693,-3.45136,2,,yes,missing,,no,4.7,2026-09-04
es_conjunto_historico,heritage_town,Conjunto Histórico de Nuevo Baztán,Q42211037,40.36567,-3.24273,2,,yes,missing,,no,6.4,2026-09-04
es_conjunto_historico,heritage_town,Monastery of San Francisco el Real,Q43167082,39.46777,-6.36776,2,,yes,missing,,no,6.4,2026-09-04
es_conjunto_historico,heritage_town,Ermita del Espíritu Santo,Q43167091,39.4611,-6.3678,2,,yes,missing,,no,6.4,2026-09-04
es_conjunto_historico,heritage_town,Santuario de Nuestra Señora de la Montaña,Q43167098,39.46239,-6.35172,2,,yes,missing,,no,6.4,2026-09-04
es_conjunto_historico,heritage_town,Alcañices Wall,Q14823196,41.69842,-6.34814,2,,yes,missing,,no,3.8,2026-09-04
es_conjunto_historico,heritage_town,Fort of El Desnarigado,Q17385183,35.89472,-5.28136,2,,yes,missing,,no,5.4,2026-09-04
es_conjunto_historico,heritage_town,Plaça Gran de Calaf,Q18005713,41.734,1.51096,2,,yes,missing,,no,3.8,2026-09-04
es_conjunto_historico,heritage_town,historical site of Cangas del Narcea,Q2880639,43.177,-6.55,2,,yes,missing,,no,3.8,2026-09-04
es_conjunto_historico,heritage_town,historical site of Lastres,Q2892809,43.51333,-5.26944,2,,yes,missing,,no,3.8,2026-09-04
es_conjunto_historico,heritage_town,historical centre of Carratraca,Q5487582,36.85278,-4.82028,2,,yes,missing,,no,4.7,2026-09-04
es_conjunto_historico,heritage_town,historical centre of Vélez-Málaga,Q5762149,36.78333,-4.1,2,,yes,missing,,no,4.7,2026-09-04
es_conjunto_historico,heritage_town,historical site of Tazones,Q5783252,43.54479,-5.40209,2,,yes,missing,,no,3.8,2026-09-04
es_conjunto_historico,heritage_town,historical site of the Villa of Castropol,Q5783259,43.528,-7.03,2,,yes,missing,,no,3.8,2026-09-04
es_conjunto_historico,heritage_town,historical site of the town of Salas,Q5783267,43.40894,-6.26103,2,,yes,member_of,gem:pravia,no,4.7,2026-09-04
es_conjunto_historico,heritage_town,Plaza Mayor,Q6079665,39.86441,-4.35926,2,,yes,missing,,no,4.7,2026-09-04
es_conjunto_historico,heritage_town,Conjunto histórico de Ordizia,Q12253123,43.05344,-2.17883,2,,no,missing,,no,5.4,2026-09-04
es_conjunto_historico,heritage_town,Alde Zaharra,Q12253124,43.28607,-2.17657,2,,yes,missing,,no,6.4,2026-09-04
es_conjunto_historico,heritage_town,Historic center of Arrasate,Q12256971,43.06556,-2.49056,2,,no,missing,,no,4.7,2026-09-04
gb_market_town,market_town,Gutenwerth,Q18562735,45.87335,15.33504,2,,yes,missing,,no,1.7,2026-09-04
unesco_whc,unesco_whc,Royal Domain of Drottningholm,Q28246887,59.32169,17.88638,2,,yes,missing,,no,8.8,2026-09-04
unesco_whc,unesco_whc,Upper Svaneti,Q47496765,42.91639,43.01139,2,,yes,missing,,no,7.6,2026-09-04
unesco_whc,unesco_whc,St. Mihiel German military cemetery,Q51619032,48.87767,5.60844,2,,yes,missing,,no,5.9,2026-09-04
unesco_whc,unesco_whc,Cambrai German military cemetery,Q55596340,50.17831,3.26208,2,,yes,missing,,no,7.2,2026-09-04
unesco_whc,unesco_whc,Haute-Chevauchée ossuary,Q55598898,49.18914,4.99408,2,,yes,missing,,no,5.1,2026-09-04
unesco_whc,unesco_whc,Valmayor V,Q56702873,41.3065,0.1559,2,,no,missing,,no,5.1,2026-09-04
unesco_whc,unesco_whc,Fleury-devant-Douaumont National Cemetery,Q56718530,49.2069,5.42445,2,,yes,missing,,no,5.1,2026-09-04
unesco_whc,unesco_whc,Hohrod German war cemetery,Q59297166,48.07903,7.14406,2,,yes,missing,,no,5.1,2026-09-04
unesco_whc,unesco_whc,Pierrepont German military cemetery,Q59618084,49.42315,5.70492,2,,yes,missing,,no,5.9,2026-09-04
unesco_whc,unesco_whc,Gorham's Cave complex,Q60346199,36.1225,-5.34194,2,,yes,missing,,no,7.6,2026-09-04
unesco_whc,unesco_whc,Bursa and Cumalıkızık: the Birth of the Ottoman Empire,Q60846866,40.18473,29.06234,2,,yes,missing,,no,7.6,2026-09-04
unesco_whc,unesco_whc,Römerkastell Halheim,Q62069250,48.9832,10.2856,2,,no,missing,,no,5.9,2026-09-04
unesco_whc,unesco_whc,Ephesus,Q64699469,37.92917,27.35944,2,,yes,missing,,no,7.6,2026-09-04
unesco_whc,unesco_whc,Sardis and the Lydian Tumuli of Bin Tepe,Q64735723,38.48194,28.04528,2,,yes,missing,,no,7.6,2026-09-04
unesco_whc,unesco_whc,Talayotic Culture of Minorca,Q64990632,39.9975,3.90889,2,,no,missing,,no,5.9,2026-09-04
unesco_whc,unesco_whc,Ernst-August-Stollen,Q1357004,51.7958,10.1911,2,,no,missing,,no,7.6,2026-09-04
unesco_whc,unesco_whc,Sitt er-Rum (Syria),Q107407019,36.31072,36.83014,2,,yes,missing,,no,5.9,2026-09-04
unesco_whc,unesco_whc,Kavaliershaus,Q111751083,52.43432,13.12799,2,,yes,missing,,no,8.6,2026-09-04
unesco_whc,unesco_whc,Meierei auf der Pfaueninsel,Q115726238,52.43921,13.13178,2,,yes,missing,,no,8.6,2026-09-04
unesco_whc,unesco_whc,Beelitzer Jagdschirm,Q123688375,52.43319,13.13453,2,,yes,missing,,no,8.6,2026-09-04
unesco_whc,unesco_whc,Weinberghaus,Q124041503,51.84882,12.19608,2,,yes,missing,,no,7.6,2026-09-04
unesco_whc,unesco_whc,Pagode Oranienbaum,Q124052132,51.80154,12.40395,2,,yes,missing,,no,6.6,2026-09-04
unesco_whc,unesco_whc,Chinesisches Teehaus,Q124054515,51.80152,12.40223,2,,yes,missing,,no,6.6,2026-09-04
unesco_whc,unesco_whc,Marktplein (Sint-Lievens-Houtem),Q126902614,50.92055,3.85921,2,,yes,missing,,no,8.3,2026-09-04
unesco_whc,unesco_whc,Kühnauer Park,Q71135129,51.854,12.17956,2,,yes,missing,,no,7.6,2026-09-04
unesco_whc,unesco_whc,The Bony Fish Fossils of the Western Limfjord – Evolution and Climate Adaptation in the Earliest Eocene,Q127521592,56.89565,8.75196,2,,no,missing,,no,6.6,2026-09-04
unesco_whc,unesco_whc,Megaliths of Carnac and of the shores of Morbihan,Q135287050,47.61611,-3.08722,2,,yes,missing,,no,6.6,2026-09-04
unesco_whc,unesco_whc,Marceau-Denkmal,Q1614027,50.3737,7.592,2,,yes,missing,,no,7.2,2026-09-04
unesco_whc,unesco_whc,Altaussee salt mine,Q1635896,47.6514,13.7392,2,,yes,missing,,no,6.6,2026-09-04
unesco_whc,unesco_whc,Napoleonsturm,Q1701137,51.8251,12.2908,2,,yes,missing,,no,7.6,2026-09-04
unesco_whc,unesco_whc,Le Quesnoy Communal Cemetery Extension,Q1878989,50.25584,3.63289,2,,yes,missing,,no,8.3,2026-09-04
unesco_whc,unesco_whc,Veslud German military cemetery,Q2972648,49.5324,3.73441,2,,yes,missing,,no,5.9,2026-09-04
unesco_whc,unesco_whc,Bertrimoutier Franco-German war cemetery,Q2972659,48.267,7.05578,2,,yes,missing,,no,5.1,2026-09-04
unesco_whc,unesco_whc,Écoles des cités de la fosse n° 12 des mines de Lens,Q3117924,50.4421,2.80957,2,,yes,missing,,no,6.6,2026-09-04
unesco_whc,unesco_whc,World Heritage Dolomites,Q2558177,46.61306,12.16306,2,,yes,missing,,no,5.1,2026-09-04
unesco_whc,unesco_whc,Noyelles-sur-Mer Chinese Memorial,Q2566225,50.18608,1.72267,2,,yes,missing,,no,5.1,2026-09-04
unesco_whc,unesco_whc,Du Plateau Cemetery,Q2705043,49.73861,5.48083,2,,yes,missing,,no,5.9,2026-09-04
unesco_whc,unesco_whc,Welsh Cemetery (Caesar's Nose),Q2767343,50.88678,2.88203,2,,yes,missing,,no,6.6,2026-09-04
unesco_whc,unesco_whc,No Man's Cot Cemetery,Q3993208,50.88386,2.89336,2,,yes,missing,,no,6.6,2026-09-04
unesco_whc,unesco_whc,Pozieres British Cemetery,Q4991584,50.03392,2.71542,2,,yes,missing,,no,6.6,2026-09-04
unesco_whc,unesco_whc,Thiepval Anglo-French Cemetery,Q5567396,50.05063,2.68415,2,,yes,missing,,no,6.6,2026-09-04
unesco_whc,unesco_whc,"Cathedral, Alcázar and Archivo de Indias in Seville",Q9709444,37.38384,-5.99155,2,,yes,missing,,no,7.6,2026-09-04
unesco_whc,unesco_whc,Etruscan Necropolises of Cerveteri and Tarquinia,Q15602246,42.00683,12.10189,2,,yes,missing,,no,8.6,2026-09-04
unesco_whc,unesco_whc,Fosse n° 5 des mines de Meurchin,Q15617061,50.5095,2.85055,2,,yes,missing,,no,6.6,2026-09-04
unesco_whc,unesco_whc,Schwedenhaus,Q15708461,51.84348,12.30248,2,,yes,missing,,no,6.6,2026-09-04
unesco_whc,unesco_whc,Moosch National Cemetery,Q15948413,47.8595,7.0547,2,,yes,missing,,no,5.1,2026-09-04
unesco_whc,unesco_whc,Pythagoreion and Heraion of Samos,Q16363506,37.67204,26.88663,2,,yes,missing,,no,8.0,2026-09-04
unesco_whc,unesco_whc,Rancourt National Cemetery,Q16509773,49.99793,2.91111,2,,yes,missing,,no,7.2,2026-09-04
unesco_whc,unesco_whc,Tiges National Cemetery,Q20973884,48.28701,6.92434,2,,yes,missing,,no,5.1,2026-09-04
unesco_whc,unesco_whc,Thiescourt National Cemetery,Q20973907,49.56884,2.88569,2,,yes,missing,,no,5.1,2026-09-04
unesco_whc,unesco_whc,Vauquois National Cemetery,Q20973913,49.19563,5.07514,2,,yes,missing,,no,5.1,2026-09-04
unesco_whc,unesco_whc,Faubourg-Pavé National Cemetery,Q20973918,49.16573,5.40489,2,,yes,missing,,no,5.1,2026-09-04
unesco_whc,unesco_whc,Chestres French National Cemetery,Q20973930,49.39689,4.7276,2,,yes,missing,,no,5.1,2026-09-04
unesco_whc,unesco_whc,Silberloch National Cemetery,Q20973932,47.85909,7.15152,2,,yes,missing,,no,5.1,2026-09-04
unesco_whc,unesco_whc,28th Brigade - La Ferme des Wacques National Cemetery,Q21570189,49.18264,4.51031,2,,yes,missing,,no,6.6,2026-09-04
unesco_whc,unesco_whc,Monument to Jewish Fallen Soldiers,Q22997159,49.20594,5.42068,2,,yes,missing,,no,5.1,2026-09-04
unesco_whc,unesco_whc,Effry National Military Cemetery,Q20971295,49.92406,3.98143,2,,yes,missing,,no,5.1,2026-09-04
unesco_whc,unesco_whc,La Forestière National Cemetery,Q20973830,49.1675,5.0033,2,,yes,missing,,no,5.1,2026-09-04
unesco_whc,unesco_whc,Le Sourd Franco-German military cemetery,Q20973837,49.85533,3.73378,2,,yes,missing,,no,5.1,2026-09-04
unesco_whc,unesco_whc,Wettstein National Cemetery,Q20973864,48.08883,7.11791,2,,yes,missing,,no,5.1,2026-09-04
unesco_whc,unesco_whc,Carrefour Duchesne National Cemetery,Q20973865,48.14875,7.10764,2,,yes,missing,,no,5.1,2026-09-04
unesco_whc,unesco_whc,Pierrepont National Cemetery,Q20973867,49.41483,5.70412,2,,yes,missing,,no,5.9,2026-09-04
unesco_whc,unesco_whc,Rancourt German military cemetery,Q18005365,49.99675,2.90469,2,,yes,missing,,no,7.2,2026-09-04
unesco_whc,unesco_whc,Solovetsky state Museum-reserve,Q18785988,65.0248,35.7105,2,,yes,missing,,no,7.6,2026-09-04
unesco_whc,unesco_whc,Weinberg am Klausberg,Q19366647,52.40651,13.01943,2,,yes,missing,,no,8.3,2026-09-04
unesco_whc,unesco_whc,Chemin des Dames Memorial Chapel,Q19407109,49.44302,3.66709,2,,yes,missing,,no,6.6,2026-09-04
unesco_whc,unesco_whc,Compiègne-Royallieu National Cemetery,Q19407144,49.40308,2.81376,2,,yes,missing,,no,5.1,2026-09-04
unesco_whc,unesco_whc,Cuts National Cemetery,Q19407145,49.52886,3.09213,2,,yes,missing,,no,5.1,2026-09-04
unesco_whc,unesco_whc,Sarrebourg National Prisoners of War Cemetery,Q19407152,48.74242,7.0345,2,,yes,missing,,no,5.1,2026-09-04
unesco_whc,unesco_whc,Saint-Benoît-la-Chipotte National Cemetery,Q19407153,48.37009,6.77441,2,,yes,missing,,no,5.1,2026-09-04
unesco_whc,unesco_whc,Craonnelle National Cemetery,Q19945178,49.43192,3.77301,2,,yes,missing,,no,6.6,2026-09-04
unesco_whc,unesco_whc,La Crouée National Cemetery,Q19951185,49.18787,4.53837,2,,yes,missing,,no,6.6,2026-09-04
unesco_whc,unesco_whc,Grande Tombe de Villeroy (Chauconin-Neufmontiers),Q20819675,48.97998,2.80165,2,,yes,missing,,no,5.9,2026-09-04
unesco_whc,unesco_whc,Hartmannswillerkopf National Monument,Q20895234,47.85882,7.15017,2,,yes,missing,,no,5.1,2026-09-04
unesco_tentative,unesco_tentative,Pretziener Wehr,Q1504257,52.0392,11.8281,2,,yes,missing,,no,3.7,2026-09-04
unesco_tentative,unesco_tentative,Mithraeum of Zerzevan Castle,Q86093389,37.60981,40.49871,2,,yes,missing,,no,3.7,2026-09-04
unesco_tentative,unesco_tentative,Middle East Technical University Campus,Q140159880,39.89306,32.785,2,,yes,missing,,no,2.9,2026-09-04
unesco_tentative,unesco_tentative,Val d'Alpone,Q4007440,45.41667,11.28333,2,,yes,missing,,no,5.8,2026-09-04
unesco_tentative,unesco_tentative,Koramaz Valley,Q6005258,38.80278,35.68389,2,,no,missing,,no,2.9,2026-09-04
unesco_tentative,unesco_tentative,Yıldız Porcelain Factory,Q6082521,41.04806,29.01853,2,,yes,missing,,no,5.4,2026-09-04
unesco_tentative,unesco_tentative,Çadır Villa,Q6100184,41.04758,29.01336,2,,yes,missing,,no,5.4,2026-09-04
unesco_tentative,unesco_tentative,Vrachanski Karst,Q12275662,43.17251,23.48225,2,,yes,missing,,no,2.9,2026-09-04
unesco_tentative,unesco_tentative,roadstead of Marseille,Q38284900,43.31956,5.31532,2,,yes,missing,,no,5.4,2026-09-04
unesco_tentative,unesco_tentative,Çit Pavilion,Q31191088,41.05061,29.01108,2,,yes,missing,,no,5.4,2026-09-04
unesco_tentative,unesco_tentative,Great Mabeyn Pavilion,Q31191094,41.05041,29.01101,2,,yes,missing,,no,5.4,2026-09-04
unesco_tentative,unesco_tentative,Luhačovice spa,Q64676391,49.11028,17.76333,2,,yes,missing,,no,3.7,2026-09-04
unesco_tentative,unesco_tentative,Ephesus,Q64699469,37.92917,27.35944,2,,yes,missing,,no,5.4,2026-09-04
unesco_tentative,unesco_tentative,Sardis and the Lydian Tumuli of Bin Tepe,Q64735723,38.48194,28.04528,2,,yes,missing,,no,5.4,2026-09-04
unesco_tentative,unesco_tentative,Talayotic Culture of Minorca,Q64990632,39.9975,3.90889,2,,no,missing,,no,3.7,2026-09-04
unesco_tentative,unesco_tentative,Villas of the Papal Nobility,Q65028740,42.3254,12.237,2,,yes,missing,,no,3.7,2026-09-04
national_park,national_park,Nationalpark Kalabrien,Q3895697,39.14231,16.64888,2,,no,missing,,no,3.4,2026-09-04
national_park,national_park,Nationalpark Orjen,Q1968953,42.56667,18.53333,2,,yes,missing,,no,7.2,2026-09-04
national_park,national_park,National Park of Nestos Delta and lakes Vistonida-Ismarida,Q56254242,40.985,24.715,2,,yes,missing,,no,4.2,2026-09-04
national_park,national_park,Boyne Valley National Park,Q123681443,53.70662,-6.43599,2,,yes,missing,,no,5.9,2026-09-04
national_park,national_park,Prokletije National Park,Q25469278,42.5327,20.1402,2,,yes,missing,,no,3.4,2026-09-04
unesco_geopark,national_park,Geologischer Garten Halle,Q1503244,51.4967,11.9361,2,,no,missing,,no,5.5,2026-09-04
unesco_geopark,national_park,Geopark Mecklenburgische Eiszeitlandschaft,Q1503312,53.5833,13.1667,2,,no,missing,,no,3.4,2026-09-04
unesco_geopark,national_park,"Volcano Park, Mayen-Koblenz",Q2535396,50.38816,7.40209,2,,no,missing,,no,5.5,2026-09-04
unesco_geopark,national_park,Rocca di Cerere Geopark,Q3939466,37.56802,14.27782,2,,no,missing,,no,4.9,2026-09-04
unesco_geopark,national_park,Fforest Fawr Geopark,Q5446226,51.937,-3.321,2,,yes,missing,,no,4.9,2026-09-04
unesco_geopark,national_park,GeoMôn,Q5533910,53.2667,-4.36667,2,,no,member_of,gem:anglesey,no,4.2,2026-09-04
unesco_geopark,national_park,Katla Geopark,Q6377678,63.632,-19.136,2,,no,missing,,no,3.4,2026-09-04
unesco_geopark,national_park,Villuercas-Ibores-Jara UNESCO Global Geopark,Q6439032,39.37992,-5.38906,2,,no,missing,,no,5.9,2026-09-04
unesco_geopark,national_park,Marble Arch Caves Global Geopark,Q6755158,54.2584,-7.81431,2,,yes,missing,,no,3.4,2026-09-04
unesco_geopark,national_park,Hegyestű,Q14126231,46.88917,17.64639,2,,yes,missing,,no,3.4,2026-09-04
unesco_geopark,national_park,Geopark Sardona,Q18411936,46.92305,9.2514,2,,no,missing,,no,5.9,2026-09-04
unesco_geopark,national_park,Geopark Owadów-Brzezinki,Q114012562,51.37944,20.13167,2,,no,missing,,no,3.4,2026-09-04
unesco_geopark,national_park,Geological Park in VŠB - Technical University of Ostrava,Q122722283,49.83175,18.16365,2,,yes,missing,,no,3.4,2026-09-04
unesco_geopark,national_park,Geopark Góra Świętej Anny,Q122834524,50.4529,18.16706,2,,yes,missing,,no,4.2,2026-09-04
unesco_geopark,national_park,Geopark Vítkov,Q125840882,49.77851,17.75683,2,,yes,missing,,no,4.2,2026-09-04
unesco_geopark,national_park,Bakony–Balaton UNESCO Global Geopark,Q21283524,47.05583,17.69167,2,,yes,missing,,no,3.4,2026-09-04
unesco_geopark,national_park,Geopark Spořilov,Q21874939,50.0404,14.47479,2,,yes,missing,,no,5.9,2026-09-04
unesco_geopark,national_park,Geopark Říčany,Q25391345,49.99183,14.65322,2,,yes,missing,,no,6.3,2026-09-04
biosphere_reserve,national_park,Camili Biosphere Reserve,Q22680889,41.26,41.77,2,,yes,missing,,no,3.4,2026-09-04
biosphere_reserve,national_park,Danube Delta Biosphere Reserve,Q22343266,45.21667,29.76667,2,,yes,missing,,no,4.2,2026-09-04
biosphere_reserve,national_park,Taynish,Q22674440,56.0,-5.63333,2,,no,missing,,no,3.4,2026-09-04
biosphere_reserve,national_park,Wienerwald Biosphere Reserve,Q22678488,48.1333,16.0667,2,,no,missing,,no,6.6,2026-09-04
biosphere_reserve,national_park,Kempen-Broek UNESCO Biosphere Reserve,Q2137685,51.20632,5.62809,2,,no,missing,,no,4.2,2026-09-04
biosphere_reserve,national_park,Schwäbische Alb,Q864720,48.4345,9.4787,2,,yes,missing,,no,5.9,2026-09-04
biosphere_reserve,national_park,Bliesgau Biosphere Reserve,Q864729,49.2934,7.2108,2,,yes,missing,,no,4.2,2026-09-04
biosphere_reserve,national_park,Flusslandschaft Elbe Biosphere Reserve,Q864732,52.33,11.34,2,,yes,missing,,no,3.4,2026-09-04
biosphere_reserve,national_park,Biosphärenreservat Flusslandschaft Elbe – Mecklenburg-Vorpommern,Q864739,53.30229,11.05844,2,,yes,missing,,no,4.2,2026-09-04
biosphere_reserve,national_park,Biosphärenreservat Niedersächsische Elbtalaue,Q864745,53.23601,10.96079,2,,yes,missing,,no,3.4,2026-09-04
biosphere_reserve,national_park,Waddensea of Lower Saxony Biosphere Reserve,Q864749,53.54,8.25,2,,yes,missing,,no,3.4,2026-09-04
biosphere_reserve,national_park,Wadden Sea and Hallig Islands of Schleswig-Holstein Biosphere Reserve,Q864760,53.59,8.16,2,,yes,missing,,no,3.4,2026-09-04
biosphere_reserve,national_park,Spreewald Biosphere Reserve,Q864768,52.46667,14.35,2,,yes,missing,,no,3.4,2026-09-04
biosphere_reserve,national_park,Vadálló-kövek,Q1400803,47.73968,18.91205,2,,yes,missing,,no,4.2,2026-09-04
biosphere_reserve,national_park,Los Valles de Omaña y Luna Biosphere Reserve,Q6106218,42.9,-5.95,2,,yes,missing,,no,4.2,2026-09-04
biosphere_reserve,national_park,Alto de Bernesga Biosphere Reserve,Q6106222,42.85,-5.66667,2,,yes,missing,,no,4.2,2026-09-04
biosphere_reserve,national_park,"Valles del Leza, Jubera, Cidacos and Alhama Biosphere Reserve",Q6159300,42.16,-2.18,2,,yes,missing,,no,3.4,2026-09-04
biosphere_reserve,national_park,Braunton Burrows North Devon Biosphere Reserve,Q7055111,51.0,-4.1333,2,,yes,missing,,no,3.4,2026-09-04
biosphere_reserve,national_park,Skärgårdshavets biosfärområde,Q10670983,60.0,22.0,2,,no,missing,,no,3.4,2026-09-04
biosphere_reserve,national_park,Tchervenata stena Biosphere Reserve,Q12299072,41.95,24.867,2,,yes,missing,,no,3.4,2026-09-04
biosphere_reserve,national_park,Dyfi Biosphere,Q13126019,52.32,-4.0,2,,yes,missing,,no,4.2,2026-09-04
biosphere_reserve,national_park,Krkonose/Karkonosze,Q13642199,50.75,15.75,2,,yes,missing,,no,4.2,2026-09-04
biosphere_reserve,national_park,Biosfera Val Müstair,Q17310548,46.6108,10.3652,2,,yes,missing,,no,6.3,2026-09-04
biosphere_reserve,national_park,Dupkata,Q5639817,41.77556,24.26667,2,,no,missing,,no,3.4,2026-09-04
biosphere_reserve,national_park,Voxnadalen,Q86189513,61.52444,15.46167,2,,yes,missing,,no,3.4,2026-09-04
biosphere_reserve,national_park,réserve de biosphère des îles et mer d'Iroise,Q93973837,48.21603,-4.91575,2,,yes,missing,,no,3.4,2026-09-04
biosphere_reserve,national_park,Valle del Cabriel Biosphere Reserve,Q102419578,39.33524,-1.33914,2,,yes,missing,,no,3.4,2026-09-04
biosphere_reserve,national_park,South Moselle biosphere reserve,Q110831783,48.72224,7.0427,2,,no,missing,,no,3.4,2026-09-04
fr_plus_beaux_villages,beautiful_village,Pujols-le-Haut,Q29034928,44.385,0.688,1,,yes,missing,,no,4.9,2026-09-04
fr_plus_beaux_detours,heritage_town,Neufchâteau,Q210787,48.35556,5.69611,1,6732,yes,missing,,no,3.8,2026-09-04
es_conjunto_historico,heritage_town,Centro Histórico de Castaño del Robledo,Q43169680,37.88333,-6.7,1,,yes,missing,,no,3.8,2026-09-04
es_conjunto_historico,heritage_town,Conjunto Histórico Artístico la Villa de Ráfales,Q43169788,40.83743,0.02052,1,,yes,missing,,no,3.8,2026-09-04
es_conjunto_historico,heritage_town,Conjunto histórico de Gata,Q43169833,40.23774,-6.5967,1,,yes,missing,,no,3.8,2026-09-04
es_conjunto_historico,heritage_town,Conjunto histórico artístico de la villa de Cartes,Q43169959,43.32604,-4.06883,1,,yes,missing,,no,3.8,2026-09-04
es_conjunto_historico,heritage_town,Conjunto histórico de Caravaca de la Cruz,Q43170031,38.10651,-1.86325,1,,yes,missing,,no,3.8,2026-09-04
es_conjunto_historico,heritage_town,Centro Histórico de Vélez Rubio,Q43170132,37.64859,-2.07429,1,,yes,missing,,no,3.8,2026-09-04
es_conjunto_historico,heritage_town,Conjunto histórico de Peña,Q43170296,42.49426,-1.29961,1,,yes,missing,,no,3.8,2026-09-04
es_conjunto_historico,heritage_town,Puente Viejo,Q43170466,39.9807,-6.53709,1,,yes,missing,,no,3.8,2026-09-04
es_conjunto_historico,heritage_town,Lois,Q43170493,42.98194,-5.14639,1,,yes,missing,,no,3.8,2026-09-04
es_conjunto_historico,heritage_town,Sedano,Q43170621,42.71634,-3.74986,1,,yes,missing,,no,5.4,2026-09-04
es_conjunto_historico,heritage_town,Tower of La Vecilla,Q43170646,42.84856,-5.40603,1,,yes,missing,,no,4.7,2026-09-04
es_conjunto_historico,heritage_town,Bastion of Málaga,Q43170901,35.89639,-5.28755,1,,yes,missing,,no,5.4,2026-09-04
es_conjunto_historico,heritage_town,Baluarte de Fuentecubierta,Q43170913,35.89472,-5.28834,1,,yes,missing,,no,5.4,2026-09-04
es_conjunto_historico,heritage_town,Puerta de Málaga y Cuerpo de Guardia,Q43170999,35.89559,-5.2881,1,,yes,missing,,no,5.4,2026-09-04
es_conjunto_historico,heritage_town,Vigía de Torremocha,Q43171046,35.89933,-5.29923,1,,yes,missing,,no,5.4,2026-09-04
es_conjunto_historico,heritage_town,Vigía de la Punta del Chiclón,Q43171055,35.90019,-5.29852,1,,yes,missing,,no,5.4,2026-09-04
es_conjunto_historico,heritage_town,Vigía de la Punta de los Atravesados,Q43171066,35.90183,-5.29695,1,,yes,missing,,no,5.9,2026-09-04
es_conjunto_historico,heritage_town,Vigía de la Punta del Sauciño,Q43171085,35.90251,-5.29505,1,,yes,missing,,no,5.9,2026-09-04
es_conjunto_historico,heritage_town,Llerena Historic Grouping,Q43167580,38.2379,-6.01491,1,,yes,missing,,no,3.8,2026-09-04
es_conjunto_historico,heritage_town,Conjunto histórico de Belmonte,Q43167715,39.55829,-2.70787,1,,yes,missing,,no,3.8,2026-09-04
es_conjunto_historico,heritage_town,Conjunto histórico de Feria,Q43167899,38.51266,-6.56504,1,,yes,missing,,no,4.7,2026-09-04
es_conjunto_historico,heritage_town,Valverde de la Vera,Q43167961,40.12285,-5.49447,1,,yes,missing,,no,3.8,2026-09-04
es_conjunto_historico,heritage_town,Conxunto histórico artístico de Castro de Rei,Q43167981,43.20897,-7.40003,1,,yes,missing,,no,4.7,2026-09-04
es_conjunto_historico,heritage_town,Conxunto histórico de Allariz,Q43168017,42.18936,-7.80199,1,,yes,missing,,no,3.8,2026-09-04
es_conjunto_historico,heritage_town,Historical site of Pazos de Arenteiro,Q43168440,42.39849,-8.14526,1,,yes,missing,,no,3.8,2026-09-04
es_conjunto_historico,heritage_town,"Iglesia parroquial de San Andrés Apostol, Villarejo de Salvanés",Q43168573,40.1683,-3.27423,1,,yes,missing,,no,5.9,2026-09-04
es_conjunto_historico,heritage_town,City of Villanueva de los Infantes,Q43168602,38.73397,-3.01163,1,,yes,missing,,no,3.8,2026-09-04
es_conjunto_historico,heritage_town,Conjunto Histórico de Chinchilla de Montearagón,Q43169081,38.91995,-1.72632,1,,yes,missing,,no,3.8,2026-09-04
es_conjunto_historico,heritage_town,Centro Histórico de Aroche,Q43169187,37.93333,-6.95,1,,yes,missing,,no,3.8,2026-09-04
es_conjunto_historico,heritage_town,Conjunto histórico artístico de Riocorvo,Q43169307,43.3125,-4.0775,1,,yes,missing,,no,3.8,2026-09-04
es_conjunto_historico,heritage_town,City of Moral de Calatrava,Q43169465,38.83068,-3.58052,1,,yes,missing,,no,3.8,2026-09-04
es_conjunto_historico,heritage_town,Battery and Guardhouse of El Sauciño,Q43171097,35.90315,-5.29212,1,,yes,missing,,no,5.9,2026-09-04
es_conjunto_historico,heritage_town,Atalaya del Palmar,Q43171131,35.89699,-5.27959,1,,yes,missing,,no,5.4,2026-09-04
es_conjunto_historico,heritage_town,Reducto Antiguo,Q43171145,35.89442,-5.28119,1,,yes,missing,,no,5.4,2026-09-04
es_conjunto_historico,heritage_town,Reducto Nuevo,Q43171152,35.89449,-5.28132,1,,yes,missing,,no,5.4,2026-09-04
es_conjunto_historico,heritage_town,Batería y Cuerpo de Guardia de la Torrecilla,Q43171168,35.89535,-5.28259,1,,yes,missing,,no,5.4,2026-09-04
es_conjunto_historico,heritage_town,Fort of La Palmera,Q43171186,35.89139,-5.2872,1,,yes,missing,,no,5.4,2026-09-04
es_conjunto_historico,heritage_town,Portillo de Fuentecubierta,Q43171197,35.89073,-5.29,1,,yes,missing,,no,5.4,2026-09-04
es_conjunto_historico,heritage_town,Conjunto Histórico de Patones,Q43171382,40.86589,-3.49278,1,,yes,missing,,no,5.4,2026-09-04
es_conjunto_historico,heritage_town,Conjunto Histórico de la plaza de Segovia y la Iglesia Parroquial de Nuestra Señora de la Asunción,Q43171449,40.28807,-4.01435,1,,yes,missing,,no,6.4,2026-09-04
es_conjunto_historico,heritage_town,Conjunto histórico de Rello,Q43171496,41.33194,-2.74917,1,,yes,missing,,no,3.8,2026-09-04
es_conjunto_historico,heritage_town,Centro Histórico de Los Marines,Q43171596,37.9,-6.61667,1,,yes,missing,,no,3.8,2026-09-04
es_conjunto_historico,heritage_town,Old Ceuta Wholesaler's,Q43171715,35.892,-5.30184,1,,yes,missing,,no,5.4,2026-09-04
es_conjunto_historico,heritage_town,Torre del Heliógrafo o del Valle,Q43171747,35.89107,-5.29983,1,,yes,missing,,no,5.4,2026-09-04
es_conjunto_historico,heritage_town,Batería Nueva,Q43171765,35.88876,-5.29976,1,,yes,missing,,no,5.4,2026-09-04
es_conjunto_historico,heritage_town,Guardhouse of San Andrés,Q43171790,35.88662,-5.30267,1,,yes,missing,,no,5.4,2026-09-04
es_conjunto_historico,heritage_town,Campo del Agua,Q43171878,42.77472,-6.82333,1,,yes,missing,,no,4.7,2026-09-04
es_conjunto_historico,heritage_town,Historic centre of Sant Mateu,Q43171921,40.46521,0.17875,1,,yes,missing,,no,3.8,2026-09-04
es_conjunto_historico,heritage_town,Centro Histórico de Corteconcepción,Q43172113,37.89778,-6.50972,1,,yes,missing,,no,3.8,2026-09-04
es_conjunto_historico,heritage_town,Conjunto Histórico de Ansó,Q43172173,42.75,-0.81667,1,,yes,missing,,no,3.8,2026-09-04
es_conjunto_historico,heritage_town,Conjunto histórico de Villarcayo,Q43172239,42.9381,-3.57309,1,,yes,missing,,no,3.8,2026-09-04
es_conjunto_historico,heritage_town,Miravete de la Sierra,Q43172428,40.57709,-0.694,1,,yes,missing,,no,4.7,2026-09-04
es_conjunto_historico,heritage_town,Conjunto Histórico Artístico la Villa de Beceite,Q43172434,40.83106,0.17956,1,,yes,missing,,no,3.8,2026-09-04
es_conjunto_historico,heritage_town,Vadocondes,Q43172538,41.63936,-3.57286,1,,yes,missing,,no,3.8,2026-09-04
es_conjunto_historico,heritage_town,Conjunto Histórico de Colmenar de Oreja,Q52702771,40.10834,-3.38809,1,,yes,missing,,no,6.4,2026-09-04
es_conjunto_historico,heritage_town,Recinto fortificado de Montañana,Q55840617,42.16241,0.67719,1,,yes,missing,,no,4.7,2026-09-04
es_conjunto_historico,heritage_town,Conjunto Histórico Artístico de Salvatierra,Q56556869,42.85199,-2.38956,1,,yes,missing,,no,5.4,2026-09-04
es_conjunto_historico,heritage_town,Núcleo Histórico Tradicional Central de San Juan de Alicante,Q64624090,38.40167,-0.43583,1,,yes,missing,,no,4.7,2026-09-04
es_conjunto_historico,heritage_town,Núcleo Histórico Tradicional de Casas Altas,Q64760313,40.03944,-1.26167,1,,yes,missing,,no,4.7,2026-09-04
es_conjunto_historico,heritage_town,Núcleo Histórico Tradicional de Aras de los Olmos,Q64907730,39.92444,-1.13333,1,,yes,missing,,no,4.7,2026-09-04
es_conjunto_historico,heritage_town,Núcleo histórico tradicional de Bolulla,Q65010030,38.67681,-0.11194,1,,yes,missing,,no,3.8,2026-09-04
es_conjunto_historico,heritage_town,Casco antiguo de Tárbena,Q65010033,38.69361,-0.10222,1,,yes,missing,,no,3.8,2026-09-04
es_conjunto_historico,heritage_town,Historical area of Alfara de la Baronia,Q65660836,39.76278,-0.35556,1,,yes,missing,,no,4.7,2026-09-04
es_conjunto_historico,heritage_town,Historical Area of El Poble Nou de Benitatxell,Q68014502,38.7325,0.14472,1,,yes,missing,,no,3.8,2026-09-04
es_conjunto_historico,heritage_town,Centro histórico de Castril,Q97604496,37.79583,-2.77889,1,,yes,missing,,no,3.8,2026-09-04
es_conjunto_historico,heritage_town,Centro Histórico de Alhama de Granada,Q97604500,37.00387,-3.98306,1,,yes,missing,,no,5.4,2026-09-04
es_conjunto_historico,heritage_town,Centro Histórico de Torre Alháquime,Q97620038,36.91567,-5.23468,1,,yes,missing,,no,3.8,2026-09-04
es_conjunto_historico,heritage_town,historical centre of San Roque,Q97620042,36.20972,-5.38444,1,,no,missing,,no,5.4,2026-09-04
es_conjunto_historico,heritage_town,Centro Histórico de Olvera,Q97620052,36.93456,-5.26707,1,,yes,missing,,no,3.8,2026-09-04
es_conjunto_historico,heritage_town,historical centre of Jimena de la Frontera,Q97620055,36.4369,-5.45414,1,,yes,missing,,no,4.7,2026-09-04
es_conjunto_historico,heritage_town,Centro Histórico de Bornos,Q97620060,36.81489,-5.74438,1,,yes,missing,,no,3.8,2026-09-04
es_conjunto_historico,heritage_town,Centro Histórico de Benaocaz,Q97620062,36.70019,-5.42127,1,,yes,missing,,no,3.8,2026-09-04
es_conjunto_historico,heritage_town,Centro Histórico de Alcalá de los Gazules,Q97620066,36.46667,-5.71667,1,,yes,missing,,no,3.8,2026-09-04
es_conjunto_historico,heritage_town,Centro Histórico de Sabiote,Q97631013,38.0709,-3.30265,1,,yes,missing,,no,5.4,2026-09-04
es_conjunto_historico,heritage_town,historical centre of Macharaviaya,Q97633684,36.75,-4.2,1,,yes,missing,,no,4.7,2026-09-04
es_conjunto_historico,heritage_town,historical centre of Casares,Q97633688,36.44493,-5.27323,1,,yes,missing,,no,4.7,2026-09-04
es_conjunto_historico,heritage_town,Centro Histórico de Guadalcanal,Q97643029,38.09249,-5.82069,1,,yes,member_of,gem:cazalla-de-la-sierra,no,3.8,2026-09-04
es_conjunto_historico,heritage_town,Conjunt de Sant Martí de Provençals,Q116850195,41.4205,2.1971,1,,yes,missing,,no,7.1,2026-09-04
es_conjunto_historico,heritage_town,Orriols historical area,Q117775826,39.4925,-0.36944,1,,yes,missing,,no,6.4,2026-09-04
es_conjunto_historico,heritage_town,Benifaraig historical area,Q122697566,39.52944,-0.38556,1,,yes,missing,,no,6.4,2026-09-04
es_conjunto_historico,heritage_town,Villa de Santesteban de Lerín,Q20492353,43.13132,-1.67055,1,,yes,missing,,no,3.8,2026-09-04
es_conjunto_historico,heritage_town,Conjunto monumental de Durango,Q20492355,43.16698,-2.6321,1,,yes,missing,,no,5.4,2026-09-04
es_conjunto_historico,heritage_town,Parte Vieja de Oñati,Q20492380,43.03211,-2.41194,1,,no,missing,,no,4.7,2026-09-04
es_conjunto_historico,heritage_town,Conjunto histórico de Segura,Q20492387,43.00861,-2.25286,1,,yes,missing,,no,4.7,2026-09-04
es_conjunto_historico,heritage_town,conjunto histórico de la villa de Palazuelos,Q27702279,41.09159,-2.69207,1,,no,missing,,no,3.8,2026-09-04
es_conjunto_historico,heritage_town,Conjunto Histórico de la Villa de Ayllón,Q27728890,41.41967,-3.37624,1,,yes,missing,,no,4.7,2026-09-04
es_conjunto_historico,heritage_town,Centro Histórico de Iznatoraf,Q30307528,38.15778,-3.03222,1,,yes,missing,,no,4.7,2026-09-04
es_conjunto_historico,heritage_town,Fuertes del Hacho,Q36590066,35.89597,-5.2907,1,,yes,missing,,no,5.4,2026-09-04
es_conjunto_historico,heritage_town,Conjunto Histórico de la Villa de Piedrahíta,Q42185639,40.46447,-5.3271,1,,yes,missing,,no,3.8,2026-09-04
es_conjunto_historico,heritage_town,"Old Square, Saldaña",Q43078181,42.52302,-4.73646,1,,yes,missing,,no,3.8,2026-09-04
es_conjunto_historico,heritage_town,Centro Histórico de Zufre,Q43079204,37.83333,-6.33333,1,,yes,missing,,no,3.8,2026-09-04
es_conjunto_historico,heritage_town,"Casa Fuerte, convent and church of San Gregorio",Q43114872,41.90896,-2.44709,1,,yes,missing,,no,3.8,2026-09-04
es_conjunto_historico,heritage_town,Conjunto histórico artístico de Olivenza,Q43167295,38.68593,-7.10007,1,,yes,missing,,no,5.4,2026-09-04
es_conjunto_historico,heritage_town,Historic center of Elorrio,Q43167302,43.13066,-2.54271,1,,yes,missing,,no,5.9,2026-09-04
es_conjunto_historico,heritage_town,Conjunto Histórico Fuente del Maestre,Q18396658,38.52843,-6.44989,1,,yes,missing,,no,4.7,2026-09-04
es_conjunto_historico,heritage_town,historic site of Argul,Q5684908,43.27389,-6.87056,1,,no,missing,,no,3.8,2026-09-04
es_conjunto_historico,heritage_town,Conjunto histórico-artístico de Fregenal de la Sierra,Q5783306,38.16667,-6.65,1,,yes,missing,,no,3.8,2026-09-04
es_conjunto_historico,heritage_town,Ferrería de San Blas,Q5860662,42.83825,-5.15364,1,,yes,missing,,no,3.8,2026-09-04
unesco_whc,unesco_whc,Works of Antoni Gaudí,Q921745,41.36383,2.02782,1,,yes,missing,,no,8.3,2026-09-04
unesco_whc,unesco_whc,Chapel of Mondement-Montgivroux,Q41780872,48.78658,3.77552,1,,yes,missing,,no,6.6,2026-09-04
unesco_whc,unesco_whc,ancient village of Northern Syria,Q55140228,36.33417,36.84417,1,,yes,missing,,no,5.9,2026-09-04
unesco_whc,unesco_whc,"Vrigne-Meuse Cemetery plot for deceased of November 11, 1918",Q56599670,49.70164,4.84314,1,,yes,missing,,no,5.1,2026-09-04
unesco_whc,unesco_whc,Cemetery of the Uhlans,Q59281347,47.8526,7.17285,1,,yes,missing,,no,5.1,2026-09-04
unesco_whc,unesco_whc,Memorial stones and tombs of Petit Donon,Q59310530,48.5128,7.16528,1,,yes,missing,,no,5.9,2026-09-04
unesco_whc,unesco_whc,Souain German military cemetery,Q59594168,49.18908,4.53594,1,,yes,missing,,no,6.6,2026-09-04
unesco_whc,unesco_whc,German section of the Chestres  military cemetery,Q59616773,49.3972,4.72712,1,,yes,missing,,no,5.1,2026-09-04
unesco_whc,unesco_whc,Lagarde German military cemetery,Q60042743,48.69167,6.71114,1,,yes,missing,,no,5.9,2026-09-04
unesco_whc,unesco_whc,Thiescourt German military cemetery,Q60162677,49.56858,2.88508,1,,yes,missing,,no,5.1,2026-09-04
unesco_whc,unesco_whc,Saint-Quentin Franco-German Monument,Q60221092,49.84833,3.26261,1,,yes,missing,,no,5.1,2026-09-04
unesco_whc,unesco_whc,Rancourt Memorial Chapel,Q60346358,49.9978,2.91095,1,,yes,missing,,no,7.2,2026-09-04
unesco_whc,unesco_whc,Bellefontaine Franco-German military cemetery,Q60565263,49.66408,5.51481,1,,yes,missing,,no,5.9,2026-09-04
unesco_whc,unesco_whc,Bois du Puits cemetery,Q61744168,49.19371,4.36805,1,,yes,missing,,no,6.6,2026-09-04
unesco_whc,unesco_whc,Beaumont-Hamel Newfoundland Memorial Park,Q63077309,50.07391,2.64837,1,,yes,missing,,no,6.6,2026-09-04
unesco_whc,unesco_whc,Cemetery of the Executed in Tamines,Q64685483,50.4317,4.6142,1,,yes,missing,,no,8.9,2026-09-04
unesco_whc,unesco_whc,Canada do Inferno / Rego da vide,Q64686788,41.07344,-7.10877,1,,yes,missing,,no,6.6,2026-09-04
unesco_whc,unesco_whc,Penascosa,Q64686794,40.98638,-7.0999,1,,yes,missing,,no,8.0,2026-09-04
unesco_whc,unesco_whc,Göreme National Park and the Rock Sites of Cappadocia,Q64705367,38.66667,34.85,1,,yes,missing,,no,5.9,2026-09-04
unesco_whc,unesco_whc,Cultural Landscape of the Serra de Tramuntana,Q64860434,39.73083,2.69472,1,,yes,missing,,no,7.6,2026-09-04
unesco_whc,unesco_whc,Cemetery of Mondement-Montgivroux,Q110350440,48.7865,3.7754,1,,yes,missing,,no,6.6,2026-09-04
unesco_whc,unesco_whc,29th Division Memorial,Q122784272,50.07295,2.64812,1,,yes,missing,,no,6.6,2026-09-04
unesco_whc,unesco_whc,Kahm Cemetery,Q122808656,48.16019,7.12694,1,,yes,missing,,no,5.1,2026-09-04
unesco_whc,unesco_whc,Gerbéviller Cemetery of Civilian Victims,Q122819132,48.50417,6.5075,1,,yes,missing,,no,5.9,2026-09-04
unesco_whc,unesco_whc,Muslim Monument of Douaumont,Q122842228,49.20886,5.42817,1,,yes,missing,,no,5.1,2026-09-04
unesco_whc,unesco_whc,Limes Tower I,Q129286916,50.50365,7.31777,1,,yes,missing,,no,7.6,2026-09-04
unesco_whc,unesco_whc,Los Trepadores rock shelter,Q131752552,41.01694,-0.68278,1,,yes,missing,,no,5.1,2026-09-04
unesco_whc,unesco_whc,abri de Los Toros del Prado del Navazo,Q131764534,40.39472,-1.40056,1,,yes,missing,,no,5.9,2026-09-04
unesco_whc,unesco_whc,"Walls of Ávila, Puerta del Puente",Q132892668,40.65745,-4.70733,1,,yes,missing,,no,8.0,2026-09-04
unesco_whc,unesco_whc,"Walls of Ávila, Puerta de La Santa",Q132892788,40.65491,-4.70299,1,,yes,missing,,no,8.0,2026-09-04
unesco_whc,unesco_whc,"Walls of Ávila, Puerta del Mariscal",Q132892973,40.65843,-4.69932,1,,yes,missing,,no,8.0,2026-09-04
unesco_whc,unesco_whc,"Walls of Ávila, Puerta de la Mala Ventura",Q133040487,40.6556,-4.70531,1,,yes,missing,,no,8.0,2026-09-04
unesco_whc,unesco_whc,Gate of Chellah,Q137884195,34.00682,-6.82316,1,,yes,missing,,no,7.6,2026-09-04
unesco_whc,unesco_whc,l’Orée de la Forêt Military Cemetery,Q2201265,49.73,5.48111,1,,no,missing,,no,5.9,2026-09-04
unesco_whc,unesco_whc,"Rabat, Modern Capital and Historic City",Q65926560,34.0242,-6.8228,1,,yes,missing,,no,7.6,2026-09-04
unesco_whc,unesco_whc,"Roman Basilica of Santa Eulalia, Mérida",Q98824936,38.92035,-6.34176,1,,yes,missing,,no,6.6,2026-09-04
unesco_whc,unesco_whc,Town Hall and Roland on the Marketplace of Bremen,Q15238169,53.07597,8.80747,1,,yes,missing,,no,7.6,2026-09-04
unesco_whc,unesco_whc,Wieliczka and Bochnia Royal Salt Mines,Q15240748,49.97917,20.06389,1,,yes,member_of,gem:ojcow,no,7.6,2026-09-04
unesco_whc,unesco_whc,"Gulf of Porto: Calanche of Piana, Gulf of Girolata, Scandola Reserve",Q15728421,42.32519,8.62883,1,,yes,member_of,gem:calanques-de-piana,no,7.6,2026-09-04
unesco_whc,unesco_whc,Xanthos-Letoon,Q16912661,36.335,29.32028,1,,yes,missing,,no,7.6,2026-09-04
unesco_whc,unesco_whc,Riche National Cemetery,Q20973879,48.90594,6.63016,1,,yes,missing,,no,6.6,2026-09-04
unesco_whc,unesco_whc,La Harazée in Vienne-le-Château National Cemetery,Q20973921,49.19615,4.91639,1,,no,missing,,no,5.1,2026-09-04
unesco_whc,unesco_whc,Opera National Cemetery,Q21570181,49.19164,4.55563,1,,yes,missing,,no,6.6,2026-09-04
unesco_whc,unesco_whc,Cité des Électriciens,Q22997438,50.48218,2.55356,1,,yes,missing,,no,5.1,2026-09-04
unesco_whc,unesco_whc,Pontcysyllte Aqueduct and Canal,Q24677919,52.97212,-3.08727,1,,yes,missing,,no,7.6,2026-09-04
unesco_whc,unesco_whc,Cutting National Cemetery,Q20970719,48.84069,6.83524,1,,yes,missing,,no,5.9,2026-09-04
unesco_whc,unesco_whc,Lagarde National Cemetery,Q20973832,48.69185,6.69992,1,,yes,missing,,no,5.9,2026-09-04
unesco_whc,unesco_whc,Ouadi Qadisha (the Holy Valley) and the Forest of the Cedars of God (Horsh Arz el-Rab),Q16946966,34.28294,35.95161,1,,yes,missing,,no,8.8,2026-09-04
unesco_whc,unesco_whc,Kremlin and Red Square,Q16961872,55.75361,37.62,1,,yes,missing,,no,9.0,2026-09-04
unesco_whc,unesco_whc,The Historic Centre (Chorá) with the Monastery of Saint-John the Theologian and the Cave of the Apocalypse on the Island of Pátmos,Q17132271,37.3,26.55,1,,yes,member_of,gem:patmos,no,7.6,2026-09-04
unesco_whc,unesco_whc,Monastery of Geghard and the Upper Azat Valley,Q17155656,40.15889,44.79667,1,,no,missing,,no,8.0,2026-09-04
unesco_whc,unesco_whc,Saint-Thomas-en-Argonne National War Cemetery,Q19951189,49.20042,4.88853,1,,no,missing,,no,5.1,2026-09-04
unesco_whc,unesco_whc,Diyarbakır Fortress and Hevsel Gardens Cultural Landscape,Q20963673,37.91086,40.22728,1,,yes,missing,,no,7.6,2026-09-04
unesco_tentative,unesco_tentative,Rashid Karami International Fair,Q66132776,34.4388,35.8247,1,,no,missing,,no,6.1,2026-09-04
unesco_tentative,unesco_tentative,Yıldız City Museum,Q111633241,41.04958,29.01119,1,,no,missing,,no,5.4,2026-09-04
unesco_tentative,unesco_tentative,Aspendos Roman aqueduct,Q115462642,36.94421,31.16777,1,,yes,missing,,no,2.9,2026-09-04
unesco_tentative,unesco_tentative,YTU Faculty of Architecture Fountain,Q131368773,41.05214,29.01086,1,,yes,missing,,no,5.4,2026-09-04
unesco_tentative,unesco_tentative,Ali Bey Fountain (Yıldız),Q131836062,41.04874,29.00684,1,,yes,missing,,no,5.4,2026-09-04
unesco_tentative,unesco_tentative,"Hamidiye Fountain, Yıldız",Q131836087,41.05046,29.00731,1,,yes,missing,,no,5.4,2026-09-04
unesco_tentative,unesco_tentative,Mihrişah Valide Sultan Fountain (Yıldız),Q131836386,41.0443,29.01145,1,,yes,missing,,no,5.4,2026-09-04
unesco_tentative,unesco_tentative,Ankara: The Planning and Building of a Republican Modern Capital City,Q134292345,39.92078,32.85403,1,,yes,missing,,no,2.9,2026-09-04
unesco_tentative,unesco_tentative,Mývatn,Q2828284,65.58889,-17.06667,1,,yes,missing,,no,2.9,2026-09-04
unesco_tentative,unesco_tentative,Breiðafjörður nature reserve,Q2828287,65.33333,-22.66667,1,,no,missing,,no,2.9,2026-09-04
unesco_tentative,unesco_tentative,Orhaniye Barracks,Q6040231,41.05222,29.01717,1,,no,missing,,no,5.4,2026-09-04
unesco_tentative,unesco_tentative,Panagia Chrysokourdaliotissa,Q22985602,34.97429,32.95059,1,,no,missing,,no,6.1,2026-09-04
unesco_tentative,unesco_tentative,Machairás,Q22988451,34.92,33.19194,1,,no,missing,,no,5.4,2026-09-04
unesco_tentative,unesco_tentative,ensemble of Álvaro Siza's architecture works in Portugal,Q54943165,38.76656,-9.0951,1,,yes,missing,,no,5.4,2026-09-04
unesco_tentative,unesco_tentative,montado,Q54943376,38.39028,-7.89292,1,,yes,missing,,no,4.4,2026-09-04
unesco_tentative,unesco_tentative,Grobiņa archaeological ensemble,Q64416398,56.53417,21.1625,1,,yes,missing,,no,2.9,2026-09-04
unesco_tentative,unesco_tentative,Cultural Landscape of the Serra de Tramuntana,Q64860434,39.73083,2.69472,1,,yes,missing,,no,5.4,2026-09-04
eu_heritage_label,capital_of_culture,Lutheran Church in Rimavská Baňa,Q112052318,48.51042,19.93955,1,,yes,missing,,no,3.9,2026-09-04
eu_heritage_label,capital_of_culture,Evangelical A. C. Church,Q112052327,48.54006,19.96047,1,,yes,missing,,no,3.9,2026-09-04
eu_heritage_label,capital_of_culture,Evangelical Church A C (Kyjatice),Q112052337,48.53058,20.01042,1,,yes,missing,,no,4.6,2026-09-04
eu_heritage_label,capital_of_culture,Evangelical A. C. church (Kraskovo),Q112052356,48.49861,19.98887,1,,yes,missing,,no,4.6,2026-09-04
eu_heritage_label,capital_of_culture,Church of the Annunciation of the Virgin Mary,Q112052361,48.66413,20.20009,1,,yes,missing,,no,4.6,2026-09-04
eu_heritage_label,capital_of_culture,Kostel Nejsvětější Trojice (Rákoš),Q112052378,48.60338,20.14711,1,,yes,missing,,no,4.6,2026-09-04
eu_heritage_label,capital_of_culture,Rotunda of St. Margaret of Antioch,Q112052391,48.58375,20.27546,1,,yes,missing,,no,5.2,2026-09-04
national_park,national_park,Tynwald National Park and Arboretum,Q140877582,54.20389,-4.63889,1,,yes,missing,,no,3.4,2026-09-04
national_park,national_park,Rașcov National Park,Q7299885,48.01667,28.71667,1,,no,missing,,no,3.4,2026-09-04
national_park,national_park,"réserve naturelle domaniale ""Lesse et Lomme""",Q2020105,50.14389,5.2,1,,no,missing,,no,3.4,2026-09-04
national_park,national_park,Nationalpark Lura,Q125993818,41.78333,20.18333,1,,yes,missing,,no,4.2,2026-09-04
national_park,national_park,Jersey National Park,Q129385118,49.21746,-2.21752,1,,no,missing,,no,3.4,2026-09-04
national_park,national_park,Oiti National Park,Q26001162,38.82861,22.28861,1,,yes,missing,,no,4.2,2026-09-04
unesco_geopark,national_park,Felsőörs Forrás-hegyi geológiai bemutatóhely,Q1003063,47.01753,17.94306,1,,yes,missing,,no,3.4,2026-09-04
unesco_geopark,national_park,Geologischer Garten Münzenberg,Q1503243,50.4556,8.7672,1,,no,missing,,no,3.4,2026-09-04
unesco_geopark,national_park,Geologischer Garten Stolzenhagen,Q1503245,52.9478,14.0976,1,,yes,missing,,no,3.4,2026-09-04
unesco_geopark,national_park,Cotswold Hills Geopark,Q5175483,51.8,-2.0,1,,no,missing,,no,4.2,2026-09-04
unesco_geopark,national_park,Geopark Železné hory,Q12041625,49.85867,15.79264,1,,no,missing,,no,5.9,2026-09-04
unesco_geopark,national_park,Massif des Bauges Geopark,Q93494455,45.677,6.127,1,,yes,missing,,no,4.2,2026-09-04
unesco_geopark,national_park,Geopark Broumovsko,Q106784670,50.55605,16.17734,1,,yes,missing,,no,4.2,2026-09-04
unesco_geopark,national_park,Geopark Barrandien,Q121889996,49.7953,13.8133,1,,yes,missing,,no,3.4,2026-09-04
unesco_geopark,national_park,Geopark Eiszeitland am Oderrand Sperlingsherberge,Q131888222,52.97333,13.85942,1,,yes,missing,,no,3.4,2026-09-04
unesco_geopark,national_park,Geo-Park Glinka,Q136221966,49.46389,19.15219,1,,yes,missing,,no,4.2,2026-09-04
unesco_geopark,national_park,Geopark Nordisches Steinreich,Q21965822,53.64281,10.77819,1,,no,missing,,no,4.9,2026-09-04
unesco_geopark,national_park,Geopark Ralsko,Q28509537,50.586,14.803,1,,yes,missing,,no,4.9,2026-09-04
unesco_geopark,national_park,Geopark Český ráj,Q28525174,50.54,15.31,1,,yes,missing,,no,4.2,2026-09-04
unesco_geopark,national_park,Vizsolyi kőfejtő,Q28722995,48.37494,21.21528,1,,no,missing,,no,4.9,2026-09-04
unesco_geopark,national_park,Geopark Egeria,Q28758214,50.179,12.64,1,,yes,missing,,no,5.9,2026-09-04
unesco_geopark,national_park,Geopark GeoLoci,Q28758262,49.766,12.91,1,,yes,missing,,no,4.2,2026-09-04
unesco_geopark,national_park,Geopark Vysočina,Q28779176,49.2574,15.42551,1,,yes,missing,,no,6.3,2026-09-04
unesco_geopark,national_park,Causses du Quercy,Q54828152,44.593,1.683,1,,yes,missing,,no,3.4,2026-09-04
unesco_geopark,national_park,Geopark Rájec,Q56544108,49.41319,16.63554,1,,yes,missing,,no,5.5,2026-09-04
unesco_geopark,national_park,Geologická zahrada Dolní Počernice,Q64027130,50.09181,14.57462,1,,yes,missing,,no,4.9,2026-09-04
biosphere_reserve,national_park,Las Sierras de Béjar y Francia Biosphere Reserve,Q22680858,40.23,-5.46,1,,no,missing,,no,3.4,2026-09-04
biosphere_reserve,national_park,Real Sitio de San Ildefonso-El Espinar Biosphere Reserve,Q22680876,40.7903,-4.0985,1,,yes,missing,,no,5.9,2026-09-04
biosphere_reserve,national_park,Brighton and Lewes Downs,Q22680892,50.849,-0.1078,1,,no,missing,,no,3.4,2026-09-04
biosphere_reserve,national_park,Galloway and southern Ayrshire,Q22680894,54.58,-4.17,1,,no,missing,,no,3.4,2026-09-04
biosphere_reserve,national_park,Silver Flowe-Merrick Kells,Q22693000,55.1,-4.5,1,,yes,missing,,no,3.4,2026-09-04
biosphere_reserve,national_park,Vallée du Fango,Q22693004,42.46667,8.66667,1,,yes,missing,,no,4.9,2026-09-04
biosphere_reserve,national_park,Ordesa-Viñamala Biosphere Reserve,Q22771816,42.67,-0.14,1,,no,missing,,no,4.9,2026-09-04
biosphere_reserve,national_park,Somma-Vesuvio and Miglio d'Oro Biosphere Reserve,Q22222595,40.49,14.26,1,,no,missing,,no,5.5,2026-09-04
biosphere_reserve,national_park,Nijegorodskoe Zavolje,Q22674921,56.3,45.0,1,,yes,missing,,no,3.4,2026-09-04
biosphere_reserve,national_park,Pilis Biosphere Reserve,Q3457152,47.45,18.49,1,,yes,missing,,no,4.9,2026-09-04
biosphere_reserve,national_park,Pietrosul Mare,Q22771822,47.4,23.0,1,,yes,missing,,no,3.4,2026-09-04
biosphere_reserve,national_park,Los Ancares Leoneses,Q22771845,42.47,-6.44,1,,no,missing,,no,4.2,2026-09-04
biosphere_reserve,national_park,Mont Ventoux,Q22771884,44.1,5.17,1,,yes,missing,,no,4.9,2026-09-04
biosphere_reserve,national_park,Blekinge Archipelago,Q22806736,56.115,15.5838,1,,yes,missing,,no,5.9,2026-09-04
biosphere_reserve,national_park,Collina Po Biosphere Reserve,Q24109680,45.05342,7.81439,1,,no,missing,,no,5.5,2026-09-04
biosphere_reserve,national_park,Sumava Biosphere Reserve,Q24405063,49.01667,13.56667,1,,yes,missing,,no,3.4,2026-09-04
biosphere_reserve,national_park,Kozjansko and Obsotelje Biosphere Reserve,Q5960614,46.07,15.4872,1,,no,missing,,no,3.4,2026-09-04
biosphere_reserve,national_park,Los Argüellos Biosphere Reserve,Q6106210,42.96806,-5.495,1,,yes,missing,,no,4.2,2026-09-04
biosphere_reserve,national_park,Los Ancares Leoneses Biosphere Reserve,Q6106215,42.8664,-6.5794,1,,yes,missing,,no,3.4,2026-09-04
biosphere_reserve,national_park,Tuchola Forest,Q9307811,53.7905,17.9855,1,,no,missing,,no,3.4,2026-09-04
biosphere_reserve,national_park,Menorca Biosphere Reserve,Q20101665,39.97,4.05,1,,yes,missing,,no,4.9,2026-09-04
biosphere_reserve,national_park,Terras do Miño Biosphere Reserve,Q20102034,43.17,-7.6,1,,no,missing,,no,4.9,2026-09-04
biosphere_reserve,national_park,Castro Verde,Q54828077,37.7453,-8.009,1,,no,missing,,no,3.4,2026-09-04
biosphere_reserve,national_park,Réserve de biosphère du bassin de la Dordogne,Q94697713,45.20664,1.15617,1,,yes,missing,,no,4.2,2026-09-04
biosphere_reserve,national_park,Réserve de biosphère du Luberon-Lure,Q108340717,43.81667,5.43333,1,,yes,missing,,no,3.4,2026-09-04
biosphere_reserve,national_park,Riserva della biosfera dell'Engadina-Val Müstair,Q109831056,46.65,10.264,1,,yes,missing,,no,5.5,2026-09-04
biosphere_reserve,national_park,biosphere reserve Pfälzerwald,Q115656880,49.27997,7.87441,1,,yes,missing,,no,4.9,2026-09-04
biosphere_reserve,national_park,"Cuencas Altas de los Ríos Manzanares, Lozoya y Guadarrama",Q122181731,40.70939,-3.95703,1,,yes,missing,,no,5.9,2026-09-04
biosphere_reserve,national_park,"Réserve de biosphère de la Ribeira Sacra, Sierras del Oribio et Courel",Q140471219,42.38444,-7.61944,1,,no,missing,,no,3.4,2026-09-04
fr_villes_art_histoire,heritage_town,Syndicat intercommunal à vocation multiple du Pays de Vence,Q92883733,43.72264,7.11344,0,,no,missing,,no,5.4,2026-09-04
es_conjunto_historico,heritage_town,Conjunto Histórico Artístico de la Ciudad de Ávila,Q43169638,40.65646,-4.70035,0,,yes,missing,,no,6.8,2026-09-04
es_conjunto_historico,heritage_town,Barrio del Puente de Sabiñanigo,Q43169643,42.51969,0.36508,0,,yes,missing,,no,5.4,2026-09-04
es_conjunto_historico,heritage_town,Conjunto Histórico Artístico de la Villa de Villanueva de la Vera,Q43169650,40.1288,-5.46277,0,,yes,missing,,no,3.8,2026-09-04
es_conjunto_historico,heritage_town,Villarroya de los Pinares,Q43169665,40.52959,-0.66943,0,,yes,missing,,no,4.7,2026-09-04
es_conjunto_historico,heritage_town,Conjunto Histórico de Tudanca,Q43169673,43.15212,-4.37315,0,,yes,missing,,no,3.8,2026-09-04
es_conjunto_historico,heritage_town,Conjunto Histórico Artístico la Ciudad Iglesuela del Cid,Q43169687,40.48188,-0.31906,0,,yes,missing,,no,3.8,2026-09-04
es_conjunto_historico,heritage_town,Conjunt històric de Binissalem,Q43169711,39.68823,2.84345,0,,yes,member_of,gem:sa-calobra,no,5.4,2026-09-04
es_conjunto_historico,heritage_town,Villa de Letur,Q43169720,38.36671,-2.10084,0,,yes,missing,,no,3.8,2026-09-04
es_conjunto_historico,heritage_town,Conjunto Histórico Artístico de la Villa de Bonilla de la Sierra,Q43169744,40.53044,-5.26453,0,,yes,missing,,no,3.8,2026-09-04
es_conjunto_historico,heritage_town,Villa de Treviño,Q43169791,42.73452,-2.74702,0,,yes,missing,,no,5.9,2026-09-04
es_conjunto_historico,heritage_town,Villa de Villahoz,Q43169795,42.07665,-3.91291,0,,yes,missing,,no,5.4,2026-09-04
es_conjunto_historico,heritage_town,Ciudad de Beniel,Q43169801,38.04631,-1.00187,0,,no,missing,,no,4.7,2026-09-04
es_conjunto_historico,heritage_town,Conjunto histórico artístico del casco urbano de San Fernando de Henares,Q43169809,40.42556,-3.53528,0,,yes,missing,,no,6.8,2026-09-04
es_conjunto_historico,heritage_town,Casco Antiguo de Corcubión,Q43169903,42.94397,-9.1915,0,,yes,missing,,no,3.8,2026-09-04
es_conjunto_historico,heritage_town,Conjunto Histórico- Lugar de Mogrovejo,Q43169946,43.14732,-4.70963,0,,yes,missing,,no,3.8,2026-09-04
es_conjunto_historico,heritage_town,Lugar de Alceda,Q43169978,43.19219,-3.91525,0,,yes,missing,,no,3.8,2026-09-04
es_conjunto_historico,heritage_town,Villa de Aledo,Q43170051,37.79421,-1.57308,0,,yes,missing,,no,4.7,2026-09-04
es_conjunto_historico,heritage_town,Esglésies de Santa Eulària des Riu,Q43170065,39.0,1.5,0,,yes,missing,,no,5.4,2026-09-04
es_conjunto_historico,heritage_town,Esglésies de Sant Joan de Labritja,Q43170073,39.08333,1.5,0,,yes,member_of,IBZ,no,4.7,2026-09-04
es_conjunto_historico,heritage_town,Villa de Mogarraz,Q43170124,40.49236,-6.05309,0,,yes,missing,,no,3.8,2026-09-04
es_conjunto_historico,heritage_town,Conjunto Histórico Artístico Peñafiel,Q43170138,41.5967,-4.1184,0,,yes,missing,,no,3.8,2026-09-04
es_conjunto_historico,heritage_town,Conjunto Histórico a favor de la localidad de Burguillos del Cerro,Q43170175,38.38185,-6.59159,0,,yes,missing,,no,3.8,2026-09-04
es_conjunto_historico,heritage_town,Conjunto Histórico Artístico Roda de Isábena,Q43170199,42.29139,0.52861,0,,yes,missing,,no,5.4,2026-09-04
es_conjunto_historico,heritage_town,Conjunto histórico artístico de Valderas,Q43170216,42.0775,-5.4425,0,,yes,missing,,no,3.8,2026-09-04
es_conjunto_historico,heritage_town,Plaza y entorno de Riolago de Babia,Q43170272,42.94833,-6.07444,0,,yes,missing,,no,4.7,2026-09-04
es_conjunto_historico,heritage_town,Conjunto Histórico de Viana,Q43170308,42.51489,-2.37187,0,,yes,missing,,no,5.4,2026-09-04
es_conjunto_historico,heritage_town,Conjunto Histórico de Magacela,Q43170321,38.89578,-5.73745,0,,yes,missing,,no,4.7,2026-09-04
es_conjunto_historico,heritage_town,Conjunto Histórico Villa de Yanguas,Q43170365,42.10079,-2.33797,0,,yes,missing,,no,3.8,2026-09-04
es_conjunto_historico,heritage_town,Localidad de Robledillo de Gata,Q43170460,40.3226,-6.47104,0,,yes,missing,,no,4.7,2026-09-04
es_conjunto_historico,heritage_town,Conjunto Histórico de Pasarón de la Vera,Q43170474,40.05223,-5.82116,0,,yes,missing,,no,3.8,2026-09-04
es_conjunto_historico,heritage_town,Villa de Villalba de los Alcores,Q43170479,41.86394,-4.85923,0,,yes,missing,,no,3.8,2026-09-04
es_conjunto_historico,heritage_town,Escalada,Q43170514,42.81177,-3.77669,0,,yes,missing,,no,3.8,2026-09-04
es_conjunto_historico,heritage_town,Conjunto Histórico de Puente la Reina,Q43170542,42.67155,-1.81558,0,,yes,missing,,no,3.8,2026-09-04
es_conjunto_historico,heritage_town,Pesquera de Ebro,Q43170590,42.80194,-3.72039,0,,yes,missing,,no,3.8,2026-09-04
es_conjunto_historico,heritage_town,Orbaneja del Castillo,Q43170607,42.83494,-3.79373,0,,yes,missing,,no,3.8,2026-09-04
es_conjunto_historico,heritage_town,Ciudad de Alburquerque,Q43170614,39.22009,-7.00031,0,,yes,missing,,no,4.7,2026-09-04
es_conjunto_historico,heritage_town,Casco Histórico de Astudillo,Q43170664,42.18333,-4.28333,0,,yes,missing,,no,3.8,2026-09-04
es_conjunto_historico,heritage_town,Conjunto Histórico de Villadiego,Q43170711,42.5154,-4.0099,0,,yes,missing,,no,5.4,2026-09-04
es_conjunto_historico,heritage_town,Localidad de Azuaga,Q43170758,38.26076,-5.67903,0,,yes,missing,,no,3.8,2026-09-04
es_conjunto_historico,heritage_town,Villa de San Esteban de Gormaz,Q43170798,41.57363,-3.20528,0,,yes,missing,,no,3.8,2026-09-04
es_conjunto_historico,heritage_town,El Pueblo de Támara de Campos,Q43170830,42.20308,-4.39365,0,,yes,missing,,no,3.8,2026-09-04
es_conjunto_historico,heritage_town,Baluarte de la Tenaza y su Pastel,Q43170868,35.89359,-5.29274,0,,no,missing,,no,5.4,2026-09-04
es_conjunto_historico,heritage_town,Baluarte de San Amaro,Q43170877,35.89599,-5.29324,0,,no,missing,,no,5.4,2026-09-04
es_conjunto_historico,heritage_town,Baluarte de San Antonio,Q43170892,35.89711,-5.29083,0,,no,missing,,no,5.4,2026-09-04
es_conjunto_historico,heritage_town,Puerta de Ceuta,Q43170924,35.89362,-5.29217,0,,no,missing,,no,5.4,2026-09-04
es_conjunto_historico,heritage_town,Antigua Puerta de Ceuta (Oculta),Q43170934,35.89397,-5.29303,0,,no,missing,,no,5.4,2026-09-04
es_conjunto_historico,heritage_town,Barracón que sirvió de Presidio,Q43170945,35.89497,-5.29256,0,,no,missing,,no,5.4,2026-09-04
es_conjunto_historico,heritage_town,Casa del Vigía,Q43170953,35.89561,-5.29201,0,,no,missing,,no,5.4,2026-09-04
es_conjunto_historico,heritage_town,Cuartel-presidio y Aljibe,Q43170961,35.89568,-5.28998,0,,no,missing,,no,5.4,2026-09-04
es_conjunto_historico,heritage_town,Restos del Alcantarillado Viejo,Q43170969,35.89648,-5.29192,0,,no,missing,,no,5.4,2026-09-04
es_conjunto_historico,heritage_town,Entrada Galerías Subterráneas,Q43170980,35.89566,-5.28935,0,,no,missing,,no,5.4,2026-09-04
es_conjunto_historico,heritage_town,Almacén que sirvió de Presidio,Q43170987,35.89633,-5.28779,0,,no,missing,,no,5.4,2026-09-04
es_conjunto_historico,heritage_town,Puerta de San Amaro del Lazareto,Q43171029,35.89713,-5.29847,0,,no,missing,,no,5.4,2026-09-04
es_conjunto_historico,heritage_town,Fort of San Amaro,Q43171037,35.89755,-5.29878,0,,yes,missing,,no,5.4,2026-09-04
es_conjunto_historico,heritage_town,Batería y Cuerpo de Guardia de Pino Gordo,Q43171075,35.90198,-5.29648,0,,no,missing,,no,5.9,2026-09-04
es_conjunto_historico,heritage_town,Ciudad de Dueñas,Q43167650,41.87694,-4.54694,0,,yes,missing,,no,3.8,2026-09-04
es_conjunto_historico,heritage_town,Conjunto Histórico de la Ciudad de Tuy,Q43167679,42.04611,-8.64439,0,,yes,member_of,gem:vila-nova-de-cerveira,no,3.8,2026-09-04
es_conjunto_historico,heritage_town,Villa de Navarrete,Q43167885,42.42939,-2.56135,0,,yes,missing,,no,5.4,2026-09-04
es_conjunto_historico,heritage_town,Casco Antiguo de la Ciudad de Huesca,Q43168029,42.13812,0.40722,0,,yes,missing,,no,4.7,2026-09-04
es_conjunto_historico,heritage_town,Conjunto Histórico de la Iglesia de San Millán de la Cogolla y de Orihuela del Tremedal,Q43168084,40.55028,-1.64973,0,,yes,missing,,no,3.8,2026-09-04
es_conjunto_historico,heritage_town,Antiguo Complejo Siderúrgico y Cerámico de Sargadelos,Q43168152,43.66065,-7.40521,0,,yes,missing,,no,3.8,2026-09-04
es_conjunto_historico,heritage_town,Pueblo de Combarro,Q43168231,42.43186,-8.70487,0,,yes,missing,,no,4.7,2026-09-04
es_conjunto_historico,heritage_town,Santa Gadea del Cid,Q43168351,42.71495,-3.05861,0,,yes,missing,,no,5.9,2026-09-04
es_conjunto_historico,heritage_town,Casco Antiguo de la Villa de la Roda,Q43168367,39.20747,-2.15888,0,,yes,missing,,no,3.8,2026-09-04
es_conjunto_historico,heritage_town,Conjunto Histórico de la Villa de Ayllón,Q43168380,41.42024,-3.37602,0,,yes,missing,,no,4.7,2026-09-04
es_conjunto_historico,heritage_town,Villa de Medina de Pomar,Q43168402,42.92888,-3.48731,0,,yes,missing,,no,3.8,2026-09-04
es_conjunto_historico,heritage_town,Conjunto Histórico de Peñaranda de Bracamonte,Q43168464,40.90268,-5.20118,0,,yes,missing,,no,4.7,2026-09-04
es_conjunto_historico,heritage_town,Conjunto Histórico Artístico del la Villa de Torrelaguna,Q43168488,40.82746,-3.538,0,,yes,missing,,no,5.9,2026-09-04
es_conjunto_historico,heritage_town,Villa de Peñaranda de Duero,Q43168515,41.68842,-3.48047,0,,yes,missing,,no,3.8,2026-09-04
es_conjunto_historico,heritage_town,Casco Antiguo,Q43168633,42.54917,-2.91139,0,,yes,missing,,no,6.8,2026-09-04
es_conjunto_historico,heritage_town,Conjunto Histórico Artístico la Villa de Ledesma,Q43168656,41.09016,-5.99932,0,,yes,missing,,no,4.7,2026-09-04
es_conjunto_historico,heritage_town,Conjunto Histórico Artístico la Villa de Candelario,Q43168669,40.36617,-5.7418,0,,yes,missing,,no,3.8,2026-09-04
es_conjunto_historico,heritage_town,Villa de Haro,Q43168697,42.57694,-2.84417,0,,yes,missing,,no,6.8,2026-09-04
es_conjunto_historico,heritage_town,Casco Antiguo de la Ciudad de Barbastro,Q43168735,42.03504,0.12351,0,,yes,missing,,no,3.8,2026-09-04
es_conjunto_historico,heritage_town,La Penya castle,Q43168796,42.18784,0.33397,0,,yes,missing,,no,4.7,2026-09-04
es_conjunto_historico,heritage_town,Conjunto Histórico Artístico de la Villa de Guisando y su Entorno,Q43168851,40.22251,-5.14044,0,,yes,missing,,no,3.8,2026-09-04
es_conjunto_historico,heritage_town,Conjunto Histórico de la Villa de Tordesillas,Q43168931,41.50109,-5.00068,0,,yes,missing,,no,3.8,2026-09-04
es_conjunto_historico,heritage_town,Villa de Garganta la Olla,Q43168958,40.11134,-5.77632,0,,yes,missing,,no,3.8,2026-09-04
es_conjunto_historico,heritage_town,Plaza Mayor de Tarazona de la Mancha,Q43169060,39.26508,-1.91295,0,,yes,missing,,no,3.8,2026-09-04
es_conjunto_historico,heritage_town,Castrillo de los Polvazares,Q43169149,42.465,-6.12833,0,,yes,missing,,no,3.8,2026-09-04
es_conjunto_historico,heritage_town,Conjunto Histórico Artístico El Pueblo de Mirambel,Q43169162,40.58694,-0.34187,0,,yes,missing,,no,3.8,2026-09-04
es_conjunto_historico,heritage_town,Villa de San Clemente,Q43169172,39.40389,-2.42944,0,,yes,missing,,no,3.8,2026-09-04
es_conjunto_historico,heritage_town,Conjunto Histórico Artístico la Villa,Q43169208,41.59057,-4.82731,0,,yes,missing,,no,3.8,2026-09-04
es_conjunto_historico,heritage_town,Conjunto Histórico Artístico la Villa. Montealegre,Q43169263,41.90257,-4.90042,0,,yes,missing,,no,3.8,2026-09-04
es_conjunto_historico,heritage_town,Conjunto Histórico Artístico la Villa de Cantavieja,Q43169353,40.52556,-0.40528,0,,yes,missing,,no,3.8,2026-09-04
es_conjunto_historico,heritage_town,Mula,Q43169379,38.04217,-1.49051,0,,yes,missing,,no,3.8,2026-09-04
es_conjunto_historico,heritage_town,Historical Artistic Set Villa de Alquézar,Q43169400,42.17389,0.02722,0,,yes,missing,,no,3.8,2026-09-04
es_conjunto_historico,heritage_town,Villa de Alcalá de Júcar,Q43169503,39.19342,-1.42971,0,,yes,missing,,no,3.8,2026-09-04
es_conjunto_historico,heritage_town,Conjunto Histórico Artístico de la Villa de Montemayor del Río,Q43169545,40.34828,-5.89387,0,,yes,missing,,no,3.8,2026-09-04
es_conjunto_historico,heritage_town,Conjunto Histórico Artístico la Villa de San Martín del Castañar,Q43169595,40.52192,-6.06474,0,,yes,missing,,no,3.8,2026-09-04
es_conjunto_historico,heritage_town,Conjunto Histórico Artístico Cartuja de la Concepción (Barrio Cartuja Baja),Q43169602,41.60445,-0.82231,0,,yes,missing,,no,3.8,2026-09-04
es_conjunto_historico,heritage_town,Garitón o Cuerpo de Guardia de las Cuevas,Q43171119,35.90274,-5.28515,0,,no,missing,,no,5.9,2026-09-04
es_conjunto_historico,heritage_town,Fortín y Batería de Punta Almina,Q43171125,35.89932,-5.27969,0,,no,missing,,no,5.4,2026-09-04
es_conjunto_historico,heritage_town,Garitón de Alfonso Díaz,Q43171177,35.89457,-5.28346,0,,no,missing,,no,5.4,2026-09-04
es_conjunto_historico,heritage_town,Fortín del Quemadero,Q43171211,35.88931,-5.29388,0,,no,missing,,no,5.4,2026-09-04
es_conjunto_historico,heritage_town,Recinto Urbano de Alaejos,Q43171235,41.30747,-5.2161,0,,yes,missing,,no,3.8,2026-09-04
es_conjunto_historico,heritage_town,Conjunto histórico de Santiago Millas,Q43171316,42.38222,-6.10556,0,,yes,missing,,no,3.8,2026-09-04
es_conjunto_historico,heritage_town,Oña,Q43171364,42.73421,-3.41399,0,,yes,missing,,no,5.9,2026-09-04
es_conjunto_historico,heritage_town,Conjunto Histórico de Sangüesa,Q43171406,42.57553,-1.28269,0,,yes,missing,,no,3.8,2026-09-04
es_conjunto_historico,heritage_town,Arquitectura de Piedra Seca,Q43171424,40.48155,-0.31737,0,,yes,missing,,no,3.8,2026-09-04
es_conjunto_historico,heritage_town,Villa de Palazuelos,Q43171460,41.09111,-2.69083,0,,yes,missing,,no,3.8,2026-09-04
es_conjunto_historico,heritage_town,Villa de Sequeros,Q43171639,40.51227,-6.02478,0,,no,missing,,no,3.8,2026-09-04
es_conjunto_historico,heritage_town,Batería de San Pedro El Bajo,Q43171685,35.89168,-5.30348,0,,yes,missing,,no,5.4,2026-09-04
es_conjunto_historico,heritage_town,Restos de la Puerta del Muelle de San Pedro,Q43171697,35.89198,-5.30269,0,,no,missing,,no,5.4,2026-09-04
es_conjunto_historico,heritage_town,Batería de Abastos,Q43171703,35.8923,-5.30189,0,,no,missing,,no,5.4,2026-09-04
es_conjunto_historico,heritage_town,Muro del Pozo Rayo,Q43171736,35.89213,-5.29939,0,,no,missing,,no,5.4,2026-09-04
es_conjunto_historico,heritage_town,Batería del Rastrillo Nuevo,Q43171755,35.88953,-5.29853,0,,no,missing,,no,5.4,2026-09-04
es_conjunto_historico,heritage_town,Batería y Cuerpo de Guardia del Molino,Q43171781,35.8872,-5.302,0,,no,missing,,no,5.4,2026-09-04
es_conjunto_historico,heritage_town,Gumiel de Izán,Q43172075,41.77281,-3.68825,0,,yes,missing,,no,3.8,2026-09-04
es_conjunto_historico,heritage_town,Centro Histórico de Cortelazor,Q43172191,37.93333,-6.61667,0,,no,missing,,no,3.8,2026-09-04
es_conjunto_historico,heritage_town,Ciudad de Rueda,Q43172304,41.41301,-4.95916,0,,yes,missing,,no,3.8,2026-09-04
es_conjunto_historico,heritage_town,Ciudad de Hellín,Q43172346,38.51258,-1.70194,0,,yes,missing,,no,3.8,2026-09-04
es_conjunto_historico,heritage_town,Villa de La Puebla de Arganzón,Q43172386,42.76646,-2.83164,0,,yes,missing,,no,5.9,2026-09-04
es_conjunto_historico,heritage_town,Conjunto Histórico de la aldea de Biniali,Q43172400,39.64145,2.85895,0,,yes,missing,,no,5.4,2026-09-04
es_conjunto_historico,heritage_town,Villa de Rejas de San Esteban,Q43172455,41.62217,-3.26212,0,,yes,missing,,no,3.8,2026-09-04
es_conjunto_historico,heritage_town,Conjunto Histórico Artístico de Langa de Duero,Q43172484,41.6101,-3.40157,0,,yes,missing,,no,3.8,2026-09-04
es_conjunto_historico,heritage_town,Conjunto Histórico Artístico de la Ciudad de Piedrahíta,Q43172502,40.46343,-5.32727,0,,yes,missing,,no,3.8,2026-09-04
es_conjunto_historico,heritage_town,Ciudad de Miranda de Ebro,Q43172525,42.68493,-2.9487,0,,yes,missing,,no,5.9,2026-09-04
es_conjunto_historico,heritage_town,Conjunto Histórico de Biniaraix,Q43172545,39.77106,2.73478,0,,yes,member_of,gem:sa-calobra,no,6.4,2026-09-04
es_conjunto_historico,heritage_town,Villa de Villaviciosa,Q47450853,43.48125,-5.43553,0,,yes,missing,,no,4.7,2026-09-04
es_conjunto_historico,heritage_town,Conjunto Histórico Artístico Isla de Tabarca,Q48817696,38.16446,-0.47424,0,,yes,missing,,no,5.4,2026-09-04
es_conjunto_historico,heritage_town,Esglésies de Sant Antoni de Portmany,Q56257291,39.0,1.33333,0,,yes,missing,,no,4.7,2026-09-04
es_conjunto_historico,heritage_town,Núcleo Histórico Tradicional de Azuébar,Q64624083,39.83472,-0.36861,0,,yes,missing,,no,4.7,2026-09-04
es_conjunto_historico,heritage_town,Núcleo Histórico Tradicional de Bejís,Q64624084,39.90972,-0.70806,0,,yes,missing,,no,3.8,2026-09-04
es_conjunto_historico,heritage_town,Núcleo Histórico Tradicional de Gaibiel,Q64624085,39.92611,-0.49611,0,,no,missing,,no,3.8,2026-09-04
es_conjunto_historico,heritage_town,Núcleo Histórico Tradicional de Soneja,Q64624086,39.81722,-0.43028,0,,yes,missing,,no,4.7,2026-09-04
es_conjunto_historico,heritage_town,Núcleo Histórico Tradicional de Bélgida,Q64666861,38.85944,-0.47472,0,,yes,missing,,no,3.8,2026-09-04
es_conjunto_historico,heritage_town,Núcleo Histórico Tradicional de Sierra Engarcerán,Q64760366,40.26944,-0.01917,0,,yes,missing,,no,3.8,2026-09-04
es_conjunto_historico,heritage_town,Núcleo Histórico Tradicional Barrio del Castillo,Q64760463,39.41833,-0.79028,0,,yes,missing,,no,4.7,2026-09-04
es_conjunto_historico,heritage_town,Núcleo Histórico Tradicional de Formentera del Segura,Q64825334,38.08361,-0.74583,0,,no,missing,,no,5.4,2026-09-04
es_conjunto_historico,heritage_town,Núcleo Histórico Tradicional de Venta del Moro,Q64875909,39.48333,-1.35667,0,,no,missing,,no,3.8,2026-09-04
es_conjunto_historico,heritage_town,Núcleo Histórico Tradicional de Utiel,Q64875929,39.56722,-1.20528,0,,no,missing,,no,3.8,2026-09-04
es_conjunto_historico,heritage_town,Núcleo Histórico Tradicional de Calles,Q64907734,39.72556,-0.97333,0,,no,missing,,no,3.8,2026-09-04
es_conjunto_historico,heritage_town,Núcleo histórico tradicional de La Nucía,Q65010031,38.61778,-0.1225,0,,yes,missing,,no,3.8,2026-09-04
es_conjunto_historico,heritage_town,Núcleo histórico tradicional de Orcheta,Q65010032,38.56361,-0.26139,0,,no,missing,,no,3.8,2026-09-04
es_conjunto_historico,heritage_town,Tolosako hiri historikoa,Q65555887,43.13881,-2.07267,0,,yes,missing,,no,5.4,2026-09-04
es_conjunto_historico,heritage_town,Conjunto histórico de Hernani,Q65770521,43.26667,-1.97472,0,,no,missing,,no,5.4,2026-09-04
es_conjunto_historico,heritage_town,Núcleo histórico tradicional de Crevillente,Q69098465,38.24789,-0.8089,0,,no,missing,,no,6.4,2026-09-04
es_conjunto_historico,heritage_town,centre historique d'Aguilar de la Frontera,Q97625362,37.51486,-4.65648,0,,no,missing,,no,5.4,2026-09-04
es_conjunto_historico,heritage_town,Plaza de la villa de Olivares,Q97641990,37.41856,-6.15583,0,,yes,missing,,no,5.4,2026-09-04
es_conjunto_historico,heritage_town,Centro Histórico de Fuentes de Andalucía,Q97643030,37.46357,-5.34663,0,,yes,missing,,no,3.8,2026-09-04
es_conjunto_historico,heritage_town,Centro Histórico de Lebrija,Q97643032,36.91863,-6.08413,0,,yes,missing,,no,5.4,2026-09-04
es_conjunto_historico,heritage_town,Centro Histórico de Estepa,Q97643035,37.28753,-4.87909,0,,yes,missing,,no,4.7,2026-09-04
es_conjunto_historico,heritage_town,Centro Histórico de Carmona,Q97643041,37.46876,-5.65036,0,,yes,missing,,no,4.7,2026-09-04
es_conjunto_historico,heritage_town,historical centre of Arahal,Q97643043,37.2641,-5.54283,0,,yes,missing,,no,4.7,2026-09-04
es_conjunto_historico,heritage_town,Centro Histórico de Sanlúcar la Mayor,Q97643044,37.38584,-6.2019,0,,yes,missing,,no,5.4,2026-09-04
es_conjunto_historico,heritage_town,Hórreos de Zas de Rei,Q106774623,42.94083,-8.04917,0,,no,missing,,no,5.4,2026-09-04
es_conjunto_historico,heritage_town,Villa de Colombres,Q107066613,43.37497,-4.54036,0,,yes,missing,,no,3.8,2026-09-04
es_conjunto_historico,heritage_town,Conjunto Histórico de Portugalete,Q107082360,43.32075,-3.01733,0,,no,missing,,no,6.4,2026-09-04
es_conjunto_historico,heritage_town,Conjunto histórico de Larrabezúa,Q107084565,43.26072,-2.796,0,,yes,missing,,no,5.9,2026-09-04
es_conjunto_historico,heritage_town,Conjunto histórico de Marquina-Jeméin,Q107094120,43.26722,-2.49822,0,,no,missing,,no,5.9,2026-09-04
es_conjunto_historico,heritage_town,Casco Histórico de Orio,Q107094688,43.27692,-2.12672,0,,yes,missing,,no,5.4,2026-09-04
es_conjunto_historico,heritage_town,Casco histórico de Pasajes,Q107095250,43.32717,-1.92,0,,yes,missing,,no,4.7,2026-09-04
es_conjunto_historico,heritage_town,Conjunto histórico de Salinillas de Buradón,Q107156644,42.63403,-2.83258,0,,no,missing,,no,6.8,2026-09-04
es_conjunto_historico,heritage_town,Villavieja (Bembibre),Q117325268,42.61416,-6.41547,0,,no,missing,,no,4.7,2026-09-04
es_conjunto_historico,heritage_town,Conjunto Histórico Artístico de Traiguera,Q117773697,40.52556,0.29083,0,,no,missing,,no,3.8,2026-09-04
es_conjunto_historico,heritage_town,Centro Histórico de Olivares,Q41783865,37.41863,-6.15599,0,,yes,missing,,no,5.4,2026-09-04
es_conjunto_historico,heritage_town,Becerril de Campos,Q43077143,42.10833,-4.64167,0,,yes,missing,,no,3.8,2026-09-04
es_conjunto_historico,heritage_town,Villa de Salazar,Q43078168,42.97727,-3.61878,0,,no,missing,,no,3.8,2026-09-04
es_conjunto_historico,heritage_town,Totana,Q43079213,37.76991,-1.50018,0,,yes,missing,,no,4.7,2026-09-04
es_conjunto_historico,heritage_town,Conjunto Histórico Canales de la Sierra,Q43079230,42.14291,-3.02494,0,,yes,missing,,no,5.9,2026-09-04
es_conjunto_historico,heritage_town,Casco Antiguo de Arceniega,Q43079239,43.12081,-3.12823,0,,yes,missing,,no,5.4,2026-09-04
es_conjunto_historico,heritage_town,Villa de Caracena,Q43079282,41.38331,-3.09134,0,,yes,missing,,no,4.7,2026-09-04
es_conjunto_historico,heritage_town,Villa de Hita,Q43167321,40.82472,-3.04944,0,,yes,missing,,no,5.4,2026-09-04
es_conjunto_historico,heritage_town,Conjunto Histórico de Molina de Aragón,Q43167339,40.84389,-1.88861,0,,yes,missing,,no,3.8,2026-09-04
es_conjunto_historico,heritage_town,Conjunto Histórico de Ampudia,Q43167355,41.91333,-4.785,0,,yes,missing,,no,3.8,2026-09-04
es_conjunto_historico,heritage_town,Conjunto histórico de la zona antigua de Villafranca del Bierzo,Q43167379,42.60789,-6.80964,0,,yes,missing,,no,5.4,2026-09-04
es_conjunto_historico,heritage_town,Convento de San Bernardino,Q43167422,39.61157,3.11147,0,,no,missing,,no,4.7,2026-09-04
es_conjunto_historico,heritage_town,Recinto Urbano de Palenzuela,Q43167531,42.09548,-4.13017,0,,yes,missing,,no,4.7,2026-09-04
es_conjunto_historico,heritage_town,Villa de Pastrana,Q43167552,40.41778,-2.9225,0,,yes,missing,,no,4.7,2026-09-04
unesco_whc,unesco_whc,Prehistoric Rock-Art Site of the Côa Valley and Siega Verde,Q39258498,40.6975,-6.66111,0,,yes,missing,,no,8.0,2026-09-04
unesco_whc,unesco_whc,Apremont German military cemetery,Q59592141,49.25647,4.96747,0,,no,missing,,no,5.1,2026-09-04
unesco_whc,unesco_whc,Ruweiha Roman Temple Tomb,Q141008408,35.74585,36.70867,0,,no,missing,,no,6.6,2026-09-04
unesco_whc,unesco_whc,Ancient City of Tauric Chersonese and its Chora,Q64532917,44.61083,33.49139,0,,yes,missing,,no,7.6,2026-09-04
unesco_whc,unesco_whc,Tokaj Wine Region Historic Cultural Landscape,Q64559620,48.15,21.35,0,,no,missing,,no,7.6,2026-09-04
unesco_whc,unesco_whc,Wadden Sea,Q64590476,53.52861,8.55611,0,,yes,missing,,no,5.1,2026-09-04
unesco_whc,unesco_whc,Palace and gardens of Schönbrunn,Q64596229,48.18667,16.31333,0,,yes,missing,,no,9.1,2026-09-04
unesco_whc,unesco_whc,Landscape for Breeding and Training of Ceremonial Carriage Horses at Kladruby nad Labem,Q64677110,50.0567,15.4843,0,,yes,missing,,no,8.3,2026-09-04
unesco_whc,unesco_whc,Broeira,Q64686787,41.05328,-7.09957,0,,no,missing,,no,6.6,2026-09-04
unesco_whc,unesco_whc,Faia,Q64686789,40.9339,-7.0853,0,,no,missing,,no,8.0,2026-09-04
unesco_whc,unesco_whc,Faia - Vale Afonsinho,Q64686790,40.93474,-7.08432,0,,no,missing,,no,8.0,2026-09-04
unesco_whc,unesco_whc,Fonte Frieira,Q64686791,41.06832,-7.09934,0,,no,missing,,no,6.6,2026-09-04
unesco_whc,unesco_whc,Meijapão,Q64686793,41.0522,-7.09935,0,,no,missing,,no,6.6,2026-09-04
unesco_whc,unesco_whc,Quinta da Barca,Q64686795,40.9856,-7.1008,0,,no,missing,,no,8.0,2026-09-04
unesco_whc,unesco_whc,Quinta da Ervamoira,Q64686796,41.02,-7.1053,0,,no,missing,,no,7.6,2026-09-04
unesco_whc,unesco_whc,Quinta do Fariseu,Q64686797,41.04112,-7.1088,0,,no,missing,,no,6.6,2026-09-04
unesco_whc,unesco_whc,Ribeira de Piscos / Quinta dos Poios,Q64686798,41.0181,-7.1169,0,,no,missing,,no,7.6,2026-09-04
unesco_whc,unesco_whc,Ribeirinha,Q64686800,40.99199,-7.10279,0,,no,missing,,no,8.0,2026-09-04
unesco_whc,unesco_whc,Vale de Figueira / Teixugo,Q64686803,41.03638,-7.16754,0,,no,missing,,no,6.6,2026-09-04
unesco_whc,unesco_whc,Vale de Moinhos,Q64686804,41.07474,-7.10934,0,,no,missing,,no,6.6,2026-09-04
unesco_whc,unesco_whc,Vale de Namoradas,Q64686805,41.0353,-7.0853,0,,no,missing,,no,6.6,2026-09-04
unesco_whc,unesco_whc,Aphrodisias,Q64699201,37.70833,28.72361,0,,yes,missing,,no,8.0,2026-09-04
unesco_whc,unesco_whc,Hattusha: the Hittite Capital,Q64699502,40.01389,34.62056,0,,yes,missing,,no,7.6,2026-09-04
unesco_whc,unesco_whc,Pergamon and its Multi-Layered Cultural Landscape,Q64705007,39.12583,27.18,0,,yes,missing,,no,7.6,2026-09-04
unesco_whc,unesco_whc,City of Safranbolu,Q64705254,41.26,32.68972,0,,yes,missing,,no,7.6,2026-09-04
unesco_whc,unesco_whc,Western Caucasus,Q64798261,44.0,40.0,0,,no,missing,,no,7.6,2026-09-04
unesco_whc,unesco_whc,"Cilento and Vallo di Diano National Park with the Archeological Sites of Paestum and Velia, and the Certosa di Padula",Q65016468,40.28333,15.26667,0,,yes,missing,,no,5.9,2026-09-04
unesco_whc,unesco_whc,The Dolomites,Q65028346,46.61306,12.16306,0,,yes,missing,,no,5.1,2026-09-04
unesco_whc,unesco_whc,Kremlin of Suzdal and Cathedral of the Nativity,Q116505071,56.41667,40.43333,0,,no,missing,,no,5.9,2026-09-04
unesco_whc,unesco_whc,Germania Military Cemetery,Q122808695,48.03897,7.0594,0,,no,missing,,no,5.1,2026-09-04
unesco_whc,unesco_whc,Monument of the Executed at Fleury-devant-Douaumont,Q122878257,49.19693,5.4298,0,,no,missing,,no,5.1,2026-09-04
unesco_whc,unesco_whc,Krzemionki Prehistoric Striped Flint Mining Region,Q66056891,50.968,21.5023,0,,yes,missing,,no,7.6,2026-09-04
unesco_whc,unesco_whc,Núcleo Arqueológico de Habitat Paleolítico do Salto do Boi/Cardina,Q66814065,40.98052,-7.09928,0,,no,missing,,no,8.0,2026-09-04
unesco_whc,unesco_whc,Núcleo de arte rupestre da Canada da Moreira,Q66814089,41.02527,-7.06554,0,,no,missing,,no,7.2,2026-09-04
unesco_whc,unesco_whc,Núcleo de arte rupestre de Vale de Cabrões,Q66814090,41.09398,-7.11541,0,,no,missing,,no,6.6,2026-09-04
unesco_whc,unesco_whc,Núcleo de arte rupestre da Vermelhosa,Q66814091,41.08416,-7.10015,0,,no,missing,,no,6.6,2026-09-04
unesco_whc,unesco_whc,Núcleo de arte rupestre da Foz do Côa,Q66814092,41.08525,-7.10156,0,,no,missing,,no,6.6,2026-09-04
unesco_whc,unesco_whc,Núcleo de arte rupestre do Vale de José Esteves,Q66814093,41.03144,-7.11731,0,,no,missing,,no,6.6,2026-09-04
unesco_whc,unesco_whc,Núcleo de arte rupestre do Alto da Bulha,Q66814094,41.00518,-7.10705,0,,no,missing,,no,7.6,2026-09-04
unesco_whc,unesco_whc,Núcleo de arte rupestre da Canada do Amendoal,Q66814095,41.07798,-7.09909,0,,no,missing,,no,6.6,2026-09-04
unesco_whc,unesco_whc,Núcleo de arte rupestre de Vale do Forno,Q66814096,41.07318,-7.10931,0,,no,missing,,no,6.6,2026-09-04
unesco_whc,unesco_whc,"Hjemmeluft, Bergbukten 1",Q82685468,69.94893,23.17789,0,,no,missing,,no,7.6,2026-09-04
unesco_whc,unesco_whc,Cultural Landscape of Kenozero Lake,Q128597769,61.928,38.17261,0,,no,missing,,no,7.6,2026-09-04
unesco_whc,unesco_whc,"Hjemmeluft, Bergbukten 4B",Q130441949,69.94913,23.17755,0,,no,missing,,no,7.6,2026-09-04
unesco_whc,unesco_whc,"Hjemmeluft, Ole Pedersen 11A",Q130443224,69.95158,23.19404,0,,no,missing,,no,7.6,2026-09-04
unesco_whc,unesco_whc,"Hjemmeluft, Bergbukten 2",Q130443391,69.94908,23.17832,0,,no,missing,,no,7.6,2026-09-04
unesco_whc,unesco_whc,Mount Athos,Q136100444,40.15833,24.32722,0,,yes,missing,,no,6.6,2026-09-04
unesco_whc,unesco_whc,Punic Town of Kerkuane and its Necropolis,Q65944741,36.9464,11.0992,0,,yes,missing,,no,7.6,2026-09-04
unesco_whc,unesco_whc,Old and New Towns of Edinburgh,Q15260680,55.95,-3.21667,0,,yes,missing,,no,8.6,2026-09-04
unesco_whc,unesco_whc,"Architectural, Residential and Cultural Complex of the Radziwill Family at Nesvizh",Q15278712,53.22278,26.69139,0,,no,missing,,no,8.0,2026-09-04
unesco_whc,unesco_whc,Crac des Chevaliers and Qal’at Salah El-Din,Q15604681,34.78167,36.26306,0,,yes,missing,,no,7.6,2026-09-04
unesco_whc,unesco_whc,Cultural and Historic Ensemble of the Solovetsky Islands,Q15980181,65.08333,35.66667,0,,no,missing,,no,6.6,2026-09-04
unesco_whc,unesco_whc,Studley Royal Park including the Ruins of Fountains Abbey,Q16363480,54.11611,-1.57306,0,,yes,missing,,no,8.0,2026-09-04
unesco_whc,unesco_whc,"Kyiv: Saint-Sophia Cathedral and Related Monastic Buildings, Kyiv-Pechersk Lavra",Q16363487,50.45258,30.51686,0,,yes,missing,,no,7.6,2026-09-04
unesco_whc,unesco_whc,Gruerie Ossuary,Q20973920,49.20003,4.88991,0,,no,missing,,no,5.1,2026-09-04
unesco_whc,unesco_whc,Foreign Legion National Cemetery,Q21570192,49.19651,4.56568,0,,no,missing,,no,6.6,2026-09-04
unesco_whc,unesco_whc,Maritime Greenwich,Q16921416,51.47778,0.0,0,,yes,member_of,gem:bromley,no,9.4,2026-09-04
unesco_tentative,unesco_tentative,Taza and the Great Mosque,Q65926744,34.21303,-4.01783,0,,no,missing,,no,2.9,2026-09-04
unesco_tentative,unesco_tentative,stratotype de la limite Crétacé-Tertiaire (limite K-T),Q65946851,36.1537,8.6486,0,,no,missing,,no,2.9,2026-09-04
unesco_tentative,unesco_tentative,Krzemionki Prehistoric Striped Flint Mining Region,Q66056891,50.968,21.5023,0,,yes,missing,,no,5.4,2026-09-04
unesco_tentative,unesco_tentative,old city of Mosul,Q66058013,36.3261,43.1329,0,,yes,missing,,no,2.9,2026-09-04
unesco_tentative,unesco_tentative,Orontes Valley,Q66132772,34.3703,36.3979,0,,no,missing,,no,4.9,2026-09-04
unesco_tentative,unesco_tentative,Abraham River Valley,Q66132773,34.0714,35.8881,0,,yes,missing,,no,6.3,2026-09-04
unesco_tentative,unesco_tentative,The Historical Port City of Izmir,Q90824159,38.41859,27.12894,0,,no,missing,,no,2.9,2026-09-04
unesco_tentative,unesco_tentative,Ugarit,Q100272845,35.60194,35.78556,0,,yes,missing,,no,2.9,2026-09-04
unesco_tentative,unesco_tentative,Museum Directorate of Yıldız Palace,Q108564974,41.0492,29.01109,0,,no,missing,,no,5.4,2026-09-04
unesco_tentative,unesco_tentative,Yıldız Park Fountain,Q131368894,41.04887,29.0198,0,,no,missing,,no,5.4,2026-09-04
unesco_tentative,unesco_tentative,Kuşluk Villa,Q132082211,41.0528,29.01344,0,,no,missing,,no,5.4,2026-09-04
unesco_tentative,unesco_tentative,Yıldız Palace Belvedere Pavillion,Q132681990,41.04792,29.01211,0,,no,missing,,no,5.4,2026-09-04
unesco_tentative,unesco_tentative,Yıldız Palace Sultan's Bath,Q133245741,41.05036,29.01181,0,,no,missing,,no,5.4,2026-09-04
unesco_tentative,unesco_tentative,Yıldız Palace Arsenal,Q133475499,41.04924,29.01115,0,,no,missing,,no,5.4,2026-09-04
unesco_tentative,unesco_tentative,Şale Pavilion,Q133683835,41.05201,29.0126,0,,no,missing,,no,5.4,2026-09-04
unesco_tentative,unesco_tentative,Yıldız Palace Sultan's Private Apartments,Q133683979,41.0509,29.01208,0,,no,missing,,no,5.4,2026-09-04
unesco_tentative,unesco_tentative,Yıldız Palace Administrative Building,Q133683982,41.05003,29.01059,0,,no,missing,,no,5.4,2026-09-04
unesco_tentative,unesco_tentative,Yıldız Palace Island Kiosk,Q133683984,41.04836,29.01217,0,,no,missing,,no,5.4,2026-09-04
unesco_tentative,unesco_tentative,Yıldız Palace Orangerie,Q133683985,41.0505,29.01156,0,,no,missing,,no,5.4,2026-09-04
unesco_tentative,unesco_tentative,Yıldız Palace Apartments of the Queen Mother,Q133684793,41.05103,29.01167,0,,no,missing,,no,5.4,2026-09-04
unesco_tentative,unesco_tentative,Yıldız Palace Building Offices of the Imperial Pantry and Kitchen,Q133684813,41.05072,29.01032,0,,no,missing,,no,5.4,2026-09-04
unesco_tentative,unesco_tentative,Kanał Augustowski (od śluzy w Dębowie do granic Państwa),Q33523749,53.75408,23.20544,0,,no,missing,,no,2.9,2026-09-04
unesco_tentative,unesco_tentative,Paper Mill at Velké Losiny,Q42796051,50.02984,17.03835,0,,yes,missing,,no,2.9,2026-09-04
unesco_tentative,unesco_tentative,Historic Ensemble of Santa Coloma,Q64364520,42.4904,1.497,0,,yes,member_of,gem:madriu-valley,no,5.4,2026-09-04
unesco_tentative,unesco_tentative,The Typical Crernozem Soils of the Balti Steppe,Q64364668,47.77083,27.86861,0,,no,missing,,no,2.9,2026-09-04
unesco_tentative,unesco_tentative,The Mediterranean Alps,Q64426837,43.3474,7.58721,0,,no,missing,,no,3.7,2026-09-04
unesco_tentative,unesco_tentative,The natural and architectural ensemble of Blidinje,Q64432982,43.64139,17.68833,0,,yes,missing,,no,3.7,2026-09-04
unesco_tentative,unesco_tentative,"St Barnabas and St Hilarion, Peristerona",Q64441557,35.13,33.08056,0,,yes,missing,,no,4.4,2026-09-04
unesco_tentative,unesco_tentative,Tbilisi Historic District,Q64446612,41.6901,44.8082,0,,yes,missing,,no,4.4,2026-09-04
unesco_tentative,unesco_tentative,Dmanisi Hominid Archaeological Site,Q64446966,41.336,44.338,0,,yes,missing,,no,3.7,2026-09-04
unesco_tentative,unesco_tentative,Primosten vineyards,Q64512292,43.55306,15.75306,0,,no,missing,,no,5.8,2026-09-04
unesco_tentative,unesco_tentative,Tokaj wine region,Q64523899,48.5,21.75,0,,yes,missing,,no,3.7,2026-09-04
unesco_tentative,unesco_tentative,Limes Romanus - The Roman antique monuments on the Middle Danube,Q64524195,47.91667,17.625,0,,no,missing,,no,4.4,2026-09-04
unesco_tentative,unesco_tentative,The concept of the lenticular historical town core of Košice City,Q64524334,48.75,21.25,0,,yes,missing,,no,3.7,2026-09-04
unesco_tentative,unesco_tentative,Natural and Cultural Landscape of Danube Region,Q64524365,48.0,17.0,0,,no,missing,,no,4.9,2026-09-04
unesco_tentative,unesco_tentative,Fungal Flora of Bukovské Hills,Q64524375,49.0,22.5,0,,no,missing,,no,5.8,2026-09-04
unesco_tentative,unesco_tentative,Sites of Great Moravia: Slavonic Fortified Settlement at Mikulčice – Church of St. Margaret at Kopčany,Q64524388,48.78333,17.05,0,,no,missing,,no,4.4,2026-09-04
unesco_tentative,unesco_tentative,Trading Posts and Fortifications on Genoese Trade Routes. From the Mediterranean to the Black Sea,Q64557462,44.8425,34.95667,0,,yes,missing,,no,2.9,2026-09-04
unesco_tentative,unesco_tentative,Cultural Landscape of Innsbruck-Nordkette/Karwendel,Q64606211,47.2637,11.383,0,,yes,missing,,no,3.7,2026-09-04
unesco_tentative,unesco_tentative,Iron Trail with Erzberg and the old town of Steyr,Q64606235,47.525,14.91167,0,,yes,missing,,no,3.7,2026-09-04
unesco_tentative,unesco_tentative,Landscape for Breeding and Training of Ceremonial Carriage Horses at Kladruby nad Labem,Q64677110,50.0567,15.4843,0,,yes,missing,,no,6.1,2026-09-04
unesco_tentative,unesco_tentative,"Tushpa/Van Fortress, the Mound and the Old City of Van",Q64706843,38.50102,43.33932,0,,no,missing,,no,2.9,2026-09-04
unesco_tentative,unesco_tentative,Historical Monuments of Niğde,Q64711397,37.98333,34.7,0,,no,missing,,no,3.7,2026-09-04
unesco_tentative,unesco_tentative,Mountainous Phrygia,Q64734991,39.20083,30.71583,0,,no,missing,,no,2.9,2026-09-04
unesco_tentative,unesco_tentative,Harran and Şanlıurfa,Q64735024,36.8775,39.03389,0,,no,missing,,no,3.7,2026-09-04
unesco_tentative,unesco_tentative,"Early Period of Anatolian Turkish Heritage: Niksar, The Capital of Danishmend Dynasty",Q64735072,40.58806,36.94972,0,,no,missing,,no,2.9,2026-09-04
unesco_tentative,unesco_tentative,İvriz Cultural Landscape,Q64735200,37.39633,34.16478,0,,no,missing,,no,2.9,2026-09-04
unesco_tentative,unesco_tentative,Mount Harşena and the Rock-tombs of the Pontic Kings,Q64735225,40.65472,35.82611,0,,no,missing,,no,2.9,2026-09-04
unesco_tentative,unesco_tentative,Çanakkale (Dardanelles) and Gelibolu (Gallipoli) Battles Zones in the First World War,Q64735564,40.23236,26.56357,0,,no,missing,,no,3.7,2026-09-04
unesco_tentative,unesco_tentative,Western Caucasus,Q64798261,44.0,40.0,0,,no,missing,,no,5.4,2026-09-04
unesco_tentative,unesco_tentative,Great Pskov,Q64800635,57.7973,27.4669,0,,yes,missing,,no,2.9,2026-09-04
unesco_tentative,unesco_tentative,Mamayev Kurgan Memorial Complex,Q64806471,48.74222,44.53694,0,,yes,missing,,no,2.9,2026-09-04
unesco_tentative,unesco_tentative,Gorokhovets Historic Center,Q64807293,56.20684,42.67717,0,,yes,missing,,no,2.9,2026-09-04
unesco_tentative,unesco_tentative,Ensemble de grottes à concrétions du Sud de la France,Q64833808,43.3395,2.414,0,,yes,missing,,no,4.4,2026-09-04
unesco_tentative,unesco_tentative,Les villes bastionnées des Pays-Bas du nord-ouest de l'Europe,Q64833811,50.6379,3.044,0,,yes,missing,,no,4.9,2026-09-04
unesco_tentative,unesco_tentative,The Mediterranean Facet of the Pyrenees,Q64842220,42.5124,3.1369,0,,yes,missing,,no,5.4,2026-09-04
unesco_tentative,unesco_tentative,"Ancient cities of Narbonensis and their territories: Nîmes, Arles, Glanum, aqueducts, Via Domitia",Q64842224,43.7704,4.8329,0,,yes,missing,,no,6.3,2026-09-04
unesco_tentative,unesco_tentative,"Metz Royale et Impériale, enjeux de pouvoir, confrontations stylistiques et identité urbaine",Q64843209,49.2068,5.33,0,,yes,missing,,no,2.9,2026-09-04
unesco_tentative,unesco_tentative,City of Carcassone and its mountain sentinel castles,Q64846049,42.87597,1.83314,0,,no,missing,,no,4.9,2026-09-04
unesco_tentative,unesco_tentative,"Le Charolais-Brionnais, paysage culturel de l'élevage bovin",Q64846075,46.32361,4.19056,0,,yes,missing,,no,2.9,2026-09-04
unesco_tentative,unesco_tentative,Mediterranean Wind Mills,Q64989509,37.61667,-0.98333,0,,yes,missing,,no,4.4,2026-09-04
unesco_tentative,unesco_tentative,El Ferrol of the Illustration Historical Heritage,Q64993895,43.4965,-8.172,0,,yes,missing,,no,4.4,2026-09-04
unesco_tentative,unesco_tentative,La Rioja and Rioja Alavesa Vine and Wine Cultural Landscape,Q64994953,42.551,-2.769,0,,yes,missing,,no,5.8,2026-09-04
unesco_tentative,unesco_tentative,Lake Maggiore and Lake D'Orta lakelands,Q65028606,45.9015,8.583,0,,yes,missing,,no,4.9,2026-09-04
unesco_tentative,unesco_tentative,Historic centre of Pavia and Chartreuse,Q65028618,45.1796,9.15,0,,yes,missing,,no,3.7,2026-09-04
unesco_tentative,unesco_tentative,Ponds in the Bay of Oristano and the Sinis Peninsula island of Mal di Ventre,Q65028813,39.9643,8.4359,0,,yes,missing,,no,2.9,2026-09-04
unesco_tentative,unesco_tentative,Archipelago of La Maddalena and Islands of Bocche di Bonifacio,Q65028876,41.31194,9.21278,0,,yes,missing,,no,2.9,2026-09-04
unesco_tentative,unesco_tentative,Mothia Island and Lilibeo: The Phoenician-Punic Civilization in Italy,Q65028890,37.8661,12.4689,0,,yes,missing,,no,2.9,2026-09-04
unesco_tentative,unesco_tentative,Bradyseism in the Flegrea Area,Q65028897,40.8234,14.139,0,,yes,missing,,no,6.3,2026-09-04
unesco_tentative,unesco_tentative,The Transhumance: The Royal Shepherd's Track,Q65028953,41.4793,14.4668,0,,yes,missing,,no,4.4,2026-09-04
unesco_tentative,unesco_tentative,The Murge of Altamura,Q65028989,40.8793,16.7669,0,,no,missing,,no,4.9,2026-09-04
unesco_tentative,unesco_tentative,The Porticoes of Bologna,Q65029007,44.5045,11.3509,0,,yes,missing,,no,6.1,2026-09-04
unesco_tentative,unesco_tentative,Karstic caves in prehistoric Apulia,Q65029017,39.9963,18.4309,0,,no,missing,,no,2.9,2026-09-04
unesco_tentative,unesco_tentative,The Lower Palaeolithic Palaeosurfaces at Isernia-La Pineta and Notarchirico,Q65029041,41.5903,14.23,0,,yes,missing,,no,2.9,2026-09-04
national_park,national_park,Lestra,Q70357996,41.29339,13.0495,0,,no,missing,,no,3.4,2026-09-04
national_park,national_park,Nationalpark Hohe Tauern Kernzonen Land Salzburg,Q123614565,47.1465,12.738,0,,no,missing,,no,3.4,2026-09-04
national_park,national_park,Nationalpark Hohe Tauern Außenzonen Land Salzburg,Q123614608,47.1807,12.9113,0,,no,missing,,no,3.4,2026-09-04
unesco_geopark,national_park,Haute-Provence Geopark,Q66714429,44.231,6.184,0,,no,missing,,no,3.4,2026-09-04
unesco_geopark,national_park,Geopark Vižňov,Q92277876,50.64525,16.23911,0,,no,missing,,no,4.2,2026-09-04
unesco_geopark,national_park,Monts d’Ardèche Global Geopark,Q93493269,44.746,4.264,0,,yes,missing,,no,4.2,2026-09-04
unesco_geopark,national_park,Luberon Géoparc mondial Unesco,Q93493286,43.845,5.479,0,,yes,missing,,no,3.4,2026-09-04
unesco_geopark,national_park,geopark,Q116214515,49.33357,16.7283,0,,yes,missing,,no,5.9,2026-09-04
unesco_geopark,national_park,Maestrazgo Cultural Park,Q21283550,40.66611,-0.69889,0,,no,missing,,no,4.2,2026-09-04
unesco_geopark,national_park,Tuscan Mining Park,Q21283571,43.0356,10.9808,0,,no,missing,,no,5.5,2026-09-04
biosphere_reserve,national_park,Luberon-Lure,Q22678649,43.77,5.06,0,,no,missing,,no,5.9,2026-09-04
biosphere_reserve,national_park,Waddensea Area,Q22678672,52.92,5.79,0,,no,missing,,no,6.3,2026-09-04
biosphere_reserve,national_park,The Karst,Q22678716,45.4,13.79,0,,no,missing,,no,5.5,2026-09-04
biosphere_reserve,national_park,Mura Drava Danube Transboundary Biosphere Reserve (Croatia/Hungary),Q22680826,45.61,18.56,0,,no,missing,,no,3.4,2026-09-04
biosphere_reserve,national_park,Mont-Viso / Area della Biosfera del Monviso Transboundary Biosphere Reserve (France/Italy),Q22680838,44.62,7.42111,0,,no,missing,,no,4.9,2026-09-04
biosphere_reserve,national_park,Las Sierras de Cazorla y Segura Biosphere Reserve,Q22680871,38.15,-2.7,0,,no,missing,,no,3.4,2026-09-04
biosphere_reserve,national_park,Mariñas Coruñesas e Terras do Mandeo,Q22680872,43.2269,-8.2884,0,,no,missing,,no,5.5,2026-09-04
biosphere_reserve,national_park,"Terres de l’Ebre, Catalonia Biosphere Reserve",Q22680880,40.7088,0.5769,0,,no,member_of,gem:l-ametlla-de-mar,no,3.4,2026-09-04
biosphere_reserve,national_park,Área de Allariz,Q22680946,42.8,-7.49,0,,no,missing,,no,4.9,2026-09-04
biosphere_reserve,national_park,Tara River Basin,Q22693002,42.32,18.5,0,,no,missing,,no,6.3,2026-09-04
biosphere_reserve,national_park,Belezma,Q22695555,35.3608,6.0658,0,,no,missing,,no,4.2,2026-09-04
biosphere_reserve,national_park,Djebel Chambi,Q22771815,35.2167,8.7167,0,,no,missing,,no,3.4,2026-09-04
biosphere_reserve,national_park,Circeo Biosphere Reserve,Q22222711,41.2,13.35,0,,no,missing,,no,3.4,2026-09-04
biosphere_reserve,national_park,Collemeluccio-Montedimezzo Biosphere Reserve,Q22222719,41.44,14.15,0,,no,missing,,no,4.2,2026-09-04
biosphere_reserve,national_park,Lake Fertö Biosphere Reserve,Q22222739,47.0,16.71667,0,,no,missing,,no,3.4,2026-09-04
biosphere_reserve,national_park,Lake Torne Area,Q22671014,68.41667,19.0,0,,no,missing,,no,3.4,2026-09-04
biosphere_reserve,national_park,Voronezhskiy,Q22671193,51.77,39.34,0,,no,missing,,no,3.4,2026-09-04
biosphere_reserve,national_park,Tatra Transboundary Biosphere Reserve (Poland/Slovakia),Q22674435,49.17,19.47,0,,no,missing,,no,4.9,2026-09-04
biosphere_reserve,national_park,Loch Druidibeg,Q22674438,57.33333,-7.33333,0,,yes,missing,,no,3.4,2026-09-04
biosphere_reserve,national_park,Tuscan Islands,Q22674923,42.69,10.31,0,,no,missing,,no,3.4,2026-09-04
biosphere_reserve,national_park,Toscana,Q22677996,43.43,10.17,0,,no,missing,,no,4.2,2026-09-04
biosphere_reserve,national_park,Velebit Mountain,Q22678517,44.3,15.23,0,,no,missing,,no,4.9,2026-09-04
biosphere_reserve,national_park,Lower Morava,Q22678591,48.75546,16.80518,0,,no,missing,,no,5.9,2026-09-04
biosphere_reserve,national_park,El Kala,Q22771829,36.81689,8.41369,0,,no,missing,,no,3.4,2026-09-04
biosphere_reserve,national_park,Golija-Studenica,Q22771836,43.3378,20.2267,0,,no,missing,,no,5.5,2026-09-04
biosphere_reserve,national_park,Chrea Biosphere Reserve,Q22771837,36.24,2.7,0,,no,missing,,no,4.2,2026-09-04
biosphere_reserve,national_park,Valle del Ticino,Q22771838,45.28,8.53,0,,no,missing,,no,4.2,2026-09-04
biosphere_reserve,national_park,Julian Alps,Q22771842,46.33333,13.76667,0,,yes,missing,,no,4.9,2026-09-04
biosphere_reserve,national_park,"Os Ancares Lucenses y Montes de Cervantes, Navia y Becerrea",Q22771844,43.34,-6.39,0,,no,missing,,no,3.4,2026-09-04
biosphere_reserve,national_park,Jabal Moussa,Q22771849,34.0622,35.7694,0,,no,missing,,no,6.6,2026-09-04
biosphere_reserve,national_park,Berlengas,Q22771851,39.4136,-9.5105,0,,no,missing,,no,4.2,2026-09-04
biosphere_reserve,national_park,Appennino Tosco-Emiliano,Q22806721,44.3833,10.2667,0,,no,missing,,no,3.4,2026-09-04
biosphere_reserve,national_park,Po Delta,Q22806722,44.85,12.2167,0,,yes,missing,,no,4.9,2026-09-04
biosphere_reserve,national_park,Puszcza Kampinoska,Q22806730,52.2,20.34,0,,no,missing,,no,4.2,2026-09-04
biosphere_reserve,national_park,Los Argüellos,Q22806745,42.98,-5.49,0,,no,missing,,no,4.2,2026-09-04
biosphere_reserve,national_park,Valle de Laciana Biosphere Reserve,Q22806751,42.98,-6.36,0,,no,missing,,no,4.2,2026-09-04
biosphere_reserve,national_park,Tejo/Tajo Biosphere Reserve,Q24114797,39.79086,-7.21961,0,,no,missing,,no,3.4,2026-09-04
biosphere_reserve,national_park,Wester Ross Biosphere Reserve,Q24115437,57.5937,-5.4294,0,,no,missing,,no,3.4,2026-09-04
biosphere_reserve,national_park,Parangalitza,Q22198572,42.25,23.25,0,,no,missing,,no,5.5,2026-09-04
biosphere_reserve,national_park,Aggtelek Biosphere Reserve and National Park,Q22200502,48.3,20.36,0,,no,missing,,no,5.5,2026-09-04
biosphere_reserve,national_park,biotope of Malga Laghetto,Q29680313,45.9575,11.2958,0,,no,missing,,no,4.2,2026-09-04
biosphere_reserve,national_park,Picos de Europa Biosphere Reserve,Q54833387,43.2192,-4.9013,0,,yes,missing,,no,3.4,2026-09-04
biosphere_reserve,national_park,Ponga Biosphere Reserve,Q108066076,43.18472,-5.17083,0,,no,missing,,no,3.4,2026-09-04
biosphere_reserve,national_park,Sierra Nevada Biosphere Reserve,Q108516215,37.1,-3.09,0,,yes,missing,,no,4.2,2026-09-04
biosphere_reserve,national_park,Ribeira Sacra E Serras Do Oribio E Courel Biosphere Reserve,Q121267903,42.5864,-7.49308,0,,no,missing,,no,4.2,2026-09-04
biosphere_reserve,national_park,Val d'Aran Biosphere Reserve,Q130314812,42.72583,0.82806,0,,no,missing,,no,4.2,2026-09-04
biosphere_reserve,national_park,La Siberia Biosphere Reserve,Q132166804,39.15,-5.02,0,,no,missing,,no,4.9,2026-09-04
biosphere_reserve,national_park,Alto Turia Biosphere Reserve,Q132167210,39.83,-1.09,0,,no,missing,,no,3.4,2026-09-04
biosphere_reserve,national_park,Irati Biosphere Reserve,Q132169097,42.98833,-1.10556,0,,no,missing,,no,3.4,2026-09-04
